[2025-01-14T10:56:04.886+0000] {processor.py:186} INFO - Started process (PID=260) to work on /home/airflow/.local/lib/python3.12/site-packages/airflow/example_dags/example_branch_operator_decorator.py
[2025-01-14T10:56:04.887+0000] {processor.py:914} INFO - Processing file /home/airflow/.local/lib/python3.12/site-packages/airflow/example_dags/example_branch_operator_decorator.py for tasks to queue
[2025-01-14T10:56:04.891+0000] {logging_mixin.py:190} INFO - [2025-01-14T10:56:04.890+0000] {dagbag.py:588} INFO - Filling up the DagBag from /home/airflow/.local/lib/python3.12/site-packages/airflow/example_dags/example_branch_operator_decorator.py
[2025-01-14T10:56:04.931+0000] {processor.py:925} INFO - DAG(s) 'example_branch_python_operator_decorator' retrieved from /home/airflow/.local/lib/python3.12/site-packages/airflow/example_dags/example_branch_operator_decorator.py
[2025-01-14T10:56:05.070+0000] {logging_mixin.py:190} INFO - [2025-01-14T10:56:05.069+0000] {override.py:1911} INFO - Created Permission View: can read on DAG:example_branch_python_operator_decorator
[2025-01-14T10:56:05.113+0000] {logging_mixin.py:190} INFO - [2025-01-14T10:56:05.113+0000] {override.py:1911} INFO - Created Permission View: can delete on DAG:example_branch_python_operator_decorator
[2025-01-14T10:56:05.139+0000] {logging_mixin.py:190} INFO - [2025-01-14T10:56:05.139+0000] {override.py:1911} INFO - Created Permission View: can edit on DAG:example_branch_python_operator_decorator
[2025-01-14T10:56:05.156+0000] {logging_mixin.py:190} INFO - [2025-01-14T10:56:05.156+0000] {override.py:1911} INFO - Created Permission View: can read on DAG Run:example_branch_python_operator_decorator
[2025-01-14T10:56:05.163+0000] {logging_mixin.py:190} INFO - [2025-01-14T10:56:05.162+0000] {override.py:1911} INFO - Created Permission View: menu access on DAG Run:example_branch_python_operator_decorator
[2025-01-14T10:56:05.169+0000] {logging_mixin.py:190} INFO - [2025-01-14T10:56:05.169+0000] {override.py:1911} INFO - Created Permission View: can create on DAG Run:example_branch_python_operator_decorator
[2025-01-14T10:56:05.177+0000] {logging_mixin.py:190} INFO - [2025-01-14T10:56:05.176+0000] {override.py:1911} INFO - Created Permission View: can delete on DAG Run:example_branch_python_operator_decorator
[2025-01-14T10:56:05.178+0000] {logging_mixin.py:190} INFO - [2025-01-14T10:56:05.177+0000] {dag.py:3239} INFO - Sync 1 DAGs
[2025-01-14T10:56:05.188+0000] {logging_mixin.py:190} INFO - [2025-01-14T10:56:05.188+0000] {dag.py:3262} INFO - Creating ORM DAG for example_branch_python_operator_decorator
[2025-01-14T10:56:05.199+0000] {logging_mixin.py:190} INFO - [2025-01-14T10:56:05.198+0000] {dag.py:4180} INFO - Setting next_dagrun for example_branch_python_operator_decorator to 2025-01-13 00:00:00+00:00, run_after=2025-01-14 00:00:00+00:00
[2025-01-14T10:56:05.223+0000] {processor.py:208} INFO - Processing /home/airflow/.local/lib/python3.12/site-packages/airflow/example_dags/example_branch_operator_decorator.py took 0.349 seconds
[2025-01-14T10:56:35.653+0000] {processor.py:186} INFO - Started process (PID=550) to work on /home/airflow/.local/lib/python3.12/site-packages/airflow/example_dags/example_branch_operator_decorator.py
[2025-01-14T10:56:35.654+0000] {processor.py:914} INFO - Processing file /home/airflow/.local/lib/python3.12/site-packages/airflow/example_dags/example_branch_operator_decorator.py for tasks to queue
[2025-01-14T10:56:35.657+0000] {logging_mixin.py:190} INFO - [2025-01-14T10:56:35.657+0000] {dagbag.py:588} INFO - Filling up the DagBag from /home/airflow/.local/lib/python3.12/site-packages/airflow/example_dags/example_branch_operator_decorator.py
[2025-01-14T10:56:35.674+0000] {processor.py:925} INFO - DAG(s) 'example_branch_python_operator_decorator' retrieved from /home/airflow/.local/lib/python3.12/site-packages/airflow/example_dags/example_branch_operator_decorator.py
[2025-01-14T10:56:35.703+0000] {logging_mixin.py:190} INFO - [2025-01-14T10:56:35.703+0000] {dag.py:3239} INFO - Sync 1 DAGs
[2025-01-14T10:56:35.730+0000] {logging_mixin.py:190} INFO - [2025-01-14T10:56:35.729+0000] {dag.py:4180} INFO - Setting next_dagrun for example_branch_python_operator_decorator to 2025-01-13 00:00:00+00:00, run_after=2025-01-14 00:00:00+00:00
[2025-01-14T10:56:35.750+0000] {processor.py:208} INFO - Processing /home/airflow/.local/lib/python3.12/site-packages/airflow/example_dags/example_branch_operator_decorator.py took 0.103 seconds
[2025-01-14T10:57:05.809+0000] {processor.py:186} INFO - Started process (PID=840) to work on /home/airflow/.local/lib/python3.12/site-packages/airflow/example_dags/example_branch_operator_decorator.py
[2025-01-14T10:57:05.810+0000] {processor.py:914} INFO - Processing file /home/airflow/.local/lib/python3.12/site-packages/airflow/example_dags/example_branch_operator_decorator.py for tasks to queue
[2025-01-14T10:57:05.812+0000] {logging_mixin.py:190} INFO - [2025-01-14T10:57:05.812+0000] {dagbag.py:588} INFO - Filling up the DagBag from /home/airflow/.local/lib/python3.12/site-packages/airflow/example_dags/example_branch_operator_decorator.py
[2025-01-14T10:57:05.834+0000] {processor.py:925} INFO - DAG(s) 'example_branch_python_operator_decorator' retrieved from /home/airflow/.local/lib/python3.12/site-packages/airflow/example_dags/example_branch_operator_decorator.py
[2025-01-14T10:57:05.858+0000] {logging_mixin.py:190} INFO - [2025-01-14T10:57:05.858+0000] {dag.py:3239} INFO - Sync 1 DAGs
[2025-01-14T10:57:05.877+0000] {logging_mixin.py:190} INFO - [2025-01-14T10:57:05.877+0000] {dag.py:4180} INFO - Setting next_dagrun for example_branch_python_operator_decorator to 2025-01-13 00:00:00+00:00, run_after=2025-01-14 00:00:00+00:00
[2025-01-14T10:57:05.892+0000] {processor.py:208} INFO - Processing /home/airflow/.local/lib/python3.12/site-packages/airflow/example_dags/example_branch_operator_decorator.py took 0.087 seconds
[2025-01-14T10:57:36.201+0000] {processor.py:186} INFO - Started process (PID=1131) to work on /home/airflow/.local/lib/python3.12/site-packages/airflow/example_dags/example_branch_operator_decorator.py
[2025-01-14T10:57:36.202+0000] {processor.py:914} INFO - Processing file /home/airflow/.local/lib/python3.12/site-packages/airflow/example_dags/example_branch_operator_decorator.py for tasks to queue
[2025-01-14T10:57:36.204+0000] {logging_mixin.py:190} INFO - [2025-01-14T10:57:36.203+0000] {dagbag.py:588} INFO - Filling up the DagBag from /home/airflow/.local/lib/python3.12/site-packages/airflow/example_dags/example_branch_operator_decorator.py
[2025-01-14T10:57:36.217+0000] {processor.py:925} INFO - DAG(s) 'example_branch_python_operator_decorator' retrieved from /home/airflow/.local/lib/python3.12/site-packages/airflow/example_dags/example_branch_operator_decorator.py
[2025-01-14T10:57:36.235+0000] {logging_mixin.py:190} INFO - [2025-01-14T10:57:36.235+0000] {dag.py:3239} INFO - Sync 1 DAGs
[2025-01-14T10:57:36.257+0000] {logging_mixin.py:190} INFO - [2025-01-14T10:57:36.257+0000] {dag.py:4180} INFO - Setting next_dagrun for example_branch_python_operator_decorator to 2025-01-13 00:00:00+00:00, run_after=2025-01-14 00:00:00+00:00
[2025-01-14T10:57:36.271+0000] {processor.py:208} INFO - Processing /home/airflow/.local/lib/python3.12/site-packages/airflow/example_dags/example_branch_operator_decorator.py took 0.077 seconds
[2025-01-14T10:58:07.124+0000] {processor.py:186} INFO - Started process (PID=1422) to work on /home/airflow/.local/lib/python3.12/site-packages/airflow/example_dags/example_branch_operator_decorator.py
[2025-01-14T10:58:07.125+0000] {processor.py:914} INFO - Processing file /home/airflow/.local/lib/python3.12/site-packages/airflow/example_dags/example_branch_operator_decorator.py for tasks to queue
[2025-01-14T10:58:07.128+0000] {logging_mixin.py:190} INFO - [2025-01-14T10:58:07.128+0000] {dagbag.py:588} INFO - Filling up the DagBag from /home/airflow/.local/lib/python3.12/site-packages/airflow/example_dags/example_branch_operator_decorator.py
[2025-01-14T10:58:07.151+0000] {processor.py:925} INFO - DAG(s) 'example_branch_python_operator_decorator' retrieved from /home/airflow/.local/lib/python3.12/site-packages/airflow/example_dags/example_branch_operator_decorator.py
[2025-01-14T10:58:07.171+0000] {logging_mixin.py:190} INFO - [2025-01-14T10:58:07.170+0000] {dag.py:3239} INFO - Sync 1 DAGs
[2025-01-14T10:58:07.187+0000] {logging_mixin.py:190} INFO - [2025-01-14T10:58:07.187+0000] {dag.py:4180} INFO - Setting next_dagrun for example_branch_python_operator_decorator to 2025-01-13 00:00:00+00:00, run_after=2025-01-14 00:00:00+00:00
[2025-01-14T10:58:07.208+0000] {processor.py:208} INFO - Processing /home/airflow/.local/lib/python3.12/site-packages/airflow/example_dags/example_branch_operator_decorator.py took 0.087 seconds
[2025-01-14T10:58:37.985+0000] {processor.py:186} INFO - Started process (PID=1712) to work on /home/airflow/.local/lib/python3.12/site-packages/airflow/example_dags/example_branch_operator_decorator.py
[2025-01-14T10:58:37.986+0000] {processor.py:914} INFO - Processing file /home/airflow/.local/lib/python3.12/site-packages/airflow/example_dags/example_branch_operator_decorator.py for tasks to queue
[2025-01-14T10:58:37.988+0000] {logging_mixin.py:190} INFO - [2025-01-14T10:58:37.988+0000] {dagbag.py:588} INFO - Filling up the DagBag from /home/airflow/.local/lib/python3.12/site-packages/airflow/example_dags/example_branch_operator_decorator.py
[2025-01-14T10:58:38.002+0000] {processor.py:925} INFO - DAG(s) 'example_branch_python_operator_decorator' retrieved from /home/airflow/.local/lib/python3.12/site-packages/airflow/example_dags/example_branch_operator_decorator.py
[2025-01-14T10:58:38.028+0000] {logging_mixin.py:190} INFO - [2025-01-14T10:58:38.028+0000] {dag.py:3239} INFO - Sync 1 DAGs
[2025-01-14T10:58:38.055+0000] {logging_mixin.py:190} INFO - [2025-01-14T10:58:38.054+0000] {dag.py:4180} INFO - Setting next_dagrun for example_branch_python_operator_decorator to 2025-01-13 00:00:00+00:00, run_after=2025-01-14 00:00:00+00:00
[2025-01-14T10:58:38.073+0000] {processor.py:208} INFO - Processing /home/airflow/.local/lib/python3.12/site-packages/airflow/example_dags/example_branch_operator_decorator.py took 0.092 seconds
[2025-01-14T10:59:08.897+0000] {processor.py:186} INFO - Started process (PID=2003) to work on /home/airflow/.local/lib/python3.12/site-packages/airflow/example_dags/example_branch_operator_decorator.py
[2025-01-14T10:59:08.898+0000] {processor.py:914} INFO - Processing file /home/airflow/.local/lib/python3.12/site-packages/airflow/example_dags/example_branch_operator_decorator.py for tasks to queue
[2025-01-14T10:59:08.901+0000] {logging_mixin.py:190} INFO - [2025-01-14T10:59:08.900+0000] {dagbag.py:588} INFO - Filling up the DagBag from /home/airflow/.local/lib/python3.12/site-packages/airflow/example_dags/example_branch_operator_decorator.py
[2025-01-14T10:59:08.918+0000] {processor.py:925} INFO - DAG(s) 'example_branch_python_operator_decorator' retrieved from /home/airflow/.local/lib/python3.12/site-packages/airflow/example_dags/example_branch_operator_decorator.py
[2025-01-14T10:59:08.943+0000] {logging_mixin.py:190} INFO - [2025-01-14T10:59:08.943+0000] {dag.py:3239} INFO - Sync 1 DAGs
[2025-01-14T10:59:08.959+0000] {logging_mixin.py:190} INFO - [2025-01-14T10:59:08.959+0000] {dag.py:4180} INFO - Setting next_dagrun for example_branch_python_operator_decorator to 2025-01-13 00:00:00+00:00, run_after=2025-01-14 00:00:00+00:00
[2025-01-14T10:59:08.976+0000] {processor.py:208} INFO - Processing /home/airflow/.local/lib/python3.12/site-packages/airflow/example_dags/example_branch_operator_decorator.py took 0.085 seconds
[2025-01-14T10:59:39.128+0000] {processor.py:186} INFO - Started process (PID=2294) to work on /home/airflow/.local/lib/python3.12/site-packages/airflow/example_dags/example_branch_operator_decorator.py
[2025-01-14T10:59:39.129+0000] {processor.py:914} INFO - Processing file /home/airflow/.local/lib/python3.12/site-packages/airflow/example_dags/example_branch_operator_decorator.py for tasks to queue
[2025-01-14T10:59:39.131+0000] {logging_mixin.py:190} INFO - [2025-01-14T10:59:39.131+0000] {dagbag.py:588} INFO - Filling up the DagBag from /home/airflow/.local/lib/python3.12/site-packages/airflow/example_dags/example_branch_operator_decorator.py
[2025-01-14T10:59:39.144+0000] {processor.py:925} INFO - DAG(s) 'example_branch_python_operator_decorator' retrieved from /home/airflow/.local/lib/python3.12/site-packages/airflow/example_dags/example_branch_operator_decorator.py
[2025-01-14T10:59:39.162+0000] {logging_mixin.py:190} INFO - [2025-01-14T10:59:39.162+0000] {dag.py:3239} INFO - Sync 1 DAGs
[2025-01-14T10:59:39.179+0000] {logging_mixin.py:190} INFO - [2025-01-14T10:59:39.178+0000] {dag.py:4180} INFO - Setting next_dagrun for example_branch_python_operator_decorator to 2025-01-13 00:00:00+00:00, run_after=2025-01-14 00:00:00+00:00
[2025-01-14T10:59:39.195+0000] {processor.py:208} INFO - Processing /home/airflow/.local/lib/python3.12/site-packages/airflow/example_dags/example_branch_operator_decorator.py took 0.074 seconds
[2025-01-14T11:00:10.020+0000] {processor.py:186} INFO - Started process (PID=2585) to work on /home/airflow/.local/lib/python3.12/site-packages/airflow/example_dags/example_branch_operator_decorator.py
[2025-01-14T11:00:10.021+0000] {processor.py:914} INFO - Processing file /home/airflow/.local/lib/python3.12/site-packages/airflow/example_dags/example_branch_operator_decorator.py for tasks to queue
[2025-01-14T11:00:10.022+0000] {logging_mixin.py:190} INFO - [2025-01-14T11:00:10.022+0000] {dagbag.py:588} INFO - Filling up the DagBag from /home/airflow/.local/lib/python3.12/site-packages/airflow/example_dags/example_branch_operator_decorator.py
[2025-01-14T11:00:10.035+0000] {processor.py:925} INFO - DAG(s) 'example_branch_python_operator_decorator' retrieved from /home/airflow/.local/lib/python3.12/site-packages/airflow/example_dags/example_branch_operator_decorator.py
[2025-01-14T11:00:10.056+0000] {logging_mixin.py:190} INFO - [2025-01-14T11:00:10.056+0000] {dag.py:3239} INFO - Sync 1 DAGs
[2025-01-14T11:00:10.077+0000] {logging_mixin.py:190} INFO - [2025-01-14T11:00:10.076+0000] {dag.py:4180} INFO - Setting next_dagrun for example_branch_python_operator_decorator to 2025-01-13 00:00:00+00:00, run_after=2025-01-14 00:00:00+00:00
[2025-01-14T11:00:10.096+0000] {processor.py:208} INFO - Processing /home/airflow/.local/lib/python3.12/site-packages/airflow/example_dags/example_branch_operator_decorator.py took 0.080 seconds
[2025-01-14T11:00:40.956+0000] {processor.py:186} INFO - Started process (PID=2876) to work on /home/airflow/.local/lib/python3.12/site-packages/airflow/example_dags/example_branch_operator_decorator.py
[2025-01-14T11:00:40.957+0000] {processor.py:914} INFO - Processing file /home/airflow/.local/lib/python3.12/site-packages/airflow/example_dags/example_branch_operator_decorator.py for tasks to queue
[2025-01-14T11:00:40.960+0000] {logging_mixin.py:190} INFO - [2025-01-14T11:00:40.960+0000] {dagbag.py:588} INFO - Filling up the DagBag from /home/airflow/.local/lib/python3.12/site-packages/airflow/example_dags/example_branch_operator_decorator.py
[2025-01-14T11:00:40.983+0000] {processor.py:925} INFO - DAG(s) 'example_branch_python_operator_decorator' retrieved from /home/airflow/.local/lib/python3.12/site-packages/airflow/example_dags/example_branch_operator_decorator.py
[2025-01-14T11:00:41.008+0000] {logging_mixin.py:190} INFO - [2025-01-14T11:00:41.008+0000] {dag.py:3239} INFO - Sync 1 DAGs
[2025-01-14T11:00:41.028+0000] {logging_mixin.py:190} INFO - [2025-01-14T11:00:41.028+0000] {dag.py:4180} INFO - Setting next_dagrun for example_branch_python_operator_decorator to 2025-01-13 00:00:00+00:00, run_after=2025-01-14 00:00:00+00:00
[2025-01-14T11:00:41.045+0000] {processor.py:208} INFO - Processing /home/airflow/.local/lib/python3.12/site-packages/airflow/example_dags/example_branch_operator_decorator.py took 0.093 seconds
[2025-01-14T11:01:11.983+0000] {processor.py:186} INFO - Started process (PID=3167) to work on /home/airflow/.local/lib/python3.12/site-packages/airflow/example_dags/example_branch_operator_decorator.py
[2025-01-14T11:01:11.984+0000] {processor.py:914} INFO - Processing file /home/airflow/.local/lib/python3.12/site-packages/airflow/example_dags/example_branch_operator_decorator.py for tasks to queue
[2025-01-14T11:01:11.987+0000] {logging_mixin.py:190} INFO - [2025-01-14T11:01:11.987+0000] {dagbag.py:588} INFO - Filling up the DagBag from /home/airflow/.local/lib/python3.12/site-packages/airflow/example_dags/example_branch_operator_decorator.py
[2025-01-14T11:01:12.006+0000] {processor.py:925} INFO - DAG(s) 'example_branch_python_operator_decorator' retrieved from /home/airflow/.local/lib/python3.12/site-packages/airflow/example_dags/example_branch_operator_decorator.py
[2025-01-14T11:01:12.021+0000] {logging_mixin.py:190} INFO - [2025-01-14T11:01:12.021+0000] {dag.py:3239} INFO - Sync 1 DAGs
[2025-01-14T11:01:12.036+0000] {logging_mixin.py:190} INFO - [2025-01-14T11:01:12.036+0000] {dag.py:4180} INFO - Setting next_dagrun for example_branch_python_operator_decorator to 2025-01-13 00:00:00+00:00, run_after=2025-01-14 00:00:00+00:00
[2025-01-14T11:01:12.049+0000] {processor.py:208} INFO - Processing /home/airflow/.local/lib/python3.12/site-packages/airflow/example_dags/example_branch_operator_decorator.py took 0.074 seconds
[2025-01-14T11:01:42.713+0000] {processor.py:186} INFO - Started process (PID=3458) to work on /home/airflow/.local/lib/python3.12/site-packages/airflow/example_dags/example_branch_operator_decorator.py
[2025-01-14T11:01:42.715+0000] {processor.py:914} INFO - Processing file /home/airflow/.local/lib/python3.12/site-packages/airflow/example_dags/example_branch_operator_decorator.py for tasks to queue
[2025-01-14T11:01:42.717+0000] {logging_mixin.py:190} INFO - [2025-01-14T11:01:42.717+0000] {dagbag.py:588} INFO - Filling up the DagBag from /home/airflow/.local/lib/python3.12/site-packages/airflow/example_dags/example_branch_operator_decorator.py
[2025-01-14T11:01:42.737+0000] {processor.py:925} INFO - DAG(s) 'example_branch_python_operator_decorator' retrieved from /home/airflow/.local/lib/python3.12/site-packages/airflow/example_dags/example_branch_operator_decorator.py
[2025-01-14T11:01:42.763+0000] {logging_mixin.py:190} INFO - [2025-01-14T11:01:42.763+0000] {dag.py:3239} INFO - Sync 1 DAGs
[2025-01-14T11:01:42.785+0000] {logging_mixin.py:190} INFO - [2025-01-14T11:01:42.784+0000] {dag.py:4180} INFO - Setting next_dagrun for example_branch_python_operator_decorator to 2025-01-13 00:00:00+00:00, run_after=2025-01-14 00:00:00+00:00
[2025-01-14T11:01:42.802+0000] {processor.py:208} INFO - Processing /home/airflow/.local/lib/python3.12/site-packages/airflow/example_dags/example_branch_operator_decorator.py took 0.095 seconds
[2025-01-14T11:02:13.127+0000] {processor.py:186} INFO - Started process (PID=3749) to work on /home/airflow/.local/lib/python3.12/site-packages/airflow/example_dags/example_branch_operator_decorator.py
[2025-01-14T11:02:13.128+0000] {processor.py:914} INFO - Processing file /home/airflow/.local/lib/python3.12/site-packages/airflow/example_dags/example_branch_operator_decorator.py for tasks to queue
[2025-01-14T11:02:13.129+0000] {logging_mixin.py:190} INFO - [2025-01-14T11:02:13.129+0000] {dagbag.py:588} INFO - Filling up the DagBag from /home/airflow/.local/lib/python3.12/site-packages/airflow/example_dags/example_branch_operator_decorator.py
[2025-01-14T11:02:13.142+0000] {processor.py:925} INFO - DAG(s) 'example_branch_python_operator_decorator' retrieved from /home/airflow/.local/lib/python3.12/site-packages/airflow/example_dags/example_branch_operator_decorator.py
[2025-01-14T11:02:13.162+0000] {logging_mixin.py:190} INFO - [2025-01-14T11:02:13.162+0000] {dag.py:3239} INFO - Sync 1 DAGs
[2025-01-14T11:02:13.183+0000] {logging_mixin.py:190} INFO - [2025-01-14T11:02:13.183+0000] {dag.py:4180} INFO - Setting next_dagrun for example_branch_python_operator_decorator to 2025-01-13 00:00:00+00:00, run_after=2025-01-14 00:00:00+00:00
[2025-01-14T11:02:13.196+0000] {processor.py:208} INFO - Processing /home/airflow/.local/lib/python3.12/site-packages/airflow/example_dags/example_branch_operator_decorator.py took 0.073 seconds
[2025-01-14T11:02:43.582+0000] {processor.py:186} INFO - Started process (PID=4040) to work on /home/airflow/.local/lib/python3.12/site-packages/airflow/example_dags/example_branch_operator_decorator.py
[2025-01-14T11:02:43.582+0000] {processor.py:914} INFO - Processing file /home/airflow/.local/lib/python3.12/site-packages/airflow/example_dags/example_branch_operator_decorator.py for tasks to queue
[2025-01-14T11:02:43.585+0000] {logging_mixin.py:190} INFO - [2025-01-14T11:02:43.584+0000] {dagbag.py:588} INFO - Filling up the DagBag from /home/airflow/.local/lib/python3.12/site-packages/airflow/example_dags/example_branch_operator_decorator.py
[2025-01-14T11:02:43.610+0000] {processor.py:925} INFO - DAG(s) 'example_branch_python_operator_decorator' retrieved from /home/airflow/.local/lib/python3.12/site-packages/airflow/example_dags/example_branch_operator_decorator.py
[2025-01-14T11:02:43.635+0000] {logging_mixin.py:190} INFO - [2025-01-14T11:02:43.634+0000] {dag.py:3239} INFO - Sync 1 DAGs
[2025-01-14T11:02:43.649+0000] {logging_mixin.py:190} INFO - [2025-01-14T11:02:43.649+0000] {dag.py:4180} INFO - Setting next_dagrun for example_branch_python_operator_decorator to 2025-01-13 00:00:00+00:00, run_after=2025-01-14 00:00:00+00:00
[2025-01-14T11:02:43.667+0000] {processor.py:208} INFO - Processing /home/airflow/.local/lib/python3.12/site-packages/airflow/example_dags/example_branch_operator_decorator.py took 0.089 seconds
[2025-01-14T11:03:29.309+0000] {processor.py:186} INFO - Started process (PID=254) to work on /home/airflow/.local/lib/python3.12/site-packages/airflow/example_dags/example_branch_operator_decorator.py
[2025-01-14T11:03:29.310+0000] {processor.py:914} INFO - Processing file /home/airflow/.local/lib/python3.12/site-packages/airflow/example_dags/example_branch_operator_decorator.py for tasks to queue
[2025-01-14T11:03:29.313+0000] {logging_mixin.py:190} INFO - [2025-01-14T11:03:29.313+0000] {dagbag.py:588} INFO - Filling up the DagBag from /home/airflow/.local/lib/python3.12/site-packages/airflow/example_dags/example_branch_operator_decorator.py
[2025-01-14T11:03:29.337+0000] {processor.py:925} INFO - DAG(s) 'example_branch_python_operator_decorator' retrieved from /home/airflow/.local/lib/python3.12/site-packages/airflow/example_dags/example_branch_operator_decorator.py
[2025-01-14T11:03:29.432+0000] {logging_mixin.py:190} INFO - [2025-01-14T11:03:29.432+0000] {dag.py:3239} INFO - Sync 1 DAGs
[2025-01-14T11:03:29.453+0000] {logging_mixin.py:190} INFO - [2025-01-14T11:03:29.452+0000] {dag.py:4180} INFO - Setting next_dagrun for example_branch_python_operator_decorator to 2025-01-13 00:00:00+00:00, run_after=2025-01-14 00:00:00+00:00
[2025-01-14T11:03:29.479+0000] {processor.py:208} INFO - Processing /home/airflow/.local/lib/python3.12/site-packages/airflow/example_dags/example_branch_operator_decorator.py took 0.175 seconds
[2025-01-14T11:03:59.532+0000] {processor.py:186} INFO - Started process (PID=552) to work on /home/airflow/.local/lib/python3.12/site-packages/airflow/example_dags/example_branch_operator_decorator.py
[2025-01-14T11:03:59.533+0000] {processor.py:914} INFO - Processing file /home/airflow/.local/lib/python3.12/site-packages/airflow/example_dags/example_branch_operator_decorator.py for tasks to queue
[2025-01-14T11:03:59.534+0000] {logging_mixin.py:190} INFO - [2025-01-14T11:03:59.534+0000] {dagbag.py:588} INFO - Filling up the DagBag from /home/airflow/.local/lib/python3.12/site-packages/airflow/example_dags/example_branch_operator_decorator.py
[2025-01-14T11:03:59.546+0000] {processor.py:925} INFO - DAG(s) 'example_branch_python_operator_decorator' retrieved from /home/airflow/.local/lib/python3.12/site-packages/airflow/example_dags/example_branch_operator_decorator.py
[2025-01-14T11:03:59.563+0000] {logging_mixin.py:190} INFO - [2025-01-14T11:03:59.563+0000] {dag.py:3239} INFO - Sync 1 DAGs
[2025-01-14T11:03:59.578+0000] {logging_mixin.py:190} INFO - [2025-01-14T11:03:59.578+0000] {dag.py:4180} INFO - Setting next_dagrun for example_branch_python_operator_decorator to 2025-01-13 00:00:00+00:00, run_after=2025-01-14 00:00:00+00:00
[2025-01-14T11:03:59.594+0000] {processor.py:208} INFO - Processing /home/airflow/.local/lib/python3.12/site-packages/airflow/example_dags/example_branch_operator_decorator.py took 0.066 seconds
[2025-01-14T11:04:30.350+0000] {processor.py:186} INFO - Started process (PID=844) to work on /home/airflow/.local/lib/python3.12/site-packages/airflow/example_dags/example_branch_operator_decorator.py
[2025-01-14T11:04:30.351+0000] {processor.py:914} INFO - Processing file /home/airflow/.local/lib/python3.12/site-packages/airflow/example_dags/example_branch_operator_decorator.py for tasks to queue
[2025-01-14T11:04:30.355+0000] {logging_mixin.py:190} INFO - [2025-01-14T11:04:30.354+0000] {dagbag.py:588} INFO - Filling up the DagBag from /home/airflow/.local/lib/python3.12/site-packages/airflow/example_dags/example_branch_operator_decorator.py
[2025-01-14T11:04:30.372+0000] {processor.py:925} INFO - DAG(s) 'example_branch_python_operator_decorator' retrieved from /home/airflow/.local/lib/python3.12/site-packages/airflow/example_dags/example_branch_operator_decorator.py
[2025-01-14T11:04:30.388+0000] {logging_mixin.py:190} INFO - [2025-01-14T11:04:30.388+0000] {dag.py:3239} INFO - Sync 1 DAGs
[2025-01-14T11:04:30.402+0000] {logging_mixin.py:190} INFO - [2025-01-14T11:04:30.401+0000] {dag.py:4180} INFO - Setting next_dagrun for example_branch_python_operator_decorator to 2025-01-13 00:00:00+00:00, run_after=2025-01-14 00:00:00+00:00
[2025-01-14T11:04:30.413+0000] {processor.py:208} INFO - Processing /home/airflow/.local/lib/python3.12/site-packages/airflow/example_dags/example_branch_operator_decorator.py took 0.072 seconds
[2025-01-14T11:05:01.281+0000] {processor.py:186} INFO - Started process (PID=1135) to work on /home/airflow/.local/lib/python3.12/site-packages/airflow/example_dags/example_branch_operator_decorator.py
[2025-01-14T11:05:01.282+0000] {processor.py:914} INFO - Processing file /home/airflow/.local/lib/python3.12/site-packages/airflow/example_dags/example_branch_operator_decorator.py for tasks to queue
[2025-01-14T11:05:01.283+0000] {logging_mixin.py:190} INFO - [2025-01-14T11:05:01.283+0000] {dagbag.py:588} INFO - Filling up the DagBag from /home/airflow/.local/lib/python3.12/site-packages/airflow/example_dags/example_branch_operator_decorator.py
[2025-01-14T11:05:01.295+0000] {processor.py:925} INFO - DAG(s) 'example_branch_python_operator_decorator' retrieved from /home/airflow/.local/lib/python3.12/site-packages/airflow/example_dags/example_branch_operator_decorator.py
[2025-01-14T11:05:01.312+0000] {logging_mixin.py:190} INFO - [2025-01-14T11:05:01.312+0000] {dag.py:3239} INFO - Sync 1 DAGs
[2025-01-14T11:05:01.326+0000] {logging_mixin.py:190} INFO - [2025-01-14T11:05:01.326+0000] {dag.py:4180} INFO - Setting next_dagrun for example_branch_python_operator_decorator to 2025-01-13 00:00:00+00:00, run_after=2025-01-14 00:00:00+00:00
[2025-01-14T11:05:01.340+0000] {processor.py:208} INFO - Processing /home/airflow/.local/lib/python3.12/site-packages/airflow/example_dags/example_branch_operator_decorator.py took 0.063 seconds
[2025-01-14T11:05:31.779+0000] {processor.py:186} INFO - Started process (PID=1424) to work on /home/airflow/.local/lib/python3.12/site-packages/airflow/example_dags/example_branch_operator_decorator.py
[2025-01-14T11:05:31.780+0000] {processor.py:914} INFO - Processing file /home/airflow/.local/lib/python3.12/site-packages/airflow/example_dags/example_branch_operator_decorator.py for tasks to queue
[2025-01-14T11:05:31.782+0000] {logging_mixin.py:190} INFO - [2025-01-14T11:05:31.782+0000] {dagbag.py:588} INFO - Filling up the DagBag from /home/airflow/.local/lib/python3.12/site-packages/airflow/example_dags/example_branch_operator_decorator.py
[2025-01-14T11:05:31.798+0000] {processor.py:925} INFO - DAG(s) 'example_branch_python_operator_decorator' retrieved from /home/airflow/.local/lib/python3.12/site-packages/airflow/example_dags/example_branch_operator_decorator.py
[2025-01-14T11:05:31.829+0000] {logging_mixin.py:190} INFO - [2025-01-14T11:05:31.828+0000] {dag.py:3239} INFO - Sync 1 DAGs
[2025-01-14T11:05:31.852+0000] {logging_mixin.py:190} INFO - [2025-01-14T11:05:31.852+0000] {dag.py:4180} INFO - Setting next_dagrun for example_branch_python_operator_decorator to 2025-01-13 00:00:00+00:00, run_after=2025-01-14 00:00:00+00:00
[2025-01-14T11:05:31.869+0000] {processor.py:208} INFO - Processing /home/airflow/.local/lib/python3.12/site-packages/airflow/example_dags/example_branch_operator_decorator.py took 0.097 seconds
[2025-01-14T11:06:02.451+0000] {processor.py:186} INFO - Started process (PID=1717) to work on /home/airflow/.local/lib/python3.12/site-packages/airflow/example_dags/example_branch_operator_decorator.py
[2025-01-14T11:06:02.451+0000] {processor.py:914} INFO - Processing file /home/airflow/.local/lib/python3.12/site-packages/airflow/example_dags/example_branch_operator_decorator.py for tasks to queue
[2025-01-14T11:06:02.453+0000] {logging_mixin.py:190} INFO - [2025-01-14T11:06:02.453+0000] {dagbag.py:588} INFO - Filling up the DagBag from /home/airflow/.local/lib/python3.12/site-packages/airflow/example_dags/example_branch_operator_decorator.py
[2025-01-14T11:06:02.466+0000] {processor.py:925} INFO - DAG(s) 'example_branch_python_operator_decorator' retrieved from /home/airflow/.local/lib/python3.12/site-packages/airflow/example_dags/example_branch_operator_decorator.py
[2025-01-14T11:06:02.483+0000] {logging_mixin.py:190} INFO - [2025-01-14T11:06:02.483+0000] {dag.py:3239} INFO - Sync 1 DAGs
[2025-01-14T11:06:02.505+0000] {logging_mixin.py:190} INFO - [2025-01-14T11:06:02.505+0000] {dag.py:4180} INFO - Setting next_dagrun for example_branch_python_operator_decorator to 2025-01-13 00:00:00+00:00, run_after=2025-01-14 00:00:00+00:00
[2025-01-14T11:06:02.530+0000] {processor.py:208} INFO - Processing /home/airflow/.local/lib/python3.12/site-packages/airflow/example_dags/example_branch_operator_decorator.py took 0.086 seconds
[2025-01-14T11:06:32.715+0000] {processor.py:186} INFO - Started process (PID=2011) to work on /home/airflow/.local/lib/python3.12/site-packages/airflow/example_dags/example_branch_operator_decorator.py
[2025-01-14T11:06:32.716+0000] {processor.py:914} INFO - Processing file /home/airflow/.local/lib/python3.12/site-packages/airflow/example_dags/example_branch_operator_decorator.py for tasks to queue
[2025-01-14T11:06:32.718+0000] {logging_mixin.py:190} INFO - [2025-01-14T11:06:32.718+0000] {dagbag.py:588} INFO - Filling up the DagBag from /home/airflow/.local/lib/python3.12/site-packages/airflow/example_dags/example_branch_operator_decorator.py
[2025-01-14T11:06:32.731+0000] {processor.py:925} INFO - DAG(s) 'example_branch_python_operator_decorator' retrieved from /home/airflow/.local/lib/python3.12/site-packages/airflow/example_dags/example_branch_operator_decorator.py
[2025-01-14T11:06:32.751+0000] {logging_mixin.py:190} INFO - [2025-01-14T11:06:32.751+0000] {dag.py:3239} INFO - Sync 1 DAGs
[2025-01-14T11:06:32.777+0000] {logging_mixin.py:190} INFO - [2025-01-14T11:06:32.777+0000] {dag.py:4180} INFO - Setting next_dagrun for example_branch_python_operator_decorator to 2025-01-13 00:00:00+00:00, run_after=2025-01-14 00:00:00+00:00
[2025-01-14T11:06:32.795+0000] {processor.py:208} INFO - Processing /home/airflow/.local/lib/python3.12/site-packages/airflow/example_dags/example_branch_operator_decorator.py took 0.088 seconds
[2025-01-14T11:07:03.593+0000] {processor.py:186} INFO - Started process (PID=2299) to work on /home/airflow/.local/lib/python3.12/site-packages/airflow/example_dags/example_branch_operator_decorator.py
[2025-01-14T11:07:03.594+0000] {processor.py:914} INFO - Processing file /home/airflow/.local/lib/python3.12/site-packages/airflow/example_dags/example_branch_operator_decorator.py for tasks to queue
[2025-01-14T11:07:03.595+0000] {logging_mixin.py:190} INFO - [2025-01-14T11:07:03.595+0000] {dagbag.py:588} INFO - Filling up the DagBag from /home/airflow/.local/lib/python3.12/site-packages/airflow/example_dags/example_branch_operator_decorator.py
[2025-01-14T11:07:03.607+0000] {processor.py:925} INFO - DAG(s) 'example_branch_python_operator_decorator' retrieved from /home/airflow/.local/lib/python3.12/site-packages/airflow/example_dags/example_branch_operator_decorator.py
[2025-01-14T11:07:03.622+0000] {logging_mixin.py:190} INFO - [2025-01-14T11:07:03.622+0000] {dag.py:3239} INFO - Sync 1 DAGs
[2025-01-14T11:07:03.636+0000] {logging_mixin.py:190} INFO - [2025-01-14T11:07:03.636+0000] {dag.py:4180} INFO - Setting next_dagrun for example_branch_python_operator_decorator to 2025-01-13 00:00:00+00:00, run_after=2025-01-14 00:00:00+00:00
[2025-01-14T11:07:03.647+0000] {processor.py:208} INFO - Processing /home/airflow/.local/lib/python3.12/site-packages/airflow/example_dags/example_branch_operator_decorator.py took 0.058 seconds
[2025-01-14T11:07:34.331+0000] {processor.py:186} INFO - Started process (PID=2590) to work on /home/airflow/.local/lib/python3.12/site-packages/airflow/example_dags/example_branch_operator_decorator.py
[2025-01-14T11:07:34.333+0000] {processor.py:914} INFO - Processing file /home/airflow/.local/lib/python3.12/site-packages/airflow/example_dags/example_branch_operator_decorator.py for tasks to queue
[2025-01-14T11:07:34.335+0000] {logging_mixin.py:190} INFO - [2025-01-14T11:07:34.335+0000] {dagbag.py:588} INFO - Filling up the DagBag from /home/airflow/.local/lib/python3.12/site-packages/airflow/example_dags/example_branch_operator_decorator.py
[2025-01-14T11:07:34.348+0000] {processor.py:925} INFO - DAG(s) 'example_branch_python_operator_decorator' retrieved from /home/airflow/.local/lib/python3.12/site-packages/airflow/example_dags/example_branch_operator_decorator.py
[2025-01-14T11:07:34.364+0000] {logging_mixin.py:190} INFO - [2025-01-14T11:07:34.364+0000] {dag.py:3239} INFO - Sync 1 DAGs
[2025-01-14T11:07:34.377+0000] {logging_mixin.py:190} INFO - [2025-01-14T11:07:34.377+0000] {dag.py:4180} INFO - Setting next_dagrun for example_branch_python_operator_decorator to 2025-01-13 00:00:00+00:00, run_after=2025-01-14 00:00:00+00:00
[2025-01-14T11:07:34.388+0000] {processor.py:208} INFO - Processing /home/airflow/.local/lib/python3.12/site-packages/airflow/example_dags/example_branch_operator_decorator.py took 0.065 seconds
[2025-01-14T11:08:05.087+0000] {processor.py:186} INFO - Started process (PID=2879) to work on /home/airflow/.local/lib/python3.12/site-packages/airflow/example_dags/example_branch_operator_decorator.py
[2025-01-14T11:08:05.088+0000] {processor.py:914} INFO - Processing file /home/airflow/.local/lib/python3.12/site-packages/airflow/example_dags/example_branch_operator_decorator.py for tasks to queue
[2025-01-14T11:08:05.090+0000] {logging_mixin.py:190} INFO - [2025-01-14T11:08:05.090+0000] {dagbag.py:588} INFO - Filling up the DagBag from /home/airflow/.local/lib/python3.12/site-packages/airflow/example_dags/example_branch_operator_decorator.py
[2025-01-14T11:08:05.103+0000] {processor.py:925} INFO - DAG(s) 'example_branch_python_operator_decorator' retrieved from /home/airflow/.local/lib/python3.12/site-packages/airflow/example_dags/example_branch_operator_decorator.py
[2025-01-14T11:08:05.120+0000] {logging_mixin.py:190} INFO - [2025-01-14T11:08:05.120+0000] {dag.py:3239} INFO - Sync 1 DAGs
[2025-01-14T11:08:05.138+0000] {logging_mixin.py:190} INFO - [2025-01-14T11:08:05.137+0000] {dag.py:4180} INFO - Setting next_dagrun for example_branch_python_operator_decorator to 2025-01-13 00:00:00+00:00, run_after=2025-01-14 00:00:00+00:00
[2025-01-14T11:08:05.151+0000] {processor.py:208} INFO - Processing /home/airflow/.local/lib/python3.12/site-packages/airflow/example_dags/example_branch_operator_decorator.py took 0.069 seconds
[2025-01-14T11:08:35.778+0000] {processor.py:186} INFO - Started process (PID=3170) to work on /home/airflow/.local/lib/python3.12/site-packages/airflow/example_dags/example_branch_operator_decorator.py
[2025-01-14T11:08:35.778+0000] {processor.py:914} INFO - Processing file /home/airflow/.local/lib/python3.12/site-packages/airflow/example_dags/example_branch_operator_decorator.py for tasks to queue
[2025-01-14T11:08:35.780+0000] {logging_mixin.py:190} INFO - [2025-01-14T11:08:35.780+0000] {dagbag.py:588} INFO - Filling up the DagBag from /home/airflow/.local/lib/python3.12/site-packages/airflow/example_dags/example_branch_operator_decorator.py
[2025-01-14T11:08:35.792+0000] {processor.py:925} INFO - DAG(s) 'example_branch_python_operator_decorator' retrieved from /home/airflow/.local/lib/python3.12/site-packages/airflow/example_dags/example_branch_operator_decorator.py
[2025-01-14T11:08:35.811+0000] {logging_mixin.py:190} INFO - [2025-01-14T11:08:35.811+0000] {dag.py:3239} INFO - Sync 1 DAGs
[2025-01-14T11:08:35.830+0000] {logging_mixin.py:190} INFO - [2025-01-14T11:08:35.830+0000] {dag.py:4180} INFO - Setting next_dagrun for example_branch_python_operator_decorator to 2025-01-13 00:00:00+00:00, run_after=2025-01-14 00:00:00+00:00
[2025-01-14T11:08:35.848+0000] {processor.py:208} INFO - Processing /home/airflow/.local/lib/python3.12/site-packages/airflow/example_dags/example_branch_operator_decorator.py took 0.075 seconds
[2025-01-14T11:09:06.512+0000] {processor.py:186} INFO - Started process (PID=3463) to work on /home/airflow/.local/lib/python3.12/site-packages/airflow/example_dags/example_branch_operator_decorator.py
[2025-01-14T11:09:06.513+0000] {processor.py:914} INFO - Processing file /home/airflow/.local/lib/python3.12/site-packages/airflow/example_dags/example_branch_operator_decorator.py for tasks to queue
[2025-01-14T11:09:06.518+0000] {logging_mixin.py:190} INFO - [2025-01-14T11:09:06.517+0000] {dagbag.py:588} INFO - Filling up the DagBag from /home/airflow/.local/lib/python3.12/site-packages/airflow/example_dags/example_branch_operator_decorator.py
[2025-01-14T11:09:06.542+0000] {processor.py:925} INFO - DAG(s) 'example_branch_python_operator_decorator' retrieved from /home/airflow/.local/lib/python3.12/site-packages/airflow/example_dags/example_branch_operator_decorator.py
[2025-01-14T11:09:06.559+0000] {logging_mixin.py:190} INFO - [2025-01-14T11:09:06.559+0000] {dag.py:3239} INFO - Sync 1 DAGs
[2025-01-14T11:09:06.574+0000] {logging_mixin.py:190} INFO - [2025-01-14T11:09:06.574+0000] {dag.py:4180} INFO - Setting next_dagrun for example_branch_python_operator_decorator to 2025-01-13 00:00:00+00:00, run_after=2025-01-14 00:00:00+00:00
[2025-01-14T11:09:06.586+0000] {processor.py:208} INFO - Processing /home/airflow/.local/lib/python3.12/site-packages/airflow/example_dags/example_branch_operator_decorator.py took 0.079 seconds
[2025-01-14T11:09:37.403+0000] {processor.py:186} INFO - Started process (PID=3754) to work on /home/airflow/.local/lib/python3.12/site-packages/airflow/example_dags/example_branch_operator_decorator.py
[2025-01-14T11:09:37.403+0000] {processor.py:914} INFO - Processing file /home/airflow/.local/lib/python3.12/site-packages/airflow/example_dags/example_branch_operator_decorator.py for tasks to queue
[2025-01-14T11:09:37.405+0000] {logging_mixin.py:190} INFO - [2025-01-14T11:09:37.404+0000] {dagbag.py:588} INFO - Filling up the DagBag from /home/airflow/.local/lib/python3.12/site-packages/airflow/example_dags/example_branch_operator_decorator.py
[2025-01-14T11:09:37.418+0000] {processor.py:925} INFO - DAG(s) 'example_branch_python_operator_decorator' retrieved from /home/airflow/.local/lib/python3.12/site-packages/airflow/example_dags/example_branch_operator_decorator.py
[2025-01-14T11:09:37.436+0000] {logging_mixin.py:190} INFO - [2025-01-14T11:09:37.436+0000] {dag.py:3239} INFO - Sync 1 DAGs
[2025-01-14T11:09:37.453+0000] {logging_mixin.py:190} INFO - [2025-01-14T11:09:37.453+0000] {dag.py:4180} INFO - Setting next_dagrun for example_branch_python_operator_decorator to 2025-01-13 00:00:00+00:00, run_after=2025-01-14 00:00:00+00:00
[2025-01-14T11:09:37.464+0000] {processor.py:208} INFO - Processing /home/airflow/.local/lib/python3.12/site-packages/airflow/example_dags/example_branch_operator_decorator.py took 0.065 seconds
[2025-01-14T11:10:07.975+0000] {processor.py:186} INFO - Started process (PID=4045) to work on /home/airflow/.local/lib/python3.12/site-packages/airflow/example_dags/example_branch_operator_decorator.py
[2025-01-14T11:10:07.976+0000] {processor.py:914} INFO - Processing file /home/airflow/.local/lib/python3.12/site-packages/airflow/example_dags/example_branch_operator_decorator.py for tasks to queue
[2025-01-14T11:10:07.978+0000] {logging_mixin.py:190} INFO - [2025-01-14T11:10:07.978+0000] {dagbag.py:588} INFO - Filling up the DagBag from /home/airflow/.local/lib/python3.12/site-packages/airflow/example_dags/example_branch_operator_decorator.py
[2025-01-14T11:10:07.991+0000] {processor.py:925} INFO - DAG(s) 'example_branch_python_operator_decorator' retrieved from /home/airflow/.local/lib/python3.12/site-packages/airflow/example_dags/example_branch_operator_decorator.py
[2025-01-14T11:10:08.010+0000] {logging_mixin.py:190} INFO - [2025-01-14T11:10:08.010+0000] {dag.py:3239} INFO - Sync 1 DAGs
[2025-01-14T11:10:08.026+0000] {logging_mixin.py:190} INFO - [2025-01-14T11:10:08.026+0000] {dag.py:4180} INFO - Setting next_dagrun for example_branch_python_operator_decorator to 2025-01-13 00:00:00+00:00, run_after=2025-01-14 00:00:00+00:00
[2025-01-14T11:10:08.040+0000] {processor.py:208} INFO - Processing /home/airflow/.local/lib/python3.12/site-packages/airflow/example_dags/example_branch_operator_decorator.py took 0.068 seconds
[2025-01-14T11:10:38.625+0000] {processor.py:186} INFO - Started process (PID=4334) to work on /home/airflow/.local/lib/python3.12/site-packages/airflow/example_dags/example_branch_operator_decorator.py
[2025-01-14T11:10:38.627+0000] {processor.py:914} INFO - Processing file /home/airflow/.local/lib/python3.12/site-packages/airflow/example_dags/example_branch_operator_decorator.py for tasks to queue
[2025-01-14T11:10:38.630+0000] {logging_mixin.py:190} INFO - [2025-01-14T11:10:38.630+0000] {dagbag.py:588} INFO - Filling up the DagBag from /home/airflow/.local/lib/python3.12/site-packages/airflow/example_dags/example_branch_operator_decorator.py
[2025-01-14T11:10:38.646+0000] {processor.py:925} INFO - DAG(s) 'example_branch_python_operator_decorator' retrieved from /home/airflow/.local/lib/python3.12/site-packages/airflow/example_dags/example_branch_operator_decorator.py
[2025-01-14T11:10:38.664+0000] {logging_mixin.py:190} INFO - [2025-01-14T11:10:38.664+0000] {dag.py:3239} INFO - Sync 1 DAGs
[2025-01-14T11:10:38.683+0000] {logging_mixin.py:190} INFO - [2025-01-14T11:10:38.683+0000] {dag.py:4180} INFO - Setting next_dagrun for example_branch_python_operator_decorator to 2025-01-13 00:00:00+00:00, run_after=2025-01-14 00:00:00+00:00
[2025-01-14T11:10:38.699+0000] {processor.py:208} INFO - Processing /home/airflow/.local/lib/python3.12/site-packages/airflow/example_dags/example_branch_operator_decorator.py took 0.082 seconds
[2025-01-14T11:11:09.180+0000] {processor.py:186} INFO - Started process (PID=4627) to work on /home/airflow/.local/lib/python3.12/site-packages/airflow/example_dags/example_branch_operator_decorator.py
[2025-01-14T11:11:09.181+0000] {processor.py:914} INFO - Processing file /home/airflow/.local/lib/python3.12/site-packages/airflow/example_dags/example_branch_operator_decorator.py for tasks to queue
[2025-01-14T11:11:09.184+0000] {logging_mixin.py:190} INFO - [2025-01-14T11:11:09.183+0000] {dagbag.py:588} INFO - Filling up the DagBag from /home/airflow/.local/lib/python3.12/site-packages/airflow/example_dags/example_branch_operator_decorator.py
[2025-01-14T11:11:09.196+0000] {processor.py:925} INFO - DAG(s) 'example_branch_python_operator_decorator' retrieved from /home/airflow/.local/lib/python3.12/site-packages/airflow/example_dags/example_branch_operator_decorator.py
[2025-01-14T11:11:09.222+0000] {logging_mixin.py:190} INFO - [2025-01-14T11:11:09.222+0000] {dag.py:3239} INFO - Sync 1 DAGs
[2025-01-14T11:11:09.237+0000] {logging_mixin.py:190} INFO - [2025-01-14T11:11:09.237+0000] {dag.py:4180} INFO - Setting next_dagrun for example_branch_python_operator_decorator to 2025-01-13 00:00:00+00:00, run_after=2025-01-14 00:00:00+00:00
[2025-01-14T11:11:09.248+0000] {processor.py:208} INFO - Processing /home/airflow/.local/lib/python3.12/site-packages/airflow/example_dags/example_branch_operator_decorator.py took 0.073 seconds
[2025-01-14T11:11:40.089+0000] {processor.py:186} INFO - Started process (PID=4916) to work on /home/airflow/.local/lib/python3.12/site-packages/airflow/example_dags/example_branch_operator_decorator.py
[2025-01-14T11:11:40.090+0000] {processor.py:914} INFO - Processing file /home/airflow/.local/lib/python3.12/site-packages/airflow/example_dags/example_branch_operator_decorator.py for tasks to queue
[2025-01-14T11:11:40.091+0000] {logging_mixin.py:190} INFO - [2025-01-14T11:11:40.091+0000] {dagbag.py:588} INFO - Filling up the DagBag from /home/airflow/.local/lib/python3.12/site-packages/airflow/example_dags/example_branch_operator_decorator.py
[2025-01-14T11:11:40.104+0000] {processor.py:925} INFO - DAG(s) 'example_branch_python_operator_decorator' retrieved from /home/airflow/.local/lib/python3.12/site-packages/airflow/example_dags/example_branch_operator_decorator.py
[2025-01-14T11:11:40.128+0000] {logging_mixin.py:190} INFO - [2025-01-14T11:11:40.128+0000] {dag.py:3239} INFO - Sync 1 DAGs
[2025-01-14T11:11:40.148+0000] {logging_mixin.py:190} INFO - [2025-01-14T11:11:40.148+0000] {dag.py:4180} INFO - Setting next_dagrun for example_branch_python_operator_decorator to 2025-01-13 00:00:00+00:00, run_after=2025-01-14 00:00:00+00:00
[2025-01-14T11:11:40.162+0000] {processor.py:208} INFO - Processing /home/airflow/.local/lib/python3.12/site-packages/airflow/example_dags/example_branch_operator_decorator.py took 0.076 seconds
[2025-01-14T11:12:11.080+0000] {processor.py:186} INFO - Started process (PID=5206) to work on /home/airflow/.local/lib/python3.12/site-packages/airflow/example_dags/example_branch_operator_decorator.py
[2025-01-14T11:12:11.081+0000] {processor.py:914} INFO - Processing file /home/airflow/.local/lib/python3.12/site-packages/airflow/example_dags/example_branch_operator_decorator.py for tasks to queue
[2025-01-14T11:12:11.082+0000] {logging_mixin.py:190} INFO - [2025-01-14T11:12:11.082+0000] {dagbag.py:588} INFO - Filling up the DagBag from /home/airflow/.local/lib/python3.12/site-packages/airflow/example_dags/example_branch_operator_decorator.py
[2025-01-14T11:12:11.095+0000] {processor.py:925} INFO - DAG(s) 'example_branch_python_operator_decorator' retrieved from /home/airflow/.local/lib/python3.12/site-packages/airflow/example_dags/example_branch_operator_decorator.py
[2025-01-14T11:12:11.114+0000] {logging_mixin.py:190} INFO - [2025-01-14T11:12:11.113+0000] {dag.py:3239} INFO - Sync 1 DAGs
[2025-01-14T11:12:11.130+0000] {logging_mixin.py:190} INFO - [2025-01-14T11:12:11.130+0000] {dag.py:4180} INFO - Setting next_dagrun for example_branch_python_operator_decorator to 2025-01-13 00:00:00+00:00, run_after=2025-01-14 00:00:00+00:00
[2025-01-14T11:12:11.146+0000] {processor.py:208} INFO - Processing /home/airflow/.local/lib/python3.12/site-packages/airflow/example_dags/example_branch_operator_decorator.py took 0.070 seconds
[2025-01-14T11:12:41.826+0000] {processor.py:186} INFO - Started process (PID=5497) to work on /home/airflow/.local/lib/python3.12/site-packages/airflow/example_dags/example_branch_operator_decorator.py
[2025-01-14T11:12:41.827+0000] {processor.py:914} INFO - Processing file /home/airflow/.local/lib/python3.12/site-packages/airflow/example_dags/example_branch_operator_decorator.py for tasks to queue
[2025-01-14T11:12:41.830+0000] {logging_mixin.py:190} INFO - [2025-01-14T11:12:41.829+0000] {dagbag.py:588} INFO - Filling up the DagBag from /home/airflow/.local/lib/python3.12/site-packages/airflow/example_dags/example_branch_operator_decorator.py
[2025-01-14T11:12:41.844+0000] {processor.py:925} INFO - DAG(s) 'example_branch_python_operator_decorator' retrieved from /home/airflow/.local/lib/python3.12/site-packages/airflow/example_dags/example_branch_operator_decorator.py
[2025-01-14T11:12:41.863+0000] {logging_mixin.py:190} INFO - [2025-01-14T11:12:41.863+0000] {dag.py:3239} INFO - Sync 1 DAGs
[2025-01-14T11:12:41.880+0000] {logging_mixin.py:190} INFO - [2025-01-14T11:12:41.880+0000] {dag.py:4180} INFO - Setting next_dagrun for example_branch_python_operator_decorator to 2025-01-13 00:00:00+00:00, run_after=2025-01-14 00:00:00+00:00
[2025-01-14T11:12:41.893+0000] {processor.py:208} INFO - Processing /home/airflow/.local/lib/python3.12/site-packages/airflow/example_dags/example_branch_operator_decorator.py took 0.071 seconds
[2025-01-14T11:13:12.683+0000] {processor.py:186} INFO - Started process (PID=5788) to work on /home/airflow/.local/lib/python3.12/site-packages/airflow/example_dags/example_branch_operator_decorator.py
[2025-01-14T11:13:12.684+0000] {processor.py:914} INFO - Processing file /home/airflow/.local/lib/python3.12/site-packages/airflow/example_dags/example_branch_operator_decorator.py for tasks to queue
[2025-01-14T11:13:12.687+0000] {logging_mixin.py:190} INFO - [2025-01-14T11:13:12.687+0000] {dagbag.py:588} INFO - Filling up the DagBag from /home/airflow/.local/lib/python3.12/site-packages/airflow/example_dags/example_branch_operator_decorator.py
[2025-01-14T11:13:12.709+0000] {processor.py:925} INFO - DAG(s) 'example_branch_python_operator_decorator' retrieved from /home/airflow/.local/lib/python3.12/site-packages/airflow/example_dags/example_branch_operator_decorator.py
[2025-01-14T11:13:12.727+0000] {logging_mixin.py:190} INFO - [2025-01-14T11:13:12.727+0000] {dag.py:3239} INFO - Sync 1 DAGs
[2025-01-14T11:13:12.753+0000] {logging_mixin.py:190} INFO - [2025-01-14T11:13:12.753+0000] {dag.py:4180} INFO - Setting next_dagrun for example_branch_python_operator_decorator to 2025-01-13 00:00:00+00:00, run_after=2025-01-14 00:00:00+00:00
[2025-01-14T11:13:12.772+0000] {processor.py:208} INFO - Processing /home/airflow/.local/lib/python3.12/site-packages/airflow/example_dags/example_branch_operator_decorator.py took 0.095 seconds
[2025-01-14T11:13:43.471+0000] {processor.py:186} INFO - Started process (PID=6080) to work on /home/airflow/.local/lib/python3.12/site-packages/airflow/example_dags/example_branch_operator_decorator.py
[2025-01-14T11:13:43.473+0000] {processor.py:914} INFO - Processing file /home/airflow/.local/lib/python3.12/site-packages/airflow/example_dags/example_branch_operator_decorator.py for tasks to queue
[2025-01-14T11:13:43.474+0000] {logging_mixin.py:190} INFO - [2025-01-14T11:13:43.474+0000] {dagbag.py:588} INFO - Filling up the DagBag from /home/airflow/.local/lib/python3.12/site-packages/airflow/example_dags/example_branch_operator_decorator.py
[2025-01-14T11:13:43.487+0000] {processor.py:925} INFO - DAG(s) 'example_branch_python_operator_decorator' retrieved from /home/airflow/.local/lib/python3.12/site-packages/airflow/example_dags/example_branch_operator_decorator.py
[2025-01-14T11:13:43.514+0000] {logging_mixin.py:190} INFO - [2025-01-14T11:13:43.514+0000] {dag.py:3239} INFO - Sync 1 DAGs
[2025-01-14T11:13:43.538+0000] {logging_mixin.py:190} INFO - [2025-01-14T11:13:43.538+0000] {dag.py:4180} INFO - Setting next_dagrun for example_branch_python_operator_decorator to 2025-01-13 00:00:00+00:00, run_after=2025-01-14 00:00:00+00:00
[2025-01-14T11:13:43.551+0000] {processor.py:208} INFO - Processing /home/airflow/.local/lib/python3.12/site-packages/airflow/example_dags/example_branch_operator_decorator.py took 0.087 seconds
[2025-01-14T11:14:14.223+0000] {processor.py:186} INFO - Started process (PID=6370) to work on /home/airflow/.local/lib/python3.12/site-packages/airflow/example_dags/example_branch_operator_decorator.py
[2025-01-14T11:14:14.224+0000] {processor.py:914} INFO - Processing file /home/airflow/.local/lib/python3.12/site-packages/airflow/example_dags/example_branch_operator_decorator.py for tasks to queue
[2025-01-14T11:14:14.225+0000] {logging_mixin.py:190} INFO - [2025-01-14T11:14:14.225+0000] {dagbag.py:588} INFO - Filling up the DagBag from /home/airflow/.local/lib/python3.12/site-packages/airflow/example_dags/example_branch_operator_decorator.py
[2025-01-14T11:14:14.249+0000] {processor.py:925} INFO - DAG(s) 'example_branch_python_operator_decorator' retrieved from /home/airflow/.local/lib/python3.12/site-packages/airflow/example_dags/example_branch_operator_decorator.py
[2025-01-14T11:14:14.267+0000] {logging_mixin.py:190} INFO - [2025-01-14T11:14:14.267+0000] {dag.py:3239} INFO - Sync 1 DAGs
[2025-01-14T11:14:14.284+0000] {logging_mixin.py:190} INFO - [2025-01-14T11:14:14.284+0000] {dag.py:4180} INFO - Setting next_dagrun for example_branch_python_operator_decorator to 2025-01-13 00:00:00+00:00, run_after=2025-01-14 00:00:00+00:00
[2025-01-14T11:14:14.297+0000] {processor.py:208} INFO - Processing /home/airflow/.local/lib/python3.12/site-packages/airflow/example_dags/example_branch_operator_decorator.py took 0.078 seconds
[2025-01-14T11:14:44.683+0000] {processor.py:186} INFO - Started process (PID=6661) to work on /home/airflow/.local/lib/python3.12/site-packages/airflow/example_dags/example_branch_operator_decorator.py
[2025-01-14T11:14:44.684+0000] {processor.py:914} INFO - Processing file /home/airflow/.local/lib/python3.12/site-packages/airflow/example_dags/example_branch_operator_decorator.py for tasks to queue
[2025-01-14T11:14:44.685+0000] {logging_mixin.py:190} INFO - [2025-01-14T11:14:44.685+0000] {dagbag.py:588} INFO - Filling up the DagBag from /home/airflow/.local/lib/python3.12/site-packages/airflow/example_dags/example_branch_operator_decorator.py
[2025-01-14T11:14:44.697+0000] {processor.py:925} INFO - DAG(s) 'example_branch_python_operator_decorator' retrieved from /home/airflow/.local/lib/python3.12/site-packages/airflow/example_dags/example_branch_operator_decorator.py
[2025-01-14T11:14:44.717+0000] {logging_mixin.py:190} INFO - [2025-01-14T11:14:44.717+0000] {dag.py:3239} INFO - Sync 1 DAGs
[2025-01-14T11:14:44.734+0000] {logging_mixin.py:190} INFO - [2025-01-14T11:14:44.734+0000] {dag.py:4180} INFO - Setting next_dagrun for example_branch_python_operator_decorator to 2025-01-13 00:00:00+00:00, run_after=2025-01-14 00:00:00+00:00
[2025-01-14T11:14:44.751+0000] {processor.py:208} INFO - Processing /home/airflow/.local/lib/python3.12/site-packages/airflow/example_dags/example_branch_operator_decorator.py took 0.071 seconds
[2025-01-14T11:15:15.148+0000] {processor.py:186} INFO - Started process (PID=6952) to work on /home/airflow/.local/lib/python3.12/site-packages/airflow/example_dags/example_branch_operator_decorator.py
[2025-01-14T11:15:15.149+0000] {processor.py:914} INFO - Processing file /home/airflow/.local/lib/python3.12/site-packages/airflow/example_dags/example_branch_operator_decorator.py for tasks to queue
[2025-01-14T11:15:15.151+0000] {logging_mixin.py:190} INFO - [2025-01-14T11:15:15.151+0000] {dagbag.py:588} INFO - Filling up the DagBag from /home/airflow/.local/lib/python3.12/site-packages/airflow/example_dags/example_branch_operator_decorator.py
[2025-01-14T11:15:15.170+0000] {processor.py:925} INFO - DAG(s) 'example_branch_python_operator_decorator' retrieved from /home/airflow/.local/lib/python3.12/site-packages/airflow/example_dags/example_branch_operator_decorator.py
[2025-01-14T11:15:15.189+0000] {logging_mixin.py:190} INFO - [2025-01-14T11:15:15.189+0000] {dag.py:3239} INFO - Sync 1 DAGs
[2025-01-14T11:15:15.206+0000] {logging_mixin.py:190} INFO - [2025-01-14T11:15:15.206+0000] {dag.py:4180} INFO - Setting next_dagrun for example_branch_python_operator_decorator to 2025-01-13 00:00:00+00:00, run_after=2025-01-14 00:00:00+00:00
[2025-01-14T11:15:15.220+0000] {processor.py:208} INFO - Processing /home/airflow/.local/lib/python3.12/site-packages/airflow/example_dags/example_branch_operator_decorator.py took 0.079 seconds
[2025-01-14T11:15:45.476+0000] {processor.py:186} INFO - Started process (PID=7243) to work on /home/airflow/.local/lib/python3.12/site-packages/airflow/example_dags/example_branch_operator_decorator.py
[2025-01-14T11:15:45.477+0000] {processor.py:914} INFO - Processing file /home/airflow/.local/lib/python3.12/site-packages/airflow/example_dags/example_branch_operator_decorator.py for tasks to queue
[2025-01-14T11:15:45.478+0000] {logging_mixin.py:190} INFO - [2025-01-14T11:15:45.478+0000] {dagbag.py:588} INFO - Filling up the DagBag from /home/airflow/.local/lib/python3.12/site-packages/airflow/example_dags/example_branch_operator_decorator.py
[2025-01-14T11:15:45.492+0000] {processor.py:925} INFO - DAG(s) 'example_branch_python_operator_decorator' retrieved from /home/airflow/.local/lib/python3.12/site-packages/airflow/example_dags/example_branch_operator_decorator.py
[2025-01-14T11:15:45.508+0000] {logging_mixin.py:190} INFO - [2025-01-14T11:15:45.508+0000] {dag.py:3239} INFO - Sync 1 DAGs
[2025-01-14T11:15:45.522+0000] {logging_mixin.py:190} INFO - [2025-01-14T11:15:45.521+0000] {dag.py:4180} INFO - Setting next_dagrun for example_branch_python_operator_decorator to 2025-01-13 00:00:00+00:00, run_after=2025-01-14 00:00:00+00:00
[2025-01-14T11:15:45.535+0000] {processor.py:208} INFO - Processing /home/airflow/.local/lib/python3.12/site-packages/airflow/example_dags/example_branch_operator_decorator.py took 0.066 seconds
[2025-01-14T11:16:16.291+0000] {processor.py:186} INFO - Started process (PID=7534) to work on /home/airflow/.local/lib/python3.12/site-packages/airflow/example_dags/example_branch_operator_decorator.py
[2025-01-14T11:16:16.292+0000] {processor.py:914} INFO - Processing file /home/airflow/.local/lib/python3.12/site-packages/airflow/example_dags/example_branch_operator_decorator.py for tasks to queue
[2025-01-14T11:16:16.293+0000] {logging_mixin.py:190} INFO - [2025-01-14T11:16:16.293+0000] {dagbag.py:588} INFO - Filling up the DagBag from /home/airflow/.local/lib/python3.12/site-packages/airflow/example_dags/example_branch_operator_decorator.py
[2025-01-14T11:16:16.306+0000] {processor.py:925} INFO - DAG(s) 'example_branch_python_operator_decorator' retrieved from /home/airflow/.local/lib/python3.12/site-packages/airflow/example_dags/example_branch_operator_decorator.py
[2025-01-14T11:16:16.331+0000] {logging_mixin.py:190} INFO - [2025-01-14T11:16:16.330+0000] {dag.py:3239} INFO - Sync 1 DAGs
[2025-01-14T11:16:16.356+0000] {logging_mixin.py:190} INFO - [2025-01-14T11:16:16.356+0000] {dag.py:4180} INFO - Setting next_dagrun for example_branch_python_operator_decorator to 2025-01-13 00:00:00+00:00, run_after=2025-01-14 00:00:00+00:00
[2025-01-14T11:16:16.375+0000] {processor.py:208} INFO - Processing /home/airflow/.local/lib/python3.12/site-packages/airflow/example_dags/example_branch_operator_decorator.py took 0.087 seconds
[2025-01-14T11:16:46.673+0000] {processor.py:186} INFO - Started process (PID=7825) to work on /home/airflow/.local/lib/python3.12/site-packages/airflow/example_dags/example_branch_operator_decorator.py
[2025-01-14T11:16:46.674+0000] {processor.py:914} INFO - Processing file /home/airflow/.local/lib/python3.12/site-packages/airflow/example_dags/example_branch_operator_decorator.py for tasks to queue
[2025-01-14T11:16:46.676+0000] {logging_mixin.py:190} INFO - [2025-01-14T11:16:46.676+0000] {dagbag.py:588} INFO - Filling up the DagBag from /home/airflow/.local/lib/python3.12/site-packages/airflow/example_dags/example_branch_operator_decorator.py
[2025-01-14T11:16:46.697+0000] {processor.py:925} INFO - DAG(s) 'example_branch_python_operator_decorator' retrieved from /home/airflow/.local/lib/python3.12/site-packages/airflow/example_dags/example_branch_operator_decorator.py
[2025-01-14T11:16:46.713+0000] {logging_mixin.py:190} INFO - [2025-01-14T11:16:46.713+0000] {dag.py:3239} INFO - Sync 1 DAGs
[2025-01-14T11:16:46.729+0000] {logging_mixin.py:190} INFO - [2025-01-14T11:16:46.728+0000] {dag.py:4180} INFO - Setting next_dagrun for example_branch_python_operator_decorator to 2025-01-13 00:00:00+00:00, run_after=2025-01-14 00:00:00+00:00
[2025-01-14T11:16:46.744+0000] {processor.py:208} INFO - Processing /home/airflow/.local/lib/python3.12/site-packages/airflow/example_dags/example_branch_operator_decorator.py took 0.075 seconds
[2025-01-14T11:17:17.345+0000] {processor.py:186} INFO - Started process (PID=8118) to work on /home/airflow/.local/lib/python3.12/site-packages/airflow/example_dags/example_branch_operator_decorator.py
[2025-01-14T11:17:17.345+0000] {processor.py:914} INFO - Processing file /home/airflow/.local/lib/python3.12/site-packages/airflow/example_dags/example_branch_operator_decorator.py for tasks to queue
[2025-01-14T11:17:17.347+0000] {logging_mixin.py:190} INFO - [2025-01-14T11:17:17.347+0000] {dagbag.py:588} INFO - Filling up the DagBag from /home/airflow/.local/lib/python3.12/site-packages/airflow/example_dags/example_branch_operator_decorator.py
[2025-01-14T11:17:17.364+0000] {processor.py:925} INFO - DAG(s) 'example_branch_python_operator_decorator' retrieved from /home/airflow/.local/lib/python3.12/site-packages/airflow/example_dags/example_branch_operator_decorator.py
[2025-01-14T11:17:17.381+0000] {logging_mixin.py:190} INFO - [2025-01-14T11:17:17.380+0000] {dag.py:3239} INFO - Sync 1 DAGs
[2025-01-14T11:17:17.395+0000] {logging_mixin.py:190} INFO - [2025-01-14T11:17:17.395+0000] {dag.py:4180} INFO - Setting next_dagrun for example_branch_python_operator_decorator to 2025-01-13 00:00:00+00:00, run_after=2025-01-14 00:00:00+00:00
[2025-01-14T11:17:17.407+0000] {processor.py:208} INFO - Processing /home/airflow/.local/lib/python3.12/site-packages/airflow/example_dags/example_branch_operator_decorator.py took 0.067 seconds
[2025-01-14T11:18:15.655+0000] {processor.py:186} INFO - Started process (PID=291) to work on /home/airflow/.local/lib/python3.12/site-packages/airflow/example_dags/example_branch_operator_decorator.py
[2025-01-14T11:18:15.657+0000] {processor.py:914} INFO - Processing file /home/airflow/.local/lib/python3.12/site-packages/airflow/example_dags/example_branch_operator_decorator.py for tasks to queue
[2025-01-14T11:18:15.660+0000] {logging_mixin.py:190} INFO - [2025-01-14T11:18:15.660+0000] {dagbag.py:588} INFO - Filling up the DagBag from /home/airflow/.local/lib/python3.12/site-packages/airflow/example_dags/example_branch_operator_decorator.py
[2025-01-14T11:18:15.681+0000] {processor.py:925} INFO - DAG(s) 'example_branch_python_operator_decorator' retrieved from /home/airflow/.local/lib/python3.12/site-packages/airflow/example_dags/example_branch_operator_decorator.py
[2025-01-14T11:18:15.836+0000] {logging_mixin.py:190} INFO - [2025-01-14T11:18:15.836+0000] {dag.py:3239} INFO - Sync 1 DAGs
[2025-01-14T11:18:15.862+0000] {logging_mixin.py:190} INFO - [2025-01-14T11:18:15.862+0000] {dag.py:4180} INFO - Setting next_dagrun for example_branch_python_operator_decorator to 2025-01-13 00:00:00+00:00, run_after=2025-01-14 00:00:00+00:00
[2025-01-14T11:18:15.884+0000] {processor.py:208} INFO - Processing /home/airflow/.local/lib/python3.12/site-packages/airflow/example_dags/example_branch_operator_decorator.py took 0.236 seconds
[2025-01-14T11:18:45.929+0000] {processor.py:186} INFO - Started process (PID=584) to work on /home/airflow/.local/lib/python3.12/site-packages/airflow/example_dags/example_branch_operator_decorator.py
[2025-01-14T11:18:45.930+0000] {processor.py:914} INFO - Processing file /home/airflow/.local/lib/python3.12/site-packages/airflow/example_dags/example_branch_operator_decorator.py for tasks to queue
[2025-01-14T11:18:45.933+0000] {logging_mixin.py:190} INFO - [2025-01-14T11:18:45.933+0000] {dagbag.py:588} INFO - Filling up the DagBag from /home/airflow/.local/lib/python3.12/site-packages/airflow/example_dags/example_branch_operator_decorator.py
[2025-01-14T11:18:45.950+0000] {processor.py:925} INFO - DAG(s) 'example_branch_python_operator_decorator' retrieved from /home/airflow/.local/lib/python3.12/site-packages/airflow/example_dags/example_branch_operator_decorator.py
[2025-01-14T11:18:45.976+0000] {logging_mixin.py:190} INFO - [2025-01-14T11:18:45.976+0000] {dag.py:3239} INFO - Sync 1 DAGs
[2025-01-14T11:18:45.993+0000] {logging_mixin.py:190} INFO - [2025-01-14T11:18:45.993+0000] {dag.py:4180} INFO - Setting next_dagrun for example_branch_python_operator_decorator to 2025-01-13 00:00:00+00:00, run_after=2025-01-14 00:00:00+00:00
[2025-01-14T11:18:46.009+0000] {processor.py:208} INFO - Processing /home/airflow/.local/lib/python3.12/site-packages/airflow/example_dags/example_branch_operator_decorator.py took 0.085 seconds
[2025-01-14T11:19:16.059+0000] {processor.py:186} INFO - Started process (PID=875) to work on /home/airflow/.local/lib/python3.12/site-packages/airflow/example_dags/example_branch_operator_decorator.py
[2025-01-14T11:19:16.061+0000] {processor.py:914} INFO - Processing file /home/airflow/.local/lib/python3.12/site-packages/airflow/example_dags/example_branch_operator_decorator.py for tasks to queue
[2025-01-14T11:19:16.064+0000] {logging_mixin.py:190} INFO - [2025-01-14T11:19:16.063+0000] {dagbag.py:588} INFO - Filling up the DagBag from /home/airflow/.local/lib/python3.12/site-packages/airflow/example_dags/example_branch_operator_decorator.py
[2025-01-14T11:19:16.086+0000] {processor.py:925} INFO - DAG(s) 'example_branch_python_operator_decorator' retrieved from /home/airflow/.local/lib/python3.12/site-packages/airflow/example_dags/example_branch_operator_decorator.py
[2025-01-14T11:19:16.110+0000] {logging_mixin.py:190} INFO - [2025-01-14T11:19:16.110+0000] {dag.py:3239} INFO - Sync 1 DAGs
[2025-01-14T11:19:16.132+0000] {logging_mixin.py:190} INFO - [2025-01-14T11:19:16.132+0000] {dag.py:4180} INFO - Setting next_dagrun for example_branch_python_operator_decorator to 2025-01-13 00:00:00+00:00, run_after=2025-01-14 00:00:00+00:00
[2025-01-14T11:19:16.157+0000] {processor.py:208} INFO - Processing /home/airflow/.local/lib/python3.12/site-packages/airflow/example_dags/example_branch_operator_decorator.py took 0.106 seconds
[2025-01-14T11:19:46.851+0000] {processor.py:186} INFO - Started process (PID=1166) to work on /home/airflow/.local/lib/python3.12/site-packages/airflow/example_dags/example_branch_operator_decorator.py
[2025-01-14T11:19:46.855+0000] {processor.py:914} INFO - Processing file /home/airflow/.local/lib/python3.12/site-packages/airflow/example_dags/example_branch_operator_decorator.py for tasks to queue
[2025-01-14T11:19:46.856+0000] {logging_mixin.py:190} INFO - [2025-01-14T11:19:46.856+0000] {dagbag.py:588} INFO - Filling up the DagBag from /home/airflow/.local/lib/python3.12/site-packages/airflow/example_dags/example_branch_operator_decorator.py
[2025-01-14T11:19:46.876+0000] {processor.py:925} INFO - DAG(s) 'example_branch_python_operator_decorator' retrieved from /home/airflow/.local/lib/python3.12/site-packages/airflow/example_dags/example_branch_operator_decorator.py
[2025-01-14T11:19:46.895+0000] {logging_mixin.py:190} INFO - [2025-01-14T11:19:46.895+0000] {dag.py:3239} INFO - Sync 1 DAGs
[2025-01-14T11:19:46.911+0000] {logging_mixin.py:190} INFO - [2025-01-14T11:19:46.911+0000] {dag.py:4180} INFO - Setting next_dagrun for example_branch_python_operator_decorator to 2025-01-13 00:00:00+00:00, run_after=2025-01-14 00:00:00+00:00
[2025-01-14T11:19:46.927+0000] {processor.py:208} INFO - Processing /home/airflow/.local/lib/python3.12/site-packages/airflow/example_dags/example_branch_operator_decorator.py took 0.081 seconds
[2025-01-14T11:20:16.951+0000] {processor.py:186} INFO - Started process (PID=1454) to work on /home/airflow/.local/lib/python3.12/site-packages/airflow/example_dags/example_branch_operator_decorator.py
[2025-01-14T11:20:16.952+0000] {processor.py:914} INFO - Processing file /home/airflow/.local/lib/python3.12/site-packages/airflow/example_dags/example_branch_operator_decorator.py for tasks to queue
[2025-01-14T11:20:16.954+0000] {logging_mixin.py:190} INFO - [2025-01-14T11:20:16.954+0000] {dagbag.py:588} INFO - Filling up the DagBag from /home/airflow/.local/lib/python3.12/site-packages/airflow/example_dags/example_branch_operator_decorator.py
[2025-01-14T11:20:16.966+0000] {processor.py:925} INFO - DAG(s) 'example_branch_python_operator_decorator' retrieved from /home/airflow/.local/lib/python3.12/site-packages/airflow/example_dags/example_branch_operator_decorator.py
[2025-01-14T11:20:16.985+0000] {logging_mixin.py:190} INFO - [2025-01-14T11:20:16.985+0000] {dag.py:3239} INFO - Sync 1 DAGs
[2025-01-14T11:20:17.001+0000] {logging_mixin.py:190} INFO - [2025-01-14T11:20:17.001+0000] {dag.py:4180} INFO - Setting next_dagrun for example_branch_python_operator_decorator to 2025-01-13 00:00:00+00:00, run_after=2025-01-14 00:00:00+00:00
[2025-01-14T11:20:17.015+0000] {processor.py:208} INFO - Processing /home/airflow/.local/lib/python3.12/site-packages/airflow/example_dags/example_branch_operator_decorator.py took 0.068 seconds
[2025-01-14T11:20:47.226+0000] {processor.py:186} INFO - Started process (PID=1748) to work on /home/airflow/.local/lib/python3.12/site-packages/airflow/example_dags/example_branch_operator_decorator.py
[2025-01-14T11:20:47.227+0000] {processor.py:914} INFO - Processing file /home/airflow/.local/lib/python3.12/site-packages/airflow/example_dags/example_branch_operator_decorator.py for tasks to queue
[2025-01-14T11:20:47.230+0000] {logging_mixin.py:190} INFO - [2025-01-14T11:20:47.230+0000] {dagbag.py:588} INFO - Filling up the DagBag from /home/airflow/.local/lib/python3.12/site-packages/airflow/example_dags/example_branch_operator_decorator.py
[2025-01-14T11:20:47.245+0000] {processor.py:925} INFO - DAG(s) 'example_branch_python_operator_decorator' retrieved from /home/airflow/.local/lib/python3.12/site-packages/airflow/example_dags/example_branch_operator_decorator.py
[2025-01-14T11:20:47.264+0000] {logging_mixin.py:190} INFO - [2025-01-14T11:20:47.263+0000] {dag.py:3239} INFO - Sync 1 DAGs
[2025-01-14T11:20:47.280+0000] {logging_mixin.py:190} INFO - [2025-01-14T11:20:47.280+0000] {dag.py:4180} INFO - Setting next_dagrun for example_branch_python_operator_decorator to 2025-01-13 00:00:00+00:00, run_after=2025-01-14 00:00:00+00:00
[2025-01-14T11:20:47.299+0000] {processor.py:208} INFO - Processing /home/airflow/.local/lib/python3.12/site-packages/airflow/example_dags/example_branch_operator_decorator.py took 0.079 seconds
[2025-01-14T11:21:18.521+0000] {processor.py:186} INFO - Started process (PID=2045) to work on /home/airflow/.local/lib/python3.12/site-packages/airflow/example_dags/example_branch_operator_decorator.py
[2025-01-14T11:21:18.522+0000] {processor.py:914} INFO - Processing file /home/airflow/.local/lib/python3.12/site-packages/airflow/example_dags/example_branch_operator_decorator.py for tasks to queue
[2025-01-14T11:21:18.525+0000] {logging_mixin.py:190} INFO - [2025-01-14T11:21:18.525+0000] {dagbag.py:588} INFO - Filling up the DagBag from /home/airflow/.local/lib/python3.12/site-packages/airflow/example_dags/example_branch_operator_decorator.py
[2025-01-14T11:21:18.539+0000] {processor.py:925} INFO - DAG(s) 'example_branch_python_operator_decorator' retrieved from /home/airflow/.local/lib/python3.12/site-packages/airflow/example_dags/example_branch_operator_decorator.py
[2025-01-14T11:21:18.557+0000] {logging_mixin.py:190} INFO - [2025-01-14T11:21:18.557+0000] {dag.py:3239} INFO - Sync 1 DAGs
[2025-01-14T11:21:18.578+0000] {logging_mixin.py:190} INFO - [2025-01-14T11:21:18.578+0000] {dag.py:4180} INFO - Setting next_dagrun for example_branch_python_operator_decorator to 2025-01-13 00:00:00+00:00, run_after=2025-01-14 00:00:00+00:00
[2025-01-14T11:21:18.592+0000] {processor.py:208} INFO - Processing /home/airflow/.local/lib/python3.12/site-packages/airflow/example_dags/example_branch_operator_decorator.py took 0.077 seconds
[2025-01-14T11:21:48.930+0000] {processor.py:186} INFO - Started process (PID=2336) to work on /home/airflow/.local/lib/python3.12/site-packages/airflow/example_dags/example_branch_operator_decorator.py
[2025-01-14T11:21:48.930+0000] {processor.py:914} INFO - Processing file /home/airflow/.local/lib/python3.12/site-packages/airflow/example_dags/example_branch_operator_decorator.py for tasks to queue
[2025-01-14T11:21:48.933+0000] {logging_mixin.py:190} INFO - [2025-01-14T11:21:48.933+0000] {dagbag.py:588} INFO - Filling up the DagBag from /home/airflow/.local/lib/python3.12/site-packages/airflow/example_dags/example_branch_operator_decorator.py
[2025-01-14T11:21:48.954+0000] {processor.py:925} INFO - DAG(s) 'example_branch_python_operator_decorator' retrieved from /home/airflow/.local/lib/python3.12/site-packages/airflow/example_dags/example_branch_operator_decorator.py
[2025-01-14T11:21:48.972+0000] {logging_mixin.py:190} INFO - [2025-01-14T11:21:48.971+0000] {dag.py:3239} INFO - Sync 1 DAGs
[2025-01-14T11:21:48.990+0000] {logging_mixin.py:190} INFO - [2025-01-14T11:21:48.990+0000] {dag.py:4180} INFO - Setting next_dagrun for example_branch_python_operator_decorator to 2025-01-13 00:00:00+00:00, run_after=2025-01-14 00:00:00+00:00
[2025-01-14T11:21:49.007+0000] {processor.py:208} INFO - Processing /home/airflow/.local/lib/python3.12/site-packages/airflow/example_dags/example_branch_operator_decorator.py took 0.082 seconds
[2025-01-14T11:22:20.064+0000] {processor.py:186} INFO - Started process (PID=2629) to work on /home/airflow/.local/lib/python3.12/site-packages/airflow/example_dags/example_branch_operator_decorator.py
[2025-01-14T11:22:20.064+0000] {processor.py:914} INFO - Processing file /home/airflow/.local/lib/python3.12/site-packages/airflow/example_dags/example_branch_operator_decorator.py for tasks to queue
[2025-01-14T11:22:20.066+0000] {logging_mixin.py:190} INFO - [2025-01-14T11:22:20.066+0000] {dagbag.py:588} INFO - Filling up the DagBag from /home/airflow/.local/lib/python3.12/site-packages/airflow/example_dags/example_branch_operator_decorator.py
[2025-01-14T11:22:20.082+0000] {processor.py:925} INFO - DAG(s) 'example_branch_python_operator_decorator' retrieved from /home/airflow/.local/lib/python3.12/site-packages/airflow/example_dags/example_branch_operator_decorator.py
[2025-01-14T11:22:20.112+0000] {logging_mixin.py:190} INFO - [2025-01-14T11:22:20.111+0000] {dag.py:3239} INFO - Sync 1 DAGs
[2025-01-14T11:22:20.136+0000] {logging_mixin.py:190} INFO - [2025-01-14T11:22:20.136+0000] {dag.py:4180} INFO - Setting next_dagrun for example_branch_python_operator_decorator to 2025-01-13 00:00:00+00:00, run_after=2025-01-14 00:00:00+00:00
[2025-01-14T11:22:20.154+0000] {processor.py:208} INFO - Processing /home/airflow/.local/lib/python3.12/site-packages/airflow/example_dags/example_branch_operator_decorator.py took 0.096 seconds
[2025-01-14T11:22:50.316+0000] {processor.py:186} INFO - Started process (PID=2918) to work on /home/airflow/.local/lib/python3.12/site-packages/airflow/example_dags/example_branch_operator_decorator.py
[2025-01-14T11:22:50.317+0000] {processor.py:914} INFO - Processing file /home/airflow/.local/lib/python3.12/site-packages/airflow/example_dags/example_branch_operator_decorator.py for tasks to queue
[2025-01-14T11:22:50.318+0000] {logging_mixin.py:190} INFO - [2025-01-14T11:22:50.318+0000] {dagbag.py:588} INFO - Filling up the DagBag from /home/airflow/.local/lib/python3.12/site-packages/airflow/example_dags/example_branch_operator_decorator.py
[2025-01-14T11:22:50.332+0000] {processor.py:925} INFO - DAG(s) 'example_branch_python_operator_decorator' retrieved from /home/airflow/.local/lib/python3.12/site-packages/airflow/example_dags/example_branch_operator_decorator.py
[2025-01-14T11:22:50.365+0000] {logging_mixin.py:190} INFO - [2025-01-14T11:22:50.364+0000] {dag.py:3239} INFO - Sync 1 DAGs
[2025-01-14T11:22:50.389+0000] {logging_mixin.py:190} INFO - [2025-01-14T11:22:50.389+0000] {dag.py:4180} INFO - Setting next_dagrun for example_branch_python_operator_decorator to 2025-01-13 00:00:00+00:00, run_after=2025-01-14 00:00:00+00:00
[2025-01-14T11:22:50.410+0000] {processor.py:208} INFO - Processing /home/airflow/.local/lib/python3.12/site-packages/airflow/example_dags/example_branch_operator_decorator.py took 0.100 seconds
[2025-01-14T11:23:20.758+0000] {processor.py:186} INFO - Started process (PID=3214) to work on /home/airflow/.local/lib/python3.12/site-packages/airflow/example_dags/example_branch_operator_decorator.py
[2025-01-14T11:23:20.759+0000] {processor.py:914} INFO - Processing file /home/airflow/.local/lib/python3.12/site-packages/airflow/example_dags/example_branch_operator_decorator.py for tasks to queue
[2025-01-14T11:23:20.762+0000] {logging_mixin.py:190} INFO - [2025-01-14T11:23:20.761+0000] {dagbag.py:588} INFO - Filling up the DagBag from /home/airflow/.local/lib/python3.12/site-packages/airflow/example_dags/example_branch_operator_decorator.py
[2025-01-14T11:23:20.784+0000] {processor.py:925} INFO - DAG(s) 'example_branch_python_operator_decorator' retrieved from /home/airflow/.local/lib/python3.12/site-packages/airflow/example_dags/example_branch_operator_decorator.py
[2025-01-14T11:23:20.807+0000] {logging_mixin.py:190} INFO - [2025-01-14T11:23:20.806+0000] {dag.py:3239} INFO - Sync 1 DAGs
[2025-01-14T11:23:20.823+0000] {logging_mixin.py:190} INFO - [2025-01-14T11:23:20.822+0000] {dag.py:4180} INFO - Setting next_dagrun for example_branch_python_operator_decorator to 2025-01-13 00:00:00+00:00, run_after=2025-01-14 00:00:00+00:00
[2025-01-14T11:23:20.838+0000] {processor.py:208} INFO - Processing /home/airflow/.local/lib/python3.12/site-packages/airflow/example_dags/example_branch_operator_decorator.py took 0.084 seconds
[2025-01-14T11:23:51.698+0000] {processor.py:186} INFO - Started process (PID=3512) to work on /home/airflow/.local/lib/python3.12/site-packages/airflow/example_dags/example_branch_operator_decorator.py
[2025-01-14T11:23:51.699+0000] {processor.py:914} INFO - Processing file /home/airflow/.local/lib/python3.12/site-packages/airflow/example_dags/example_branch_operator_decorator.py for tasks to queue
[2025-01-14T11:23:51.701+0000] {logging_mixin.py:190} INFO - [2025-01-14T11:23:51.700+0000] {dagbag.py:588} INFO - Filling up the DagBag from /home/airflow/.local/lib/python3.12/site-packages/airflow/example_dags/example_branch_operator_decorator.py
[2025-01-14T11:23:51.714+0000] {processor.py:925} INFO - DAG(s) 'example_branch_python_operator_decorator' retrieved from /home/airflow/.local/lib/python3.12/site-packages/airflow/example_dags/example_branch_operator_decorator.py
[2025-01-14T11:23:51.739+0000] {logging_mixin.py:190} INFO - [2025-01-14T11:23:51.739+0000] {dag.py:3239} INFO - Sync 1 DAGs
[2025-01-14T11:23:51.763+0000] {logging_mixin.py:190} INFO - [2025-01-14T11:23:51.763+0000] {dag.py:4180} INFO - Setting next_dagrun for example_branch_python_operator_decorator to 2025-01-13 00:00:00+00:00, run_after=2025-01-14 00:00:00+00:00
[2025-01-14T11:23:51.777+0000] {processor.py:208} INFO - Processing /home/airflow/.local/lib/python3.12/site-packages/airflow/example_dags/example_branch_operator_decorator.py took 0.085 seconds
[2025-01-14T11:24:22.605+0000] {processor.py:186} INFO - Started process (PID=3805) to work on /home/airflow/.local/lib/python3.12/site-packages/airflow/example_dags/example_branch_operator_decorator.py
[2025-01-14T11:24:22.605+0000] {processor.py:914} INFO - Processing file /home/airflow/.local/lib/python3.12/site-packages/airflow/example_dags/example_branch_operator_decorator.py for tasks to queue
[2025-01-14T11:24:22.607+0000] {logging_mixin.py:190} INFO - [2025-01-14T11:24:22.607+0000] {dagbag.py:588} INFO - Filling up the DagBag from /home/airflow/.local/lib/python3.12/site-packages/airflow/example_dags/example_branch_operator_decorator.py
[2025-01-14T11:24:22.621+0000] {processor.py:925} INFO - DAG(s) 'example_branch_python_operator_decorator' retrieved from /home/airflow/.local/lib/python3.12/site-packages/airflow/example_dags/example_branch_operator_decorator.py
[2025-01-14T11:24:22.644+0000] {logging_mixin.py:190} INFO - [2025-01-14T11:24:22.644+0000] {dag.py:3239} INFO - Sync 1 DAGs
[2025-01-14T11:24:22.668+0000] {logging_mixin.py:190} INFO - [2025-01-14T11:24:22.668+0000] {dag.py:4180} INFO - Setting next_dagrun for example_branch_python_operator_decorator to 2025-01-13 00:00:00+00:00, run_after=2025-01-14 00:00:00+00:00
[2025-01-14T11:24:22.682+0000] {processor.py:208} INFO - Processing /home/airflow/.local/lib/python3.12/site-packages/airflow/example_dags/example_branch_operator_decorator.py took 0.082 seconds
[2025-01-14T11:24:55.696+0000] {processor.py:186} INFO - Started process (PID=4190) to work on /home/airflow/.local/lib/python3.12/site-packages/airflow/example_dags/example_branch_operator_decorator.py
[2025-01-14T11:24:55.703+0000] {processor.py:914} INFO - Processing file /home/airflow/.local/lib/python3.12/site-packages/airflow/example_dags/example_branch_operator_decorator.py for tasks to queue
[2025-01-14T11:24:55.720+0000] {logging_mixin.py:190} INFO - [2025-01-14T11:24:55.720+0000] {dagbag.py:588} INFO - Filling up the DagBag from /home/airflow/.local/lib/python3.12/site-packages/airflow/example_dags/example_branch_operator_decorator.py
[2025-01-14T11:24:55.852+0000] {processor.py:925} INFO - DAG(s) 'example_branch_python_operator_decorator' retrieved from /home/airflow/.local/lib/python3.12/site-packages/airflow/example_dags/example_branch_operator_decorator.py
[2025-01-14T11:24:56.037+0000] {logging_mixin.py:190} INFO - [2025-01-14T11:24:56.037+0000] {dag.py:3239} INFO - Sync 1 DAGs
[2025-01-14T11:24:56.128+0000] {logging_mixin.py:190} INFO - [2025-01-14T11:24:56.128+0000] {dag.py:4180} INFO - Setting next_dagrun for example_branch_python_operator_decorator to 2025-01-13 00:00:00+00:00, run_after=2025-01-14 00:00:00+00:00
[2025-01-14T11:24:56.204+0000] {processor.py:208} INFO - Processing /home/airflow/.local/lib/python3.12/site-packages/airflow/example_dags/example_branch_operator_decorator.py took 0.523 seconds
[2025-01-14T11:25:26.862+0000] {processor.py:186} INFO - Started process (PID=4523) to work on /home/airflow/.local/lib/python3.12/site-packages/airflow/example_dags/example_branch_operator_decorator.py
[2025-01-14T11:25:26.864+0000] {processor.py:914} INFO - Processing file /home/airflow/.local/lib/python3.12/site-packages/airflow/example_dags/example_branch_operator_decorator.py for tasks to queue
[2025-01-14T11:25:26.866+0000] {logging_mixin.py:190} INFO - [2025-01-14T11:25:26.866+0000] {dagbag.py:588} INFO - Filling up the DagBag from /home/airflow/.local/lib/python3.12/site-packages/airflow/example_dags/example_branch_operator_decorator.py
[2025-01-14T11:25:26.883+0000] {processor.py:925} INFO - DAG(s) 'example_branch_python_operator_decorator' retrieved from /home/airflow/.local/lib/python3.12/site-packages/airflow/example_dags/example_branch_operator_decorator.py
[2025-01-14T11:25:26.912+0000] {logging_mixin.py:190} INFO - [2025-01-14T11:25:26.912+0000] {dag.py:3239} INFO - Sync 1 DAGs
[2025-01-14T11:25:26.938+0000] {logging_mixin.py:190} INFO - [2025-01-14T11:25:26.938+0000] {dag.py:4180} INFO - Setting next_dagrun for example_branch_python_operator_decorator to 2025-01-13 00:00:00+00:00, run_after=2025-01-14 00:00:00+00:00
[2025-01-14T11:25:26.956+0000] {processor.py:208} INFO - Processing /home/airflow/.local/lib/python3.12/site-packages/airflow/example_dags/example_branch_operator_decorator.py took 0.098 seconds
[2025-01-14T11:25:57.209+0000] {processor.py:186} INFO - Started process (PID=4819) to work on /home/airflow/.local/lib/python3.12/site-packages/airflow/example_dags/example_branch_operator_decorator.py
[2025-01-14T11:25:57.211+0000] {processor.py:914} INFO - Processing file /home/airflow/.local/lib/python3.12/site-packages/airflow/example_dags/example_branch_operator_decorator.py for tasks to queue
[2025-01-14T11:25:57.214+0000] {logging_mixin.py:190} INFO - [2025-01-14T11:25:57.213+0000] {dagbag.py:588} INFO - Filling up the DagBag from /home/airflow/.local/lib/python3.12/site-packages/airflow/example_dags/example_branch_operator_decorator.py
[2025-01-14T11:25:57.242+0000] {processor.py:925} INFO - DAG(s) 'example_branch_python_operator_decorator' retrieved from /home/airflow/.local/lib/python3.12/site-packages/airflow/example_dags/example_branch_operator_decorator.py
[2025-01-14T11:25:57.266+0000] {logging_mixin.py:190} INFO - [2025-01-14T11:25:57.265+0000] {dag.py:3239} INFO - Sync 1 DAGs
[2025-01-14T11:25:57.285+0000] {logging_mixin.py:190} INFO - [2025-01-14T11:25:57.284+0000] {dag.py:4180} INFO - Setting next_dagrun for example_branch_python_operator_decorator to 2025-01-13 00:00:00+00:00, run_after=2025-01-14 00:00:00+00:00
[2025-01-14T11:25:57.303+0000] {processor.py:208} INFO - Processing /home/airflow/.local/lib/python3.12/site-packages/airflow/example_dags/example_branch_operator_decorator.py took 0.105 seconds
[2025-01-14T11:26:27.391+0000] {processor.py:186} INFO - Started process (PID=5115) to work on /home/airflow/.local/lib/python3.12/site-packages/airflow/example_dags/example_branch_operator_decorator.py
[2025-01-14T11:26:27.392+0000] {processor.py:914} INFO - Processing file /home/airflow/.local/lib/python3.12/site-packages/airflow/example_dags/example_branch_operator_decorator.py for tasks to queue
[2025-01-14T11:26:27.395+0000] {logging_mixin.py:190} INFO - [2025-01-14T11:26:27.395+0000] {dagbag.py:588} INFO - Filling up the DagBag from /home/airflow/.local/lib/python3.12/site-packages/airflow/example_dags/example_branch_operator_decorator.py
[2025-01-14T11:26:27.419+0000] {processor.py:925} INFO - DAG(s) 'example_branch_python_operator_decorator' retrieved from /home/airflow/.local/lib/python3.12/site-packages/airflow/example_dags/example_branch_operator_decorator.py
[2025-01-14T11:26:27.437+0000] {logging_mixin.py:190} INFO - [2025-01-14T11:26:27.437+0000] {dag.py:3239} INFO - Sync 1 DAGs
[2025-01-14T11:26:27.468+0000] {logging_mixin.py:190} INFO - [2025-01-14T11:26:27.467+0000] {dag.py:4180} INFO - Setting next_dagrun for example_branch_python_operator_decorator to 2025-01-13 00:00:00+00:00, run_after=2025-01-14 00:00:00+00:00
[2025-01-14T11:26:27.483+0000] {processor.py:208} INFO - Processing /home/airflow/.local/lib/python3.12/site-packages/airflow/example_dags/example_branch_operator_decorator.py took 0.104 seconds
[2025-01-14T11:26:58.052+0000] {processor.py:186} INFO - Started process (PID=5411) to work on /home/airflow/.local/lib/python3.12/site-packages/airflow/example_dags/example_branch_operator_decorator.py
[2025-01-14T11:26:58.053+0000] {processor.py:914} INFO - Processing file /home/airflow/.local/lib/python3.12/site-packages/airflow/example_dags/example_branch_operator_decorator.py for tasks to queue
[2025-01-14T11:26:58.056+0000] {logging_mixin.py:190} INFO - [2025-01-14T11:26:58.056+0000] {dagbag.py:588} INFO - Filling up the DagBag from /home/airflow/.local/lib/python3.12/site-packages/airflow/example_dags/example_branch_operator_decorator.py
[2025-01-14T11:26:58.074+0000] {processor.py:925} INFO - DAG(s) 'example_branch_python_operator_decorator' retrieved from /home/airflow/.local/lib/python3.12/site-packages/airflow/example_dags/example_branch_operator_decorator.py
[2025-01-14T11:26:58.099+0000] {logging_mixin.py:190} INFO - [2025-01-14T11:26:58.099+0000] {dag.py:3239} INFO - Sync 1 DAGs
[2025-01-14T11:26:58.115+0000] {logging_mixin.py:190} INFO - [2025-01-14T11:26:58.115+0000] {dag.py:4180} INFO - Setting next_dagrun for example_branch_python_operator_decorator to 2025-01-13 00:00:00+00:00, run_after=2025-01-14 00:00:00+00:00
[2025-01-14T11:26:58.130+0000] {processor.py:208} INFO - Processing /home/airflow/.local/lib/python3.12/site-packages/airflow/example_dags/example_branch_operator_decorator.py took 0.084 seconds
[2025-01-14T11:27:28.337+0000] {processor.py:186} INFO - Started process (PID=5707) to work on /home/airflow/.local/lib/python3.12/site-packages/airflow/example_dags/example_branch_operator_decorator.py
[2025-01-14T11:27:28.338+0000] {processor.py:914} INFO - Processing file /home/airflow/.local/lib/python3.12/site-packages/airflow/example_dags/example_branch_operator_decorator.py for tasks to queue
[2025-01-14T11:27:28.342+0000] {logging_mixin.py:190} INFO - [2025-01-14T11:27:28.341+0000] {dagbag.py:588} INFO - Filling up the DagBag from /home/airflow/.local/lib/python3.12/site-packages/airflow/example_dags/example_branch_operator_decorator.py
[2025-01-14T11:27:28.361+0000] {processor.py:925} INFO - DAG(s) 'example_branch_python_operator_decorator' retrieved from /home/airflow/.local/lib/python3.12/site-packages/airflow/example_dags/example_branch_operator_decorator.py
[2025-01-14T11:27:28.393+0000] {logging_mixin.py:190} INFO - [2025-01-14T11:27:28.393+0000] {dag.py:3239} INFO - Sync 1 DAGs
[2025-01-14T11:27:28.416+0000] {logging_mixin.py:190} INFO - [2025-01-14T11:27:28.416+0000] {dag.py:4180} INFO - Setting next_dagrun for example_branch_python_operator_decorator to 2025-01-13 00:00:00+00:00, run_after=2025-01-14 00:00:00+00:00
[2025-01-14T11:27:28.434+0000] {processor.py:208} INFO - Processing /home/airflow/.local/lib/python3.12/site-packages/airflow/example_dags/example_branch_operator_decorator.py took 0.105 seconds
[2025-01-14T11:27:58.646+0000] {processor.py:186} INFO - Started process (PID=6003) to work on /home/airflow/.local/lib/python3.12/site-packages/airflow/example_dags/example_branch_operator_decorator.py
[2025-01-14T11:27:58.647+0000] {processor.py:914} INFO - Processing file /home/airflow/.local/lib/python3.12/site-packages/airflow/example_dags/example_branch_operator_decorator.py for tasks to queue
[2025-01-14T11:27:58.652+0000] {logging_mixin.py:190} INFO - [2025-01-14T11:27:58.651+0000] {dagbag.py:588} INFO - Filling up the DagBag from /home/airflow/.local/lib/python3.12/site-packages/airflow/example_dags/example_branch_operator_decorator.py
[2025-01-14T11:27:58.678+0000] {processor.py:925} INFO - DAG(s) 'example_branch_python_operator_decorator' retrieved from /home/airflow/.local/lib/python3.12/site-packages/airflow/example_dags/example_branch_operator_decorator.py
[2025-01-14T11:27:58.712+0000] {logging_mixin.py:190} INFO - [2025-01-14T11:27:58.712+0000] {dag.py:3239} INFO - Sync 1 DAGs
[2025-01-14T11:27:58.743+0000] {logging_mixin.py:190} INFO - [2025-01-14T11:27:58.742+0000] {dag.py:4180} INFO - Setting next_dagrun for example_branch_python_operator_decorator to 2025-01-13 00:00:00+00:00, run_after=2025-01-14 00:00:00+00:00
[2025-01-14T11:27:58.762+0000] {processor.py:208} INFO - Processing /home/airflow/.local/lib/python3.12/site-packages/airflow/example_dags/example_branch_operator_decorator.py took 0.128 seconds
[2025-01-14T11:28:29.025+0000] {processor.py:186} INFO - Started process (PID=6299) to work on /home/airflow/.local/lib/python3.12/site-packages/airflow/example_dags/example_branch_operator_decorator.py
[2025-01-14T11:28:29.027+0000] {processor.py:914} INFO - Processing file /home/airflow/.local/lib/python3.12/site-packages/airflow/example_dags/example_branch_operator_decorator.py for tasks to queue
[2025-01-14T11:28:29.031+0000] {logging_mixin.py:190} INFO - [2025-01-14T11:28:29.031+0000] {dagbag.py:588} INFO - Filling up the DagBag from /home/airflow/.local/lib/python3.12/site-packages/airflow/example_dags/example_branch_operator_decorator.py
[2025-01-14T11:28:29.048+0000] {processor.py:925} INFO - DAG(s) 'example_branch_python_operator_decorator' retrieved from /home/airflow/.local/lib/python3.12/site-packages/airflow/example_dags/example_branch_operator_decorator.py
[2025-01-14T11:28:29.072+0000] {logging_mixin.py:190} INFO - [2025-01-14T11:28:29.072+0000] {dag.py:3239} INFO - Sync 1 DAGs
[2025-01-14T11:28:29.099+0000] {logging_mixin.py:190} INFO - [2025-01-14T11:28:29.099+0000] {dag.py:4180} INFO - Setting next_dagrun for example_branch_python_operator_decorator to 2025-01-13 00:00:00+00:00, run_after=2025-01-14 00:00:00+00:00
[2025-01-14T11:28:29.116+0000] {processor.py:208} INFO - Processing /home/airflow/.local/lib/python3.12/site-packages/airflow/example_dags/example_branch_operator_decorator.py took 0.103 seconds
[2025-01-14T11:28:59.306+0000] {processor.py:186} INFO - Started process (PID=6595) to work on /home/airflow/.local/lib/python3.12/site-packages/airflow/example_dags/example_branch_operator_decorator.py
[2025-01-14T11:28:59.308+0000] {processor.py:914} INFO - Processing file /home/airflow/.local/lib/python3.12/site-packages/airflow/example_dags/example_branch_operator_decorator.py for tasks to queue
[2025-01-14T11:28:59.312+0000] {logging_mixin.py:190} INFO - [2025-01-14T11:28:59.311+0000] {dagbag.py:588} INFO - Filling up the DagBag from /home/airflow/.local/lib/python3.12/site-packages/airflow/example_dags/example_branch_operator_decorator.py
[2025-01-14T11:28:59.331+0000] {processor.py:925} INFO - DAG(s) 'example_branch_python_operator_decorator' retrieved from /home/airflow/.local/lib/python3.12/site-packages/airflow/example_dags/example_branch_operator_decorator.py
[2025-01-14T11:28:59.359+0000] {logging_mixin.py:190} INFO - [2025-01-14T11:28:59.359+0000] {dag.py:3239} INFO - Sync 1 DAGs
[2025-01-14T11:28:59.377+0000] {logging_mixin.py:190} INFO - [2025-01-14T11:28:59.376+0000] {dag.py:4180} INFO - Setting next_dagrun for example_branch_python_operator_decorator to 2025-01-13 00:00:00+00:00, run_after=2025-01-14 00:00:00+00:00
[2025-01-14T11:28:59.391+0000] {processor.py:208} INFO - Processing /home/airflow/.local/lib/python3.12/site-packages/airflow/example_dags/example_branch_operator_decorator.py took 0.091 seconds
[2025-01-14T11:29:29.515+0000] {processor.py:186} INFO - Started process (PID=6891) to work on /home/airflow/.local/lib/python3.12/site-packages/airflow/example_dags/example_branch_operator_decorator.py
[2025-01-14T11:29:29.517+0000] {processor.py:914} INFO - Processing file /home/airflow/.local/lib/python3.12/site-packages/airflow/example_dags/example_branch_operator_decorator.py for tasks to queue
[2025-01-14T11:29:29.520+0000] {logging_mixin.py:190} INFO - [2025-01-14T11:29:29.519+0000] {dagbag.py:588} INFO - Filling up the DagBag from /home/airflow/.local/lib/python3.12/site-packages/airflow/example_dags/example_branch_operator_decorator.py
[2025-01-14T11:29:29.536+0000] {processor.py:925} INFO - DAG(s) 'example_branch_python_operator_decorator' retrieved from /home/airflow/.local/lib/python3.12/site-packages/airflow/example_dags/example_branch_operator_decorator.py
[2025-01-14T11:29:29.560+0000] {logging_mixin.py:190} INFO - [2025-01-14T11:29:29.560+0000] {dag.py:3239} INFO - Sync 1 DAGs
[2025-01-14T11:29:29.607+0000] {logging_mixin.py:190} INFO - [2025-01-14T11:29:29.606+0000] {dag.py:4180} INFO - Setting next_dagrun for example_branch_python_operator_decorator to 2025-01-13 00:00:00+00:00, run_after=2025-01-14 00:00:00+00:00
[2025-01-14T11:29:29.656+0000] {processor.py:208} INFO - Processing /home/airflow/.local/lib/python3.12/site-packages/airflow/example_dags/example_branch_operator_decorator.py took 0.153 seconds
[2025-01-14T11:29:59.759+0000] {processor.py:186} INFO - Started process (PID=7188) to work on /home/airflow/.local/lib/python3.12/site-packages/airflow/example_dags/example_branch_operator_decorator.py
[2025-01-14T11:29:59.761+0000] {processor.py:914} INFO - Processing file /home/airflow/.local/lib/python3.12/site-packages/airflow/example_dags/example_branch_operator_decorator.py for tasks to queue
[2025-01-14T11:29:59.765+0000] {logging_mixin.py:190} INFO - [2025-01-14T11:29:59.764+0000] {dagbag.py:588} INFO - Filling up the DagBag from /home/airflow/.local/lib/python3.12/site-packages/airflow/example_dags/example_branch_operator_decorator.py
[2025-01-14T11:29:59.790+0000] {processor.py:925} INFO - DAG(s) 'example_branch_python_operator_decorator' retrieved from /home/airflow/.local/lib/python3.12/site-packages/airflow/example_dags/example_branch_operator_decorator.py
[2025-01-14T11:29:59.812+0000] {logging_mixin.py:190} INFO - [2025-01-14T11:29:59.811+0000] {dag.py:3239} INFO - Sync 1 DAGs
[2025-01-14T11:29:59.830+0000] {logging_mixin.py:190} INFO - [2025-01-14T11:29:59.830+0000] {dag.py:4180} INFO - Setting next_dagrun for example_branch_python_operator_decorator to 2025-01-13 00:00:00+00:00, run_after=2025-01-14 00:00:00+00:00
[2025-01-14T11:29:59.852+0000] {processor.py:208} INFO - Processing /home/airflow/.local/lib/python3.12/site-packages/airflow/example_dags/example_branch_operator_decorator.py took 0.102 seconds
[2025-01-14T11:30:29.934+0000] {processor.py:186} INFO - Started process (PID=7487) to work on /home/airflow/.local/lib/python3.12/site-packages/airflow/example_dags/example_branch_operator_decorator.py
[2025-01-14T11:30:29.935+0000] {processor.py:914} INFO - Processing file /home/airflow/.local/lib/python3.12/site-packages/airflow/example_dags/example_branch_operator_decorator.py for tasks to queue
[2025-01-14T11:30:29.937+0000] {logging_mixin.py:190} INFO - [2025-01-14T11:30:29.937+0000] {dagbag.py:588} INFO - Filling up the DagBag from /home/airflow/.local/lib/python3.12/site-packages/airflow/example_dags/example_branch_operator_decorator.py
[2025-01-14T11:30:29.949+0000] {processor.py:925} INFO - DAG(s) 'example_branch_python_operator_decorator' retrieved from /home/airflow/.local/lib/python3.12/site-packages/airflow/example_dags/example_branch_operator_decorator.py
[2025-01-14T11:30:29.972+0000] {logging_mixin.py:190} INFO - [2025-01-14T11:30:29.972+0000] {dag.py:3239} INFO - Sync 1 DAGs
[2025-01-14T11:30:29.987+0000] {logging_mixin.py:190} INFO - [2025-01-14T11:30:29.987+0000] {dag.py:4180} INFO - Setting next_dagrun for example_branch_python_operator_decorator to 2025-01-13 00:00:00+00:00, run_after=2025-01-14 00:00:00+00:00
[2025-01-14T11:30:30.001+0000] {processor.py:208} INFO - Processing /home/airflow/.local/lib/python3.12/site-packages/airflow/example_dags/example_branch_operator_decorator.py took 0.070 seconds
[2025-01-14T11:31:00.065+0000] {processor.py:186} INFO - Started process (PID=7784) to work on /home/airflow/.local/lib/python3.12/site-packages/airflow/example_dags/example_branch_operator_decorator.py
[2025-01-14T11:31:00.066+0000] {processor.py:914} INFO - Processing file /home/airflow/.local/lib/python3.12/site-packages/airflow/example_dags/example_branch_operator_decorator.py for tasks to queue
[2025-01-14T11:31:00.068+0000] {logging_mixin.py:190} INFO - [2025-01-14T11:31:00.067+0000] {dagbag.py:588} INFO - Filling up the DagBag from /home/airflow/.local/lib/python3.12/site-packages/airflow/example_dags/example_branch_operator_decorator.py
[2025-01-14T11:31:00.080+0000] {processor.py:925} INFO - DAG(s) 'example_branch_python_operator_decorator' retrieved from /home/airflow/.local/lib/python3.12/site-packages/airflow/example_dags/example_branch_operator_decorator.py
[2025-01-14T11:31:00.099+0000] {logging_mixin.py:190} INFO - [2025-01-14T11:31:00.098+0000] {dag.py:3239} INFO - Sync 1 DAGs
[2025-01-14T11:31:00.115+0000] {logging_mixin.py:190} INFO - [2025-01-14T11:31:00.115+0000] {dag.py:4180} INFO - Setting next_dagrun for example_branch_python_operator_decorator to 2025-01-13 00:00:00+00:00, run_after=2025-01-14 00:00:00+00:00
[2025-01-14T11:31:00.128+0000] {processor.py:208} INFO - Processing /home/airflow/.local/lib/python3.12/site-packages/airflow/example_dags/example_branch_operator_decorator.py took 0.067 seconds
[2025-01-14T11:31:30.901+0000] {processor.py:186} INFO - Started process (PID=8072) to work on /home/airflow/.local/lib/python3.12/site-packages/airflow/example_dags/example_branch_operator_decorator.py
[2025-01-14T11:31:30.902+0000] {processor.py:914} INFO - Processing file /home/airflow/.local/lib/python3.12/site-packages/airflow/example_dags/example_branch_operator_decorator.py for tasks to queue
[2025-01-14T11:31:30.905+0000] {logging_mixin.py:190} INFO - [2025-01-14T11:31:30.904+0000] {dagbag.py:588} INFO - Filling up the DagBag from /home/airflow/.local/lib/python3.12/site-packages/airflow/example_dags/example_branch_operator_decorator.py
[2025-01-14T11:31:30.917+0000] {processor.py:925} INFO - DAG(s) 'example_branch_python_operator_decorator' retrieved from /home/airflow/.local/lib/python3.12/site-packages/airflow/example_dags/example_branch_operator_decorator.py
[2025-01-14T11:31:30.945+0000] {logging_mixin.py:190} INFO - [2025-01-14T11:31:30.945+0000] {dag.py:3239} INFO - Sync 1 DAGs
[2025-01-14T11:31:30.965+0000] {logging_mixin.py:190} INFO - [2025-01-14T11:31:30.965+0000] {dag.py:4180} INFO - Setting next_dagrun for example_branch_python_operator_decorator to 2025-01-13 00:00:00+00:00, run_after=2025-01-14 00:00:00+00:00
[2025-01-14T11:31:30.980+0000] {processor.py:208} INFO - Processing /home/airflow/.local/lib/python3.12/site-packages/airflow/example_dags/example_branch_operator_decorator.py took 0.086 seconds
[2025-01-14T11:48:51.213+0000] {processor.py:186} INFO - Started process (PID=291) to work on /home/airflow/.local/lib/python3.12/site-packages/airflow/example_dags/example_branch_operator_decorator.py
[2025-01-14T11:48:51.214+0000] {processor.py:914} INFO - Processing file /home/airflow/.local/lib/python3.12/site-packages/airflow/example_dags/example_branch_operator_decorator.py for tasks to queue
[2025-01-14T11:48:51.218+0000] {logging_mixin.py:190} INFO - [2025-01-14T11:48:51.217+0000] {dagbag.py:588} INFO - Filling up the DagBag from /home/airflow/.local/lib/python3.12/site-packages/airflow/example_dags/example_branch_operator_decorator.py
[2025-01-14T11:48:51.241+0000] {processor.py:925} INFO - DAG(s) 'example_branch_python_operator_decorator' retrieved from /home/airflow/.local/lib/python3.12/site-packages/airflow/example_dags/example_branch_operator_decorator.py
[2025-01-14T11:48:51.332+0000] {logging_mixin.py:190} INFO - [2025-01-14T11:48:51.332+0000] {dag.py:3239} INFO - Sync 1 DAGs
[2025-01-14T11:48:51.349+0000] {logging_mixin.py:190} INFO - [2025-01-14T11:48:51.349+0000] {dag.py:4180} INFO - Setting next_dagrun for example_branch_python_operator_decorator to 2025-01-13 00:00:00+00:00, run_after=2025-01-14 00:00:00+00:00
[2025-01-14T11:48:51.366+0000] {processor.py:208} INFO - Processing /home/airflow/.local/lib/python3.12/site-packages/airflow/example_dags/example_branch_operator_decorator.py took 0.158 seconds
[2025-01-14T11:49:22.169+0000] {processor.py:186} INFO - Started process (PID=587) to work on /home/airflow/.local/lib/python3.12/site-packages/airflow/example_dags/example_branch_operator_decorator.py
[2025-01-14T11:49:22.170+0000] {processor.py:914} INFO - Processing file /home/airflow/.local/lib/python3.12/site-packages/airflow/example_dags/example_branch_operator_decorator.py for tasks to queue
[2025-01-14T11:49:22.173+0000] {logging_mixin.py:190} INFO - [2025-01-14T11:49:22.172+0000] {dagbag.py:588} INFO - Filling up the DagBag from /home/airflow/.local/lib/python3.12/site-packages/airflow/example_dags/example_branch_operator_decorator.py
[2025-01-14T11:49:22.196+0000] {processor.py:925} INFO - DAG(s) 'example_branch_python_operator_decorator' retrieved from /home/airflow/.local/lib/python3.12/site-packages/airflow/example_dags/example_branch_operator_decorator.py
[2025-01-14T11:49:22.223+0000] {logging_mixin.py:190} INFO - [2025-01-14T11:49:22.223+0000] {dag.py:3239} INFO - Sync 1 DAGs
[2025-01-14T11:49:22.251+0000] {logging_mixin.py:190} INFO - [2025-01-14T11:49:22.251+0000] {dag.py:4180} INFO - Setting next_dagrun for example_branch_python_operator_decorator to 2025-01-13 00:00:00+00:00, run_after=2025-01-14 00:00:00+00:00
[2025-01-14T11:49:22.265+0000] {processor.py:208} INFO - Processing /home/airflow/.local/lib/python3.12/site-packages/airflow/example_dags/example_branch_operator_decorator.py took 0.104 seconds
[2025-01-14T11:49:52.510+0000] {processor.py:186} INFO - Started process (PID=888) to work on /home/airflow/.local/lib/python3.12/site-packages/airflow/example_dags/example_branch_operator_decorator.py
[2025-01-14T11:49:52.511+0000] {processor.py:914} INFO - Processing file /home/airflow/.local/lib/python3.12/site-packages/airflow/example_dags/example_branch_operator_decorator.py for tasks to queue
[2025-01-14T11:49:52.512+0000] {logging_mixin.py:190} INFO - [2025-01-14T11:49:52.512+0000] {dagbag.py:588} INFO - Filling up the DagBag from /home/airflow/.local/lib/python3.12/site-packages/airflow/example_dags/example_branch_operator_decorator.py
[2025-01-14T11:49:52.527+0000] {processor.py:925} INFO - DAG(s) 'example_branch_python_operator_decorator' retrieved from /home/airflow/.local/lib/python3.12/site-packages/airflow/example_dags/example_branch_operator_decorator.py
[2025-01-14T11:49:52.552+0000] {logging_mixin.py:190} INFO - [2025-01-14T11:49:52.552+0000] {dag.py:3239} INFO - Sync 1 DAGs
[2025-01-14T11:49:52.575+0000] {logging_mixin.py:190} INFO - [2025-01-14T11:49:52.575+0000] {dag.py:4180} INFO - Setting next_dagrun for example_branch_python_operator_decorator to 2025-01-13 00:00:00+00:00, run_after=2025-01-14 00:00:00+00:00
[2025-01-14T11:49:52.593+0000] {processor.py:208} INFO - Processing /home/airflow/.local/lib/python3.12/site-packages/airflow/example_dags/example_branch_operator_decorator.py took 0.093 seconds
[2025-01-14T11:50:22.998+0000] {processor.py:186} INFO - Started process (PID=1184) to work on /home/airflow/.local/lib/python3.12/site-packages/airflow/example_dags/example_branch_operator_decorator.py
[2025-01-14T11:50:23.002+0000] {processor.py:914} INFO - Processing file /home/airflow/.local/lib/python3.12/site-packages/airflow/example_dags/example_branch_operator_decorator.py for tasks to queue
[2025-01-14T11:50:23.003+0000] {logging_mixin.py:190} INFO - [2025-01-14T11:50:23.003+0000] {dagbag.py:588} INFO - Filling up the DagBag from /home/airflow/.local/lib/python3.12/site-packages/airflow/example_dags/example_branch_operator_decorator.py
[2025-01-14T11:50:23.017+0000] {processor.py:925} INFO - DAG(s) 'example_branch_python_operator_decorator' retrieved from /home/airflow/.local/lib/python3.12/site-packages/airflow/example_dags/example_branch_operator_decorator.py
[2025-01-14T11:50:23.033+0000] {logging_mixin.py:190} INFO - [2025-01-14T11:50:23.033+0000] {dag.py:3239} INFO - Sync 1 DAGs
[2025-01-14T11:50:23.047+0000] {logging_mixin.py:190} INFO - [2025-01-14T11:50:23.047+0000] {dag.py:4180} INFO - Setting next_dagrun for example_branch_python_operator_decorator to 2025-01-13 00:00:00+00:00, run_after=2025-01-14 00:00:00+00:00
[2025-01-14T11:50:23.061+0000] {processor.py:208} INFO - Processing /home/airflow/.local/lib/python3.12/site-packages/airflow/example_dags/example_branch_operator_decorator.py took 0.067 seconds
[2025-01-14T11:50:53.237+0000] {processor.py:186} INFO - Started process (PID=1480) to work on /home/airflow/.local/lib/python3.12/site-packages/airflow/example_dags/example_branch_operator_decorator.py
[2025-01-14T11:50:53.238+0000] {processor.py:914} INFO - Processing file /home/airflow/.local/lib/python3.12/site-packages/airflow/example_dags/example_branch_operator_decorator.py for tasks to queue
[2025-01-14T11:50:53.239+0000] {logging_mixin.py:190} INFO - [2025-01-14T11:50:53.239+0000] {dagbag.py:588} INFO - Filling up the DagBag from /home/airflow/.local/lib/python3.12/site-packages/airflow/example_dags/example_branch_operator_decorator.py
[2025-01-14T11:50:53.252+0000] {processor.py:925} INFO - DAG(s) 'example_branch_python_operator_decorator' retrieved from /home/airflow/.local/lib/python3.12/site-packages/airflow/example_dags/example_branch_operator_decorator.py
[2025-01-14T11:50:53.271+0000] {logging_mixin.py:190} INFO - [2025-01-14T11:50:53.271+0000] {dag.py:3239} INFO - Sync 1 DAGs
[2025-01-14T11:50:53.289+0000] {logging_mixin.py:190} INFO - [2025-01-14T11:50:53.289+0000] {dag.py:4180} INFO - Setting next_dagrun for example_branch_python_operator_decorator to 2025-01-13 00:00:00+00:00, run_after=2025-01-14 00:00:00+00:00
[2025-01-14T11:50:53.305+0000] {processor.py:208} INFO - Processing /home/airflow/.local/lib/python3.12/site-packages/airflow/example_dags/example_branch_operator_decorator.py took 0.074 seconds
[2025-01-14T11:51:23.395+0000] {processor.py:186} INFO - Started process (PID=1776) to work on /home/airflow/.local/lib/python3.12/site-packages/airflow/example_dags/example_branch_operator_decorator.py
[2025-01-14T11:51:23.396+0000] {processor.py:914} INFO - Processing file /home/airflow/.local/lib/python3.12/site-packages/airflow/example_dags/example_branch_operator_decorator.py for tasks to queue
[2025-01-14T11:51:23.400+0000] {logging_mixin.py:190} INFO - [2025-01-14T11:51:23.399+0000] {dagbag.py:588} INFO - Filling up the DagBag from /home/airflow/.local/lib/python3.12/site-packages/airflow/example_dags/example_branch_operator_decorator.py
[2025-01-14T11:51:23.415+0000] {processor.py:925} INFO - DAG(s) 'example_branch_python_operator_decorator' retrieved from /home/airflow/.local/lib/python3.12/site-packages/airflow/example_dags/example_branch_operator_decorator.py
[2025-01-14T11:51:23.438+0000] {logging_mixin.py:190} INFO - [2025-01-14T11:51:23.438+0000] {dag.py:3239} INFO - Sync 1 DAGs
[2025-01-14T11:51:23.464+0000] {logging_mixin.py:190} INFO - [2025-01-14T11:51:23.464+0000] {dag.py:4180} INFO - Setting next_dagrun for example_branch_python_operator_decorator to 2025-01-13 00:00:00+00:00, run_after=2025-01-14 00:00:00+00:00
[2025-01-14T11:51:23.482+0000] {processor.py:208} INFO - Processing /home/airflow/.local/lib/python3.12/site-packages/airflow/example_dags/example_branch_operator_decorator.py took 0.092 seconds
[2025-01-14T11:51:53.711+0000] {processor.py:186} INFO - Started process (PID=2071) to work on /home/airflow/.local/lib/python3.12/site-packages/airflow/example_dags/example_branch_operator_decorator.py
[2025-01-14T11:51:53.711+0000] {processor.py:914} INFO - Processing file /home/airflow/.local/lib/python3.12/site-packages/airflow/example_dags/example_branch_operator_decorator.py for tasks to queue
[2025-01-14T11:51:53.713+0000] {logging_mixin.py:190} INFO - [2025-01-14T11:51:53.713+0000] {dagbag.py:588} INFO - Filling up the DagBag from /home/airflow/.local/lib/python3.12/site-packages/airflow/example_dags/example_branch_operator_decorator.py
[2025-01-14T11:51:53.726+0000] {processor.py:925} INFO - DAG(s) 'example_branch_python_operator_decorator' retrieved from /home/airflow/.local/lib/python3.12/site-packages/airflow/example_dags/example_branch_operator_decorator.py
[2025-01-14T11:51:53.750+0000] {logging_mixin.py:190} INFO - [2025-01-14T11:51:53.749+0000] {dag.py:3239} INFO - Sync 1 DAGs
[2025-01-14T11:51:53.770+0000] {logging_mixin.py:190} INFO - [2025-01-14T11:51:53.770+0000] {dag.py:4180} INFO - Setting next_dagrun for example_branch_python_operator_decorator to 2025-01-13 00:00:00+00:00, run_after=2025-01-14 00:00:00+00:00
[2025-01-14T11:51:53.784+0000] {processor.py:208} INFO - Processing /home/airflow/.local/lib/python3.12/site-packages/airflow/example_dags/example_branch_operator_decorator.py took 0.077 seconds
[2025-01-14T11:52:23.996+0000] {processor.py:186} INFO - Started process (PID=2369) to work on /home/airflow/.local/lib/python3.12/site-packages/airflow/example_dags/example_branch_operator_decorator.py
[2025-01-14T11:52:23.996+0000] {processor.py:914} INFO - Processing file /home/airflow/.local/lib/python3.12/site-packages/airflow/example_dags/example_branch_operator_decorator.py for tasks to queue
[2025-01-14T11:52:23.998+0000] {logging_mixin.py:190} INFO - [2025-01-14T11:52:23.998+0000] {dagbag.py:588} INFO - Filling up the DagBag from /home/airflow/.local/lib/python3.12/site-packages/airflow/example_dags/example_branch_operator_decorator.py
[2025-01-14T11:52:24.018+0000] {processor.py:925} INFO - DAG(s) 'example_branch_python_operator_decorator' retrieved from /home/airflow/.local/lib/python3.12/site-packages/airflow/example_dags/example_branch_operator_decorator.py
[2025-01-14T11:52:24.040+0000] {logging_mixin.py:190} INFO - [2025-01-14T11:52:24.040+0000] {dag.py:3239} INFO - Sync 1 DAGs
[2025-01-14T11:52:24.055+0000] {logging_mixin.py:190} INFO - [2025-01-14T11:52:24.055+0000] {dag.py:4180} INFO - Setting next_dagrun for example_branch_python_operator_decorator to 2025-01-13 00:00:00+00:00, run_after=2025-01-14 00:00:00+00:00
[2025-01-14T11:52:24.074+0000] {processor.py:208} INFO - Processing /home/airflow/.local/lib/python3.12/site-packages/airflow/example_dags/example_branch_operator_decorator.py took 0.082 seconds
[2025-01-14T11:52:54.194+0000] {processor.py:186} INFO - Started process (PID=2662) to work on /home/airflow/.local/lib/python3.12/site-packages/airflow/example_dags/example_branch_operator_decorator.py
[2025-01-14T11:52:54.195+0000] {processor.py:914} INFO - Processing file /home/airflow/.local/lib/python3.12/site-packages/airflow/example_dags/example_branch_operator_decorator.py for tasks to queue
[2025-01-14T11:52:54.196+0000] {logging_mixin.py:190} INFO - [2025-01-14T11:52:54.196+0000] {dagbag.py:588} INFO - Filling up the DagBag from /home/airflow/.local/lib/python3.12/site-packages/airflow/example_dags/example_branch_operator_decorator.py
[2025-01-14T11:52:54.214+0000] {processor.py:925} INFO - DAG(s) 'example_branch_python_operator_decorator' retrieved from /home/airflow/.local/lib/python3.12/site-packages/airflow/example_dags/example_branch_operator_decorator.py
[2025-01-14T11:52:54.233+0000] {logging_mixin.py:190} INFO - [2025-01-14T11:52:54.233+0000] {dag.py:3239} INFO - Sync 1 DAGs
[2025-01-14T11:52:54.249+0000] {logging_mixin.py:190} INFO - [2025-01-14T11:52:54.249+0000] {dag.py:4180} INFO - Setting next_dagrun for example_branch_python_operator_decorator to 2025-01-13 00:00:00+00:00, run_after=2025-01-14 00:00:00+00:00
[2025-01-14T11:52:54.266+0000] {processor.py:208} INFO - Processing /home/airflow/.local/lib/python3.12/site-packages/airflow/example_dags/example_branch_operator_decorator.py took 0.079 seconds
[2025-01-14T11:53:24.778+0000] {processor.py:186} INFO - Started process (PID=2960) to work on /home/airflow/.local/lib/python3.12/site-packages/airflow/example_dags/example_branch_operator_decorator.py
[2025-01-14T11:53:24.779+0000] {processor.py:914} INFO - Processing file /home/airflow/.local/lib/python3.12/site-packages/airflow/example_dags/example_branch_operator_decorator.py for tasks to queue
[2025-01-14T11:53:24.780+0000] {logging_mixin.py:190} INFO - [2025-01-14T11:53:24.780+0000] {dagbag.py:588} INFO - Filling up the DagBag from /home/airflow/.local/lib/python3.12/site-packages/airflow/example_dags/example_branch_operator_decorator.py
[2025-01-14T11:53:24.793+0000] {processor.py:925} INFO - DAG(s) 'example_branch_python_operator_decorator' retrieved from /home/airflow/.local/lib/python3.12/site-packages/airflow/example_dags/example_branch_operator_decorator.py
[2025-01-14T11:53:24.811+0000] {logging_mixin.py:190} INFO - [2025-01-14T11:53:24.811+0000] {dag.py:3239} INFO - Sync 1 DAGs
[2025-01-14T11:53:24.827+0000] {logging_mixin.py:190} INFO - [2025-01-14T11:53:24.827+0000] {dag.py:4180} INFO - Setting next_dagrun for example_branch_python_operator_decorator to 2025-01-13 00:00:00+00:00, run_after=2025-01-14 00:00:00+00:00
[2025-01-14T11:53:24.839+0000] {processor.py:208} INFO - Processing /home/airflow/.local/lib/python3.12/site-packages/airflow/example_dags/example_branch_operator_decorator.py took 0.067 seconds
[2025-01-14T11:53:55.097+0000] {processor.py:186} INFO - Started process (PID=3255) to work on /home/airflow/.local/lib/python3.12/site-packages/airflow/example_dags/example_branch_operator_decorator.py
[2025-01-14T11:53:55.100+0000] {processor.py:914} INFO - Processing file /home/airflow/.local/lib/python3.12/site-packages/airflow/example_dags/example_branch_operator_decorator.py for tasks to queue
[2025-01-14T11:53:55.102+0000] {logging_mixin.py:190} INFO - [2025-01-14T11:53:55.102+0000] {dagbag.py:588} INFO - Filling up the DagBag from /home/airflow/.local/lib/python3.12/site-packages/airflow/example_dags/example_branch_operator_decorator.py
[2025-01-14T11:53:55.116+0000] {processor.py:925} INFO - DAG(s) 'example_branch_python_operator_decorator' retrieved from /home/airflow/.local/lib/python3.12/site-packages/airflow/example_dags/example_branch_operator_decorator.py
[2025-01-14T11:53:55.134+0000] {logging_mixin.py:190} INFO - [2025-01-14T11:53:55.134+0000] {dag.py:3239} INFO - Sync 1 DAGs
[2025-01-14T11:53:55.150+0000] {logging_mixin.py:190} INFO - [2025-01-14T11:53:55.149+0000] {dag.py:4180} INFO - Setting next_dagrun for example_branch_python_operator_decorator to 2025-01-13 00:00:00+00:00, run_after=2025-01-14 00:00:00+00:00
[2025-01-14T11:53:55.163+0000] {processor.py:208} INFO - Processing /home/airflow/.local/lib/python3.12/site-packages/airflow/example_dags/example_branch_operator_decorator.py took 0.072 seconds
[2025-01-14T11:54:25.276+0000] {processor.py:186} INFO - Started process (PID=3552) to work on /home/airflow/.local/lib/python3.12/site-packages/airflow/example_dags/example_branch_operator_decorator.py
[2025-01-14T11:54:25.277+0000] {processor.py:914} INFO - Processing file /home/airflow/.local/lib/python3.12/site-packages/airflow/example_dags/example_branch_operator_decorator.py for tasks to queue
[2025-01-14T11:54:25.280+0000] {logging_mixin.py:190} INFO - [2025-01-14T11:54:25.279+0000] {dagbag.py:588} INFO - Filling up the DagBag from /home/airflow/.local/lib/python3.12/site-packages/airflow/example_dags/example_branch_operator_decorator.py
[2025-01-14T11:54:25.295+0000] {processor.py:925} INFO - DAG(s) 'example_branch_python_operator_decorator' retrieved from /home/airflow/.local/lib/python3.12/site-packages/airflow/example_dags/example_branch_operator_decorator.py
[2025-01-14T11:54:25.324+0000] {logging_mixin.py:190} INFO - [2025-01-14T11:54:25.324+0000] {dag.py:3239} INFO - Sync 1 DAGs
[2025-01-14T11:54:25.346+0000] {logging_mixin.py:190} INFO - [2025-01-14T11:54:25.346+0000] {dag.py:4180} INFO - Setting next_dagrun for example_branch_python_operator_decorator to 2025-01-13 00:00:00+00:00, run_after=2025-01-14 00:00:00+00:00
[2025-01-14T11:54:25.362+0000] {processor.py:208} INFO - Processing /home/airflow/.local/lib/python3.12/site-packages/airflow/example_dags/example_branch_operator_decorator.py took 0.091 seconds
[2025-01-14T11:54:56.349+0000] {processor.py:186} INFO - Started process (PID=3848) to work on /home/airflow/.local/lib/python3.12/site-packages/airflow/example_dags/example_branch_operator_decorator.py
[2025-01-14T11:54:56.350+0000] {processor.py:914} INFO - Processing file /home/airflow/.local/lib/python3.12/site-packages/airflow/example_dags/example_branch_operator_decorator.py for tasks to queue
[2025-01-14T11:54:56.353+0000] {logging_mixin.py:190} INFO - [2025-01-14T11:54:56.353+0000] {dagbag.py:588} INFO - Filling up the DagBag from /home/airflow/.local/lib/python3.12/site-packages/airflow/example_dags/example_branch_operator_decorator.py
[2025-01-14T11:54:56.377+0000] {processor.py:925} INFO - DAG(s) 'example_branch_python_operator_decorator' retrieved from /home/airflow/.local/lib/python3.12/site-packages/airflow/example_dags/example_branch_operator_decorator.py
[2025-01-14T11:54:56.404+0000] {logging_mixin.py:190} INFO - [2025-01-14T11:54:56.403+0000] {dag.py:3239} INFO - Sync 1 DAGs
[2025-01-14T11:54:56.425+0000] {logging_mixin.py:190} INFO - [2025-01-14T11:54:56.424+0000] {dag.py:4180} INFO - Setting next_dagrun for example_branch_python_operator_decorator to 2025-01-13 00:00:00+00:00, run_after=2025-01-14 00:00:00+00:00
[2025-01-14T11:54:56.445+0000] {processor.py:208} INFO - Processing /home/airflow/.local/lib/python3.12/site-packages/airflow/example_dags/example_branch_operator_decorator.py took 0.103 seconds
[2025-01-14T11:55:26.974+0000] {processor.py:186} INFO - Started process (PID=4144) to work on /home/airflow/.local/lib/python3.12/site-packages/airflow/example_dags/example_branch_operator_decorator.py
[2025-01-14T11:55:26.975+0000] {processor.py:914} INFO - Processing file /home/airflow/.local/lib/python3.12/site-packages/airflow/example_dags/example_branch_operator_decorator.py for tasks to queue
[2025-01-14T11:55:26.977+0000] {logging_mixin.py:190} INFO - [2025-01-14T11:55:26.977+0000] {dagbag.py:588} INFO - Filling up the DagBag from /home/airflow/.local/lib/python3.12/site-packages/airflow/example_dags/example_branch_operator_decorator.py
[2025-01-14T11:55:26.992+0000] {processor.py:925} INFO - DAG(s) 'example_branch_python_operator_decorator' retrieved from /home/airflow/.local/lib/python3.12/site-packages/airflow/example_dags/example_branch_operator_decorator.py
[2025-01-14T11:55:27.014+0000] {logging_mixin.py:190} INFO - [2025-01-14T11:55:27.014+0000] {dag.py:3239} INFO - Sync 1 DAGs
[2025-01-14T11:55:27.033+0000] {logging_mixin.py:190} INFO - [2025-01-14T11:55:27.033+0000] {dag.py:4180} INFO - Setting next_dagrun for example_branch_python_operator_decorator to 2025-01-13 00:00:00+00:00, run_after=2025-01-14 00:00:00+00:00
[2025-01-14T11:55:27.048+0000] {processor.py:208} INFO - Processing /home/airflow/.local/lib/python3.12/site-packages/airflow/example_dags/example_branch_operator_decorator.py took 0.083 seconds
[2025-01-14T11:55:57.319+0000] {processor.py:186} INFO - Started process (PID=4440) to work on /home/airflow/.local/lib/python3.12/site-packages/airflow/example_dags/example_branch_operator_decorator.py
[2025-01-14T11:55:57.319+0000] {processor.py:914} INFO - Processing file /home/airflow/.local/lib/python3.12/site-packages/airflow/example_dags/example_branch_operator_decorator.py for tasks to queue
[2025-01-14T11:55:57.322+0000] {logging_mixin.py:190} INFO - [2025-01-14T11:55:57.322+0000] {dagbag.py:588} INFO - Filling up the DagBag from /home/airflow/.local/lib/python3.12/site-packages/airflow/example_dags/example_branch_operator_decorator.py
[2025-01-14T11:55:57.346+0000] {processor.py:925} INFO - DAG(s) 'example_branch_python_operator_decorator' retrieved from /home/airflow/.local/lib/python3.12/site-packages/airflow/example_dags/example_branch_operator_decorator.py
[2025-01-14T11:55:57.368+0000] {logging_mixin.py:190} INFO - [2025-01-14T11:55:57.367+0000] {dag.py:3239} INFO - Sync 1 DAGs
[2025-01-14T11:55:57.383+0000] {logging_mixin.py:190} INFO - [2025-01-14T11:55:57.383+0000] {dag.py:4180} INFO - Setting next_dagrun for example_branch_python_operator_decorator to 2025-01-13 00:00:00+00:00, run_after=2025-01-14 00:00:00+00:00
[2025-01-14T11:55:57.403+0000] {processor.py:208} INFO - Processing /home/airflow/.local/lib/python3.12/site-packages/airflow/example_dags/example_branch_operator_decorator.py took 0.088 seconds
[2025-01-14T11:56:27.669+0000] {processor.py:186} INFO - Started process (PID=4737) to work on /home/airflow/.local/lib/python3.12/site-packages/airflow/example_dags/example_branch_operator_decorator.py
[2025-01-14T11:56:27.670+0000] {processor.py:914} INFO - Processing file /home/airflow/.local/lib/python3.12/site-packages/airflow/example_dags/example_branch_operator_decorator.py for tasks to queue
[2025-01-14T11:56:27.672+0000] {logging_mixin.py:190} INFO - [2025-01-14T11:56:27.672+0000] {dagbag.py:588} INFO - Filling up the DagBag from /home/airflow/.local/lib/python3.12/site-packages/airflow/example_dags/example_branch_operator_decorator.py
[2025-01-14T11:56:27.685+0000] {processor.py:925} INFO - DAG(s) 'example_branch_python_operator_decorator' retrieved from /home/airflow/.local/lib/python3.12/site-packages/airflow/example_dags/example_branch_operator_decorator.py
[2025-01-14T11:56:27.709+0000] {logging_mixin.py:190} INFO - [2025-01-14T11:56:27.709+0000] {dag.py:3239} INFO - Sync 1 DAGs
[2025-01-14T11:56:27.733+0000] {logging_mixin.py:190} INFO - [2025-01-14T11:56:27.733+0000] {dag.py:4180} INFO - Setting next_dagrun for example_branch_python_operator_decorator to 2025-01-13 00:00:00+00:00, run_after=2025-01-14 00:00:00+00:00
[2025-01-14T11:56:27.749+0000] {processor.py:208} INFO - Processing /home/airflow/.local/lib/python3.12/site-packages/airflow/example_dags/example_branch_operator_decorator.py took 0.087 seconds
[2025-01-14T11:56:58.310+0000] {processor.py:186} INFO - Started process (PID=5035) to work on /home/airflow/.local/lib/python3.12/site-packages/airflow/example_dags/example_branch_operator_decorator.py
[2025-01-14T11:56:58.311+0000] {processor.py:914} INFO - Processing file /home/airflow/.local/lib/python3.12/site-packages/airflow/example_dags/example_branch_operator_decorator.py for tasks to queue
[2025-01-14T11:56:58.313+0000] {logging_mixin.py:190} INFO - [2025-01-14T11:56:58.312+0000] {dagbag.py:588} INFO - Filling up the DagBag from /home/airflow/.local/lib/python3.12/site-packages/airflow/example_dags/example_branch_operator_decorator.py
[2025-01-14T11:56:58.325+0000] {processor.py:925} INFO - DAG(s) 'example_branch_python_operator_decorator' retrieved from /home/airflow/.local/lib/python3.12/site-packages/airflow/example_dags/example_branch_operator_decorator.py
[2025-01-14T11:56:58.348+0000] {logging_mixin.py:190} INFO - [2025-01-14T11:56:58.347+0000] {dag.py:3239} INFO - Sync 1 DAGs
[2025-01-14T11:56:58.364+0000] {logging_mixin.py:190} INFO - [2025-01-14T11:56:58.364+0000] {dag.py:4180} INFO - Setting next_dagrun for example_branch_python_operator_decorator to 2025-01-13 00:00:00+00:00, run_after=2025-01-14 00:00:00+00:00
[2025-01-14T11:56:58.380+0000] {processor.py:208} INFO - Processing /home/airflow/.local/lib/python3.12/site-packages/airflow/example_dags/example_branch_operator_decorator.py took 0.073 seconds
[2025-01-14T11:57:28.844+0000] {processor.py:186} INFO - Started process (PID=5329) to work on /home/airflow/.local/lib/python3.12/site-packages/airflow/example_dags/example_branch_operator_decorator.py
[2025-01-14T11:57:28.845+0000] {processor.py:914} INFO - Processing file /home/airflow/.local/lib/python3.12/site-packages/airflow/example_dags/example_branch_operator_decorator.py for tasks to queue
[2025-01-14T11:57:28.847+0000] {logging_mixin.py:190} INFO - [2025-01-14T11:57:28.847+0000] {dagbag.py:588} INFO - Filling up the DagBag from /home/airflow/.local/lib/python3.12/site-packages/airflow/example_dags/example_branch_operator_decorator.py
[2025-01-14T11:57:28.863+0000] {processor.py:925} INFO - DAG(s) 'example_branch_python_operator_decorator' retrieved from /home/airflow/.local/lib/python3.12/site-packages/airflow/example_dags/example_branch_operator_decorator.py
[2025-01-14T11:57:28.884+0000] {logging_mixin.py:190} INFO - [2025-01-14T11:57:28.883+0000] {dag.py:3239} INFO - Sync 1 DAGs
[2025-01-14T11:57:28.902+0000] {logging_mixin.py:190} INFO - [2025-01-14T11:57:28.902+0000] {dag.py:4180} INFO - Setting next_dagrun for example_branch_python_operator_decorator to 2025-01-13 00:00:00+00:00, run_after=2025-01-14 00:00:00+00:00
[2025-01-14T11:57:28.922+0000] {processor.py:208} INFO - Processing /home/airflow/.local/lib/python3.12/site-packages/airflow/example_dags/example_branch_operator_decorator.py took 0.085 seconds
[2025-01-14T11:57:59.380+0000] {processor.py:186} INFO - Started process (PID=5627) to work on /home/airflow/.local/lib/python3.12/site-packages/airflow/example_dags/example_branch_operator_decorator.py
[2025-01-14T11:57:59.381+0000] {processor.py:914} INFO - Processing file /home/airflow/.local/lib/python3.12/site-packages/airflow/example_dags/example_branch_operator_decorator.py for tasks to queue
[2025-01-14T11:57:59.382+0000] {logging_mixin.py:190} INFO - [2025-01-14T11:57:59.382+0000] {dagbag.py:588} INFO - Filling up the DagBag from /home/airflow/.local/lib/python3.12/site-packages/airflow/example_dags/example_branch_operator_decorator.py
[2025-01-14T11:57:59.394+0000] {processor.py:925} INFO - DAG(s) 'example_branch_python_operator_decorator' retrieved from /home/airflow/.local/lib/python3.12/site-packages/airflow/example_dags/example_branch_operator_decorator.py
[2025-01-14T11:57:59.414+0000] {logging_mixin.py:190} INFO - [2025-01-14T11:57:59.414+0000] {dag.py:3239} INFO - Sync 1 DAGs
[2025-01-14T11:57:59.430+0000] {logging_mixin.py:190} INFO - [2025-01-14T11:57:59.430+0000] {dag.py:4180} INFO - Setting next_dagrun for example_branch_python_operator_decorator to 2025-01-13 00:00:00+00:00, run_after=2025-01-14 00:00:00+00:00
[2025-01-14T11:57:59.444+0000] {processor.py:208} INFO - Processing /home/airflow/.local/lib/python3.12/site-packages/airflow/example_dags/example_branch_operator_decorator.py took 0.068 seconds
[2025-01-14T11:58:29.938+0000] {processor.py:186} INFO - Started process (PID=5921) to work on /home/airflow/.local/lib/python3.12/site-packages/airflow/example_dags/example_branch_operator_decorator.py
[2025-01-14T11:58:29.939+0000] {processor.py:914} INFO - Processing file /home/airflow/.local/lib/python3.12/site-packages/airflow/example_dags/example_branch_operator_decorator.py for tasks to queue
[2025-01-14T11:58:29.941+0000] {logging_mixin.py:190} INFO - [2025-01-14T11:58:29.941+0000] {dagbag.py:588} INFO - Filling up the DagBag from /home/airflow/.local/lib/python3.12/site-packages/airflow/example_dags/example_branch_operator_decorator.py
[2025-01-14T11:58:29.955+0000] {processor.py:925} INFO - DAG(s) 'example_branch_python_operator_decorator' retrieved from /home/airflow/.local/lib/python3.12/site-packages/airflow/example_dags/example_branch_operator_decorator.py
[2025-01-14T11:58:29.978+0000] {logging_mixin.py:190} INFO - [2025-01-14T11:58:29.978+0000] {dag.py:3239} INFO - Sync 1 DAGs
[2025-01-14T11:58:30.000+0000] {logging_mixin.py:190} INFO - [2025-01-14T11:58:30.000+0000] {dag.py:4180} INFO - Setting next_dagrun for example_branch_python_operator_decorator to 2025-01-13 00:00:00+00:00, run_after=2025-01-14 00:00:00+00:00
[2025-01-14T11:58:30.015+0000] {processor.py:208} INFO - Processing /home/airflow/.local/lib/python3.12/site-packages/airflow/example_dags/example_branch_operator_decorator.py took 0.084 seconds
[2025-01-14T11:59:01.023+0000] {processor.py:186} INFO - Started process (PID=6217) to work on /home/airflow/.local/lib/python3.12/site-packages/airflow/example_dags/example_branch_operator_decorator.py
[2025-01-14T11:59:01.024+0000] {processor.py:914} INFO - Processing file /home/airflow/.local/lib/python3.12/site-packages/airflow/example_dags/example_branch_operator_decorator.py for tasks to queue
[2025-01-14T11:59:01.026+0000] {logging_mixin.py:190} INFO - [2025-01-14T11:59:01.026+0000] {dagbag.py:588} INFO - Filling up the DagBag from /home/airflow/.local/lib/python3.12/site-packages/airflow/example_dags/example_branch_operator_decorator.py
[2025-01-14T11:59:01.040+0000] {processor.py:925} INFO - DAG(s) 'example_branch_python_operator_decorator' retrieved from /home/airflow/.local/lib/python3.12/site-packages/airflow/example_dags/example_branch_operator_decorator.py
[2025-01-14T11:59:01.061+0000] {logging_mixin.py:190} INFO - [2025-01-14T11:59:01.061+0000] {dag.py:3239} INFO - Sync 1 DAGs
[2025-01-14T11:59:01.086+0000] {logging_mixin.py:190} INFO - [2025-01-14T11:59:01.086+0000] {dag.py:4180} INFO - Setting next_dagrun for example_branch_python_operator_decorator to 2025-01-13 00:00:00+00:00, run_after=2025-01-14 00:00:00+00:00
[2025-01-14T11:59:01.106+0000] {processor.py:208} INFO - Processing /home/airflow/.local/lib/python3.12/site-packages/airflow/example_dags/example_branch_operator_decorator.py took 0.090 seconds
[2025-01-14T11:59:31.556+0000] {processor.py:186} INFO - Started process (PID=6513) to work on /home/airflow/.local/lib/python3.12/site-packages/airflow/example_dags/example_branch_operator_decorator.py
[2025-01-14T11:59:31.557+0000] {processor.py:914} INFO - Processing file /home/airflow/.local/lib/python3.12/site-packages/airflow/example_dags/example_branch_operator_decorator.py for tasks to queue
[2025-01-14T11:59:31.560+0000] {logging_mixin.py:190} INFO - [2025-01-14T11:59:31.560+0000] {dagbag.py:588} INFO - Filling up the DagBag from /home/airflow/.local/lib/python3.12/site-packages/airflow/example_dags/example_branch_operator_decorator.py
[2025-01-14T11:59:31.577+0000] {processor.py:925} INFO - DAG(s) 'example_branch_python_operator_decorator' retrieved from /home/airflow/.local/lib/python3.12/site-packages/airflow/example_dags/example_branch_operator_decorator.py
[2025-01-14T11:59:31.594+0000] {logging_mixin.py:190} INFO - [2025-01-14T11:59:31.594+0000] {dag.py:3239} INFO - Sync 1 DAGs
[2025-01-14T11:59:31.611+0000] {logging_mixin.py:190} INFO - [2025-01-14T11:59:31.611+0000] {dag.py:4180} INFO - Setting next_dagrun for example_branch_python_operator_decorator to 2025-01-13 00:00:00+00:00, run_after=2025-01-14 00:00:00+00:00
[2025-01-14T11:59:31.624+0000] {processor.py:208} INFO - Processing /home/airflow/.local/lib/python3.12/site-packages/airflow/example_dags/example_branch_operator_decorator.py took 0.072 seconds
[2025-01-14T12:00:02.574+0000] {processor.py:186} INFO - Started process (PID=6809) to work on /home/airflow/.local/lib/python3.12/site-packages/airflow/example_dags/example_branch_operator_decorator.py
[2025-01-14T12:00:02.575+0000] {processor.py:914} INFO - Processing file /home/airflow/.local/lib/python3.12/site-packages/airflow/example_dags/example_branch_operator_decorator.py for tasks to queue
[2025-01-14T12:00:02.578+0000] {logging_mixin.py:190} INFO - [2025-01-14T12:00:02.578+0000] {dagbag.py:588} INFO - Filling up the DagBag from /home/airflow/.local/lib/python3.12/site-packages/airflow/example_dags/example_branch_operator_decorator.py
[2025-01-14T12:00:02.595+0000] {processor.py:925} INFO - DAG(s) 'example_branch_python_operator_decorator' retrieved from /home/airflow/.local/lib/python3.12/site-packages/airflow/example_dags/example_branch_operator_decorator.py
[2025-01-14T12:00:02.621+0000] {logging_mixin.py:190} INFO - [2025-01-14T12:00:02.621+0000] {dag.py:3239} INFO - Sync 1 DAGs
[2025-01-14T12:00:02.652+0000] {logging_mixin.py:190} INFO - [2025-01-14T12:00:02.652+0000] {dag.py:4180} INFO - Setting next_dagrun for example_branch_python_operator_decorator to 2025-01-13 00:00:00+00:00, run_after=2025-01-14 00:00:00+00:00
[2025-01-14T12:00:02.671+0000] {processor.py:208} INFO - Processing /home/airflow/.local/lib/python3.12/site-packages/airflow/example_dags/example_branch_operator_decorator.py took 0.104 seconds
[2025-01-14T12:00:33.124+0000] {processor.py:186} INFO - Started process (PID=7105) to work on /home/airflow/.local/lib/python3.12/site-packages/airflow/example_dags/example_branch_operator_decorator.py
[2025-01-14T12:00:33.125+0000] {processor.py:914} INFO - Processing file /home/airflow/.local/lib/python3.12/site-packages/airflow/example_dags/example_branch_operator_decorator.py for tasks to queue
[2025-01-14T12:00:33.127+0000] {logging_mixin.py:190} INFO - [2025-01-14T12:00:33.127+0000] {dagbag.py:588} INFO - Filling up the DagBag from /home/airflow/.local/lib/python3.12/site-packages/airflow/example_dags/example_branch_operator_decorator.py
[2025-01-14T12:00:33.146+0000] {processor.py:925} INFO - DAG(s) 'example_branch_python_operator_decorator' retrieved from /home/airflow/.local/lib/python3.12/site-packages/airflow/example_dags/example_branch_operator_decorator.py
[2025-01-14T12:00:33.175+0000] {logging_mixin.py:190} INFO - [2025-01-14T12:00:33.174+0000] {dag.py:3239} INFO - Sync 1 DAGs
[2025-01-14T12:00:33.200+0000] {logging_mixin.py:190} INFO - [2025-01-14T12:00:33.200+0000] {dag.py:4180} INFO - Setting next_dagrun for example_branch_python_operator_decorator to 2025-01-13 00:00:00+00:00, run_after=2025-01-14 00:00:00+00:00
[2025-01-14T12:00:33.213+0000] {processor.py:208} INFO - Processing /home/airflow/.local/lib/python3.12/site-packages/airflow/example_dags/example_branch_operator_decorator.py took 0.093 seconds
[2025-01-14T12:01:04.010+0000] {processor.py:186} INFO - Started process (PID=7403) to work on /home/airflow/.local/lib/python3.12/site-packages/airflow/example_dags/example_branch_operator_decorator.py
[2025-01-14T12:01:04.011+0000] {processor.py:914} INFO - Processing file /home/airflow/.local/lib/python3.12/site-packages/airflow/example_dags/example_branch_operator_decorator.py for tasks to queue
[2025-01-14T12:01:04.013+0000] {logging_mixin.py:190} INFO - [2025-01-14T12:01:04.013+0000] {dagbag.py:588} INFO - Filling up the DagBag from /home/airflow/.local/lib/python3.12/site-packages/airflow/example_dags/example_branch_operator_decorator.py
[2025-01-14T12:01:04.029+0000] {processor.py:925} INFO - DAG(s) 'example_branch_python_operator_decorator' retrieved from /home/airflow/.local/lib/python3.12/site-packages/airflow/example_dags/example_branch_operator_decorator.py
[2025-01-14T12:01:04.045+0000] {logging_mixin.py:190} INFO - [2025-01-14T12:01:04.045+0000] {dag.py:3239} INFO - Sync 1 DAGs
[2025-01-14T12:01:04.060+0000] {logging_mixin.py:190} INFO - [2025-01-14T12:01:04.060+0000] {dag.py:4180} INFO - Setting next_dagrun for example_branch_python_operator_decorator to 2025-01-13 00:00:00+00:00, run_after=2025-01-14 00:00:00+00:00
[2025-01-14T12:01:04.072+0000] {processor.py:208} INFO - Processing /home/airflow/.local/lib/python3.12/site-packages/airflow/example_dags/example_branch_operator_decorator.py took 0.066 seconds
[2025-01-14T12:01:35.043+0000] {processor.py:186} INFO - Started process (PID=7697) to work on /home/airflow/.local/lib/python3.12/site-packages/airflow/example_dags/example_branch_operator_decorator.py
[2025-01-14T12:01:35.045+0000] {processor.py:914} INFO - Processing file /home/airflow/.local/lib/python3.12/site-packages/airflow/example_dags/example_branch_operator_decorator.py for tasks to queue
[2025-01-14T12:01:35.047+0000] {logging_mixin.py:190} INFO - [2025-01-14T12:01:35.047+0000] {dagbag.py:588} INFO - Filling up the DagBag from /home/airflow/.local/lib/python3.12/site-packages/airflow/example_dags/example_branch_operator_decorator.py
[2025-01-14T12:01:35.070+0000] {processor.py:925} INFO - DAG(s) 'example_branch_python_operator_decorator' retrieved from /home/airflow/.local/lib/python3.12/site-packages/airflow/example_dags/example_branch_operator_decorator.py
[2025-01-14T12:01:35.088+0000] {logging_mixin.py:190} INFO - [2025-01-14T12:01:35.088+0000] {dag.py:3239} INFO - Sync 1 DAGs
[2025-01-14T12:01:35.106+0000] {logging_mixin.py:190} INFO - [2025-01-14T12:01:35.106+0000] {dag.py:4180} INFO - Setting next_dagrun for example_branch_python_operator_decorator to 2025-01-13 00:00:00+00:00, run_after=2025-01-14 00:00:00+00:00
[2025-01-14T12:01:35.123+0000] {processor.py:208} INFO - Processing /home/airflow/.local/lib/python3.12/site-packages/airflow/example_dags/example_branch_operator_decorator.py took 0.086 seconds
[2025-01-14T12:02:05.481+0000] {processor.py:186} INFO - Started process (PID=7993) to work on /home/airflow/.local/lib/python3.12/site-packages/airflow/example_dags/example_branch_operator_decorator.py
[2025-01-14T12:02:05.481+0000] {processor.py:914} INFO - Processing file /home/airflow/.local/lib/python3.12/site-packages/airflow/example_dags/example_branch_operator_decorator.py for tasks to queue
[2025-01-14T12:02:05.483+0000] {logging_mixin.py:190} INFO - [2025-01-14T12:02:05.483+0000] {dagbag.py:588} INFO - Filling up the DagBag from /home/airflow/.local/lib/python3.12/site-packages/airflow/example_dags/example_branch_operator_decorator.py
[2025-01-14T12:02:05.497+0000] {processor.py:925} INFO - DAG(s) 'example_branch_python_operator_decorator' retrieved from /home/airflow/.local/lib/python3.12/site-packages/airflow/example_dags/example_branch_operator_decorator.py
[2025-01-14T12:02:05.523+0000] {logging_mixin.py:190} INFO - [2025-01-14T12:02:05.523+0000] {dag.py:3239} INFO - Sync 1 DAGs
[2025-01-14T12:02:05.550+0000] {logging_mixin.py:190} INFO - [2025-01-14T12:02:05.550+0000] {dag.py:4180} INFO - Setting next_dagrun for example_branch_python_operator_decorator to 2025-01-13 00:00:00+00:00, run_after=2025-01-14 00:00:00+00:00
[2025-01-14T12:02:05.570+0000] {processor.py:208} INFO - Processing /home/airflow/.local/lib/python3.12/site-packages/airflow/example_dags/example_branch_operator_decorator.py took 0.093 seconds
[2025-01-14T12:02:35.679+0000] {processor.py:186} INFO - Started process (PID=8289) to work on /home/airflow/.local/lib/python3.12/site-packages/airflow/example_dags/example_branch_operator_decorator.py
[2025-01-14T12:02:35.680+0000] {processor.py:914} INFO - Processing file /home/airflow/.local/lib/python3.12/site-packages/airflow/example_dags/example_branch_operator_decorator.py for tasks to queue
[2025-01-14T12:02:35.683+0000] {logging_mixin.py:190} INFO - [2025-01-14T12:02:35.682+0000] {dagbag.py:588} INFO - Filling up the DagBag from /home/airflow/.local/lib/python3.12/site-packages/airflow/example_dags/example_branch_operator_decorator.py
[2025-01-14T12:02:35.696+0000] {processor.py:925} INFO - DAG(s) 'example_branch_python_operator_decorator' retrieved from /home/airflow/.local/lib/python3.12/site-packages/airflow/example_dags/example_branch_operator_decorator.py
[2025-01-14T12:02:35.725+0000] {logging_mixin.py:190} INFO - [2025-01-14T12:02:35.725+0000] {dag.py:3239} INFO - Sync 1 DAGs
[2025-01-14T12:02:35.747+0000] {logging_mixin.py:190} INFO - [2025-01-14T12:02:35.747+0000] {dag.py:4180} INFO - Setting next_dagrun for example_branch_python_operator_decorator to 2025-01-13 00:00:00+00:00, run_after=2025-01-14 00:00:00+00:00
[2025-01-14T12:02:35.767+0000] {processor.py:208} INFO - Processing /home/airflow/.local/lib/python3.12/site-packages/airflow/example_dags/example_branch_operator_decorator.py took 0.093 seconds
[2025-01-14T12:03:05.926+0000] {processor.py:186} INFO - Started process (PID=8585) to work on /home/airflow/.local/lib/python3.12/site-packages/airflow/example_dags/example_branch_operator_decorator.py
[2025-01-14T12:03:05.927+0000] {processor.py:914} INFO - Processing file /home/airflow/.local/lib/python3.12/site-packages/airflow/example_dags/example_branch_operator_decorator.py for tasks to queue
[2025-01-14T12:03:05.929+0000] {logging_mixin.py:190} INFO - [2025-01-14T12:03:05.928+0000] {dagbag.py:588} INFO - Filling up the DagBag from /home/airflow/.local/lib/python3.12/site-packages/airflow/example_dags/example_branch_operator_decorator.py
[2025-01-14T12:03:05.952+0000] {processor.py:925} INFO - DAG(s) 'example_branch_python_operator_decorator' retrieved from /home/airflow/.local/lib/python3.12/site-packages/airflow/example_dags/example_branch_operator_decorator.py
[2025-01-14T12:03:05.972+0000] {logging_mixin.py:190} INFO - [2025-01-14T12:03:05.972+0000] {dag.py:3239} INFO - Sync 1 DAGs
[2025-01-14T12:03:05.993+0000] {logging_mixin.py:190} INFO - [2025-01-14T12:03:05.993+0000] {dag.py:4180} INFO - Setting next_dagrun for example_branch_python_operator_decorator to 2025-01-13 00:00:00+00:00, run_after=2025-01-14 00:00:00+00:00
[2025-01-14T12:03:06.007+0000] {processor.py:208} INFO - Processing /home/airflow/.local/lib/python3.12/site-packages/airflow/example_dags/example_branch_operator_decorator.py took 0.088 seconds
[2025-01-14T12:03:36.303+0000] {processor.py:186} INFO - Started process (PID=8883) to work on /home/airflow/.local/lib/python3.12/site-packages/airflow/example_dags/example_branch_operator_decorator.py
[2025-01-14T12:03:36.305+0000] {processor.py:914} INFO - Processing file /home/airflow/.local/lib/python3.12/site-packages/airflow/example_dags/example_branch_operator_decorator.py for tasks to queue
[2025-01-14T12:03:36.309+0000] {logging_mixin.py:190} INFO - [2025-01-14T12:03:36.309+0000] {dagbag.py:588} INFO - Filling up the DagBag from /home/airflow/.local/lib/python3.12/site-packages/airflow/example_dags/example_branch_operator_decorator.py
[2025-01-14T12:03:36.328+0000] {processor.py:925} INFO - DAG(s) 'example_branch_python_operator_decorator' retrieved from /home/airflow/.local/lib/python3.12/site-packages/airflow/example_dags/example_branch_operator_decorator.py
[2025-01-14T12:03:36.348+0000] {logging_mixin.py:190} INFO - [2025-01-14T12:03:36.348+0000] {dag.py:3239} INFO - Sync 1 DAGs
[2025-01-14T12:03:36.362+0000] {logging_mixin.py:190} INFO - [2025-01-14T12:03:36.362+0000] {dag.py:4180} INFO - Setting next_dagrun for example_branch_python_operator_decorator to 2025-01-13 00:00:00+00:00, run_after=2025-01-14 00:00:00+00:00
[2025-01-14T12:03:36.373+0000] {processor.py:208} INFO - Processing /home/airflow/.local/lib/python3.12/site-packages/airflow/example_dags/example_branch_operator_decorator.py took 0.078 seconds
[2025-01-14T12:04:06.607+0000] {processor.py:186} INFO - Started process (PID=9177) to work on /home/airflow/.local/lib/python3.12/site-packages/airflow/example_dags/example_branch_operator_decorator.py
[2025-01-14T12:04:06.608+0000] {processor.py:914} INFO - Processing file /home/airflow/.local/lib/python3.12/site-packages/airflow/example_dags/example_branch_operator_decorator.py for tasks to queue
[2025-01-14T12:04:06.611+0000] {logging_mixin.py:190} INFO - [2025-01-14T12:04:06.610+0000] {dagbag.py:588} INFO - Filling up the DagBag from /home/airflow/.local/lib/python3.12/site-packages/airflow/example_dags/example_branch_operator_decorator.py
[2025-01-14T12:04:06.635+0000] {processor.py:925} INFO - DAG(s) 'example_branch_python_operator_decorator' retrieved from /home/airflow/.local/lib/python3.12/site-packages/airflow/example_dags/example_branch_operator_decorator.py
[2025-01-14T12:04:06.663+0000] {logging_mixin.py:190} INFO - [2025-01-14T12:04:06.663+0000] {dag.py:3239} INFO - Sync 1 DAGs
[2025-01-14T12:04:06.690+0000] {logging_mixin.py:190} INFO - [2025-01-14T12:04:06.689+0000] {dag.py:4180} INFO - Setting next_dagrun for example_branch_python_operator_decorator to 2025-01-13 00:00:00+00:00, run_after=2025-01-14 00:00:00+00:00
[2025-01-14T12:04:06.706+0000] {processor.py:208} INFO - Processing /home/airflow/.local/lib/python3.12/site-packages/airflow/example_dags/example_branch_operator_decorator.py took 0.103 seconds
[2025-01-14T12:04:37.520+0000] {processor.py:186} INFO - Started process (PID=9473) to work on /home/airflow/.local/lib/python3.12/site-packages/airflow/example_dags/example_branch_operator_decorator.py
[2025-01-14T12:04:37.521+0000] {processor.py:914} INFO - Processing file /home/airflow/.local/lib/python3.12/site-packages/airflow/example_dags/example_branch_operator_decorator.py for tasks to queue
[2025-01-14T12:04:37.523+0000] {logging_mixin.py:190} INFO - [2025-01-14T12:04:37.523+0000] {dagbag.py:588} INFO - Filling up the DagBag from /home/airflow/.local/lib/python3.12/site-packages/airflow/example_dags/example_branch_operator_decorator.py
[2025-01-14T12:04:37.607+0000] {processor.py:925} INFO - DAG(s) 'example_branch_python_operator_decorator' retrieved from /home/airflow/.local/lib/python3.12/site-packages/airflow/example_dags/example_branch_operator_decorator.py
[2025-01-14T12:04:37.647+0000] {logging_mixin.py:190} INFO - [2025-01-14T12:04:37.647+0000] {dag.py:3239} INFO - Sync 1 DAGs
[2025-01-14T12:04:37.669+0000] {logging_mixin.py:190} INFO - [2025-01-14T12:04:37.669+0000] {dag.py:4180} INFO - Setting next_dagrun for example_branch_python_operator_decorator to 2025-01-13 00:00:00+00:00, run_after=2025-01-14 00:00:00+00:00
[2025-01-14T12:04:37.692+0000] {processor.py:208} INFO - Processing /home/airflow/.local/lib/python3.12/site-packages/airflow/example_dags/example_branch_operator_decorator.py took 0.177 seconds
[2025-01-14T12:05:07.886+0000] {processor.py:186} INFO - Started process (PID=9771) to work on /home/airflow/.local/lib/python3.12/site-packages/airflow/example_dags/example_branch_operator_decorator.py
[2025-01-14T12:05:07.887+0000] {processor.py:914} INFO - Processing file /home/airflow/.local/lib/python3.12/site-packages/airflow/example_dags/example_branch_operator_decorator.py for tasks to queue
[2025-01-14T12:05:07.890+0000] {logging_mixin.py:190} INFO - [2025-01-14T12:05:07.889+0000] {dagbag.py:588} INFO - Filling up the DagBag from /home/airflow/.local/lib/python3.12/site-packages/airflow/example_dags/example_branch_operator_decorator.py
[2025-01-14T12:05:07.908+0000] {processor.py:925} INFO - DAG(s) 'example_branch_python_operator_decorator' retrieved from /home/airflow/.local/lib/python3.12/site-packages/airflow/example_dags/example_branch_operator_decorator.py
[2025-01-14T12:05:07.936+0000] {logging_mixin.py:190} INFO - [2025-01-14T12:05:07.936+0000] {dag.py:3239} INFO - Sync 1 DAGs
[2025-01-14T12:05:07.952+0000] {logging_mixin.py:190} INFO - [2025-01-14T12:05:07.952+0000] {dag.py:4180} INFO - Setting next_dagrun for example_branch_python_operator_decorator to 2025-01-13 00:00:00+00:00, run_after=2025-01-14 00:00:00+00:00
[2025-01-14T12:05:07.966+0000] {processor.py:208} INFO - Processing /home/airflow/.local/lib/python3.12/site-packages/airflow/example_dags/example_branch_operator_decorator.py took 0.085 seconds
[2025-01-14T12:05:38.216+0000] {processor.py:186} INFO - Started process (PID=10067) to work on /home/airflow/.local/lib/python3.12/site-packages/airflow/example_dags/example_branch_operator_decorator.py
[2025-01-14T12:05:38.217+0000] {processor.py:914} INFO - Processing file /home/airflow/.local/lib/python3.12/site-packages/airflow/example_dags/example_branch_operator_decorator.py for tasks to queue
[2025-01-14T12:05:38.219+0000] {logging_mixin.py:190} INFO - [2025-01-14T12:05:38.218+0000] {dagbag.py:588} INFO - Filling up the DagBag from /home/airflow/.local/lib/python3.12/site-packages/airflow/example_dags/example_branch_operator_decorator.py
[2025-01-14T12:05:38.232+0000] {processor.py:925} INFO - DAG(s) 'example_branch_python_operator_decorator' retrieved from /home/airflow/.local/lib/python3.12/site-packages/airflow/example_dags/example_branch_operator_decorator.py
[2025-01-14T12:05:38.250+0000] {logging_mixin.py:190} INFO - [2025-01-14T12:05:38.250+0000] {dag.py:3239} INFO - Sync 1 DAGs
[2025-01-14T12:05:38.266+0000] {logging_mixin.py:190} INFO - [2025-01-14T12:05:38.266+0000] {dag.py:4180} INFO - Setting next_dagrun for example_branch_python_operator_decorator to 2025-01-13 00:00:00+00:00, run_after=2025-01-14 00:00:00+00:00
[2025-01-14T12:05:38.278+0000] {processor.py:208} INFO - Processing /home/airflow/.local/lib/python3.12/site-packages/airflow/example_dags/example_branch_operator_decorator.py took 0.067 seconds
[2025-01-14T12:06:08.403+0000] {processor.py:186} INFO - Started process (PID=10361) to work on /home/airflow/.local/lib/python3.12/site-packages/airflow/example_dags/example_branch_operator_decorator.py
[2025-01-14T12:06:08.403+0000] {processor.py:914} INFO - Processing file /home/airflow/.local/lib/python3.12/site-packages/airflow/example_dags/example_branch_operator_decorator.py for tasks to queue
[2025-01-14T12:06:08.405+0000] {logging_mixin.py:190} INFO - [2025-01-14T12:06:08.405+0000] {dagbag.py:588} INFO - Filling up the DagBag from /home/airflow/.local/lib/python3.12/site-packages/airflow/example_dags/example_branch_operator_decorator.py
[2025-01-14T12:06:08.418+0000] {processor.py:925} INFO - DAG(s) 'example_branch_python_operator_decorator' retrieved from /home/airflow/.local/lib/python3.12/site-packages/airflow/example_dags/example_branch_operator_decorator.py
[2025-01-14T12:06:08.438+0000] {logging_mixin.py:190} INFO - [2025-01-14T12:06:08.438+0000] {dag.py:3239} INFO - Sync 1 DAGs
[2025-01-14T12:06:08.455+0000] {logging_mixin.py:190} INFO - [2025-01-14T12:06:08.454+0000] {dag.py:4180} INFO - Setting next_dagrun for example_branch_python_operator_decorator to 2025-01-13 00:00:00+00:00, run_after=2025-01-14 00:00:00+00:00
[2025-01-14T12:06:08.475+0000] {processor.py:208} INFO - Processing /home/airflow/.local/lib/python3.12/site-packages/airflow/example_dags/example_branch_operator_decorator.py took 0.079 seconds
[2025-01-14T12:09:43.725+0000] {processor.py:186} INFO - Started process (PID=293) to work on /home/airflow/.local/lib/python3.12/site-packages/airflow/example_dags/example_branch_operator_decorator.py
[2025-01-14T12:09:43.727+0000] {processor.py:914} INFO - Processing file /home/airflow/.local/lib/python3.12/site-packages/airflow/example_dags/example_branch_operator_decorator.py for tasks to queue
[2025-01-14T12:09:43.734+0000] {logging_mixin.py:190} INFO - [2025-01-14T12:09:43.733+0000] {dagbag.py:588} INFO - Filling up the DagBag from /home/airflow/.local/lib/python3.12/site-packages/airflow/example_dags/example_branch_operator_decorator.py
[2025-01-14T12:09:43.781+0000] {processor.py:925} INFO - DAG(s) 'example_branch_python_operator_decorator' retrieved from /home/airflow/.local/lib/python3.12/site-packages/airflow/example_dags/example_branch_operator_decorator.py
[2025-01-14T12:09:44.033+0000] {logging_mixin.py:190} INFO - [2025-01-14T12:09:44.033+0000] {dag.py:3239} INFO - Sync 1 DAGs
[2025-01-14T12:09:44.090+0000] {logging_mixin.py:190} INFO - [2025-01-14T12:09:44.090+0000] {dag.py:4180} INFO - Setting next_dagrun for example_branch_python_operator_decorator to 2025-01-13 00:00:00+00:00, run_after=2025-01-14 00:00:00+00:00
[2025-01-14T12:09:44.139+0000] {processor.py:208} INFO - Processing /home/airflow/.local/lib/python3.12/site-packages/airflow/example_dags/example_branch_operator_decorator.py took 0.423 seconds
[2025-01-14T12:10:14.253+0000] {processor.py:186} INFO - Started process (PID=594) to work on /home/airflow/.local/lib/python3.12/site-packages/airflow/example_dags/example_branch_operator_decorator.py
[2025-01-14T12:10:14.255+0000] {processor.py:914} INFO - Processing file /home/airflow/.local/lib/python3.12/site-packages/airflow/example_dags/example_branch_operator_decorator.py for tasks to queue
[2025-01-14T12:10:14.259+0000] {logging_mixin.py:190} INFO - [2025-01-14T12:10:14.259+0000] {dagbag.py:588} INFO - Filling up the DagBag from /home/airflow/.local/lib/python3.12/site-packages/airflow/example_dags/example_branch_operator_decorator.py
[2025-01-14T12:10:14.319+0000] {processor.py:925} INFO - DAG(s) 'example_branch_python_operator_decorator' retrieved from /home/airflow/.local/lib/python3.12/site-packages/airflow/example_dags/example_branch_operator_decorator.py
[2025-01-14T12:10:14.372+0000] {logging_mixin.py:190} INFO - [2025-01-14T12:10:14.371+0000] {dag.py:3239} INFO - Sync 1 DAGs
[2025-01-14T12:10:14.418+0000] {logging_mixin.py:190} INFO - [2025-01-14T12:10:14.418+0000] {dag.py:4180} INFO - Setting next_dagrun for example_branch_python_operator_decorator to 2025-01-13 00:00:00+00:00, run_after=2025-01-14 00:00:00+00:00
[2025-01-14T12:10:14.451+0000] {processor.py:208} INFO - Processing /home/airflow/.local/lib/python3.12/site-packages/airflow/example_dags/example_branch_operator_decorator.py took 0.223 seconds
[2025-01-14T12:10:45.090+0000] {processor.py:186} INFO - Started process (PID=885) to work on /home/airflow/.local/lib/python3.12/site-packages/airflow/example_dags/example_branch_operator_decorator.py
[2025-01-14T12:10:45.092+0000] {processor.py:914} INFO - Processing file /home/airflow/.local/lib/python3.12/site-packages/airflow/example_dags/example_branch_operator_decorator.py for tasks to queue
[2025-01-14T12:10:45.100+0000] {logging_mixin.py:190} INFO - [2025-01-14T12:10:45.099+0000] {dagbag.py:588} INFO - Filling up the DagBag from /home/airflow/.local/lib/python3.12/site-packages/airflow/example_dags/example_branch_operator_decorator.py
[2025-01-14T12:10:45.139+0000] {processor.py:925} INFO - DAG(s) 'example_branch_python_operator_decorator' retrieved from /home/airflow/.local/lib/python3.12/site-packages/airflow/example_dags/example_branch_operator_decorator.py
[2025-01-14T12:10:45.205+0000] {logging_mixin.py:190} INFO - [2025-01-14T12:10:45.204+0000] {dag.py:3239} INFO - Sync 1 DAGs
[2025-01-14T12:10:45.247+0000] {logging_mixin.py:190} INFO - [2025-01-14T12:10:45.247+0000] {dag.py:4180} INFO - Setting next_dagrun for example_branch_python_operator_decorator to 2025-01-13 00:00:00+00:00, run_after=2025-01-14 00:00:00+00:00
[2025-01-14T12:10:45.289+0000] {processor.py:208} INFO - Processing /home/airflow/.local/lib/python3.12/site-packages/airflow/example_dags/example_branch_operator_decorator.py took 0.210 seconds
[2025-01-14T12:11:15.953+0000] {processor.py:186} INFO - Started process (PID=1181) to work on /home/airflow/.local/lib/python3.12/site-packages/airflow/example_dags/example_branch_operator_decorator.py
[2025-01-14T12:11:15.956+0000] {processor.py:914} INFO - Processing file /home/airflow/.local/lib/python3.12/site-packages/airflow/example_dags/example_branch_operator_decorator.py for tasks to queue
[2025-01-14T12:11:15.963+0000] {logging_mixin.py:190} INFO - [2025-01-14T12:11:15.961+0000] {dagbag.py:588} INFO - Filling up the DagBag from /home/airflow/.local/lib/python3.12/site-packages/airflow/example_dags/example_branch_operator_decorator.py
[2025-01-14T12:11:16.012+0000] {processor.py:925} INFO - DAG(s) 'example_branch_python_operator_decorator' retrieved from /home/airflow/.local/lib/python3.12/site-packages/airflow/example_dags/example_branch_operator_decorator.py
[2025-01-14T12:11:16.093+0000] {logging_mixin.py:190} INFO - [2025-01-14T12:11:16.093+0000] {dag.py:3239} INFO - Sync 1 DAGs
[2025-01-14T12:11:16.159+0000] {logging_mixin.py:190} INFO - [2025-01-14T12:11:16.158+0000] {dag.py:4180} INFO - Setting next_dagrun for example_branch_python_operator_decorator to 2025-01-13 00:00:00+00:00, run_after=2025-01-14 00:00:00+00:00
[2025-01-14T12:11:16.217+0000] {processor.py:208} INFO - Processing /home/airflow/.local/lib/python3.12/site-packages/airflow/example_dags/example_branch_operator_decorator.py took 0.283 seconds
[2025-01-14T12:11:46.427+0000] {processor.py:186} INFO - Started process (PID=1477) to work on /home/airflow/.local/lib/python3.12/site-packages/airflow/example_dags/example_branch_operator_decorator.py
[2025-01-14T12:11:46.430+0000] {processor.py:914} INFO - Processing file /home/airflow/.local/lib/python3.12/site-packages/airflow/example_dags/example_branch_operator_decorator.py for tasks to queue
[2025-01-14T12:11:46.437+0000] {logging_mixin.py:190} INFO - [2025-01-14T12:11:46.437+0000] {dagbag.py:588} INFO - Filling up the DagBag from /home/airflow/.local/lib/python3.12/site-packages/airflow/example_dags/example_branch_operator_decorator.py
[2025-01-14T12:11:46.498+0000] {processor.py:925} INFO - DAG(s) 'example_branch_python_operator_decorator' retrieved from /home/airflow/.local/lib/python3.12/site-packages/airflow/example_dags/example_branch_operator_decorator.py
[2025-01-14T12:11:46.556+0000] {logging_mixin.py:190} INFO - [2025-01-14T12:11:46.555+0000] {dag.py:3239} INFO - Sync 1 DAGs
[2025-01-14T12:11:46.605+0000] {logging_mixin.py:190} INFO - [2025-01-14T12:11:46.604+0000] {dag.py:4180} INFO - Setting next_dagrun for example_branch_python_operator_decorator to 2025-01-13 00:00:00+00:00, run_after=2025-01-14 00:00:00+00:00
[2025-01-14T12:11:46.649+0000] {processor.py:208} INFO - Processing /home/airflow/.local/lib/python3.12/site-packages/airflow/example_dags/example_branch_operator_decorator.py took 0.241 seconds
[2025-01-14T12:12:16.933+0000] {processor.py:186} INFO - Started process (PID=1779) to work on /home/airflow/.local/lib/python3.12/site-packages/airflow/example_dags/example_branch_operator_decorator.py
[2025-01-14T12:12:16.934+0000] {processor.py:914} INFO - Processing file /home/airflow/.local/lib/python3.12/site-packages/airflow/example_dags/example_branch_operator_decorator.py for tasks to queue
[2025-01-14T12:12:16.938+0000] {logging_mixin.py:190} INFO - [2025-01-14T12:12:16.937+0000] {dagbag.py:588} INFO - Filling up the DagBag from /home/airflow/.local/lib/python3.12/site-packages/airflow/example_dags/example_branch_operator_decorator.py
[2025-01-14T12:12:16.978+0000] {processor.py:925} INFO - DAG(s) 'example_branch_python_operator_decorator' retrieved from /home/airflow/.local/lib/python3.12/site-packages/airflow/example_dags/example_branch_operator_decorator.py
[2025-01-14T12:12:17.024+0000] {logging_mixin.py:190} INFO - [2025-01-14T12:12:17.024+0000] {dag.py:3239} INFO - Sync 1 DAGs
[2025-01-14T12:12:17.065+0000] {logging_mixin.py:190} INFO - [2025-01-14T12:12:17.064+0000] {dag.py:4180} INFO - Setting next_dagrun for example_branch_python_operator_decorator to 2025-01-13 00:00:00+00:00, run_after=2025-01-14 00:00:00+00:00
[2025-01-14T12:12:17.096+0000] {processor.py:208} INFO - Processing /home/airflow/.local/lib/python3.12/site-packages/airflow/example_dags/example_branch_operator_decorator.py took 0.172 seconds
[2025-01-14T12:12:47.357+0000] {processor.py:186} INFO - Started process (PID=2075) to work on /home/airflow/.local/lib/python3.12/site-packages/airflow/example_dags/example_branch_operator_decorator.py
[2025-01-14T12:12:47.359+0000] {processor.py:914} INFO - Processing file /home/airflow/.local/lib/python3.12/site-packages/airflow/example_dags/example_branch_operator_decorator.py for tasks to queue
[2025-01-14T12:12:47.363+0000] {logging_mixin.py:190} INFO - [2025-01-14T12:12:47.363+0000] {dagbag.py:588} INFO - Filling up the DagBag from /home/airflow/.local/lib/python3.12/site-packages/airflow/example_dags/example_branch_operator_decorator.py
[2025-01-14T12:12:47.401+0000] {processor.py:925} INFO - DAG(s) 'example_branch_python_operator_decorator' retrieved from /home/airflow/.local/lib/python3.12/site-packages/airflow/example_dags/example_branch_operator_decorator.py
[2025-01-14T12:12:47.465+0000] {logging_mixin.py:190} INFO - [2025-01-14T12:12:47.465+0000] {dag.py:3239} INFO - Sync 1 DAGs
[2025-01-14T12:12:47.524+0000] {logging_mixin.py:190} INFO - [2025-01-14T12:12:47.524+0000] {dag.py:4180} INFO - Setting next_dagrun for example_branch_python_operator_decorator to 2025-01-13 00:00:00+00:00, run_after=2025-01-14 00:00:00+00:00
[2025-01-14T12:12:47.561+0000] {processor.py:208} INFO - Processing /home/airflow/.local/lib/python3.12/site-packages/airflow/example_dags/example_branch_operator_decorator.py took 0.214 seconds
[2025-01-14T12:13:18.392+0000] {processor.py:186} INFO - Started process (PID=2371) to work on /home/airflow/.local/lib/python3.12/site-packages/airflow/example_dags/example_branch_operator_decorator.py
[2025-01-14T12:13:18.394+0000] {processor.py:914} INFO - Processing file /home/airflow/.local/lib/python3.12/site-packages/airflow/example_dags/example_branch_operator_decorator.py for tasks to queue
[2025-01-14T12:13:18.401+0000] {logging_mixin.py:190} INFO - [2025-01-14T12:13:18.400+0000] {dagbag.py:588} INFO - Filling up the DagBag from /home/airflow/.local/lib/python3.12/site-packages/airflow/example_dags/example_branch_operator_decorator.py
[2025-01-14T12:13:18.463+0000] {processor.py:925} INFO - DAG(s) 'example_branch_python_operator_decorator' retrieved from /home/airflow/.local/lib/python3.12/site-packages/airflow/example_dags/example_branch_operator_decorator.py
[2025-01-14T12:13:18.516+0000] {logging_mixin.py:190} INFO - [2025-01-14T12:13:18.515+0000] {dag.py:3239} INFO - Sync 1 DAGs
[2025-01-14T12:13:18.572+0000] {logging_mixin.py:190} INFO - [2025-01-14T12:13:18.572+0000] {dag.py:4180} INFO - Setting next_dagrun for example_branch_python_operator_decorator to 2025-01-13 00:00:00+00:00, run_after=2025-01-14 00:00:00+00:00
[2025-01-14T12:13:18.617+0000] {processor.py:208} INFO - Processing /home/airflow/.local/lib/python3.12/site-packages/airflow/example_dags/example_branch_operator_decorator.py took 0.234 seconds
[2025-01-14T12:13:48.707+0000] {processor.py:186} INFO - Started process (PID=2669) to work on /home/airflow/.local/lib/python3.12/site-packages/airflow/example_dags/example_branch_operator_decorator.py
[2025-01-14T12:13:48.709+0000] {processor.py:914} INFO - Processing file /home/airflow/.local/lib/python3.12/site-packages/airflow/example_dags/example_branch_operator_decorator.py for tasks to queue
[2025-01-14T12:13:48.716+0000] {logging_mixin.py:190} INFO - [2025-01-14T12:13:48.715+0000] {dagbag.py:588} INFO - Filling up the DagBag from /home/airflow/.local/lib/python3.12/site-packages/airflow/example_dags/example_branch_operator_decorator.py
[2025-01-14T12:13:48.780+0000] {processor.py:925} INFO - DAG(s) 'example_branch_python_operator_decorator' retrieved from /home/airflow/.local/lib/python3.12/site-packages/airflow/example_dags/example_branch_operator_decorator.py
[2025-01-14T12:13:48.837+0000] {logging_mixin.py:190} INFO - [2025-01-14T12:13:48.837+0000] {dag.py:3239} INFO - Sync 1 DAGs
[2025-01-14T12:13:48.880+0000] {logging_mixin.py:190} INFO - [2025-01-14T12:13:48.880+0000] {dag.py:4180} INFO - Setting next_dagrun for example_branch_python_operator_decorator to 2025-01-13 00:00:00+00:00, run_after=2025-01-14 00:00:00+00:00
[2025-01-14T12:13:48.921+0000] {processor.py:208} INFO - Processing /home/airflow/.local/lib/python3.12/site-packages/airflow/example_dags/example_branch_operator_decorator.py took 0.228 seconds
[2025-01-14T12:14:19.226+0000] {processor.py:186} INFO - Started process (PID=2963) to work on /home/airflow/.local/lib/python3.12/site-packages/airflow/example_dags/example_branch_operator_decorator.py
[2025-01-14T12:14:19.228+0000] {processor.py:914} INFO - Processing file /home/airflow/.local/lib/python3.12/site-packages/airflow/example_dags/example_branch_operator_decorator.py for tasks to queue
[2025-01-14T12:14:19.233+0000] {logging_mixin.py:190} INFO - [2025-01-14T12:14:19.232+0000] {dagbag.py:588} INFO - Filling up the DagBag from /home/airflow/.local/lib/python3.12/site-packages/airflow/example_dags/example_branch_operator_decorator.py
[2025-01-14T12:14:19.264+0000] {processor.py:925} INFO - DAG(s) 'example_branch_python_operator_decorator' retrieved from /home/airflow/.local/lib/python3.12/site-packages/airflow/example_dags/example_branch_operator_decorator.py
[2025-01-14T12:14:19.321+0000] {logging_mixin.py:190} INFO - [2025-01-14T12:14:19.320+0000] {dag.py:3239} INFO - Sync 1 DAGs
[2025-01-14T12:14:19.367+0000] {logging_mixin.py:190} INFO - [2025-01-14T12:14:19.367+0000] {dag.py:4180} INFO - Setting next_dagrun for example_branch_python_operator_decorator to 2025-01-13 00:00:00+00:00, run_after=2025-01-14 00:00:00+00:00
[2025-01-14T12:14:19.403+0000] {processor.py:208} INFO - Processing /home/airflow/.local/lib/python3.12/site-packages/airflow/example_dags/example_branch_operator_decorator.py took 0.186 seconds
[2025-01-14T12:14:49.742+0000] {processor.py:186} INFO - Started process (PID=3259) to work on /home/airflow/.local/lib/python3.12/site-packages/airflow/example_dags/example_branch_operator_decorator.py
[2025-01-14T12:14:49.744+0000] {processor.py:914} INFO - Processing file /home/airflow/.local/lib/python3.12/site-packages/airflow/example_dags/example_branch_operator_decorator.py for tasks to queue
[2025-01-14T12:14:49.748+0000] {logging_mixin.py:190} INFO - [2025-01-14T12:14:49.747+0000] {dagbag.py:588} INFO - Filling up the DagBag from /home/airflow/.local/lib/python3.12/site-packages/airflow/example_dags/example_branch_operator_decorator.py
[2025-01-14T12:14:49.813+0000] {processor.py:925} INFO - DAG(s) 'example_branch_python_operator_decorator' retrieved from /home/airflow/.local/lib/python3.12/site-packages/airflow/example_dags/example_branch_operator_decorator.py
[2025-01-14T12:14:49.890+0000] {logging_mixin.py:190} INFO - [2025-01-14T12:14:49.890+0000] {dag.py:3239} INFO - Sync 1 DAGs
[2025-01-14T12:14:49.938+0000] {logging_mixin.py:190} INFO - [2025-01-14T12:14:49.937+0000] {dag.py:4180} INFO - Setting next_dagrun for example_branch_python_operator_decorator to 2025-01-13 00:00:00+00:00, run_after=2025-01-14 00:00:00+00:00
[2025-01-14T12:14:49.982+0000] {processor.py:208} INFO - Processing /home/airflow/.local/lib/python3.12/site-packages/airflow/example_dags/example_branch_operator_decorator.py took 0.252 seconds
[2025-01-14T12:15:20.911+0000] {processor.py:186} INFO - Started process (PID=3555) to work on /home/airflow/.local/lib/python3.12/site-packages/airflow/example_dags/example_branch_operator_decorator.py
[2025-01-14T12:15:20.913+0000] {processor.py:914} INFO - Processing file /home/airflow/.local/lib/python3.12/site-packages/airflow/example_dags/example_branch_operator_decorator.py for tasks to queue
[2025-01-14T12:15:20.920+0000] {logging_mixin.py:190} INFO - [2025-01-14T12:15:20.920+0000] {dagbag.py:588} INFO - Filling up the DagBag from /home/airflow/.local/lib/python3.12/site-packages/airflow/example_dags/example_branch_operator_decorator.py
[2025-01-14T12:15:20.978+0000] {processor.py:925} INFO - DAG(s) 'example_branch_python_operator_decorator' retrieved from /home/airflow/.local/lib/python3.12/site-packages/airflow/example_dags/example_branch_operator_decorator.py
[2025-01-14T12:15:21.054+0000] {logging_mixin.py:190} INFO - [2025-01-14T12:15:21.053+0000] {dag.py:3239} INFO - Sync 1 DAGs
[2025-01-14T12:15:21.110+0000] {logging_mixin.py:190} INFO - [2025-01-14T12:15:21.109+0000] {dag.py:4180} INFO - Setting next_dagrun for example_branch_python_operator_decorator to 2025-01-13 00:00:00+00:00, run_after=2025-01-14 00:00:00+00:00
[2025-01-14T12:15:21.159+0000] {processor.py:208} INFO - Processing /home/airflow/.local/lib/python3.12/site-packages/airflow/example_dags/example_branch_operator_decorator.py took 0.265 seconds
[2025-01-14T12:32:40.134+0000] {processor.py:186} INFO - Started process (PID=303) to work on /home/airflow/.local/lib/python3.12/site-packages/airflow/example_dags/example_branch_operator_decorator.py
[2025-01-14T12:32:40.137+0000] {processor.py:914} INFO - Processing file /home/airflow/.local/lib/python3.12/site-packages/airflow/example_dags/example_branch_operator_decorator.py for tasks to queue
[2025-01-14T12:32:40.142+0000] {logging_mixin.py:190} INFO - [2025-01-14T12:32:40.141+0000] {dagbag.py:588} INFO - Filling up the DagBag from /home/airflow/.local/lib/python3.12/site-packages/airflow/example_dags/example_branch_operator_decorator.py
[2025-01-14T12:32:40.209+0000] {processor.py:925} INFO - DAG(s) 'example_branch_python_operator_decorator' retrieved from /home/airflow/.local/lib/python3.12/site-packages/airflow/example_dags/example_branch_operator_decorator.py
[2025-01-14T12:32:40.409+0000] {logging_mixin.py:190} INFO - [2025-01-14T12:32:40.409+0000] {dag.py:3239} INFO - Sync 1 DAGs
[2025-01-14T12:32:40.460+0000] {logging_mixin.py:190} INFO - [2025-01-14T12:32:40.460+0000] {dag.py:4180} INFO - Setting next_dagrun for example_branch_python_operator_decorator to 2025-01-13 00:00:00+00:00, run_after=2025-01-14 00:00:00+00:00
[2025-01-14T12:32:40.510+0000] {processor.py:208} INFO - Processing /home/airflow/.local/lib/python3.12/site-packages/airflow/example_dags/example_branch_operator_decorator.py took 0.394 seconds
[2025-01-14T12:33:10.602+0000] {processor.py:186} INFO - Started process (PID=604) to work on /home/airflow/.local/lib/python3.12/site-packages/airflow/example_dags/example_branch_operator_decorator.py
[2025-01-14T12:33:10.605+0000] {processor.py:914} INFO - Processing file /home/airflow/.local/lib/python3.12/site-packages/airflow/example_dags/example_branch_operator_decorator.py for tasks to queue
[2025-01-14T12:33:10.609+0000] {logging_mixin.py:190} INFO - [2025-01-14T12:33:10.609+0000] {dagbag.py:588} INFO - Filling up the DagBag from /home/airflow/.local/lib/python3.12/site-packages/airflow/example_dags/example_branch_operator_decorator.py
[2025-01-14T12:33:10.644+0000] {processor.py:925} INFO - DAG(s) 'example_branch_python_operator_decorator' retrieved from /home/airflow/.local/lib/python3.12/site-packages/airflow/example_dags/example_branch_operator_decorator.py
[2025-01-14T12:33:10.695+0000] {logging_mixin.py:190} INFO - [2025-01-14T12:33:10.695+0000] {dag.py:3239} INFO - Sync 1 DAGs
[2025-01-14T12:33:10.734+0000] {logging_mixin.py:190} INFO - [2025-01-14T12:33:10.733+0000] {dag.py:4180} INFO - Setting next_dagrun for example_branch_python_operator_decorator to 2025-01-13 00:00:00+00:00, run_after=2025-01-14 00:00:00+00:00
[2025-01-14T12:33:10.778+0000] {processor.py:208} INFO - Processing /home/airflow/.local/lib/python3.12/site-packages/airflow/example_dags/example_branch_operator_decorator.py took 0.190 seconds
[2025-01-14T12:33:40.901+0000] {processor.py:186} INFO - Started process (PID=898) to work on /home/airflow/.local/lib/python3.12/site-packages/airflow/example_dags/example_branch_operator_decorator.py
[2025-01-14T12:33:40.903+0000] {processor.py:914} INFO - Processing file /home/airflow/.local/lib/python3.12/site-packages/airflow/example_dags/example_branch_operator_decorator.py for tasks to queue
[2025-01-14T12:33:40.906+0000] {logging_mixin.py:190} INFO - [2025-01-14T12:33:40.906+0000] {dagbag.py:588} INFO - Filling up the DagBag from /home/airflow/.local/lib/python3.12/site-packages/airflow/example_dags/example_branch_operator_decorator.py
[2025-01-14T12:33:40.943+0000] {processor.py:925} INFO - DAG(s) 'example_branch_python_operator_decorator' retrieved from /home/airflow/.local/lib/python3.12/site-packages/airflow/example_dags/example_branch_operator_decorator.py
[2025-01-14T12:33:40.993+0000] {logging_mixin.py:190} INFO - [2025-01-14T12:33:40.993+0000] {dag.py:3239} INFO - Sync 1 DAGs
[2025-01-14T12:33:41.048+0000] {logging_mixin.py:190} INFO - [2025-01-14T12:33:41.048+0000] {dag.py:4180} INFO - Setting next_dagrun for example_branch_python_operator_decorator to 2025-01-13 00:00:00+00:00, run_after=2025-01-14 00:00:00+00:00
[2025-01-14T12:33:41.079+0000] {processor.py:208} INFO - Processing /home/airflow/.local/lib/python3.12/site-packages/airflow/example_dags/example_branch_operator_decorator.py took 0.186 seconds
[2025-01-14T12:34:11.172+0000] {processor.py:186} INFO - Started process (PID=1194) to work on /home/airflow/.local/lib/python3.12/site-packages/airflow/example_dags/example_branch_operator_decorator.py
[2025-01-14T12:34:11.174+0000] {processor.py:914} INFO - Processing file /home/airflow/.local/lib/python3.12/site-packages/airflow/example_dags/example_branch_operator_decorator.py for tasks to queue
[2025-01-14T12:34:11.181+0000] {logging_mixin.py:190} INFO - [2025-01-14T12:34:11.180+0000] {dagbag.py:588} INFO - Filling up the DagBag from /home/airflow/.local/lib/python3.12/site-packages/airflow/example_dags/example_branch_operator_decorator.py
[2025-01-14T12:34:11.217+0000] {processor.py:925} INFO - DAG(s) 'example_branch_python_operator_decorator' retrieved from /home/airflow/.local/lib/python3.12/site-packages/airflow/example_dags/example_branch_operator_decorator.py
[2025-01-14T12:34:11.269+0000] {logging_mixin.py:190} INFO - [2025-01-14T12:34:11.268+0000] {dag.py:3239} INFO - Sync 1 DAGs
[2025-01-14T12:34:11.309+0000] {logging_mixin.py:190} INFO - [2025-01-14T12:34:11.309+0000] {dag.py:4180} INFO - Setting next_dagrun for example_branch_python_operator_decorator to 2025-01-13 00:00:00+00:00, run_after=2025-01-14 00:00:00+00:00
[2025-01-14T12:34:11.344+0000] {processor.py:208} INFO - Processing /home/airflow/.local/lib/python3.12/site-packages/airflow/example_dags/example_branch_operator_decorator.py took 0.182 seconds
[2025-01-14T12:34:41.624+0000] {processor.py:186} INFO - Started process (PID=1489) to work on /home/airflow/.local/lib/python3.12/site-packages/airflow/example_dags/example_branch_operator_decorator.py
[2025-01-14T12:34:41.626+0000] {processor.py:914} INFO - Processing file /home/airflow/.local/lib/python3.12/site-packages/airflow/example_dags/example_branch_operator_decorator.py for tasks to queue
[2025-01-14T12:34:41.630+0000] {logging_mixin.py:190} INFO - [2025-01-14T12:34:41.630+0000] {dagbag.py:588} INFO - Filling up the DagBag from /home/airflow/.local/lib/python3.12/site-packages/airflow/example_dags/example_branch_operator_decorator.py
[2025-01-14T12:34:41.662+0000] {processor.py:925} INFO - DAG(s) 'example_branch_python_operator_decorator' retrieved from /home/airflow/.local/lib/python3.12/site-packages/airflow/example_dags/example_branch_operator_decorator.py
[2025-01-14T12:34:41.710+0000] {logging_mixin.py:190} INFO - [2025-01-14T12:34:41.710+0000] {dag.py:3239} INFO - Sync 1 DAGs
[2025-01-14T12:34:41.759+0000] {logging_mixin.py:190} INFO - [2025-01-14T12:34:41.758+0000] {dag.py:4180} INFO - Setting next_dagrun for example_branch_python_operator_decorator to 2025-01-13 00:00:00+00:00, run_after=2025-01-14 00:00:00+00:00
[2025-01-14T12:34:41.801+0000] {processor.py:208} INFO - Processing /home/airflow/.local/lib/python3.12/site-packages/airflow/example_dags/example_branch_operator_decorator.py took 0.185 seconds
[2025-01-14T12:35:12.490+0000] {processor.py:186} INFO - Started process (PID=1780) to work on /home/airflow/.local/lib/python3.12/site-packages/airflow/example_dags/example_branch_operator_decorator.py
[2025-01-14T12:35:12.492+0000] {processor.py:914} INFO - Processing file /home/airflow/.local/lib/python3.12/site-packages/airflow/example_dags/example_branch_operator_decorator.py for tasks to queue
[2025-01-14T12:35:12.500+0000] {logging_mixin.py:190} INFO - [2025-01-14T12:35:12.499+0000] {dagbag.py:588} INFO - Filling up the DagBag from /home/airflow/.local/lib/python3.12/site-packages/airflow/example_dags/example_branch_operator_decorator.py
[2025-01-14T12:35:12.536+0000] {processor.py:925} INFO - DAG(s) 'example_branch_python_operator_decorator' retrieved from /home/airflow/.local/lib/python3.12/site-packages/airflow/example_dags/example_branch_operator_decorator.py
[2025-01-14T12:35:12.584+0000] {logging_mixin.py:190} INFO - [2025-01-14T12:35:12.584+0000] {dag.py:3239} INFO - Sync 1 DAGs
[2025-01-14T12:35:12.634+0000] {logging_mixin.py:190} INFO - [2025-01-14T12:35:12.633+0000] {dag.py:4180} INFO - Setting next_dagrun for example_branch_python_operator_decorator to 2025-01-13 00:00:00+00:00, run_after=2025-01-14 00:00:00+00:00
[2025-01-14T12:35:12.671+0000] {processor.py:208} INFO - Processing /home/airflow/.local/lib/python3.12/site-packages/airflow/example_dags/example_branch_operator_decorator.py took 0.190 seconds
[2025-01-14T12:35:43.696+0000] {processor.py:186} INFO - Started process (PID=2075) to work on /home/airflow/.local/lib/python3.12/site-packages/airflow/example_dags/example_branch_operator_decorator.py
[2025-01-14T12:35:43.698+0000] {processor.py:914} INFO - Processing file /home/airflow/.local/lib/python3.12/site-packages/airflow/example_dags/example_branch_operator_decorator.py for tasks to queue
[2025-01-14T12:35:43.702+0000] {logging_mixin.py:190} INFO - [2025-01-14T12:35:43.701+0000] {dagbag.py:588} INFO - Filling up the DagBag from /home/airflow/.local/lib/python3.12/site-packages/airflow/example_dags/example_branch_operator_decorator.py
[2025-01-14T12:35:43.740+0000] {processor.py:925} INFO - DAG(s) 'example_branch_python_operator_decorator' retrieved from /home/airflow/.local/lib/python3.12/site-packages/airflow/example_dags/example_branch_operator_decorator.py
[2025-01-14T12:35:43.784+0000] {logging_mixin.py:190} INFO - [2025-01-14T12:35:43.784+0000] {dag.py:3239} INFO - Sync 1 DAGs
[2025-01-14T12:35:43.835+0000] {logging_mixin.py:190} INFO - [2025-01-14T12:35:43.834+0000] {dag.py:4180} INFO - Setting next_dagrun for example_branch_python_operator_decorator to 2025-01-13 00:00:00+00:00, run_after=2025-01-14 00:00:00+00:00
[2025-01-14T12:35:43.881+0000] {processor.py:208} INFO - Processing /home/airflow/.local/lib/python3.12/site-packages/airflow/example_dags/example_branch_operator_decorator.py took 0.203 seconds
[2025-01-14T12:36:14.680+0000] {processor.py:186} INFO - Started process (PID=2373) to work on /home/airflow/.local/lib/python3.12/site-packages/airflow/example_dags/example_branch_operator_decorator.py
[2025-01-14T12:36:14.682+0000] {processor.py:914} INFO - Processing file /home/airflow/.local/lib/python3.12/site-packages/airflow/example_dags/example_branch_operator_decorator.py for tasks to queue
[2025-01-14T12:36:14.685+0000] {logging_mixin.py:190} INFO - [2025-01-14T12:36:14.685+0000] {dagbag.py:588} INFO - Filling up the DagBag from /home/airflow/.local/lib/python3.12/site-packages/airflow/example_dags/example_branch_operator_decorator.py
[2025-01-14T12:36:14.717+0000] {processor.py:925} INFO - DAG(s) 'example_branch_python_operator_decorator' retrieved from /home/airflow/.local/lib/python3.12/site-packages/airflow/example_dags/example_branch_operator_decorator.py
[2025-01-14T12:36:14.773+0000] {logging_mixin.py:190} INFO - [2025-01-14T12:36:14.773+0000] {dag.py:3239} INFO - Sync 1 DAGs
[2025-01-14T12:36:14.818+0000] {logging_mixin.py:190} INFO - [2025-01-14T12:36:14.818+0000] {dag.py:4180} INFO - Setting next_dagrun for example_branch_python_operator_decorator to 2025-01-13 00:00:00+00:00, run_after=2025-01-14 00:00:00+00:00
[2025-01-14T12:36:14.856+0000] {processor.py:208} INFO - Processing /home/airflow/.local/lib/python3.12/site-packages/airflow/example_dags/example_branch_operator_decorator.py took 0.185 seconds
[2025-01-14T12:36:45.881+0000] {processor.py:186} INFO - Started process (PID=2669) to work on /home/airflow/.local/lib/python3.12/site-packages/airflow/example_dags/example_branch_operator_decorator.py
[2025-01-14T12:36:45.883+0000] {processor.py:914} INFO - Processing file /home/airflow/.local/lib/python3.12/site-packages/airflow/example_dags/example_branch_operator_decorator.py for tasks to queue
[2025-01-14T12:36:45.890+0000] {logging_mixin.py:190} INFO - [2025-01-14T12:36:45.889+0000] {dagbag.py:588} INFO - Filling up the DagBag from /home/airflow/.local/lib/python3.12/site-packages/airflow/example_dags/example_branch_operator_decorator.py
[2025-01-14T12:36:45.925+0000] {processor.py:925} INFO - DAG(s) 'example_branch_python_operator_decorator' retrieved from /home/airflow/.local/lib/python3.12/site-packages/airflow/example_dags/example_branch_operator_decorator.py
[2025-01-14T12:36:45.982+0000] {logging_mixin.py:190} INFO - [2025-01-14T12:36:45.982+0000] {dag.py:3239} INFO - Sync 1 DAGs
[2025-01-14T12:36:46.028+0000] {logging_mixin.py:190} INFO - [2025-01-14T12:36:46.028+0000] {dag.py:4180} INFO - Setting next_dagrun for example_branch_python_operator_decorator to 2025-01-13 00:00:00+00:00, run_after=2025-01-14 00:00:00+00:00
[2025-01-14T12:36:46.069+0000] {processor.py:208} INFO - Processing /home/airflow/.local/lib/python3.12/site-packages/airflow/example_dags/example_branch_operator_decorator.py took 0.198 seconds
[2025-01-14T12:37:16.764+0000] {processor.py:186} INFO - Started process (PID=2963) to work on /home/airflow/.local/lib/python3.12/site-packages/airflow/example_dags/example_branch_operator_decorator.py
[2025-01-14T12:37:16.766+0000] {processor.py:914} INFO - Processing file /home/airflow/.local/lib/python3.12/site-packages/airflow/example_dags/example_branch_operator_decorator.py for tasks to queue
[2025-01-14T12:37:16.772+0000] {logging_mixin.py:190} INFO - [2025-01-14T12:37:16.771+0000] {dagbag.py:588} INFO - Filling up the DagBag from /home/airflow/.local/lib/python3.12/site-packages/airflow/example_dags/example_branch_operator_decorator.py
[2025-01-14T12:37:16.808+0000] {processor.py:925} INFO - DAG(s) 'example_branch_python_operator_decorator' retrieved from /home/airflow/.local/lib/python3.12/site-packages/airflow/example_dags/example_branch_operator_decorator.py
[2025-01-14T12:37:16.857+0000] {logging_mixin.py:190} INFO - [2025-01-14T12:37:16.856+0000] {dag.py:3239} INFO - Sync 1 DAGs
[2025-01-14T12:37:16.899+0000] {logging_mixin.py:190} INFO - [2025-01-14T12:37:16.898+0000] {dag.py:4180} INFO - Setting next_dagrun for example_branch_python_operator_decorator to 2025-01-13 00:00:00+00:00, run_after=2025-01-14 00:00:00+00:00
[2025-01-14T12:37:16.938+0000] {processor.py:208} INFO - Processing /home/airflow/.local/lib/python3.12/site-packages/airflow/example_dags/example_branch_operator_decorator.py took 0.183 seconds
[2025-01-14T12:37:47.458+0000] {processor.py:186} INFO - Started process (PID=3261) to work on /home/airflow/.local/lib/python3.12/site-packages/airflow/example_dags/example_branch_operator_decorator.py
[2025-01-14T12:37:47.459+0000] {processor.py:914} INFO - Processing file /home/airflow/.local/lib/python3.12/site-packages/airflow/example_dags/example_branch_operator_decorator.py for tasks to queue
[2025-01-14T12:37:47.463+0000] {logging_mixin.py:190} INFO - [2025-01-14T12:37:47.463+0000] {dagbag.py:588} INFO - Filling up the DagBag from /home/airflow/.local/lib/python3.12/site-packages/airflow/example_dags/example_branch_operator_decorator.py
[2025-01-14T12:37:47.495+0000] {processor.py:925} INFO - DAG(s) 'example_branch_python_operator_decorator' retrieved from /home/airflow/.local/lib/python3.12/site-packages/airflow/example_dags/example_branch_operator_decorator.py
[2025-01-14T12:37:47.538+0000] {logging_mixin.py:190} INFO - [2025-01-14T12:37:47.538+0000] {dag.py:3239} INFO - Sync 1 DAGs
[2025-01-14T12:37:47.577+0000] {logging_mixin.py:190} INFO - [2025-01-14T12:37:47.577+0000] {dag.py:4180} INFO - Setting next_dagrun for example_branch_python_operator_decorator to 2025-01-13 00:00:00+00:00, run_after=2025-01-14 00:00:00+00:00
[2025-01-14T12:37:47.608+0000] {processor.py:208} INFO - Processing /home/airflow/.local/lib/python3.12/site-packages/airflow/example_dags/example_branch_operator_decorator.py took 0.159 seconds
[2025-01-14T12:38:18.659+0000] {processor.py:186} INFO - Started process (PID=3555) to work on /home/airflow/.local/lib/python3.12/site-packages/airflow/example_dags/example_branch_operator_decorator.py
[2025-01-14T12:38:18.662+0000] {processor.py:914} INFO - Processing file /home/airflow/.local/lib/python3.12/site-packages/airflow/example_dags/example_branch_operator_decorator.py for tasks to queue
[2025-01-14T12:38:18.669+0000] {logging_mixin.py:190} INFO - [2025-01-14T12:38:18.668+0000] {dagbag.py:588} INFO - Filling up the DagBag from /home/airflow/.local/lib/python3.12/site-packages/airflow/example_dags/example_branch_operator_decorator.py
[2025-01-14T12:38:18.707+0000] {processor.py:925} INFO - DAG(s) 'example_branch_python_operator_decorator' retrieved from /home/airflow/.local/lib/python3.12/site-packages/airflow/example_dags/example_branch_operator_decorator.py
[2025-01-14T12:38:18.760+0000] {logging_mixin.py:190} INFO - [2025-01-14T12:38:18.759+0000] {dag.py:3239} INFO - Sync 1 DAGs
[2025-01-14T12:38:18.811+0000] {logging_mixin.py:190} INFO - [2025-01-14T12:38:18.811+0000] {dag.py:4180} INFO - Setting next_dagrun for example_branch_python_operator_decorator to 2025-01-13 00:00:00+00:00, run_after=2025-01-14 00:00:00+00:00
[2025-01-14T12:38:18.865+0000] {processor.py:208} INFO - Processing /home/airflow/.local/lib/python3.12/site-packages/airflow/example_dags/example_branch_operator_decorator.py took 0.218 seconds
[2025-01-14T12:38:49.314+0000] {processor.py:186} INFO - Started process (PID=3851) to work on /home/airflow/.local/lib/python3.12/site-packages/airflow/example_dags/example_branch_operator_decorator.py
[2025-01-14T12:38:49.315+0000] {processor.py:914} INFO - Processing file /home/airflow/.local/lib/python3.12/site-packages/airflow/example_dags/example_branch_operator_decorator.py for tasks to queue
[2025-01-14T12:38:49.321+0000] {logging_mixin.py:190} INFO - [2025-01-14T12:38:49.321+0000] {dagbag.py:588} INFO - Filling up the DagBag from /home/airflow/.local/lib/python3.12/site-packages/airflow/example_dags/example_branch_operator_decorator.py
[2025-01-14T12:38:49.354+0000] {processor.py:925} INFO - DAG(s) 'example_branch_python_operator_decorator' retrieved from /home/airflow/.local/lib/python3.12/site-packages/airflow/example_dags/example_branch_operator_decorator.py
[2025-01-14T12:38:49.403+0000] {logging_mixin.py:190} INFO - [2025-01-14T12:38:49.402+0000] {dag.py:3239} INFO - Sync 1 DAGs
[2025-01-14T12:38:49.454+0000] {logging_mixin.py:190} INFO - [2025-01-14T12:38:49.454+0000] {dag.py:4180} INFO - Setting next_dagrun for example_branch_python_operator_decorator to 2025-01-13 00:00:00+00:00, run_after=2025-01-14 00:00:00+00:00
[2025-01-14T12:38:49.488+0000] {processor.py:208} INFO - Processing /home/airflow/.local/lib/python3.12/site-packages/airflow/example_dags/example_branch_operator_decorator.py took 0.183 seconds
[2025-01-14T12:39:20.444+0000] {processor.py:186} INFO - Started process (PID=4149) to work on /home/airflow/.local/lib/python3.12/site-packages/airflow/example_dags/example_branch_operator_decorator.py
[2025-01-14T12:39:20.447+0000] {processor.py:914} INFO - Processing file /home/airflow/.local/lib/python3.12/site-packages/airflow/example_dags/example_branch_operator_decorator.py for tasks to queue
[2025-01-14T12:39:20.454+0000] {logging_mixin.py:190} INFO - [2025-01-14T12:39:20.453+0000] {dagbag.py:588} INFO - Filling up the DagBag from /home/airflow/.local/lib/python3.12/site-packages/airflow/example_dags/example_branch_operator_decorator.py
[2025-01-14T12:39:20.490+0000] {processor.py:925} INFO - DAG(s) 'example_branch_python_operator_decorator' retrieved from /home/airflow/.local/lib/python3.12/site-packages/airflow/example_dags/example_branch_operator_decorator.py
[2025-01-14T12:39:20.543+0000] {logging_mixin.py:190} INFO - [2025-01-14T12:39:20.542+0000] {dag.py:3239} INFO - Sync 1 DAGs
[2025-01-14T12:39:20.599+0000] {logging_mixin.py:190} INFO - [2025-01-14T12:39:20.599+0000] {dag.py:4180} INFO - Setting next_dagrun for example_branch_python_operator_decorator to 2025-01-13 00:00:00+00:00, run_after=2025-01-14 00:00:00+00:00
[2025-01-14T12:39:20.628+0000] {processor.py:208} INFO - Processing /home/airflow/.local/lib/python3.12/site-packages/airflow/example_dags/example_branch_operator_decorator.py took 0.193 seconds
[2025-01-14T12:39:51.265+0000] {processor.py:186} INFO - Started process (PID=4443) to work on /home/airflow/.local/lib/python3.12/site-packages/airflow/example_dags/example_branch_operator_decorator.py
[2025-01-14T12:39:51.267+0000] {processor.py:914} INFO - Processing file /home/airflow/.local/lib/python3.12/site-packages/airflow/example_dags/example_branch_operator_decorator.py for tasks to queue
[2025-01-14T12:39:51.274+0000] {logging_mixin.py:190} INFO - [2025-01-14T12:39:51.273+0000] {dagbag.py:588} INFO - Filling up the DagBag from /home/airflow/.local/lib/python3.12/site-packages/airflow/example_dags/example_branch_operator_decorator.py
[2025-01-14T12:39:51.313+0000] {processor.py:925} INFO - DAG(s) 'example_branch_python_operator_decorator' retrieved from /home/airflow/.local/lib/python3.12/site-packages/airflow/example_dags/example_branch_operator_decorator.py
[2025-01-14T12:39:51.368+0000] {logging_mixin.py:190} INFO - [2025-01-14T12:39:51.368+0000] {dag.py:3239} INFO - Sync 1 DAGs
[2025-01-14T12:39:51.414+0000] {logging_mixin.py:190} INFO - [2025-01-14T12:39:51.413+0000] {dag.py:4180} INFO - Setting next_dagrun for example_branch_python_operator_decorator to 2025-01-13 00:00:00+00:00, run_after=2025-01-14 00:00:00+00:00
[2025-01-14T12:39:51.457+0000] {processor.py:208} INFO - Processing /home/airflow/.local/lib/python3.12/site-packages/airflow/example_dags/example_branch_operator_decorator.py took 0.202 seconds
[2025-01-14T12:40:21.992+0000] {processor.py:186} INFO - Started process (PID=4739) to work on /home/airflow/.local/lib/python3.12/site-packages/airflow/example_dags/example_branch_operator_decorator.py
[2025-01-14T12:40:21.994+0000] {processor.py:914} INFO - Processing file /home/airflow/.local/lib/python3.12/site-packages/airflow/example_dags/example_branch_operator_decorator.py for tasks to queue
[2025-01-14T12:40:22.001+0000] {logging_mixin.py:190} INFO - [2025-01-14T12:40:22.000+0000] {dagbag.py:588} INFO - Filling up the DagBag from /home/airflow/.local/lib/python3.12/site-packages/airflow/example_dags/example_branch_operator_decorator.py
[2025-01-14T12:40:22.039+0000] {processor.py:925} INFO - DAG(s) 'example_branch_python_operator_decorator' retrieved from /home/airflow/.local/lib/python3.12/site-packages/airflow/example_dags/example_branch_operator_decorator.py
[2025-01-14T12:40:22.092+0000] {logging_mixin.py:190} INFO - [2025-01-14T12:40:22.091+0000] {dag.py:3239} INFO - Sync 1 DAGs
[2025-01-14T12:40:22.129+0000] {logging_mixin.py:190} INFO - [2025-01-14T12:40:22.128+0000] {dag.py:4180} INFO - Setting next_dagrun for example_branch_python_operator_decorator to 2025-01-13 00:00:00+00:00, run_after=2025-01-14 00:00:00+00:00
[2025-01-14T12:40:22.172+0000] {processor.py:208} INFO - Processing /home/airflow/.local/lib/python3.12/site-packages/airflow/example_dags/example_branch_operator_decorator.py took 0.192 seconds
[2025-01-14T12:40:53.302+0000] {processor.py:186} INFO - Started process (PID=5035) to work on /home/airflow/.local/lib/python3.12/site-packages/airflow/example_dags/example_branch_operator_decorator.py
[2025-01-14T12:40:53.303+0000] {processor.py:914} INFO - Processing file /home/airflow/.local/lib/python3.12/site-packages/airflow/example_dags/example_branch_operator_decorator.py for tasks to queue
[2025-01-14T12:40:53.307+0000] {logging_mixin.py:190} INFO - [2025-01-14T12:40:53.306+0000] {dagbag.py:588} INFO - Filling up the DagBag from /home/airflow/.local/lib/python3.12/site-packages/airflow/example_dags/example_branch_operator_decorator.py
[2025-01-14T12:40:53.342+0000] {processor.py:925} INFO - DAG(s) 'example_branch_python_operator_decorator' retrieved from /home/airflow/.local/lib/python3.12/site-packages/airflow/example_dags/example_branch_operator_decorator.py
[2025-01-14T12:40:53.423+0000] {logging_mixin.py:190} INFO - [2025-01-14T12:40:53.422+0000] {dag.py:3239} INFO - Sync 1 DAGs
[2025-01-14T12:40:53.466+0000] {logging_mixin.py:190} INFO - [2025-01-14T12:40:53.466+0000] {dag.py:4180} INFO - Setting next_dagrun for example_branch_python_operator_decorator to 2025-01-13 00:00:00+00:00, run_after=2025-01-14 00:00:00+00:00
[2025-01-14T12:40:53.504+0000] {processor.py:208} INFO - Processing /home/airflow/.local/lib/python3.12/site-packages/airflow/example_dags/example_branch_operator_decorator.py took 0.211 seconds
[2025-01-14T12:41:24.534+0000] {processor.py:186} INFO - Started process (PID=5331) to work on /home/airflow/.local/lib/python3.12/site-packages/airflow/example_dags/example_branch_operator_decorator.py
[2025-01-14T12:41:24.536+0000] {processor.py:914} INFO - Processing file /home/airflow/.local/lib/python3.12/site-packages/airflow/example_dags/example_branch_operator_decorator.py for tasks to queue
[2025-01-14T12:41:24.540+0000] {logging_mixin.py:190} INFO - [2025-01-14T12:41:24.540+0000] {dagbag.py:588} INFO - Filling up the DagBag from /home/airflow/.local/lib/python3.12/site-packages/airflow/example_dags/example_branch_operator_decorator.py
[2025-01-14T12:41:24.588+0000] {processor.py:925} INFO - DAG(s) 'example_branch_python_operator_decorator' retrieved from /home/airflow/.local/lib/python3.12/site-packages/airflow/example_dags/example_branch_operator_decorator.py
[2025-01-14T12:41:24.642+0000] {logging_mixin.py:190} INFO - [2025-01-14T12:41:24.642+0000] {dag.py:3239} INFO - Sync 1 DAGs
[2025-01-14T12:41:24.682+0000] {logging_mixin.py:190} INFO - [2025-01-14T12:41:24.681+0000] {dag.py:4180} INFO - Setting next_dagrun for example_branch_python_operator_decorator to 2025-01-13 00:00:00+00:00, run_after=2025-01-14 00:00:00+00:00
[2025-01-14T12:41:24.719+0000] {processor.py:208} INFO - Processing /home/airflow/.local/lib/python3.12/site-packages/airflow/example_dags/example_branch_operator_decorator.py took 0.196 seconds
[2025-01-14T13:19:52.521+0000] {processor.py:186} INFO - Started process (PID=282) to work on /home/airflow/.local/lib/python3.12/site-packages/airflow/example_dags/example_branch_operator_decorator.py
[2025-01-14T13:19:52.523+0000] {processor.py:914} INFO - Processing file /home/airflow/.local/lib/python3.12/site-packages/airflow/example_dags/example_branch_operator_decorator.py for tasks to queue
[2025-01-14T13:19:52.533+0000] {logging_mixin.py:190} INFO - [2025-01-14T13:19:52.530+0000] {dagbag.py:588} INFO - Filling up the DagBag from /home/airflow/.local/lib/python3.12/site-packages/airflow/example_dags/example_branch_operator_decorator.py
[2025-01-14T13:19:52.573+0000] {processor.py:925} INFO - DAG(s) 'example_branch_python_operator_decorator' retrieved from /home/airflow/.local/lib/python3.12/site-packages/airflow/example_dags/example_branch_operator_decorator.py
[2025-01-14T13:19:53.022+0000] {logging_mixin.py:190} INFO - [2025-01-14T13:19:53.021+0000] {override.py:1911} INFO - Created Permission View: can delete on DAG:example_branch_python_operator_decorator
[2025-01-14T13:19:53.046+0000] {logging_mixin.py:190} INFO - [2025-01-14T13:19:53.046+0000] {override.py:1911} INFO - Created Permission View: can edit on DAG:example_branch_python_operator_decorator
[2025-01-14T13:19:53.057+0000] {logging_mixin.py:190} INFO - [2025-01-14T13:19:53.057+0000] {override.py:1911} INFO - Created Permission View: can read on DAG:example_branch_python_operator_decorator
[2025-01-14T13:19:53.072+0000] {logging_mixin.py:190} INFO - [2025-01-14T13:19:53.072+0000] {override.py:1911} INFO - Created Permission View: can create on DAG Run:example_branch_python_operator_decorator
[2025-01-14T13:19:53.090+0000] {logging_mixin.py:190} INFO - [2025-01-14T13:19:53.090+0000] {override.py:1911} INFO - Created Permission View: can delete on DAG Run:example_branch_python_operator_decorator
[2025-01-14T13:19:53.107+0000] {logging_mixin.py:190} INFO - [2025-01-14T13:19:53.106+0000] {override.py:1911} INFO - Created Permission View: menu access on DAG Run:example_branch_python_operator_decorator
[2025-01-14T13:19:53.123+0000] {logging_mixin.py:190} INFO - [2025-01-14T13:19:53.122+0000] {override.py:1911} INFO - Created Permission View: can read on DAG Run:example_branch_python_operator_decorator
[2025-01-14T13:19:53.124+0000] {logging_mixin.py:190} INFO - [2025-01-14T13:19:53.124+0000] {dag.py:3239} INFO - Sync 1 DAGs
[2025-01-14T13:19:53.161+0000] {logging_mixin.py:190} INFO - [2025-01-14T13:19:53.160+0000] {dag.py:3262} INFO - Creating ORM DAG for example_branch_python_operator_decorator
[2025-01-14T13:19:53.188+0000] {logging_mixin.py:190} INFO - [2025-01-14T13:19:53.188+0000] {dag.py:4180} INFO - Setting next_dagrun for example_branch_python_operator_decorator to 2025-01-13 00:00:00+00:00, run_after=2025-01-14 00:00:00+00:00
[2025-01-14T13:19:53.227+0000] {processor.py:208} INFO - Processing /home/airflow/.local/lib/python3.12/site-packages/airflow/example_dags/example_branch_operator_decorator.py took 0.715 seconds
[2025-01-14T13:20:23.715+0000] {processor.py:186} INFO - Started process (PID=578) to work on /home/airflow/.local/lib/python3.12/site-packages/airflow/example_dags/example_branch_operator_decorator.py
[2025-01-14T13:20:23.717+0000] {processor.py:914} INFO - Processing file /home/airflow/.local/lib/python3.12/site-packages/airflow/example_dags/example_branch_operator_decorator.py for tasks to queue
[2025-01-14T13:20:23.723+0000] {logging_mixin.py:190} INFO - [2025-01-14T13:20:23.723+0000] {dagbag.py:588} INFO - Filling up the DagBag from /home/airflow/.local/lib/python3.12/site-packages/airflow/example_dags/example_branch_operator_decorator.py
[2025-01-14T13:20:23.758+0000] {processor.py:925} INFO - DAG(s) 'example_branch_python_operator_decorator' retrieved from /home/airflow/.local/lib/python3.12/site-packages/airflow/example_dags/example_branch_operator_decorator.py
[2025-01-14T13:20:23.808+0000] {logging_mixin.py:190} INFO - [2025-01-14T13:20:23.807+0000] {dag.py:3239} INFO - Sync 1 DAGs
[2025-01-14T13:20:23.847+0000] {logging_mixin.py:190} INFO - [2025-01-14T13:20:23.846+0000] {dag.py:4180} INFO - Setting next_dagrun for example_branch_python_operator_decorator to 2025-01-13 00:00:00+00:00, run_after=2025-01-14 00:00:00+00:00
[2025-01-14T13:20:23.887+0000] {processor.py:208} INFO - Processing /home/airflow/.local/lib/python3.12/site-packages/airflow/example_dags/example_branch_operator_decorator.py took 0.182 seconds
[2025-01-14T13:20:54.085+0000] {processor.py:186} INFO - Started process (PID=874) to work on /home/airflow/.local/lib/python3.12/site-packages/airflow/example_dags/example_branch_operator_decorator.py
[2025-01-14T13:20:54.089+0000] {processor.py:914} INFO - Processing file /home/airflow/.local/lib/python3.12/site-packages/airflow/example_dags/example_branch_operator_decorator.py for tasks to queue
[2025-01-14T13:20:54.097+0000] {logging_mixin.py:190} INFO - [2025-01-14T13:20:54.096+0000] {dagbag.py:588} INFO - Filling up the DagBag from /home/airflow/.local/lib/python3.12/site-packages/airflow/example_dags/example_branch_operator_decorator.py
[2025-01-14T13:20:54.170+0000] {processor.py:925} INFO - DAG(s) 'example_branch_python_operator_decorator' retrieved from /home/airflow/.local/lib/python3.12/site-packages/airflow/example_dags/example_branch_operator_decorator.py
[2025-01-14T13:20:54.250+0000] {logging_mixin.py:190} INFO - [2025-01-14T13:20:54.250+0000] {dag.py:3239} INFO - Sync 1 DAGs
[2025-01-14T13:20:54.306+0000] {logging_mixin.py:190} INFO - [2025-01-14T13:20:54.305+0000] {dag.py:4180} INFO - Setting next_dagrun for example_branch_python_operator_decorator to 2025-01-13 00:00:00+00:00, run_after=2025-01-14 00:00:00+00:00
[2025-01-14T13:20:54.359+0000] {processor.py:208} INFO - Processing /home/airflow/.local/lib/python3.12/site-packages/airflow/example_dags/example_branch_operator_decorator.py took 0.293 seconds
[2025-01-14T13:21:24.899+0000] {processor.py:186} INFO - Started process (PID=1170) to work on /home/airflow/.local/lib/python3.12/site-packages/airflow/example_dags/example_branch_operator_decorator.py
[2025-01-14T13:21:24.901+0000] {processor.py:914} INFO - Processing file /home/airflow/.local/lib/python3.12/site-packages/airflow/example_dags/example_branch_operator_decorator.py for tasks to queue
[2025-01-14T13:21:24.909+0000] {logging_mixin.py:190} INFO - [2025-01-14T13:21:24.908+0000] {dagbag.py:588} INFO - Filling up the DagBag from /home/airflow/.local/lib/python3.12/site-packages/airflow/example_dags/example_branch_operator_decorator.py
[2025-01-14T13:21:24.945+0000] {processor.py:925} INFO - DAG(s) 'example_branch_python_operator_decorator' retrieved from /home/airflow/.local/lib/python3.12/site-packages/airflow/example_dags/example_branch_operator_decorator.py
[2025-01-14T13:21:25.013+0000] {logging_mixin.py:190} INFO - [2025-01-14T13:21:25.013+0000] {dag.py:3239} INFO - Sync 1 DAGs
[2025-01-14T13:21:25.072+0000] {logging_mixin.py:190} INFO - [2025-01-14T13:21:25.071+0000] {dag.py:4180} INFO - Setting next_dagrun for example_branch_python_operator_decorator to 2025-01-13 00:00:00+00:00, run_after=2025-01-14 00:00:00+00:00
[2025-01-14T13:21:25.124+0000] {processor.py:208} INFO - Processing /home/airflow/.local/lib/python3.12/site-packages/airflow/example_dags/example_branch_operator_decorator.py took 0.244 seconds
[2025-01-14T13:21:55.337+0000] {processor.py:186} INFO - Started process (PID=1592) to work on /home/airflow/.local/lib/python3.12/site-packages/airflow/example_dags/example_branch_operator_decorator.py
[2025-01-14T13:21:55.340+0000] {processor.py:914} INFO - Processing file /home/airflow/.local/lib/python3.12/site-packages/airflow/example_dags/example_branch_operator_decorator.py for tasks to queue
[2025-01-14T13:21:55.348+0000] {logging_mixin.py:190} INFO - [2025-01-14T13:21:55.347+0000] {dagbag.py:588} INFO - Filling up the DagBag from /home/airflow/.local/lib/python3.12/site-packages/airflow/example_dags/example_branch_operator_decorator.py
[2025-01-14T13:21:55.399+0000] {processor.py:925} INFO - DAG(s) 'example_branch_python_operator_decorator' retrieved from /home/airflow/.local/lib/python3.12/site-packages/airflow/example_dags/example_branch_operator_decorator.py
[2025-01-14T13:21:55.489+0000] {logging_mixin.py:190} INFO - [2025-01-14T13:21:55.489+0000] {dag.py:3239} INFO - Sync 1 DAGs
[2025-01-14T13:21:55.553+0000] {logging_mixin.py:190} INFO - [2025-01-14T13:21:55.552+0000] {dag.py:4180} INFO - Setting next_dagrun for example_branch_python_operator_decorator to 2025-01-13 00:00:00+00:00, run_after=2025-01-14 00:00:00+00:00
[2025-01-14T13:21:55.592+0000] {processor.py:208} INFO - Processing /home/airflow/.local/lib/python3.12/site-packages/airflow/example_dags/example_branch_operator_decorator.py took 0.266 seconds
[2025-01-14T13:22:25.733+0000] {processor.py:186} INFO - Started process (PID=1888) to work on /home/airflow/.local/lib/python3.12/site-packages/airflow/example_dags/example_branch_operator_decorator.py
[2025-01-14T13:22:25.736+0000] {processor.py:914} INFO - Processing file /home/airflow/.local/lib/python3.12/site-packages/airflow/example_dags/example_branch_operator_decorator.py for tasks to queue
[2025-01-14T13:22:25.742+0000] {logging_mixin.py:190} INFO - [2025-01-14T13:22:25.742+0000] {dagbag.py:588} INFO - Filling up the DagBag from /home/airflow/.local/lib/python3.12/site-packages/airflow/example_dags/example_branch_operator_decorator.py
[2025-01-14T13:22:25.776+0000] {processor.py:925} INFO - DAG(s) 'example_branch_python_operator_decorator' retrieved from /home/airflow/.local/lib/python3.12/site-packages/airflow/example_dags/example_branch_operator_decorator.py
[2025-01-14T13:22:25.824+0000] {logging_mixin.py:190} INFO - [2025-01-14T13:22:25.824+0000] {dag.py:3239} INFO - Sync 1 DAGs
[2025-01-14T13:22:25.885+0000] {logging_mixin.py:190} INFO - [2025-01-14T13:22:25.884+0000] {dag.py:4180} INFO - Setting next_dagrun for example_branch_python_operator_decorator to 2025-01-13 00:00:00+00:00, run_after=2025-01-14 00:00:00+00:00
[2025-01-14T13:22:25.937+0000] {processor.py:208} INFO - Processing /home/airflow/.local/lib/python3.12/site-packages/airflow/example_dags/example_branch_operator_decorator.py took 0.219 seconds
[2025-01-14T13:22:56.789+0000] {processor.py:186} INFO - Started process (PID=2184) to work on /home/airflow/.local/lib/python3.12/site-packages/airflow/example_dags/example_branch_operator_decorator.py
[2025-01-14T13:22:56.791+0000] {processor.py:914} INFO - Processing file /home/airflow/.local/lib/python3.12/site-packages/airflow/example_dags/example_branch_operator_decorator.py for tasks to queue
[2025-01-14T13:22:56.795+0000] {logging_mixin.py:190} INFO - [2025-01-14T13:22:56.794+0000] {dagbag.py:588} INFO - Filling up the DagBag from /home/airflow/.local/lib/python3.12/site-packages/airflow/example_dags/example_branch_operator_decorator.py
[2025-01-14T13:22:56.826+0000] {processor.py:925} INFO - DAG(s) 'example_branch_python_operator_decorator' retrieved from /home/airflow/.local/lib/python3.12/site-packages/airflow/example_dags/example_branch_operator_decorator.py
[2025-01-14T13:22:56.881+0000] {logging_mixin.py:190} INFO - [2025-01-14T13:22:56.881+0000] {dag.py:3239} INFO - Sync 1 DAGs
[2025-01-14T13:22:56.943+0000] {logging_mixin.py:190} INFO - [2025-01-14T13:22:56.943+0000] {dag.py:4180} INFO - Setting next_dagrun for example_branch_python_operator_decorator to 2025-01-13 00:00:00+00:00, run_after=2025-01-14 00:00:00+00:00
[2025-01-14T13:22:56.983+0000] {processor.py:208} INFO - Processing /home/airflow/.local/lib/python3.12/site-packages/airflow/example_dags/example_branch_operator_decorator.py took 0.204 seconds
[2025-01-14T13:23:27.143+0000] {processor.py:186} INFO - Started process (PID=2480) to work on /home/airflow/.local/lib/python3.12/site-packages/airflow/example_dags/example_branch_operator_decorator.py
[2025-01-14T13:23:27.144+0000] {processor.py:914} INFO - Processing file /home/airflow/.local/lib/python3.12/site-packages/airflow/example_dags/example_branch_operator_decorator.py for tasks to queue
[2025-01-14T13:23:27.151+0000] {logging_mixin.py:190} INFO - [2025-01-14T13:23:27.151+0000] {dagbag.py:588} INFO - Filling up the DagBag from /home/airflow/.local/lib/python3.12/site-packages/airflow/example_dags/example_branch_operator_decorator.py
[2025-01-14T13:23:27.201+0000] {processor.py:925} INFO - DAG(s) 'example_branch_python_operator_decorator' retrieved from /home/airflow/.local/lib/python3.12/site-packages/airflow/example_dags/example_branch_operator_decorator.py
[2025-01-14T13:23:27.258+0000] {logging_mixin.py:190} INFO - [2025-01-14T13:23:27.257+0000] {dag.py:3239} INFO - Sync 1 DAGs
[2025-01-14T13:23:27.337+0000] {logging_mixin.py:190} INFO - [2025-01-14T13:23:27.337+0000] {dag.py:4180} INFO - Setting next_dagrun for example_branch_python_operator_decorator to 2025-01-13 00:00:00+00:00, run_after=2025-01-14 00:00:00+00:00
[2025-01-14T13:23:27.379+0000] {processor.py:208} INFO - Processing /home/airflow/.local/lib/python3.12/site-packages/airflow/example_dags/example_branch_operator_decorator.py took 0.257 seconds
[2025-01-14T13:23:57.825+0000] {processor.py:186} INFO - Started process (PID=2775) to work on /home/airflow/.local/lib/python3.12/site-packages/airflow/example_dags/example_branch_operator_decorator.py
[2025-01-14T13:23:57.826+0000] {processor.py:914} INFO - Processing file /home/airflow/.local/lib/python3.12/site-packages/airflow/example_dags/example_branch_operator_decorator.py for tasks to queue
[2025-01-14T13:23:57.838+0000] {logging_mixin.py:190} INFO - [2025-01-14T13:23:57.837+0000] {dagbag.py:588} INFO - Filling up the DagBag from /home/airflow/.local/lib/python3.12/site-packages/airflow/example_dags/example_branch_operator_decorator.py
[2025-01-14T13:23:57.874+0000] {processor.py:925} INFO - DAG(s) 'example_branch_python_operator_decorator' retrieved from /home/airflow/.local/lib/python3.12/site-packages/airflow/example_dags/example_branch_operator_decorator.py
[2025-01-14T13:23:57.937+0000] {logging_mixin.py:190} INFO - [2025-01-14T13:23:57.937+0000] {dag.py:3239} INFO - Sync 1 DAGs
[2025-01-14T13:23:57.993+0000] {logging_mixin.py:190} INFO - [2025-01-14T13:23:57.993+0000] {dag.py:4180} INFO - Setting next_dagrun for example_branch_python_operator_decorator to 2025-01-13 00:00:00+00:00, run_after=2025-01-14 00:00:00+00:00
[2025-01-14T13:23:58.041+0000] {processor.py:208} INFO - Processing /home/airflow/.local/lib/python3.12/site-packages/airflow/example_dags/example_branch_operator_decorator.py took 0.227 seconds
[2025-01-14T13:24:29.018+0000] {processor.py:186} INFO - Started process (PID=3070) to work on /home/airflow/.local/lib/python3.12/site-packages/airflow/example_dags/example_branch_operator_decorator.py
[2025-01-14T13:24:29.020+0000] {processor.py:914} INFO - Processing file /home/airflow/.local/lib/python3.12/site-packages/airflow/example_dags/example_branch_operator_decorator.py for tasks to queue
[2025-01-14T13:24:29.025+0000] {logging_mixin.py:190} INFO - [2025-01-14T13:24:29.024+0000] {dagbag.py:588} INFO - Filling up the DagBag from /home/airflow/.local/lib/python3.12/site-packages/airflow/example_dags/example_branch_operator_decorator.py
[2025-01-14T13:24:29.067+0000] {processor.py:925} INFO - DAG(s) 'example_branch_python_operator_decorator' retrieved from /home/airflow/.local/lib/python3.12/site-packages/airflow/example_dags/example_branch_operator_decorator.py
[2025-01-14T13:24:29.124+0000] {logging_mixin.py:190} INFO - [2025-01-14T13:24:29.124+0000] {dag.py:3239} INFO - Sync 1 DAGs
[2025-01-14T13:24:29.164+0000] {logging_mixin.py:190} INFO - [2025-01-14T13:24:29.163+0000] {dag.py:4180} INFO - Setting next_dagrun for example_branch_python_operator_decorator to 2025-01-13 00:00:00+00:00, run_after=2025-01-14 00:00:00+00:00
[2025-01-14T13:24:29.206+0000] {processor.py:208} INFO - Processing /home/airflow/.local/lib/python3.12/site-packages/airflow/example_dags/example_branch_operator_decorator.py took 0.204 seconds
[2025-01-14T13:25:00.042+0000] {processor.py:186} INFO - Started process (PID=3366) to work on /home/airflow/.local/lib/python3.12/site-packages/airflow/example_dags/example_branch_operator_decorator.py
[2025-01-14T13:25:00.044+0000] {processor.py:914} INFO - Processing file /home/airflow/.local/lib/python3.12/site-packages/airflow/example_dags/example_branch_operator_decorator.py for tasks to queue
[2025-01-14T13:25:00.048+0000] {logging_mixin.py:190} INFO - [2025-01-14T13:25:00.048+0000] {dagbag.py:588} INFO - Filling up the DagBag from /home/airflow/.local/lib/python3.12/site-packages/airflow/example_dags/example_branch_operator_decorator.py
[2025-01-14T13:25:00.104+0000] {processor.py:925} INFO - DAG(s) 'example_branch_python_operator_decorator' retrieved from /home/airflow/.local/lib/python3.12/site-packages/airflow/example_dags/example_branch_operator_decorator.py
[2025-01-14T13:25:00.153+0000] {logging_mixin.py:190} INFO - [2025-01-14T13:25:00.152+0000] {dag.py:3239} INFO - Sync 1 DAGs
[2025-01-14T13:25:00.210+0000] {logging_mixin.py:190} INFO - [2025-01-14T13:25:00.209+0000] {dag.py:4180} INFO - Setting next_dagrun for example_branch_python_operator_decorator to 2025-01-13 00:00:00+00:00, run_after=2025-01-14 00:00:00+00:00
[2025-01-14T13:25:00.252+0000] {processor.py:208} INFO - Processing /home/airflow/.local/lib/python3.12/site-packages/airflow/example_dags/example_branch_operator_decorator.py took 0.230 seconds
[2025-01-14T13:25:30.433+0000] {processor.py:186} INFO - Started process (PID=3661) to work on /home/airflow/.local/lib/python3.12/site-packages/airflow/example_dags/example_branch_operator_decorator.py
[2025-01-14T13:25:30.435+0000] {processor.py:914} INFO - Processing file /home/airflow/.local/lib/python3.12/site-packages/airflow/example_dags/example_branch_operator_decorator.py for tasks to queue
[2025-01-14T13:25:30.443+0000] {logging_mixin.py:190} INFO - [2025-01-14T13:25:30.442+0000] {dagbag.py:588} INFO - Filling up the DagBag from /home/airflow/.local/lib/python3.12/site-packages/airflow/example_dags/example_branch_operator_decorator.py
[2025-01-14T13:25:30.478+0000] {processor.py:925} INFO - DAG(s) 'example_branch_python_operator_decorator' retrieved from /home/airflow/.local/lib/python3.12/site-packages/airflow/example_dags/example_branch_operator_decorator.py
[2025-01-14T13:25:30.537+0000] {logging_mixin.py:190} INFO - [2025-01-14T13:25:30.537+0000] {dag.py:3239} INFO - Sync 1 DAGs
[2025-01-14T13:25:30.595+0000] {logging_mixin.py:190} INFO - [2025-01-14T13:25:30.594+0000] {dag.py:4180} INFO - Setting next_dagrun for example_branch_python_operator_decorator to 2025-01-13 00:00:00+00:00, run_after=2025-01-14 00:00:00+00:00
[2025-01-14T13:25:30.636+0000] {processor.py:208} INFO - Processing /home/airflow/.local/lib/python3.12/site-packages/airflow/example_dags/example_branch_operator_decorator.py took 0.216 seconds
[2025-01-14T13:26:01.293+0000] {processor.py:186} INFO - Started process (PID=3957) to work on /home/airflow/.local/lib/python3.12/site-packages/airflow/example_dags/example_branch_operator_decorator.py
[2025-01-14T13:26:01.295+0000] {processor.py:914} INFO - Processing file /home/airflow/.local/lib/python3.12/site-packages/airflow/example_dags/example_branch_operator_decorator.py for tasks to queue
[2025-01-14T13:26:01.303+0000] {logging_mixin.py:190} INFO - [2025-01-14T13:26:01.302+0000] {dagbag.py:588} INFO - Filling up the DagBag from /home/airflow/.local/lib/python3.12/site-packages/airflow/example_dags/example_branch_operator_decorator.py
[2025-01-14T13:26:01.350+0000] {processor.py:925} INFO - DAG(s) 'example_branch_python_operator_decorator' retrieved from /home/airflow/.local/lib/python3.12/site-packages/airflow/example_dags/example_branch_operator_decorator.py
[2025-01-14T13:26:01.425+0000] {logging_mixin.py:190} INFO - [2025-01-14T13:26:01.424+0000] {dag.py:3239} INFO - Sync 1 DAGs
[2025-01-14T13:26:01.507+0000] {logging_mixin.py:190} INFO - [2025-01-14T13:26:01.507+0000] {dag.py:4180} INFO - Setting next_dagrun for example_branch_python_operator_decorator to 2025-01-13 00:00:00+00:00, run_after=2025-01-14 00:00:00+00:00
[2025-01-14T13:26:01.553+0000] {processor.py:208} INFO - Processing /home/airflow/.local/lib/python3.12/site-packages/airflow/example_dags/example_branch_operator_decorator.py took 0.278 seconds
[2025-01-14T13:26:31.845+0000] {processor.py:186} INFO - Started process (PID=4253) to work on /home/airflow/.local/lib/python3.12/site-packages/airflow/example_dags/example_branch_operator_decorator.py
[2025-01-14T13:26:31.847+0000] {processor.py:914} INFO - Processing file /home/airflow/.local/lib/python3.12/site-packages/airflow/example_dags/example_branch_operator_decorator.py for tasks to queue
[2025-01-14T13:26:31.856+0000] {logging_mixin.py:190} INFO - [2025-01-14T13:26:31.854+0000] {dagbag.py:588} INFO - Filling up the DagBag from /home/airflow/.local/lib/python3.12/site-packages/airflow/example_dags/example_branch_operator_decorator.py
[2025-01-14T13:26:31.912+0000] {processor.py:925} INFO - DAG(s) 'example_branch_python_operator_decorator' retrieved from /home/airflow/.local/lib/python3.12/site-packages/airflow/example_dags/example_branch_operator_decorator.py
[2025-01-14T13:26:31.982+0000] {logging_mixin.py:190} INFO - [2025-01-14T13:26:31.982+0000] {dag.py:3239} INFO - Sync 1 DAGs
[2025-01-14T13:26:32.025+0000] {logging_mixin.py:190} INFO - [2025-01-14T13:26:32.025+0000] {dag.py:4180} INFO - Setting next_dagrun for example_branch_python_operator_decorator to 2025-01-13 00:00:00+00:00, run_after=2025-01-14 00:00:00+00:00
[2025-01-14T13:26:32.086+0000] {processor.py:208} INFO - Processing /home/airflow/.local/lib/python3.12/site-packages/airflow/example_dags/example_branch_operator_decorator.py took 0.255 seconds
[2025-01-14T13:27:02.229+0000] {processor.py:186} INFO - Started process (PID=4546) to work on /home/airflow/.local/lib/python3.12/site-packages/airflow/example_dags/example_branch_operator_decorator.py
[2025-01-14T13:27:02.231+0000] {processor.py:914} INFO - Processing file /home/airflow/.local/lib/python3.12/site-packages/airflow/example_dags/example_branch_operator_decorator.py for tasks to queue
[2025-01-14T13:27:02.239+0000] {logging_mixin.py:190} INFO - [2025-01-14T13:27:02.238+0000] {dagbag.py:588} INFO - Filling up the DagBag from /home/airflow/.local/lib/python3.12/site-packages/airflow/example_dags/example_branch_operator_decorator.py
[2025-01-14T13:27:02.271+0000] {processor.py:925} INFO - DAG(s) 'example_branch_python_operator_decorator' retrieved from /home/airflow/.local/lib/python3.12/site-packages/airflow/example_dags/example_branch_operator_decorator.py
[2025-01-14T13:27:02.324+0000] {logging_mixin.py:190} INFO - [2025-01-14T13:27:02.324+0000] {dag.py:3239} INFO - Sync 1 DAGs
[2025-01-14T13:27:02.390+0000] {logging_mixin.py:190} INFO - [2025-01-14T13:27:02.389+0000] {dag.py:4180} INFO - Setting next_dagrun for example_branch_python_operator_decorator to 2025-01-13 00:00:00+00:00, run_after=2025-01-14 00:00:00+00:00
[2025-01-14T13:27:02.448+0000] {processor.py:208} INFO - Processing /home/airflow/.local/lib/python3.12/site-packages/airflow/example_dags/example_branch_operator_decorator.py took 0.228 seconds
[2025-01-14T13:27:33.252+0000] {processor.py:186} INFO - Started process (PID=4845) to work on /home/airflow/.local/lib/python3.12/site-packages/airflow/example_dags/example_branch_operator_decorator.py
[2025-01-14T13:27:33.253+0000] {processor.py:914} INFO - Processing file /home/airflow/.local/lib/python3.12/site-packages/airflow/example_dags/example_branch_operator_decorator.py for tasks to queue
[2025-01-14T13:27:33.261+0000] {logging_mixin.py:190} INFO - [2025-01-14T13:27:33.260+0000] {dagbag.py:588} INFO - Filling up the DagBag from /home/airflow/.local/lib/python3.12/site-packages/airflow/example_dags/example_branch_operator_decorator.py
[2025-01-14T13:27:33.308+0000] {processor.py:925} INFO - DAG(s) 'example_branch_python_operator_decorator' retrieved from /home/airflow/.local/lib/python3.12/site-packages/airflow/example_dags/example_branch_operator_decorator.py
[2025-01-14T13:27:33.354+0000] {logging_mixin.py:190} INFO - [2025-01-14T13:27:33.354+0000] {dag.py:3239} INFO - Sync 1 DAGs
[2025-01-14T13:27:33.390+0000] {logging_mixin.py:190} INFO - [2025-01-14T13:27:33.389+0000] {dag.py:4180} INFO - Setting next_dagrun for example_branch_python_operator_decorator to 2025-01-13 00:00:00+00:00, run_after=2025-01-14 00:00:00+00:00
[2025-01-14T13:27:33.417+0000] {processor.py:208} INFO - Processing /home/airflow/.local/lib/python3.12/site-packages/airflow/example_dags/example_branch_operator_decorator.py took 0.175 seconds
[2025-01-14T13:28:04.263+0000] {processor.py:186} INFO - Started process (PID=5141) to work on /home/airflow/.local/lib/python3.12/site-packages/airflow/example_dags/example_branch_operator_decorator.py
[2025-01-14T13:28:04.265+0000] {processor.py:914} INFO - Processing file /home/airflow/.local/lib/python3.12/site-packages/airflow/example_dags/example_branch_operator_decorator.py for tasks to queue
[2025-01-14T13:28:04.268+0000] {logging_mixin.py:190} INFO - [2025-01-14T13:28:04.268+0000] {dagbag.py:588} INFO - Filling up the DagBag from /home/airflow/.local/lib/python3.12/site-packages/airflow/example_dags/example_branch_operator_decorator.py
[2025-01-14T13:28:04.301+0000] {processor.py:925} INFO - DAG(s) 'example_branch_python_operator_decorator' retrieved from /home/airflow/.local/lib/python3.12/site-packages/airflow/example_dags/example_branch_operator_decorator.py
[2025-01-14T13:28:04.361+0000] {logging_mixin.py:190} INFO - [2025-01-14T13:28:04.361+0000] {dag.py:3239} INFO - Sync 1 DAGs
[2025-01-14T13:28:04.405+0000] {logging_mixin.py:190} INFO - [2025-01-14T13:28:04.405+0000] {dag.py:4180} INFO - Setting next_dagrun for example_branch_python_operator_decorator to 2025-01-13 00:00:00+00:00, run_after=2025-01-14 00:00:00+00:00
[2025-01-14T13:28:04.439+0000] {processor.py:208} INFO - Processing /home/airflow/.local/lib/python3.12/site-packages/airflow/example_dags/example_branch_operator_decorator.py took 0.185 seconds
[2025-01-14T13:28:34.525+0000] {processor.py:186} INFO - Started process (PID=5434) to work on /home/airflow/.local/lib/python3.12/site-packages/airflow/example_dags/example_branch_operator_decorator.py
[2025-01-14T13:28:34.526+0000] {processor.py:914} INFO - Processing file /home/airflow/.local/lib/python3.12/site-packages/airflow/example_dags/example_branch_operator_decorator.py for tasks to queue
[2025-01-14T13:28:34.530+0000] {logging_mixin.py:190} INFO - [2025-01-14T13:28:34.530+0000] {dagbag.py:588} INFO - Filling up the DagBag from /home/airflow/.local/lib/python3.12/site-packages/airflow/example_dags/example_branch_operator_decorator.py
[2025-01-14T13:28:34.563+0000] {processor.py:925} INFO - DAG(s) 'example_branch_python_operator_decorator' retrieved from /home/airflow/.local/lib/python3.12/site-packages/airflow/example_dags/example_branch_operator_decorator.py
[2025-01-14T13:28:34.613+0000] {logging_mixin.py:190} INFO - [2025-01-14T13:28:34.613+0000] {dag.py:3239} INFO - Sync 1 DAGs
[2025-01-14T13:28:34.651+0000] {logging_mixin.py:190} INFO - [2025-01-14T13:28:34.650+0000] {dag.py:4180} INFO - Setting next_dagrun for example_branch_python_operator_decorator to 2025-01-13 00:00:00+00:00, run_after=2025-01-14 00:00:00+00:00
[2025-01-14T13:28:34.682+0000] {processor.py:208} INFO - Processing /home/airflow/.local/lib/python3.12/site-packages/airflow/example_dags/example_branch_operator_decorator.py took 0.166 seconds
[2025-01-14T13:29:04.811+0000] {processor.py:186} INFO - Started process (PID=5728) to work on /home/airflow/.local/lib/python3.12/site-packages/airflow/example_dags/example_branch_operator_decorator.py
[2025-01-14T13:29:04.813+0000] {processor.py:914} INFO - Processing file /home/airflow/.local/lib/python3.12/site-packages/airflow/example_dags/example_branch_operator_decorator.py for tasks to queue
[2025-01-14T13:29:04.817+0000] {logging_mixin.py:190} INFO - [2025-01-14T13:29:04.816+0000] {dagbag.py:588} INFO - Filling up the DagBag from /home/airflow/.local/lib/python3.12/site-packages/airflow/example_dags/example_branch_operator_decorator.py
[2025-01-14T13:29:04.853+0000] {processor.py:925} INFO - DAG(s) 'example_branch_python_operator_decorator' retrieved from /home/airflow/.local/lib/python3.12/site-packages/airflow/example_dags/example_branch_operator_decorator.py
[2025-01-14T13:29:04.907+0000] {logging_mixin.py:190} INFO - [2025-01-14T13:29:04.907+0000] {dag.py:3239} INFO - Sync 1 DAGs
[2025-01-14T13:29:04.959+0000] {logging_mixin.py:190} INFO - [2025-01-14T13:29:04.958+0000] {dag.py:4180} INFO - Setting next_dagrun for example_branch_python_operator_decorator to 2025-01-13 00:00:00+00:00, run_after=2025-01-14 00:00:00+00:00
[2025-01-14T13:29:04.996+0000] {processor.py:208} INFO - Processing /home/airflow/.local/lib/python3.12/site-packages/airflow/example_dags/example_branch_operator_decorator.py took 0.194 seconds
[2025-01-14T13:29:35.908+0000] {processor.py:186} INFO - Started process (PID=6029) to work on /home/airflow/.local/lib/python3.12/site-packages/airflow/example_dags/example_branch_operator_decorator.py
[2025-01-14T13:29:35.910+0000] {processor.py:914} INFO - Processing file /home/airflow/.local/lib/python3.12/site-packages/airflow/example_dags/example_branch_operator_decorator.py for tasks to queue
[2025-01-14T13:29:35.918+0000] {logging_mixin.py:190} INFO - [2025-01-14T13:29:35.917+0000] {dagbag.py:588} INFO - Filling up the DagBag from /home/airflow/.local/lib/python3.12/site-packages/airflow/example_dags/example_branch_operator_decorator.py
[2025-01-14T13:29:35.962+0000] {processor.py:925} INFO - DAG(s) 'example_branch_python_operator_decorator' retrieved from /home/airflow/.local/lib/python3.12/site-packages/airflow/example_dags/example_branch_operator_decorator.py
[2025-01-14T13:29:36.013+0000] {logging_mixin.py:190} INFO - [2025-01-14T13:29:36.012+0000] {dag.py:3239} INFO - Sync 1 DAGs
[2025-01-14T13:29:36.087+0000] {logging_mixin.py:190} INFO - [2025-01-14T13:29:36.087+0000] {dag.py:4180} INFO - Setting next_dagrun for example_branch_python_operator_decorator to 2025-01-13 00:00:00+00:00, run_after=2025-01-14 00:00:00+00:00
[2025-01-14T13:29:36.126+0000] {processor.py:208} INFO - Processing /home/airflow/.local/lib/python3.12/site-packages/airflow/example_dags/example_branch_operator_decorator.py took 0.227 seconds
[2025-01-14T13:30:06.994+0000] {processor.py:186} INFO - Started process (PID=6330) to work on /home/airflow/.local/lib/python3.12/site-packages/airflow/example_dags/example_branch_operator_decorator.py
[2025-01-14T13:30:06.996+0000] {processor.py:914} INFO - Processing file /home/airflow/.local/lib/python3.12/site-packages/airflow/example_dags/example_branch_operator_decorator.py for tasks to queue
[2025-01-14T13:30:06.999+0000] {logging_mixin.py:190} INFO - [2025-01-14T13:30:06.999+0000] {dagbag.py:588} INFO - Filling up the DagBag from /home/airflow/.local/lib/python3.12/site-packages/airflow/example_dags/example_branch_operator_decorator.py
[2025-01-14T13:30:07.051+0000] {processor.py:925} INFO - DAG(s) 'example_branch_python_operator_decorator' retrieved from /home/airflow/.local/lib/python3.12/site-packages/airflow/example_dags/example_branch_operator_decorator.py
[2025-01-14T13:30:07.099+0000] {logging_mixin.py:190} INFO - [2025-01-14T13:30:07.099+0000] {dag.py:3239} INFO - Sync 1 DAGs
[2025-01-14T13:30:07.143+0000] {logging_mixin.py:190} INFO - [2025-01-14T13:30:07.142+0000] {dag.py:4180} INFO - Setting next_dagrun for example_branch_python_operator_decorator to 2025-01-13 00:00:00+00:00, run_after=2025-01-14 00:00:00+00:00
[2025-01-14T13:30:07.183+0000] {processor.py:208} INFO - Processing /home/airflow/.local/lib/python3.12/site-packages/airflow/example_dags/example_branch_operator_decorator.py took 0.204 seconds
[2025-01-14T13:30:37.925+0000] {processor.py:186} INFO - Started process (PID=6631) to work on /home/airflow/.local/lib/python3.12/site-packages/airflow/example_dags/example_branch_operator_decorator.py
[2025-01-14T13:30:37.927+0000] {processor.py:914} INFO - Processing file /home/airflow/.local/lib/python3.12/site-packages/airflow/example_dags/example_branch_operator_decorator.py for tasks to queue
[2025-01-14T13:30:37.933+0000] {logging_mixin.py:190} INFO - [2025-01-14T13:30:37.933+0000] {dagbag.py:588} INFO - Filling up the DagBag from /home/airflow/.local/lib/python3.12/site-packages/airflow/example_dags/example_branch_operator_decorator.py
[2025-01-14T13:30:37.993+0000] {processor.py:925} INFO - DAG(s) 'example_branch_python_operator_decorator' retrieved from /home/airflow/.local/lib/python3.12/site-packages/airflow/example_dags/example_branch_operator_decorator.py
[2025-01-14T13:30:38.050+0000] {logging_mixin.py:190} INFO - [2025-01-14T13:30:38.050+0000] {dag.py:3239} INFO - Sync 1 DAGs
[2025-01-14T13:30:38.093+0000] {logging_mixin.py:190} INFO - [2025-01-14T13:30:38.093+0000] {dag.py:4180} INFO - Setting next_dagrun for example_branch_python_operator_decorator to 2025-01-13 00:00:00+00:00, run_after=2025-01-14 00:00:00+00:00
[2025-01-14T13:30:38.130+0000] {processor.py:208} INFO - Processing /home/airflow/.local/lib/python3.12/site-packages/airflow/example_dags/example_branch_operator_decorator.py took 0.214 seconds
[2025-01-14T13:31:08.910+0000] {processor.py:186} INFO - Started process (PID=6929) to work on /home/airflow/.local/lib/python3.12/site-packages/airflow/example_dags/example_branch_operator_decorator.py
[2025-01-14T13:31:08.911+0000] {processor.py:914} INFO - Processing file /home/airflow/.local/lib/python3.12/site-packages/airflow/example_dags/example_branch_operator_decorator.py for tasks to queue
[2025-01-14T13:31:08.914+0000] {logging_mixin.py:190} INFO - [2025-01-14T13:31:08.914+0000] {dagbag.py:588} INFO - Filling up the DagBag from /home/airflow/.local/lib/python3.12/site-packages/airflow/example_dags/example_branch_operator_decorator.py
[2025-01-14T13:31:08.948+0000] {processor.py:925} INFO - DAG(s) 'example_branch_python_operator_decorator' retrieved from /home/airflow/.local/lib/python3.12/site-packages/airflow/example_dags/example_branch_operator_decorator.py
[2025-01-14T13:31:08.998+0000] {logging_mixin.py:190} INFO - [2025-01-14T13:31:08.997+0000] {dag.py:3239} INFO - Sync 1 DAGs
[2025-01-14T13:31:09.066+0000] {logging_mixin.py:190} INFO - [2025-01-14T13:31:09.066+0000] {dag.py:4180} INFO - Setting next_dagrun for example_branch_python_operator_decorator to 2025-01-13 00:00:00+00:00, run_after=2025-01-14 00:00:00+00:00
[2025-01-14T13:31:09.105+0000] {processor.py:208} INFO - Processing /home/airflow/.local/lib/python3.12/site-packages/airflow/example_dags/example_branch_operator_decorator.py took 0.205 seconds
[2025-01-14T13:31:39.239+0000] {processor.py:186} INFO - Started process (PID=7230) to work on /home/airflow/.local/lib/python3.12/site-packages/airflow/example_dags/example_branch_operator_decorator.py
[2025-01-14T13:31:39.241+0000] {processor.py:914} INFO - Processing file /home/airflow/.local/lib/python3.12/site-packages/airflow/example_dags/example_branch_operator_decorator.py for tasks to queue
[2025-01-14T13:31:39.246+0000] {logging_mixin.py:190} INFO - [2025-01-14T13:31:39.245+0000] {dagbag.py:588} INFO - Filling up the DagBag from /home/airflow/.local/lib/python3.12/site-packages/airflow/example_dags/example_branch_operator_decorator.py
[2025-01-14T13:31:39.301+0000] {processor.py:925} INFO - DAG(s) 'example_branch_python_operator_decorator' retrieved from /home/airflow/.local/lib/python3.12/site-packages/airflow/example_dags/example_branch_operator_decorator.py
[2025-01-14T13:31:39.376+0000] {logging_mixin.py:190} INFO - [2025-01-14T13:31:39.375+0000] {dag.py:3239} INFO - Sync 1 DAGs
[2025-01-14T13:31:39.439+0000] {logging_mixin.py:190} INFO - [2025-01-14T13:31:39.438+0000] {dag.py:4180} INFO - Setting next_dagrun for example_branch_python_operator_decorator to 2025-01-13 00:00:00+00:00, run_after=2025-01-14 00:00:00+00:00
[2025-01-14T13:31:39.487+0000] {processor.py:208} INFO - Processing /home/airflow/.local/lib/python3.12/site-packages/airflow/example_dags/example_branch_operator_decorator.py took 0.270 seconds
[2025-01-14T13:32:11.118+0000] {processor.py:186} INFO - Started process (PID=7565) to work on /home/airflow/.local/lib/python3.12/site-packages/airflow/example_dags/example_branch_operator_decorator.py
[2025-01-14T13:32:11.120+0000] {processor.py:914} INFO - Processing file /home/airflow/.local/lib/python3.12/site-packages/airflow/example_dags/example_branch_operator_decorator.py for tasks to queue
[2025-01-14T13:32:11.129+0000] {logging_mixin.py:190} INFO - [2025-01-14T13:32:11.127+0000] {dagbag.py:588} INFO - Filling up the DagBag from /home/airflow/.local/lib/python3.12/site-packages/airflow/example_dags/example_branch_operator_decorator.py
[2025-01-14T13:32:11.178+0000] {processor.py:925} INFO - DAG(s) 'example_branch_python_operator_decorator' retrieved from /home/airflow/.local/lib/python3.12/site-packages/airflow/example_dags/example_branch_operator_decorator.py
[2025-01-14T13:32:11.237+0000] {logging_mixin.py:190} INFO - [2025-01-14T13:32:11.237+0000] {dag.py:3239} INFO - Sync 1 DAGs
[2025-01-14T13:32:11.279+0000] {logging_mixin.py:190} INFO - [2025-01-14T13:32:11.278+0000] {dag.py:4180} INFO - Setting next_dagrun for example_branch_python_operator_decorator to 2025-01-13 00:00:00+00:00, run_after=2025-01-14 00:00:00+00:00
[2025-01-14T13:32:11.321+0000] {processor.py:208} INFO - Processing /home/airflow/.local/lib/python3.12/site-packages/airflow/example_dags/example_branch_operator_decorator.py took 0.222 seconds
[2025-01-14T13:32:42.169+0000] {processor.py:186} INFO - Started process (PID=7866) to work on /home/airflow/.local/lib/python3.12/site-packages/airflow/example_dags/example_branch_operator_decorator.py
[2025-01-14T13:32:42.171+0000] {processor.py:914} INFO - Processing file /home/airflow/.local/lib/python3.12/site-packages/airflow/example_dags/example_branch_operator_decorator.py for tasks to queue
[2025-01-14T13:32:42.175+0000] {logging_mixin.py:190} INFO - [2025-01-14T13:32:42.174+0000] {dagbag.py:588} INFO - Filling up the DagBag from /home/airflow/.local/lib/python3.12/site-packages/airflow/example_dags/example_branch_operator_decorator.py
[2025-01-14T13:32:42.208+0000] {processor.py:925} INFO - DAG(s) 'example_branch_python_operator_decorator' retrieved from /home/airflow/.local/lib/python3.12/site-packages/airflow/example_dags/example_branch_operator_decorator.py
[2025-01-14T13:32:42.258+0000] {logging_mixin.py:190} INFO - [2025-01-14T13:32:42.258+0000] {dag.py:3239} INFO - Sync 1 DAGs
[2025-01-14T13:32:42.325+0000] {logging_mixin.py:190} INFO - [2025-01-14T13:32:42.325+0000] {dag.py:4180} INFO - Setting next_dagrun for example_branch_python_operator_decorator to 2025-01-13 00:00:00+00:00, run_after=2025-01-14 00:00:00+00:00
[2025-01-14T13:32:42.379+0000] {processor.py:208} INFO - Processing /home/airflow/.local/lib/python3.12/site-packages/airflow/example_dags/example_branch_operator_decorator.py took 0.220 seconds
[2025-01-14T13:33:12.582+0000] {processor.py:186} INFO - Started process (PID=8179) to work on /home/airflow/.local/lib/python3.12/site-packages/airflow/example_dags/example_branch_operator_decorator.py
[2025-01-14T13:33:12.584+0000] {processor.py:914} INFO - Processing file /home/airflow/.local/lib/python3.12/site-packages/airflow/example_dags/example_branch_operator_decorator.py for tasks to queue
[2025-01-14T13:33:12.587+0000] {logging_mixin.py:190} INFO - [2025-01-14T13:33:12.587+0000] {dagbag.py:588} INFO - Filling up the DagBag from /home/airflow/.local/lib/python3.12/site-packages/airflow/example_dags/example_branch_operator_decorator.py
[2025-01-14T13:33:12.621+0000] {processor.py:925} INFO - DAG(s) 'example_branch_python_operator_decorator' retrieved from /home/airflow/.local/lib/python3.12/site-packages/airflow/example_dags/example_branch_operator_decorator.py
[2025-01-14T13:33:12.690+0000] {logging_mixin.py:190} INFO - [2025-01-14T13:33:12.689+0000] {dag.py:3239} INFO - Sync 1 DAGs
[2025-01-14T13:33:12.743+0000] {logging_mixin.py:190} INFO - [2025-01-14T13:33:12.743+0000] {dag.py:4180} INFO - Setting next_dagrun for example_branch_python_operator_decorator to 2025-01-13 00:00:00+00:00, run_after=2025-01-14 00:00:00+00:00
[2025-01-14T13:33:12.787+0000] {processor.py:208} INFO - Processing /home/airflow/.local/lib/python3.12/site-packages/airflow/example_dags/example_branch_operator_decorator.py took 0.219 seconds
[2025-01-14T13:33:43.341+0000] {processor.py:186} INFO - Started process (PID=8475) to work on /home/airflow/.local/lib/python3.12/site-packages/airflow/example_dags/example_branch_operator_decorator.py
[2025-01-14T13:33:43.343+0000] {processor.py:914} INFO - Processing file /home/airflow/.local/lib/python3.12/site-packages/airflow/example_dags/example_branch_operator_decorator.py for tasks to queue
[2025-01-14T13:33:43.349+0000] {logging_mixin.py:190} INFO - [2025-01-14T13:33:43.349+0000] {dagbag.py:588} INFO - Filling up the DagBag from /home/airflow/.local/lib/python3.12/site-packages/airflow/example_dags/example_branch_operator_decorator.py
[2025-01-14T13:33:43.402+0000] {processor.py:925} INFO - DAG(s) 'example_branch_python_operator_decorator' retrieved from /home/airflow/.local/lib/python3.12/site-packages/airflow/example_dags/example_branch_operator_decorator.py
[2025-01-14T13:33:43.451+0000] {logging_mixin.py:190} INFO - [2025-01-14T13:33:43.450+0000] {dag.py:3239} INFO - Sync 1 DAGs
[2025-01-14T13:33:43.497+0000] {logging_mixin.py:190} INFO - [2025-01-14T13:33:43.497+0000] {dag.py:4180} INFO - Setting next_dagrun for example_branch_python_operator_decorator to 2025-01-13 00:00:00+00:00, run_after=2025-01-14 00:00:00+00:00
[2025-01-14T13:33:43.535+0000] {processor.py:208} INFO - Processing /home/airflow/.local/lib/python3.12/site-packages/airflow/example_dags/example_branch_operator_decorator.py took 0.206 seconds
[2025-01-14T13:34:14.449+0000] {processor.py:186} INFO - Started process (PID=8778) to work on /home/airflow/.local/lib/python3.12/site-packages/airflow/example_dags/example_branch_operator_decorator.py
[2025-01-14T13:34:14.450+0000] {processor.py:914} INFO - Processing file /home/airflow/.local/lib/python3.12/site-packages/airflow/example_dags/example_branch_operator_decorator.py for tasks to queue
[2025-01-14T13:34:14.454+0000] {logging_mixin.py:190} INFO - [2025-01-14T13:34:14.454+0000] {dagbag.py:588} INFO - Filling up the DagBag from /home/airflow/.local/lib/python3.12/site-packages/airflow/example_dags/example_branch_operator_decorator.py
[2025-01-14T13:34:14.486+0000] {processor.py:925} INFO - DAG(s) 'example_branch_python_operator_decorator' retrieved from /home/airflow/.local/lib/python3.12/site-packages/airflow/example_dags/example_branch_operator_decorator.py
[2025-01-14T13:34:14.543+0000] {logging_mixin.py:190} INFO - [2025-01-14T13:34:14.542+0000] {dag.py:3239} INFO - Sync 1 DAGs
[2025-01-14T13:34:14.612+0000] {logging_mixin.py:190} INFO - [2025-01-14T13:34:14.611+0000] {dag.py:4180} INFO - Setting next_dagrun for example_branch_python_operator_decorator to 2025-01-13 00:00:00+00:00, run_after=2025-01-14 00:00:00+00:00
[2025-01-14T13:34:14.661+0000] {processor.py:208} INFO - Processing /home/airflow/.local/lib/python3.12/site-packages/airflow/example_dags/example_branch_operator_decorator.py took 0.227 seconds
[2025-01-14T13:34:45.908+0000] {processor.py:186} INFO - Started process (PID=9076) to work on /home/airflow/.local/lib/python3.12/site-packages/airflow/example_dags/example_branch_operator_decorator.py
[2025-01-14T13:34:45.911+0000] {processor.py:914} INFO - Processing file /home/airflow/.local/lib/python3.12/site-packages/airflow/example_dags/example_branch_operator_decorator.py for tasks to queue
[2025-01-14T13:34:45.918+0000] {logging_mixin.py:190} INFO - [2025-01-14T13:34:45.917+0000] {dagbag.py:588} INFO - Filling up the DagBag from /home/airflow/.local/lib/python3.12/site-packages/airflow/example_dags/example_branch_operator_decorator.py
[2025-01-14T13:34:45.987+0000] {processor.py:925} INFO - DAG(s) 'example_branch_python_operator_decorator' retrieved from /home/airflow/.local/lib/python3.12/site-packages/airflow/example_dags/example_branch_operator_decorator.py
[2025-01-14T13:34:46.042+0000] {logging_mixin.py:190} INFO - [2025-01-14T13:34:46.041+0000] {dag.py:3239} INFO - Sync 1 DAGs
[2025-01-14T13:34:46.102+0000] {logging_mixin.py:190} INFO - [2025-01-14T13:34:46.102+0000] {dag.py:4180} INFO - Setting next_dagrun for example_branch_python_operator_decorator to 2025-01-13 00:00:00+00:00, run_after=2025-01-14 00:00:00+00:00
[2025-01-14T13:34:46.139+0000] {processor.py:208} INFO - Processing /home/airflow/.local/lib/python3.12/site-packages/airflow/example_dags/example_branch_operator_decorator.py took 0.249 seconds
[2025-01-14T13:35:17.552+0000] {processor.py:186} INFO - Started process (PID=9389) to work on /home/airflow/.local/lib/python3.12/site-packages/airflow/example_dags/example_branch_operator_decorator.py
[2025-01-14T13:35:17.555+0000] {processor.py:914} INFO - Processing file /home/airflow/.local/lib/python3.12/site-packages/airflow/example_dags/example_branch_operator_decorator.py for tasks to queue
[2025-01-14T13:35:17.559+0000] {logging_mixin.py:190} INFO - [2025-01-14T13:35:17.558+0000] {dagbag.py:588} INFO - Filling up the DagBag from /home/airflow/.local/lib/python3.12/site-packages/airflow/example_dags/example_branch_operator_decorator.py
[2025-01-14T13:35:17.592+0000] {processor.py:925} INFO - DAG(s) 'example_branch_python_operator_decorator' retrieved from /home/airflow/.local/lib/python3.12/site-packages/airflow/example_dags/example_branch_operator_decorator.py
[2025-01-14T13:35:17.635+0000] {logging_mixin.py:190} INFO - [2025-01-14T13:35:17.635+0000] {dag.py:3239} INFO - Sync 1 DAGs
[2025-01-14T13:35:17.673+0000] {logging_mixin.py:190} INFO - [2025-01-14T13:35:17.673+0000] {dag.py:4180} INFO - Setting next_dagrun for example_branch_python_operator_decorator to 2025-01-13 00:00:00+00:00, run_after=2025-01-14 00:00:00+00:00
[2025-01-14T13:35:17.708+0000] {processor.py:208} INFO - Processing /home/airflow/.local/lib/python3.12/site-packages/airflow/example_dags/example_branch_operator_decorator.py took 0.165 seconds
[2025-01-14T13:35:48.320+0000] {processor.py:186} INFO - Started process (PID=9680) to work on /home/airflow/.local/lib/python3.12/site-packages/airflow/example_dags/example_branch_operator_decorator.py
[2025-01-14T13:35:48.322+0000] {processor.py:914} INFO - Processing file /home/airflow/.local/lib/python3.12/site-packages/airflow/example_dags/example_branch_operator_decorator.py for tasks to queue
[2025-01-14T13:35:48.328+0000] {logging_mixin.py:190} INFO - [2025-01-14T13:35:48.327+0000] {dagbag.py:588} INFO - Filling up the DagBag from /home/airflow/.local/lib/python3.12/site-packages/airflow/example_dags/example_branch_operator_decorator.py
[2025-01-14T13:35:48.364+0000] {processor.py:925} INFO - DAG(s) 'example_branch_python_operator_decorator' retrieved from /home/airflow/.local/lib/python3.12/site-packages/airflow/example_dags/example_branch_operator_decorator.py
[2025-01-14T13:35:48.438+0000] {logging_mixin.py:190} INFO - [2025-01-14T13:35:48.437+0000] {dag.py:3239} INFO - Sync 1 DAGs
[2025-01-14T13:35:48.492+0000] {logging_mixin.py:190} INFO - [2025-01-14T13:35:48.491+0000] {dag.py:4180} INFO - Setting next_dagrun for example_branch_python_operator_decorator to 2025-01-13 00:00:00+00:00, run_after=2025-01-14 00:00:00+00:00
[2025-01-14T13:35:48.536+0000] {processor.py:208} INFO - Processing /home/airflow/.local/lib/python3.12/site-packages/airflow/example_dags/example_branch_operator_decorator.py took 0.228 seconds
[2025-01-14T13:36:19.080+0000] {processor.py:186} INFO - Started process (PID=9996) to work on /home/airflow/.local/lib/python3.12/site-packages/airflow/example_dags/example_branch_operator_decorator.py
[2025-01-14T13:36:19.082+0000] {processor.py:914} INFO - Processing file /home/airflow/.local/lib/python3.12/site-packages/airflow/example_dags/example_branch_operator_decorator.py for tasks to queue
[2025-01-14T13:36:19.086+0000] {logging_mixin.py:190} INFO - [2025-01-14T13:36:19.085+0000] {dagbag.py:588} INFO - Filling up the DagBag from /home/airflow/.local/lib/python3.12/site-packages/airflow/example_dags/example_branch_operator_decorator.py
[2025-01-14T13:36:19.123+0000] {processor.py:925} INFO - DAG(s) 'example_branch_python_operator_decorator' retrieved from /home/airflow/.local/lib/python3.12/site-packages/airflow/example_dags/example_branch_operator_decorator.py
[2025-01-14T13:36:19.171+0000] {logging_mixin.py:190} INFO - [2025-01-14T13:36:19.171+0000] {dag.py:3239} INFO - Sync 1 DAGs
[2025-01-14T13:36:19.221+0000] {logging_mixin.py:190} INFO - [2025-01-14T13:36:19.220+0000] {dag.py:4180} INFO - Setting next_dagrun for example_branch_python_operator_decorator to 2025-01-13 00:00:00+00:00, run_after=2025-01-14 00:00:00+00:00
[2025-01-14T13:36:19.255+0000] {processor.py:208} INFO - Processing /home/airflow/.local/lib/python3.12/site-packages/airflow/example_dags/example_branch_operator_decorator.py took 0.191 seconds
[2025-01-14T13:36:49.911+0000] {processor.py:186} INFO - Started process (PID=10284) to work on /home/airflow/.local/lib/python3.12/site-packages/airflow/example_dags/example_branch_operator_decorator.py
[2025-01-14T13:36:49.913+0000] {processor.py:914} INFO - Processing file /home/airflow/.local/lib/python3.12/site-packages/airflow/example_dags/example_branch_operator_decorator.py for tasks to queue
[2025-01-14T13:36:49.917+0000] {logging_mixin.py:190} INFO - [2025-01-14T13:36:49.916+0000] {dagbag.py:588} INFO - Filling up the DagBag from /home/airflow/.local/lib/python3.12/site-packages/airflow/example_dags/example_branch_operator_decorator.py
[2025-01-14T13:36:49.949+0000] {processor.py:925} INFO - DAG(s) 'example_branch_python_operator_decorator' retrieved from /home/airflow/.local/lib/python3.12/site-packages/airflow/example_dags/example_branch_operator_decorator.py
[2025-01-14T13:36:50.001+0000] {logging_mixin.py:190} INFO - [2025-01-14T13:36:50.001+0000] {dag.py:3239} INFO - Sync 1 DAGs
[2025-01-14T13:36:50.042+0000] {logging_mixin.py:190} INFO - [2025-01-14T13:36:50.042+0000] {dag.py:4180} INFO - Setting next_dagrun for example_branch_python_operator_decorator to 2025-01-13 00:00:00+00:00, run_after=2025-01-14 00:00:00+00:00
[2025-01-14T13:36:50.072+0000] {processor.py:208} INFO - Processing /home/airflow/.local/lib/python3.12/site-packages/airflow/example_dags/example_branch_operator_decorator.py took 0.176 seconds
[2025-01-14T13:37:20.446+0000] {processor.py:186} INFO - Started process (PID=10595) to work on /home/airflow/.local/lib/python3.12/site-packages/airflow/example_dags/example_branch_operator_decorator.py
[2025-01-14T13:37:20.448+0000] {processor.py:914} INFO - Processing file /home/airflow/.local/lib/python3.12/site-packages/airflow/example_dags/example_branch_operator_decorator.py for tasks to queue
[2025-01-14T13:37:20.451+0000] {logging_mixin.py:190} INFO - [2025-01-14T13:37:20.451+0000] {dagbag.py:588} INFO - Filling up the DagBag from /home/airflow/.local/lib/python3.12/site-packages/airflow/example_dags/example_branch_operator_decorator.py
[2025-01-14T13:37:20.484+0000] {processor.py:925} INFO - DAG(s) 'example_branch_python_operator_decorator' retrieved from /home/airflow/.local/lib/python3.12/site-packages/airflow/example_dags/example_branch_operator_decorator.py
[2025-01-14T13:37:20.534+0000] {logging_mixin.py:190} INFO - [2025-01-14T13:37:20.534+0000] {dag.py:3239} INFO - Sync 1 DAGs
[2025-01-14T13:37:20.603+0000] {logging_mixin.py:190} INFO - [2025-01-14T13:37:20.603+0000] {dag.py:4180} INFO - Setting next_dagrun for example_branch_python_operator_decorator to 2025-01-13 00:00:00+00:00, run_after=2025-01-14 00:00:00+00:00
[2025-01-14T13:37:20.659+0000] {processor.py:208} INFO - Processing /home/airflow/.local/lib/python3.12/site-packages/airflow/example_dags/example_branch_operator_decorator.py took 0.222 seconds
[2025-01-14T13:37:50.853+0000] {processor.py:186} INFO - Started process (PID=10893) to work on /home/airflow/.local/lib/python3.12/site-packages/airflow/example_dags/example_branch_operator_decorator.py
[2025-01-14T13:37:50.854+0000] {processor.py:914} INFO - Processing file /home/airflow/.local/lib/python3.12/site-packages/airflow/example_dags/example_branch_operator_decorator.py for tasks to queue
[2025-01-14T13:37:50.859+0000] {logging_mixin.py:190} INFO - [2025-01-14T13:37:50.858+0000] {dagbag.py:588} INFO - Filling up the DagBag from /home/airflow/.local/lib/python3.12/site-packages/airflow/example_dags/example_branch_operator_decorator.py
[2025-01-14T13:37:50.891+0000] {processor.py:925} INFO - DAG(s) 'example_branch_python_operator_decorator' retrieved from /home/airflow/.local/lib/python3.12/site-packages/airflow/example_dags/example_branch_operator_decorator.py
[2025-01-14T13:37:50.949+0000] {logging_mixin.py:190} INFO - [2025-01-14T13:37:50.948+0000] {dag.py:3239} INFO - Sync 1 DAGs
[2025-01-14T13:37:50.986+0000] {logging_mixin.py:190} INFO - [2025-01-14T13:37:50.986+0000] {dag.py:4180} INFO - Setting next_dagrun for example_branch_python_operator_decorator to 2025-01-13 00:00:00+00:00, run_after=2025-01-14 00:00:00+00:00
[2025-01-14T13:37:51.046+0000] {processor.py:208} INFO - Processing /home/airflow/.local/lib/python3.12/site-packages/airflow/example_dags/example_branch_operator_decorator.py took 0.203 seconds
[2025-01-14T13:38:21.697+0000] {processor.py:186} INFO - Started process (PID=11204) to work on /home/airflow/.local/lib/python3.12/site-packages/airflow/example_dags/example_branch_operator_decorator.py
[2025-01-14T13:38:21.699+0000] {processor.py:914} INFO - Processing file /home/airflow/.local/lib/python3.12/site-packages/airflow/example_dags/example_branch_operator_decorator.py for tasks to queue
[2025-01-14T13:38:21.707+0000] {logging_mixin.py:190} INFO - [2025-01-14T13:38:21.705+0000] {dagbag.py:588} INFO - Filling up the DagBag from /home/airflow/.local/lib/python3.12/site-packages/airflow/example_dags/example_branch_operator_decorator.py
[2025-01-14T13:38:21.744+0000] {processor.py:925} INFO - DAG(s) 'example_branch_python_operator_decorator' retrieved from /home/airflow/.local/lib/python3.12/site-packages/airflow/example_dags/example_branch_operator_decorator.py
[2025-01-14T13:38:21.808+0000] {logging_mixin.py:190} INFO - [2025-01-14T13:38:21.808+0000] {dag.py:3239} INFO - Sync 1 DAGs
[2025-01-14T13:38:21.859+0000] {logging_mixin.py:190} INFO - [2025-01-14T13:38:21.858+0000] {dag.py:4180} INFO - Setting next_dagrun for example_branch_python_operator_decorator to 2025-01-13 00:00:00+00:00, run_after=2025-01-14 00:00:00+00:00
[2025-01-14T13:38:21.890+0000] {processor.py:208} INFO - Processing /home/airflow/.local/lib/python3.12/site-packages/airflow/example_dags/example_branch_operator_decorator.py took 0.202 seconds
[2025-01-14T13:38:52.495+0000] {processor.py:186} INFO - Started process (PID=11505) to work on /home/airflow/.local/lib/python3.12/site-packages/airflow/example_dags/example_branch_operator_decorator.py
[2025-01-14T13:38:52.498+0000] {processor.py:914} INFO - Processing file /home/airflow/.local/lib/python3.12/site-packages/airflow/example_dags/example_branch_operator_decorator.py for tasks to queue
[2025-01-14T13:38:52.506+0000] {logging_mixin.py:190} INFO - [2025-01-14T13:38:52.505+0000] {dagbag.py:588} INFO - Filling up the DagBag from /home/airflow/.local/lib/python3.12/site-packages/airflow/example_dags/example_branch_operator_decorator.py
[2025-01-14T13:38:52.554+0000] {processor.py:925} INFO - DAG(s) 'example_branch_python_operator_decorator' retrieved from /home/airflow/.local/lib/python3.12/site-packages/airflow/example_dags/example_branch_operator_decorator.py
[2025-01-14T13:38:52.633+0000] {logging_mixin.py:190} INFO - [2025-01-14T13:38:52.633+0000] {dag.py:3239} INFO - Sync 1 DAGs
[2025-01-14T13:38:52.690+0000] {logging_mixin.py:190} INFO - [2025-01-14T13:38:52.690+0000] {dag.py:4180} INFO - Setting next_dagrun for example_branch_python_operator_decorator to 2025-01-13 00:00:00+00:00, run_after=2025-01-14 00:00:00+00:00
[2025-01-14T13:38:52.742+0000] {processor.py:208} INFO - Processing /home/airflow/.local/lib/python3.12/site-packages/airflow/example_dags/example_branch_operator_decorator.py took 0.266 seconds
[2025-01-14T13:39:22.976+0000] {processor.py:186} INFO - Started process (PID=11818) to work on /home/airflow/.local/lib/python3.12/site-packages/airflow/example_dags/example_branch_operator_decorator.py
[2025-01-14T13:39:22.978+0000] {processor.py:914} INFO - Processing file /home/airflow/.local/lib/python3.12/site-packages/airflow/example_dags/example_branch_operator_decorator.py for tasks to queue
[2025-01-14T13:39:22.983+0000] {logging_mixin.py:190} INFO - [2025-01-14T13:39:22.982+0000] {dagbag.py:588} INFO - Filling up the DagBag from /home/airflow/.local/lib/python3.12/site-packages/airflow/example_dags/example_branch_operator_decorator.py
[2025-01-14T13:39:23.027+0000] {processor.py:925} INFO - DAG(s) 'example_branch_python_operator_decorator' retrieved from /home/airflow/.local/lib/python3.12/site-packages/airflow/example_dags/example_branch_operator_decorator.py
[2025-01-14T13:39:23.078+0000] {logging_mixin.py:190} INFO - [2025-01-14T13:39:23.077+0000] {dag.py:3239} INFO - Sync 1 DAGs
[2025-01-14T13:39:23.120+0000] {logging_mixin.py:190} INFO - [2025-01-14T13:39:23.119+0000] {dag.py:4180} INFO - Setting next_dagrun for example_branch_python_operator_decorator to 2025-01-13 00:00:00+00:00, run_after=2025-01-14 00:00:00+00:00
[2025-01-14T13:39:23.151+0000] {processor.py:208} INFO - Processing /home/airflow/.local/lib/python3.12/site-packages/airflow/example_dags/example_branch_operator_decorator.py took 0.186 seconds
[2025-01-14T13:39:53.293+0000] {processor.py:186} INFO - Started process (PID=12116) to work on /home/airflow/.local/lib/python3.12/site-packages/airflow/example_dags/example_branch_operator_decorator.py
[2025-01-14T13:39:53.295+0000] {processor.py:914} INFO - Processing file /home/airflow/.local/lib/python3.12/site-packages/airflow/example_dags/example_branch_operator_decorator.py for tasks to queue
[2025-01-14T13:39:53.299+0000] {logging_mixin.py:190} INFO - [2025-01-14T13:39:53.299+0000] {dagbag.py:588} INFO - Filling up the DagBag from /home/airflow/.local/lib/python3.12/site-packages/airflow/example_dags/example_branch_operator_decorator.py
[2025-01-14T13:39:53.332+0000] {processor.py:925} INFO - DAG(s) 'example_branch_python_operator_decorator' retrieved from /home/airflow/.local/lib/python3.12/site-packages/airflow/example_dags/example_branch_operator_decorator.py
[2025-01-14T13:39:53.382+0000] {logging_mixin.py:190} INFO - [2025-01-14T13:39:53.382+0000] {dag.py:3239} INFO - Sync 1 DAGs
[2025-01-14T13:39:53.438+0000] {logging_mixin.py:190} INFO - [2025-01-14T13:39:53.436+0000] {dag.py:4180} INFO - Setting next_dagrun for example_branch_python_operator_decorator to 2025-01-13 00:00:00+00:00, run_after=2025-01-14 00:00:00+00:00
[2025-01-14T13:39:53.478+0000] {processor.py:208} INFO - Processing /home/airflow/.local/lib/python3.12/site-packages/airflow/example_dags/example_branch_operator_decorator.py took 0.198 seconds
[2025-01-14T13:40:23.811+0000] {processor.py:186} INFO - Started process (PID=12432) to work on /home/airflow/.local/lib/python3.12/site-packages/airflow/example_dags/example_branch_operator_decorator.py
[2025-01-14T13:40:23.813+0000] {processor.py:914} INFO - Processing file /home/airflow/.local/lib/python3.12/site-packages/airflow/example_dags/example_branch_operator_decorator.py for tasks to queue
[2025-01-14T13:40:23.817+0000] {logging_mixin.py:190} INFO - [2025-01-14T13:40:23.816+0000] {dagbag.py:588} INFO - Filling up the DagBag from /home/airflow/.local/lib/python3.12/site-packages/airflow/example_dags/example_branch_operator_decorator.py
[2025-01-14T13:40:23.852+0000] {processor.py:925} INFO - DAG(s) 'example_branch_python_operator_decorator' retrieved from /home/airflow/.local/lib/python3.12/site-packages/airflow/example_dags/example_branch_operator_decorator.py
[2025-01-14T13:40:23.900+0000] {logging_mixin.py:190} INFO - [2025-01-14T13:40:23.899+0000] {dag.py:3239} INFO - Sync 1 DAGs
[2025-01-14T13:40:23.941+0000] {logging_mixin.py:190} INFO - [2025-01-14T13:40:23.941+0000] {dag.py:4180} INFO - Setting next_dagrun for example_branch_python_operator_decorator to 2025-01-13 00:00:00+00:00, run_after=2025-01-14 00:00:00+00:00
[2025-01-14T13:40:23.992+0000] {processor.py:208} INFO - Processing /home/airflow/.local/lib/python3.12/site-packages/airflow/example_dags/example_branch_operator_decorator.py took 0.191 seconds
[2025-01-14T13:40:54.602+0000] {processor.py:186} INFO - Started process (PID=12739) to work on /home/airflow/.local/lib/python3.12/site-packages/airflow/example_dags/example_branch_operator_decorator.py
[2025-01-14T13:40:54.605+0000] {processor.py:914} INFO - Processing file /home/airflow/.local/lib/python3.12/site-packages/airflow/example_dags/example_branch_operator_decorator.py for tasks to queue
[2025-01-14T13:40:54.610+0000] {logging_mixin.py:190} INFO - [2025-01-14T13:40:54.610+0000] {dagbag.py:588} INFO - Filling up the DagBag from /home/airflow/.local/lib/python3.12/site-packages/airflow/example_dags/example_branch_operator_decorator.py
[2025-01-14T13:40:54.644+0000] {processor.py:925} INFO - DAG(s) 'example_branch_python_operator_decorator' retrieved from /home/airflow/.local/lib/python3.12/site-packages/airflow/example_dags/example_branch_operator_decorator.py
[2025-01-14T13:40:54.711+0000] {logging_mixin.py:190} INFO - [2025-01-14T13:40:54.710+0000] {dag.py:3239} INFO - Sync 1 DAGs
[2025-01-14T13:40:54.785+0000] {logging_mixin.py:190} INFO - [2025-01-14T13:40:54.784+0000] {dag.py:4180} INFO - Setting next_dagrun for example_branch_python_operator_decorator to 2025-01-13 00:00:00+00:00, run_after=2025-01-14 00:00:00+00:00
[2025-01-14T13:40:54.837+0000] {processor.py:208} INFO - Processing /home/airflow/.local/lib/python3.12/site-packages/airflow/example_dags/example_branch_operator_decorator.py took 0.255 seconds
[2025-01-14T13:41:25.090+0000] {processor.py:186} INFO - Started process (PID=13052) to work on /home/airflow/.local/lib/python3.12/site-packages/airflow/example_dags/example_branch_operator_decorator.py
[2025-01-14T13:41:25.093+0000] {processor.py:914} INFO - Processing file /home/airflow/.local/lib/python3.12/site-packages/airflow/example_dags/example_branch_operator_decorator.py for tasks to queue
[2025-01-14T13:41:25.101+0000] {logging_mixin.py:190} INFO - [2025-01-14T13:41:25.100+0000] {dagbag.py:588} INFO - Filling up the DagBag from /home/airflow/.local/lib/python3.12/site-packages/airflow/example_dags/example_branch_operator_decorator.py
[2025-01-14T13:41:25.144+0000] {processor.py:925} INFO - DAG(s) 'example_branch_python_operator_decorator' retrieved from /home/airflow/.local/lib/python3.12/site-packages/airflow/example_dags/example_branch_operator_decorator.py
[2025-01-14T13:41:25.196+0000] {logging_mixin.py:190} INFO - [2025-01-14T13:41:25.195+0000] {dag.py:3239} INFO - Sync 1 DAGs
[2025-01-14T13:41:25.243+0000] {logging_mixin.py:190} INFO - [2025-01-14T13:41:25.243+0000] {dag.py:4180} INFO - Setting next_dagrun for example_branch_python_operator_decorator to 2025-01-13 00:00:00+00:00, run_after=2025-01-14 00:00:00+00:00
[2025-01-14T13:41:25.288+0000] {processor.py:208} INFO - Processing /home/airflow/.local/lib/python3.12/site-packages/airflow/example_dags/example_branch_operator_decorator.py took 0.207 seconds
[2025-01-14T13:41:55.564+0000] {processor.py:186} INFO - Started process (PID=13353) to work on /home/airflow/.local/lib/python3.12/site-packages/airflow/example_dags/example_branch_operator_decorator.py
[2025-01-14T13:41:55.566+0000] {processor.py:914} INFO - Processing file /home/airflow/.local/lib/python3.12/site-packages/airflow/example_dags/example_branch_operator_decorator.py for tasks to queue
[2025-01-14T13:41:55.570+0000] {logging_mixin.py:190} INFO - [2025-01-14T13:41:55.569+0000] {dagbag.py:588} INFO - Filling up the DagBag from /home/airflow/.local/lib/python3.12/site-packages/airflow/example_dags/example_branch_operator_decorator.py
[2025-01-14T13:41:55.602+0000] {processor.py:925} INFO - DAG(s) 'example_branch_python_operator_decorator' retrieved from /home/airflow/.local/lib/python3.12/site-packages/airflow/example_dags/example_branch_operator_decorator.py
[2025-01-14T13:41:55.654+0000] {logging_mixin.py:190} INFO - [2025-01-14T13:41:55.654+0000] {dag.py:3239} INFO - Sync 1 DAGs
[2025-01-14T13:41:55.703+0000] {logging_mixin.py:190} INFO - [2025-01-14T13:41:55.703+0000] {dag.py:4180} INFO - Setting next_dagrun for example_branch_python_operator_decorator to 2025-01-13 00:00:00+00:00, run_after=2025-01-14 00:00:00+00:00
[2025-01-14T13:41:55.742+0000] {processor.py:208} INFO - Processing /home/airflow/.local/lib/python3.12/site-packages/airflow/example_dags/example_branch_operator_decorator.py took 0.197 seconds
[2025-01-14T13:42:25.881+0000] {processor.py:186} INFO - Started process (PID=13666) to work on /home/airflow/.local/lib/python3.12/site-packages/airflow/example_dags/example_branch_operator_decorator.py
[2025-01-14T13:42:25.883+0000] {processor.py:914} INFO - Processing file /home/airflow/.local/lib/python3.12/site-packages/airflow/example_dags/example_branch_operator_decorator.py for tasks to queue
[2025-01-14T13:42:25.888+0000] {logging_mixin.py:190} INFO - [2025-01-14T13:42:25.888+0000] {dagbag.py:588} INFO - Filling up the DagBag from /home/airflow/.local/lib/python3.12/site-packages/airflow/example_dags/example_branch_operator_decorator.py
[2025-01-14T13:42:25.922+0000] {processor.py:925} INFO - DAG(s) 'example_branch_python_operator_decorator' retrieved from /home/airflow/.local/lib/python3.12/site-packages/airflow/example_dags/example_branch_operator_decorator.py
[2025-01-14T13:42:25.973+0000] {logging_mixin.py:190} INFO - [2025-01-14T13:42:25.973+0000] {dag.py:3239} INFO - Sync 1 DAGs
[2025-01-14T13:42:26.016+0000] {logging_mixin.py:190} INFO - [2025-01-14T13:42:26.015+0000] {dag.py:4180} INFO - Setting next_dagrun for example_branch_python_operator_decorator to 2025-01-13 00:00:00+00:00, run_after=2025-01-14 00:00:00+00:00
[2025-01-14T13:42:26.050+0000] {processor.py:208} INFO - Processing /home/airflow/.local/lib/python3.12/site-packages/airflow/example_dags/example_branch_operator_decorator.py took 0.181 seconds
[2025-01-14T13:42:56.369+0000] {processor.py:186} INFO - Started process (PID=13967) to work on /home/airflow/.local/lib/python3.12/site-packages/airflow/example_dags/example_branch_operator_decorator.py
[2025-01-14T13:42:56.372+0000] {processor.py:914} INFO - Processing file /home/airflow/.local/lib/python3.12/site-packages/airflow/example_dags/example_branch_operator_decorator.py for tasks to queue
[2025-01-14T13:42:56.379+0000] {logging_mixin.py:190} INFO - [2025-01-14T13:42:56.378+0000] {dagbag.py:588} INFO - Filling up the DagBag from /home/airflow/.local/lib/python3.12/site-packages/airflow/example_dags/example_branch_operator_decorator.py
[2025-01-14T13:42:56.412+0000] {processor.py:925} INFO - DAG(s) 'example_branch_python_operator_decorator' retrieved from /home/airflow/.local/lib/python3.12/site-packages/airflow/example_dags/example_branch_operator_decorator.py
[2025-01-14T13:42:56.475+0000] {logging_mixin.py:190} INFO - [2025-01-14T13:42:56.474+0000] {dag.py:3239} INFO - Sync 1 DAGs
[2025-01-14T13:42:56.512+0000] {logging_mixin.py:190} INFO - [2025-01-14T13:42:56.511+0000] {dag.py:4180} INFO - Setting next_dagrun for example_branch_python_operator_decorator to 2025-01-13 00:00:00+00:00, run_after=2025-01-14 00:00:00+00:00
[2025-01-14T13:42:56.550+0000] {processor.py:208} INFO - Processing /home/airflow/.local/lib/python3.12/site-packages/airflow/example_dags/example_branch_operator_decorator.py took 0.197 seconds
[2025-01-14T13:43:26.710+0000] {processor.py:186} INFO - Started process (PID=14277) to work on /home/airflow/.local/lib/python3.12/site-packages/airflow/example_dags/example_branch_operator_decorator.py
[2025-01-14T13:43:26.712+0000] {processor.py:914} INFO - Processing file /home/airflow/.local/lib/python3.12/site-packages/airflow/example_dags/example_branch_operator_decorator.py for tasks to queue
[2025-01-14T13:43:26.719+0000] {logging_mixin.py:190} INFO - [2025-01-14T13:43:26.719+0000] {dagbag.py:588} INFO - Filling up the DagBag from /home/airflow/.local/lib/python3.12/site-packages/airflow/example_dags/example_branch_operator_decorator.py
[2025-01-14T13:43:26.752+0000] {processor.py:925} INFO - DAG(s) 'example_branch_python_operator_decorator' retrieved from /home/airflow/.local/lib/python3.12/site-packages/airflow/example_dags/example_branch_operator_decorator.py
[2025-01-14T13:43:26.801+0000] {logging_mixin.py:190} INFO - [2025-01-14T13:43:26.801+0000] {dag.py:3239} INFO - Sync 1 DAGs
[2025-01-14T13:43:26.843+0000] {logging_mixin.py:190} INFO - [2025-01-14T13:43:26.842+0000] {dag.py:4180} INFO - Setting next_dagrun for example_branch_python_operator_decorator to 2025-01-13 00:00:00+00:00, run_after=2025-01-14 00:00:00+00:00
[2025-01-14T13:43:26.878+0000] {processor.py:208} INFO - Processing /home/airflow/.local/lib/python3.12/site-packages/airflow/example_dags/example_branch_operator_decorator.py took 0.179 seconds
[2025-01-14T13:43:57.052+0000] {processor.py:186} INFO - Started process (PID=14578) to work on /home/airflow/.local/lib/python3.12/site-packages/airflow/example_dags/example_branch_operator_decorator.py
[2025-01-14T13:43:57.054+0000] {processor.py:914} INFO - Processing file /home/airflow/.local/lib/python3.12/site-packages/airflow/example_dags/example_branch_operator_decorator.py for tasks to queue
[2025-01-14T13:43:57.058+0000] {logging_mixin.py:190} INFO - [2025-01-14T13:43:57.057+0000] {dagbag.py:588} INFO - Filling up the DagBag from /home/airflow/.local/lib/python3.12/site-packages/airflow/example_dags/example_branch_operator_decorator.py
[2025-01-14T13:43:57.090+0000] {processor.py:925} INFO - DAG(s) 'example_branch_python_operator_decorator' retrieved from /home/airflow/.local/lib/python3.12/site-packages/airflow/example_dags/example_branch_operator_decorator.py
[2025-01-14T13:43:57.135+0000] {logging_mixin.py:190} INFO - [2025-01-14T13:43:57.134+0000] {dag.py:3239} INFO - Sync 1 DAGs
[2025-01-14T13:43:57.208+0000] {logging_mixin.py:190} INFO - [2025-01-14T13:43:57.207+0000] {dag.py:4180} INFO - Setting next_dagrun for example_branch_python_operator_decorator to 2025-01-13 00:00:00+00:00, run_after=2025-01-14 00:00:00+00:00
[2025-01-14T13:43:57.266+0000] {processor.py:208} INFO - Processing /home/airflow/.local/lib/python3.12/site-packages/airflow/example_dags/example_branch_operator_decorator.py took 0.225 seconds
[2025-01-14T13:44:27.750+0000] {processor.py:186} INFO - Started process (PID=14894) to work on /home/airflow/.local/lib/python3.12/site-packages/airflow/example_dags/example_branch_operator_decorator.py
[2025-01-14T13:44:27.752+0000] {processor.py:914} INFO - Processing file /home/airflow/.local/lib/python3.12/site-packages/airflow/example_dags/example_branch_operator_decorator.py for tasks to queue
[2025-01-14T13:44:27.760+0000] {logging_mixin.py:190} INFO - [2025-01-14T13:44:27.759+0000] {dagbag.py:588} INFO - Filling up the DagBag from /home/airflow/.local/lib/python3.12/site-packages/airflow/example_dags/example_branch_operator_decorator.py
[2025-01-14T13:44:27.801+0000] {processor.py:925} INFO - DAG(s) 'example_branch_python_operator_decorator' retrieved from /home/airflow/.local/lib/python3.12/site-packages/airflow/example_dags/example_branch_operator_decorator.py
[2025-01-14T13:44:27.855+0000] {logging_mixin.py:190} INFO - [2025-01-14T13:44:27.855+0000] {dag.py:3239} INFO - Sync 1 DAGs
[2025-01-14T13:44:27.896+0000] {logging_mixin.py:190} INFO - [2025-01-14T13:44:27.895+0000] {dag.py:4180} INFO - Setting next_dagrun for example_branch_python_operator_decorator to 2025-01-13 00:00:00+00:00, run_after=2025-01-14 00:00:00+00:00
[2025-01-14T13:44:27.932+0000] {processor.py:208} INFO - Processing /home/airflow/.local/lib/python3.12/site-packages/airflow/example_dags/example_branch_operator_decorator.py took 0.191 seconds
[2025-01-14T13:44:58.023+0000] {processor.py:186} INFO - Started process (PID=15192) to work on /home/airflow/.local/lib/python3.12/site-packages/airflow/example_dags/example_branch_operator_decorator.py
[2025-01-14T13:44:58.025+0000] {processor.py:914} INFO - Processing file /home/airflow/.local/lib/python3.12/site-packages/airflow/example_dags/example_branch_operator_decorator.py for tasks to queue
[2025-01-14T13:44:58.028+0000] {logging_mixin.py:190} INFO - [2025-01-14T13:44:58.028+0000] {dagbag.py:588} INFO - Filling up the DagBag from /home/airflow/.local/lib/python3.12/site-packages/airflow/example_dags/example_branch_operator_decorator.py
[2025-01-14T13:44:58.060+0000] {processor.py:925} INFO - DAG(s) 'example_branch_python_operator_decorator' retrieved from /home/airflow/.local/lib/python3.12/site-packages/airflow/example_dags/example_branch_operator_decorator.py
[2025-01-14T13:44:58.100+0000] {logging_mixin.py:190} INFO - [2025-01-14T13:44:58.099+0000] {dag.py:3239} INFO - Sync 1 DAGs
[2025-01-14T13:44:58.136+0000] {logging_mixin.py:190} INFO - [2025-01-14T13:44:58.136+0000] {dag.py:4180} INFO - Setting next_dagrun for example_branch_python_operator_decorator to 2025-01-13 00:00:00+00:00, run_after=2025-01-14 00:00:00+00:00
[2025-01-14T13:44:58.166+0000] {processor.py:208} INFO - Processing /home/airflow/.local/lib/python3.12/site-packages/airflow/example_dags/example_branch_operator_decorator.py took 0.161 seconds
[2025-01-14T13:45:28.668+0000] {processor.py:186} INFO - Started process (PID=15505) to work on /home/airflow/.local/lib/python3.12/site-packages/airflow/example_dags/example_branch_operator_decorator.py
[2025-01-14T13:45:28.669+0000] {processor.py:914} INFO - Processing file /home/airflow/.local/lib/python3.12/site-packages/airflow/example_dags/example_branch_operator_decorator.py for tasks to queue
[2025-01-14T13:45:28.673+0000] {logging_mixin.py:190} INFO - [2025-01-14T13:45:28.673+0000] {dagbag.py:588} INFO - Filling up the DagBag from /home/airflow/.local/lib/python3.12/site-packages/airflow/example_dags/example_branch_operator_decorator.py
[2025-01-14T13:45:28.709+0000] {processor.py:925} INFO - DAG(s) 'example_branch_python_operator_decorator' retrieved from /home/airflow/.local/lib/python3.12/site-packages/airflow/example_dags/example_branch_operator_decorator.py
[2025-01-14T13:45:28.760+0000] {logging_mixin.py:190} INFO - [2025-01-14T13:45:28.759+0000] {dag.py:3239} INFO - Sync 1 DAGs
[2025-01-14T13:45:28.813+0000] {logging_mixin.py:190} INFO - [2025-01-14T13:45:28.812+0000] {dag.py:4180} INFO - Setting next_dagrun for example_branch_python_operator_decorator to 2025-01-13 00:00:00+00:00, run_after=2025-01-14 00:00:00+00:00
[2025-01-14T13:45:28.851+0000] {processor.py:208} INFO - Processing /home/airflow/.local/lib/python3.12/site-packages/airflow/example_dags/example_branch_operator_decorator.py took 0.199 seconds
[2025-01-14T13:45:59.377+0000] {processor.py:186} INFO - Started process (PID=15806) to work on /home/airflow/.local/lib/python3.12/site-packages/airflow/example_dags/example_branch_operator_decorator.py
[2025-01-14T13:45:59.379+0000] {processor.py:914} INFO - Processing file /home/airflow/.local/lib/python3.12/site-packages/airflow/example_dags/example_branch_operator_decorator.py for tasks to queue
[2025-01-14T13:45:59.385+0000] {logging_mixin.py:190} INFO - [2025-01-14T13:45:59.384+0000] {dagbag.py:588} INFO - Filling up the DagBag from /home/airflow/.local/lib/python3.12/site-packages/airflow/example_dags/example_branch_operator_decorator.py
[2025-01-14T13:45:59.424+0000] {processor.py:925} INFO - DAG(s) 'example_branch_python_operator_decorator' retrieved from /home/airflow/.local/lib/python3.12/site-packages/airflow/example_dags/example_branch_operator_decorator.py
[2025-01-14T13:45:59.490+0000] {logging_mixin.py:190} INFO - [2025-01-14T13:45:59.490+0000] {dag.py:3239} INFO - Sync 1 DAGs
[2025-01-14T13:45:59.552+0000] {logging_mixin.py:190} INFO - [2025-01-14T13:45:59.552+0000] {dag.py:4180} INFO - Setting next_dagrun for example_branch_python_operator_decorator to 2025-01-13 00:00:00+00:00, run_after=2025-01-14 00:00:00+00:00
[2025-01-14T13:45:59.585+0000] {processor.py:208} INFO - Processing /home/airflow/.local/lib/python3.12/site-packages/airflow/example_dags/example_branch_operator_decorator.py took 0.217 seconds
[2025-01-14T13:46:29.790+0000] {processor.py:186} INFO - Started process (PID=16117) to work on /home/airflow/.local/lib/python3.12/site-packages/airflow/example_dags/example_branch_operator_decorator.py
[2025-01-14T13:46:29.791+0000] {processor.py:914} INFO - Processing file /home/airflow/.local/lib/python3.12/site-packages/airflow/example_dags/example_branch_operator_decorator.py for tasks to queue
[2025-01-14T13:46:29.796+0000] {logging_mixin.py:190} INFO - [2025-01-14T13:46:29.795+0000] {dagbag.py:588} INFO - Filling up the DagBag from /home/airflow/.local/lib/python3.12/site-packages/airflow/example_dags/example_branch_operator_decorator.py
[2025-01-14T13:46:29.831+0000] {processor.py:925} INFO - DAG(s) 'example_branch_python_operator_decorator' retrieved from /home/airflow/.local/lib/python3.12/site-packages/airflow/example_dags/example_branch_operator_decorator.py
[2025-01-14T13:46:29.908+0000] {logging_mixin.py:190} INFO - [2025-01-14T13:46:29.907+0000] {dag.py:3239} INFO - Sync 1 DAGs
[2025-01-14T13:46:29.944+0000] {logging_mixin.py:190} INFO - [2025-01-14T13:46:29.944+0000] {dag.py:4180} INFO - Setting next_dagrun for example_branch_python_operator_decorator to 2025-01-13 00:00:00+00:00, run_after=2025-01-14 00:00:00+00:00
[2025-01-14T13:46:29.974+0000] {processor.py:208} INFO - Processing /home/airflow/.local/lib/python3.12/site-packages/airflow/example_dags/example_branch_operator_decorator.py took 0.199 seconds
[2025-01-14T13:47:00.255+0000] {processor.py:186} INFO - Started process (PID=16413) to work on /home/airflow/.local/lib/python3.12/site-packages/airflow/example_dags/example_branch_operator_decorator.py
[2025-01-14T13:47:00.258+0000] {processor.py:914} INFO - Processing file /home/airflow/.local/lib/python3.12/site-packages/airflow/example_dags/example_branch_operator_decorator.py for tasks to queue
[2025-01-14T13:47:00.264+0000] {logging_mixin.py:190} INFO - [2025-01-14T13:47:00.263+0000] {dagbag.py:588} INFO - Filling up the DagBag from /home/airflow/.local/lib/python3.12/site-packages/airflow/example_dags/example_branch_operator_decorator.py
[2025-01-14T13:47:00.316+0000] {processor.py:925} INFO - DAG(s) 'example_branch_python_operator_decorator' retrieved from /home/airflow/.local/lib/python3.12/site-packages/airflow/example_dags/example_branch_operator_decorator.py
[2025-01-14T13:47:00.384+0000] {logging_mixin.py:190} INFO - [2025-01-14T13:47:00.384+0000] {dag.py:3239} INFO - Sync 1 DAGs
[2025-01-14T13:47:00.672+0000] {logging_mixin.py:190} INFO - [2025-01-14T13:47:00.672+0000] {dag.py:4180} INFO - Setting next_dagrun for example_branch_python_operator_decorator to 2025-01-13 00:00:00+00:00, run_after=2025-01-14 00:00:00+00:00
[2025-01-14T13:47:00.735+0000] {processor.py:208} INFO - Processing /home/airflow/.local/lib/python3.12/site-packages/airflow/example_dags/example_branch_operator_decorator.py took 0.499 seconds
[2025-01-14T13:47:31.189+0000] {processor.py:186} INFO - Started process (PID=16728) to work on /home/airflow/.local/lib/python3.12/site-packages/airflow/example_dags/example_branch_operator_decorator.py
[2025-01-14T13:47:31.191+0000] {processor.py:914} INFO - Processing file /home/airflow/.local/lib/python3.12/site-packages/airflow/example_dags/example_branch_operator_decorator.py for tasks to queue
[2025-01-14T13:47:31.198+0000] {logging_mixin.py:190} INFO - [2025-01-14T13:47:31.197+0000] {dagbag.py:588} INFO - Filling up the DagBag from /home/airflow/.local/lib/python3.12/site-packages/airflow/example_dags/example_branch_operator_decorator.py
[2025-01-14T13:47:31.234+0000] {processor.py:925} INFO - DAG(s) 'example_branch_python_operator_decorator' retrieved from /home/airflow/.local/lib/python3.12/site-packages/airflow/example_dags/example_branch_operator_decorator.py
[2025-01-14T13:47:31.302+0000] {logging_mixin.py:190} INFO - [2025-01-14T13:47:31.302+0000] {dag.py:3239} INFO - Sync 1 DAGs
[2025-01-14T13:47:31.576+0000] {logging_mixin.py:190} INFO - [2025-01-14T13:47:31.576+0000] {dag.py:4180} INFO - Setting next_dagrun for example_branch_python_operator_decorator to 2025-01-13 00:00:00+00:00, run_after=2025-01-14 00:00:00+00:00
[2025-01-14T13:47:31.624+0000] {processor.py:208} INFO - Processing /home/airflow/.local/lib/python3.12/site-packages/airflow/example_dags/example_branch_operator_decorator.py took 0.455 seconds
[2025-01-14T13:48:02.233+0000] {processor.py:186} INFO - Started process (PID=17030) to work on /home/airflow/.local/lib/python3.12/site-packages/airflow/example_dags/example_branch_operator_decorator.py
[2025-01-14T13:48:02.235+0000] {processor.py:914} INFO - Processing file /home/airflow/.local/lib/python3.12/site-packages/airflow/example_dags/example_branch_operator_decorator.py for tasks to queue
[2025-01-14T13:48:02.241+0000] {logging_mixin.py:190} INFO - [2025-01-14T13:48:02.240+0000] {dagbag.py:588} INFO - Filling up the DagBag from /home/airflow/.local/lib/python3.12/site-packages/airflow/example_dags/example_branch_operator_decorator.py
[2025-01-14T13:48:02.306+0000] {processor.py:925} INFO - DAG(s) 'example_branch_python_operator_decorator' retrieved from /home/airflow/.local/lib/python3.12/site-packages/airflow/example_dags/example_branch_operator_decorator.py
[2025-01-14T13:48:02.386+0000] {logging_mixin.py:190} INFO - [2025-01-14T13:48:02.385+0000] {dag.py:3239} INFO - Sync 1 DAGs
[2025-01-14T13:48:02.670+0000] {logging_mixin.py:190} INFO - [2025-01-14T13:48:02.669+0000] {dag.py:4180} INFO - Setting next_dagrun for example_branch_python_operator_decorator to 2025-01-13 00:00:00+00:00, run_after=2025-01-14 00:00:00+00:00
[2025-01-14T13:48:02.710+0000] {processor.py:208} INFO - Processing /home/airflow/.local/lib/python3.12/site-packages/airflow/example_dags/example_branch_operator_decorator.py took 0.487 seconds
[2025-01-14T13:48:33.292+0000] {processor.py:186} INFO - Started process (PID=17335) to work on /home/airflow/.local/lib/python3.12/site-packages/airflow/example_dags/example_branch_operator_decorator.py
[2025-01-14T13:48:33.294+0000] {processor.py:914} INFO - Processing file /home/airflow/.local/lib/python3.12/site-packages/airflow/example_dags/example_branch_operator_decorator.py for tasks to queue
[2025-01-14T13:48:33.302+0000] {logging_mixin.py:190} INFO - [2025-01-14T13:48:33.301+0000] {dagbag.py:588} INFO - Filling up the DagBag from /home/airflow/.local/lib/python3.12/site-packages/airflow/example_dags/example_branch_operator_decorator.py
[2025-01-14T13:48:33.367+0000] {processor.py:925} INFO - DAG(s) 'example_branch_python_operator_decorator' retrieved from /home/airflow/.local/lib/python3.12/site-packages/airflow/example_dags/example_branch_operator_decorator.py
[2025-01-14T13:48:33.415+0000] {logging_mixin.py:190} INFO - [2025-01-14T13:48:33.415+0000] {dag.py:3239} INFO - Sync 1 DAGs
[2025-01-14T13:48:33.470+0000] {logging_mixin.py:190} INFO - [2025-01-14T13:48:33.469+0000] {dag.py:4180} INFO - Setting next_dagrun for example_branch_python_operator_decorator to 2025-01-13 00:00:00+00:00, run_after=2025-01-14 00:00:00+00:00
[2025-01-14T13:48:33.509+0000] {processor.py:208} INFO - Processing /home/airflow/.local/lib/python3.12/site-packages/airflow/example_dags/example_branch_operator_decorator.py took 0.230 seconds
[2025-01-14T13:49:03.892+0000] {processor.py:186} INFO - Started process (PID=17638) to work on /home/airflow/.local/lib/python3.12/site-packages/airflow/example_dags/example_branch_operator_decorator.py
[2025-01-14T13:49:03.895+0000] {processor.py:914} INFO - Processing file /home/airflow/.local/lib/python3.12/site-packages/airflow/example_dags/example_branch_operator_decorator.py for tasks to queue
[2025-01-14T13:49:03.903+0000] {logging_mixin.py:190} INFO - [2025-01-14T13:49:03.903+0000] {dagbag.py:588} INFO - Filling up the DagBag from /home/airflow/.local/lib/python3.12/site-packages/airflow/example_dags/example_branch_operator_decorator.py
[2025-01-14T13:49:03.936+0000] {processor.py:925} INFO - DAG(s) 'example_branch_python_operator_decorator' retrieved from /home/airflow/.local/lib/python3.12/site-packages/airflow/example_dags/example_branch_operator_decorator.py
[2025-01-14T13:49:04.019+0000] {logging_mixin.py:190} INFO - [2025-01-14T13:49:04.018+0000] {dag.py:3239} INFO - Sync 1 DAGs
[2025-01-14T13:49:04.081+0000] {logging_mixin.py:190} INFO - [2025-01-14T13:49:04.081+0000] {dag.py:4180} INFO - Setting next_dagrun for example_branch_python_operator_decorator to 2025-01-13 00:00:00+00:00, run_after=2025-01-14 00:00:00+00:00
[2025-01-14T13:49:04.133+0000] {processor.py:208} INFO - Processing /home/airflow/.local/lib/python3.12/site-packages/airflow/example_dags/example_branch_operator_decorator.py took 0.260 seconds
[2025-01-14T13:49:34.454+0000] {processor.py:186} INFO - Started process (PID=17944) to work on /home/airflow/.local/lib/python3.12/site-packages/airflow/example_dags/example_branch_operator_decorator.py
[2025-01-14T13:49:34.456+0000] {processor.py:914} INFO - Processing file /home/airflow/.local/lib/python3.12/site-packages/airflow/example_dags/example_branch_operator_decorator.py for tasks to queue
[2025-01-14T13:49:34.464+0000] {logging_mixin.py:190} INFO - [2025-01-14T13:49:34.463+0000] {dagbag.py:588} INFO - Filling up the DagBag from /home/airflow/.local/lib/python3.12/site-packages/airflow/example_dags/example_branch_operator_decorator.py
[2025-01-14T13:49:34.509+0000] {processor.py:925} INFO - DAG(s) 'example_branch_python_operator_decorator' retrieved from /home/airflow/.local/lib/python3.12/site-packages/airflow/example_dags/example_branch_operator_decorator.py
[2025-01-14T13:49:34.555+0000] {logging_mixin.py:190} INFO - [2025-01-14T13:49:34.554+0000] {dag.py:3239} INFO - Sync 1 DAGs
[2025-01-14T13:49:34.612+0000] {logging_mixin.py:190} INFO - [2025-01-14T13:49:34.611+0000] {dag.py:4180} INFO - Setting next_dagrun for example_branch_python_operator_decorator to 2025-01-13 00:00:00+00:00, run_after=2025-01-14 00:00:00+00:00
[2025-01-14T13:49:34.658+0000] {processor.py:208} INFO - Processing /home/airflow/.local/lib/python3.12/site-packages/airflow/example_dags/example_branch_operator_decorator.py took 0.219 seconds
[2025-01-14T13:50:05.146+0000] {processor.py:186} INFO - Started process (PID=18252) to work on /home/airflow/.local/lib/python3.12/site-packages/airflow/example_dags/example_branch_operator_decorator.py
[2025-01-14T13:50:05.148+0000] {processor.py:914} INFO - Processing file /home/airflow/.local/lib/python3.12/site-packages/airflow/example_dags/example_branch_operator_decorator.py for tasks to queue
[2025-01-14T13:50:05.153+0000] {logging_mixin.py:190} INFO - [2025-01-14T13:50:05.152+0000] {dagbag.py:588} INFO - Filling up the DagBag from /home/airflow/.local/lib/python3.12/site-packages/airflow/example_dags/example_branch_operator_decorator.py
[2025-01-14T13:50:05.186+0000] {processor.py:925} INFO - DAG(s) 'example_branch_python_operator_decorator' retrieved from /home/airflow/.local/lib/python3.12/site-packages/airflow/example_dags/example_branch_operator_decorator.py
[2025-01-14T13:50:05.243+0000] {logging_mixin.py:190} INFO - [2025-01-14T13:50:05.243+0000] {dag.py:3239} INFO - Sync 1 DAGs
[2025-01-14T13:50:05.286+0000] {logging_mixin.py:190} INFO - [2025-01-14T13:50:05.286+0000] {dag.py:4180} INFO - Setting next_dagrun for example_branch_python_operator_decorator to 2025-01-13 00:00:00+00:00, run_after=2025-01-14 00:00:00+00:00
[2025-01-14T13:50:05.315+0000] {processor.py:208} INFO - Processing /home/airflow/.local/lib/python3.12/site-packages/airflow/example_dags/example_branch_operator_decorator.py took 0.179 seconds
[2025-01-14T13:50:35.848+0000] {processor.py:186} INFO - Started process (PID=18558) to work on /home/airflow/.local/lib/python3.12/site-packages/airflow/example_dags/example_branch_operator_decorator.py
[2025-01-14T13:50:35.850+0000] {processor.py:914} INFO - Processing file /home/airflow/.local/lib/python3.12/site-packages/airflow/example_dags/example_branch_operator_decorator.py for tasks to queue
[2025-01-14T13:50:35.856+0000] {logging_mixin.py:190} INFO - [2025-01-14T13:50:35.856+0000] {dagbag.py:588} INFO - Filling up the DagBag from /home/airflow/.local/lib/python3.12/site-packages/airflow/example_dags/example_branch_operator_decorator.py
[2025-01-14T13:50:35.896+0000] {processor.py:925} INFO - DAG(s) 'example_branch_python_operator_decorator' retrieved from /home/airflow/.local/lib/python3.12/site-packages/airflow/example_dags/example_branch_operator_decorator.py
[2025-01-14T13:50:35.977+0000] {logging_mixin.py:190} INFO - [2025-01-14T13:50:35.977+0000] {dag.py:3239} INFO - Sync 1 DAGs
[2025-01-14T13:50:36.032+0000] {logging_mixin.py:190} INFO - [2025-01-14T13:50:36.032+0000] {dag.py:4180} INFO - Setting next_dagrun for example_branch_python_operator_decorator to 2025-01-13 00:00:00+00:00, run_after=2025-01-14 00:00:00+00:00
[2025-01-14T13:50:36.070+0000] {processor.py:208} INFO - Processing /home/airflow/.local/lib/python3.12/site-packages/airflow/example_dags/example_branch_operator_decorator.py took 0.234 seconds
[2025-01-14T13:51:06.371+0000] {processor.py:186} INFO - Started process (PID=18869) to work on /home/airflow/.local/lib/python3.12/site-packages/airflow/example_dags/example_branch_operator_decorator.py
[2025-01-14T13:51:06.376+0000] {processor.py:914} INFO - Processing file /home/airflow/.local/lib/python3.12/site-packages/airflow/example_dags/example_branch_operator_decorator.py for tasks to queue
[2025-01-14T13:51:06.383+0000] {logging_mixin.py:190} INFO - [2025-01-14T13:51:06.382+0000] {dagbag.py:588} INFO - Filling up the DagBag from /home/airflow/.local/lib/python3.12/site-packages/airflow/example_dags/example_branch_operator_decorator.py
[2025-01-14T13:51:06.450+0000] {processor.py:925} INFO - DAG(s) 'example_branch_python_operator_decorator' retrieved from /home/airflow/.local/lib/python3.12/site-packages/airflow/example_dags/example_branch_operator_decorator.py
[2025-01-14T13:51:06.510+0000] {logging_mixin.py:190} INFO - [2025-01-14T13:51:06.509+0000] {dag.py:3239} INFO - Sync 1 DAGs
[2025-01-14T13:51:06.566+0000] {logging_mixin.py:190} INFO - [2025-01-14T13:51:06.566+0000] {dag.py:4180} INFO - Setting next_dagrun for example_branch_python_operator_decorator to 2025-01-13 00:00:00+00:00, run_after=2025-01-14 00:00:00+00:00
[2025-01-14T13:51:06.599+0000] {processor.py:208} INFO - Processing /home/airflow/.local/lib/python3.12/site-packages/airflow/example_dags/example_branch_operator_decorator.py took 0.246 seconds
[2025-01-14T13:51:36.875+0000] {processor.py:186} INFO - Started process (PID=19172) to work on /home/airflow/.local/lib/python3.12/site-packages/airflow/example_dags/example_branch_operator_decorator.py
[2025-01-14T13:51:36.877+0000] {processor.py:914} INFO - Processing file /home/airflow/.local/lib/python3.12/site-packages/airflow/example_dags/example_branch_operator_decorator.py for tasks to queue
[2025-01-14T13:51:36.883+0000] {logging_mixin.py:190} INFO - [2025-01-14T13:51:36.883+0000] {dagbag.py:588} INFO - Filling up the DagBag from /home/airflow/.local/lib/python3.12/site-packages/airflow/example_dags/example_branch_operator_decorator.py
[2025-01-14T13:51:36.916+0000] {processor.py:925} INFO - DAG(s) 'example_branch_python_operator_decorator' retrieved from /home/airflow/.local/lib/python3.12/site-packages/airflow/example_dags/example_branch_operator_decorator.py
[2025-01-14T13:51:36.982+0000] {logging_mixin.py:190} INFO - [2025-01-14T13:51:36.981+0000] {dag.py:3239} INFO - Sync 1 DAGs
[2025-01-14T13:51:37.042+0000] {logging_mixin.py:190} INFO - [2025-01-14T13:51:37.042+0000] {dag.py:4180} INFO - Setting next_dagrun for example_branch_python_operator_decorator to 2025-01-13 00:00:00+00:00, run_after=2025-01-14 00:00:00+00:00
[2025-01-14T13:51:37.085+0000] {processor.py:208} INFO - Processing /home/airflow/.local/lib/python3.12/site-packages/airflow/example_dags/example_branch_operator_decorator.py took 0.220 seconds
[2025-01-14T13:52:08.242+0000] {processor.py:186} INFO - Started process (PID=19485) to work on /home/airflow/.local/lib/python3.12/site-packages/airflow/example_dags/example_branch_operator_decorator.py
[2025-01-14T13:52:08.243+0000] {processor.py:914} INFO - Processing file /home/airflow/.local/lib/python3.12/site-packages/airflow/example_dags/example_branch_operator_decorator.py for tasks to queue
[2025-01-14T13:52:08.247+0000] {logging_mixin.py:190} INFO - [2025-01-14T13:52:08.247+0000] {dagbag.py:588} INFO - Filling up the DagBag from /home/airflow/.local/lib/python3.12/site-packages/airflow/example_dags/example_branch_operator_decorator.py
[2025-01-14T13:52:08.286+0000] {processor.py:925} INFO - DAG(s) 'example_branch_python_operator_decorator' retrieved from /home/airflow/.local/lib/python3.12/site-packages/airflow/example_dags/example_branch_operator_decorator.py
[2025-01-14T13:52:08.338+0000] {logging_mixin.py:190} INFO - [2025-01-14T13:52:08.338+0000] {dag.py:3239} INFO - Sync 1 DAGs
[2025-01-14T13:52:08.398+0000] {logging_mixin.py:190} INFO - [2025-01-14T13:52:08.398+0000] {dag.py:4180} INFO - Setting next_dagrun for example_branch_python_operator_decorator to 2025-01-13 00:00:00+00:00, run_after=2025-01-14 00:00:00+00:00
[2025-01-14T13:52:08.436+0000] {processor.py:208} INFO - Processing /home/airflow/.local/lib/python3.12/site-packages/airflow/example_dags/example_branch_operator_decorator.py took 0.206 seconds
[2025-01-14T13:52:38.782+0000] {processor.py:186} INFO - Started process (PID=19776) to work on /home/airflow/.local/lib/python3.12/site-packages/airflow/example_dags/example_branch_operator_decorator.py
[2025-01-14T13:52:38.784+0000] {processor.py:914} INFO - Processing file /home/airflow/.local/lib/python3.12/site-packages/airflow/example_dags/example_branch_operator_decorator.py for tasks to queue
[2025-01-14T13:52:38.791+0000] {logging_mixin.py:190} INFO - [2025-01-14T13:52:38.790+0000] {dagbag.py:588} INFO - Filling up the DagBag from /home/airflow/.local/lib/python3.12/site-packages/airflow/example_dags/example_branch_operator_decorator.py
[2025-01-14T13:52:38.831+0000] {processor.py:925} INFO - DAG(s) 'example_branch_python_operator_decorator' retrieved from /home/airflow/.local/lib/python3.12/site-packages/airflow/example_dags/example_branch_operator_decorator.py
[2025-01-14T13:52:38.886+0000] {logging_mixin.py:190} INFO - [2025-01-14T13:52:38.886+0000] {dag.py:3239} INFO - Sync 1 DAGs
[2025-01-14T13:52:38.934+0000] {logging_mixin.py:190} INFO - [2025-01-14T13:52:38.934+0000] {dag.py:4180} INFO - Setting next_dagrun for example_branch_python_operator_decorator to 2025-01-13 00:00:00+00:00, run_after=2025-01-14 00:00:00+00:00
[2025-01-14T13:52:38.986+0000] {processor.py:208} INFO - Processing /home/airflow/.local/lib/python3.12/site-packages/airflow/example_dags/example_branch_operator_decorator.py took 0.217 seconds
[2025-01-14T13:53:09.266+0000] {processor.py:186} INFO - Started process (PID=20089) to work on /home/airflow/.local/lib/python3.12/site-packages/airflow/example_dags/example_branch_operator_decorator.py
[2025-01-14T13:53:09.267+0000] {processor.py:914} INFO - Processing file /home/airflow/.local/lib/python3.12/site-packages/airflow/example_dags/example_branch_operator_decorator.py for tasks to queue
[2025-01-14T13:53:09.271+0000] {logging_mixin.py:190} INFO - [2025-01-14T13:53:09.271+0000] {dagbag.py:588} INFO - Filling up the DagBag from /home/airflow/.local/lib/python3.12/site-packages/airflow/example_dags/example_branch_operator_decorator.py
[2025-01-14T13:53:09.304+0000] {processor.py:925} INFO - DAG(s) 'example_branch_python_operator_decorator' retrieved from /home/airflow/.local/lib/python3.12/site-packages/airflow/example_dags/example_branch_operator_decorator.py
[2025-01-14T13:53:09.363+0000] {logging_mixin.py:190} INFO - [2025-01-14T13:53:09.363+0000] {dag.py:3239} INFO - Sync 1 DAGs
[2025-01-14T13:53:09.415+0000] {logging_mixin.py:190} INFO - [2025-01-14T13:53:09.414+0000] {dag.py:4180} INFO - Setting next_dagrun for example_branch_python_operator_decorator to 2025-01-13 00:00:00+00:00, run_after=2025-01-14 00:00:00+00:00
[2025-01-14T13:53:09.464+0000] {processor.py:208} INFO - Processing /home/airflow/.local/lib/python3.12/site-packages/airflow/example_dags/example_branch_operator_decorator.py took 0.208 seconds
[2025-01-14T13:53:40.204+0000] {processor.py:186} INFO - Started process (PID=20390) to work on /home/airflow/.local/lib/python3.12/site-packages/airflow/example_dags/example_branch_operator_decorator.py
[2025-01-14T13:53:40.207+0000] {processor.py:914} INFO - Processing file /home/airflow/.local/lib/python3.12/site-packages/airflow/example_dags/example_branch_operator_decorator.py for tasks to queue
[2025-01-14T13:53:40.213+0000] {logging_mixin.py:190} INFO - [2025-01-14T13:53:40.212+0000] {dagbag.py:588} INFO - Filling up the DagBag from /home/airflow/.local/lib/python3.12/site-packages/airflow/example_dags/example_branch_operator_decorator.py
[2025-01-14T13:53:40.267+0000] {processor.py:925} INFO - DAG(s) 'example_branch_python_operator_decorator' retrieved from /home/airflow/.local/lib/python3.12/site-packages/airflow/example_dags/example_branch_operator_decorator.py
[2025-01-14T13:53:40.318+0000] {logging_mixin.py:190} INFO - [2025-01-14T13:53:40.317+0000] {dag.py:3239} INFO - Sync 1 DAGs
[2025-01-14T13:53:40.380+0000] {logging_mixin.py:190} INFO - [2025-01-14T13:53:40.379+0000] {dag.py:4180} INFO - Setting next_dagrun for example_branch_python_operator_decorator to 2025-01-13 00:00:00+00:00, run_after=2025-01-14 00:00:00+00:00
[2025-01-14T13:53:40.413+0000] {processor.py:208} INFO - Processing /home/airflow/.local/lib/python3.12/site-packages/airflow/example_dags/example_branch_operator_decorator.py took 0.227 seconds
[2025-01-14T13:54:11.087+0000] {processor.py:186} INFO - Started process (PID=20703) to work on /home/airflow/.local/lib/python3.12/site-packages/airflow/example_dags/example_branch_operator_decorator.py
[2025-01-14T13:54:11.090+0000] {processor.py:914} INFO - Processing file /home/airflow/.local/lib/python3.12/site-packages/airflow/example_dags/example_branch_operator_decorator.py for tasks to queue
[2025-01-14T13:54:11.099+0000] {logging_mixin.py:190} INFO - [2025-01-14T13:54:11.097+0000] {dagbag.py:588} INFO - Filling up the DagBag from /home/airflow/.local/lib/python3.12/site-packages/airflow/example_dags/example_branch_operator_decorator.py
[2025-01-14T13:54:11.136+0000] {processor.py:925} INFO - DAG(s) 'example_branch_python_operator_decorator' retrieved from /home/airflow/.local/lib/python3.12/site-packages/airflow/example_dags/example_branch_operator_decorator.py
[2025-01-14T13:54:11.197+0000] {logging_mixin.py:190} INFO - [2025-01-14T13:54:11.197+0000] {dag.py:3239} INFO - Sync 1 DAGs
[2025-01-14T13:54:11.242+0000] {logging_mixin.py:190} INFO - [2025-01-14T13:54:11.242+0000] {dag.py:4180} INFO - Setting next_dagrun for example_branch_python_operator_decorator to 2025-01-13 00:00:00+00:00, run_after=2025-01-14 00:00:00+00:00
[2025-01-14T13:54:11.286+0000] {processor.py:208} INFO - Processing /home/airflow/.local/lib/python3.12/site-packages/airflow/example_dags/example_branch_operator_decorator.py took 0.218 seconds
[2025-01-14T13:54:42.146+0000] {processor.py:186} INFO - Started process (PID=21004) to work on /home/airflow/.local/lib/python3.12/site-packages/airflow/example_dags/example_branch_operator_decorator.py
[2025-01-14T13:54:42.148+0000] {processor.py:914} INFO - Processing file /home/airflow/.local/lib/python3.12/site-packages/airflow/example_dags/example_branch_operator_decorator.py for tasks to queue
[2025-01-14T13:54:42.153+0000] {logging_mixin.py:190} INFO - [2025-01-14T13:54:42.152+0000] {dagbag.py:588} INFO - Filling up the DagBag from /home/airflow/.local/lib/python3.12/site-packages/airflow/example_dags/example_branch_operator_decorator.py
[2025-01-14T13:54:42.189+0000] {processor.py:925} INFO - DAG(s) 'example_branch_python_operator_decorator' retrieved from /home/airflow/.local/lib/python3.12/site-packages/airflow/example_dags/example_branch_operator_decorator.py
[2025-01-14T13:54:42.256+0000] {logging_mixin.py:190} INFO - [2025-01-14T13:54:42.256+0000] {dag.py:3239} INFO - Sync 1 DAGs
[2025-01-14T13:54:42.308+0000] {logging_mixin.py:190} INFO - [2025-01-14T13:54:42.307+0000] {dag.py:4180} INFO - Setting next_dagrun for example_branch_python_operator_decorator to 2025-01-13 00:00:00+00:00, run_after=2025-01-14 00:00:00+00:00
[2025-01-14T13:54:42.354+0000] {processor.py:208} INFO - Processing /home/airflow/.local/lib/python3.12/site-packages/airflow/example_dags/example_branch_operator_decorator.py took 0.217 seconds
[2025-01-14T13:55:12.509+0000] {processor.py:186} INFO - Started process (PID=21317) to work on /home/airflow/.local/lib/python3.12/site-packages/airflow/example_dags/example_branch_operator_decorator.py
[2025-01-14T13:55:12.512+0000] {processor.py:914} INFO - Processing file /home/airflow/.local/lib/python3.12/site-packages/airflow/example_dags/example_branch_operator_decorator.py for tasks to queue
[2025-01-14T13:55:12.516+0000] {logging_mixin.py:190} INFO - [2025-01-14T13:55:12.515+0000] {dagbag.py:588} INFO - Filling up the DagBag from /home/airflow/.local/lib/python3.12/site-packages/airflow/example_dags/example_branch_operator_decorator.py
[2025-01-14T13:55:12.549+0000] {processor.py:925} INFO - DAG(s) 'example_branch_python_operator_decorator' retrieved from /home/airflow/.local/lib/python3.12/site-packages/airflow/example_dags/example_branch_operator_decorator.py
[2025-01-14T13:55:12.598+0000] {logging_mixin.py:190} INFO - [2025-01-14T13:55:12.597+0000] {dag.py:3239} INFO - Sync 1 DAGs
[2025-01-14T13:55:12.643+0000] {logging_mixin.py:190} INFO - [2025-01-14T13:55:12.643+0000] {dag.py:4180} INFO - Setting next_dagrun for example_branch_python_operator_decorator to 2025-01-13 00:00:00+00:00, run_after=2025-01-14 00:00:00+00:00
[2025-01-14T13:55:12.689+0000] {processor.py:208} INFO - Processing /home/airflow/.local/lib/python3.12/site-packages/airflow/example_dags/example_branch_operator_decorator.py took 0.196 seconds
[2025-01-14T13:55:43.110+0000] {processor.py:186} INFO - Started process (PID=21618) to work on /home/airflow/.local/lib/python3.12/site-packages/airflow/example_dags/example_branch_operator_decorator.py
[2025-01-14T13:55:43.112+0000] {processor.py:914} INFO - Processing file /home/airflow/.local/lib/python3.12/site-packages/airflow/example_dags/example_branch_operator_decorator.py for tasks to queue
[2025-01-14T13:55:43.120+0000] {logging_mixin.py:190} INFO - [2025-01-14T13:55:43.119+0000] {dagbag.py:588} INFO - Filling up the DagBag from /home/airflow/.local/lib/python3.12/site-packages/airflow/example_dags/example_branch_operator_decorator.py
[2025-01-14T13:55:43.156+0000] {processor.py:925} INFO - DAG(s) 'example_branch_python_operator_decorator' retrieved from /home/airflow/.local/lib/python3.12/site-packages/airflow/example_dags/example_branch_operator_decorator.py
[2025-01-14T13:55:43.234+0000] {logging_mixin.py:190} INFO - [2025-01-14T13:55:43.233+0000] {dag.py:3239} INFO - Sync 1 DAGs
[2025-01-14T13:55:43.276+0000] {logging_mixin.py:190} INFO - [2025-01-14T13:55:43.275+0000] {dag.py:4180} INFO - Setting next_dagrun for example_branch_python_operator_decorator to 2025-01-13 00:00:00+00:00, run_after=2025-01-14 00:00:00+00:00
[2025-01-14T13:55:43.311+0000] {processor.py:208} INFO - Processing /home/airflow/.local/lib/python3.12/site-packages/airflow/example_dags/example_branch_operator_decorator.py took 0.214 seconds
[2025-01-14T13:56:13.498+0000] {processor.py:186} INFO - Started process (PID=21901) to work on /home/airflow/.local/lib/python3.12/site-packages/airflow/example_dags/example_branch_operator_decorator.py
[2025-01-14T13:56:13.499+0000] {processor.py:914} INFO - Processing file /home/airflow/.local/lib/python3.12/site-packages/airflow/example_dags/example_branch_operator_decorator.py for tasks to queue
[2025-01-14T13:56:13.503+0000] {logging_mixin.py:190} INFO - [2025-01-14T13:56:13.503+0000] {dagbag.py:588} INFO - Filling up the DagBag from /home/airflow/.local/lib/python3.12/site-packages/airflow/example_dags/example_branch_operator_decorator.py
[2025-01-14T13:56:13.536+0000] {processor.py:925} INFO - DAG(s) 'example_branch_python_operator_decorator' retrieved from /home/airflow/.local/lib/python3.12/site-packages/airflow/example_dags/example_branch_operator_decorator.py
[2025-01-14T13:56:13.585+0000] {logging_mixin.py:190} INFO - [2025-01-14T13:56:13.584+0000] {dag.py:3239} INFO - Sync 1 DAGs
[2025-01-14T13:56:13.633+0000] {logging_mixin.py:190} INFO - [2025-01-14T13:56:13.632+0000] {dag.py:4180} INFO - Setting next_dagrun for example_branch_python_operator_decorator to 2025-01-13 00:00:00+00:00, run_after=2025-01-14 00:00:00+00:00
[2025-01-14T13:56:13.675+0000] {processor.py:208} INFO - Processing /home/airflow/.local/lib/python3.12/site-packages/airflow/example_dags/example_branch_operator_decorator.py took 0.186 seconds
[2025-01-14T13:56:44.310+0000] {processor.py:186} INFO - Started process (PID=22202) to work on /home/airflow/.local/lib/python3.12/site-packages/airflow/example_dags/example_branch_operator_decorator.py
[2025-01-14T13:56:44.312+0000] {processor.py:914} INFO - Processing file /home/airflow/.local/lib/python3.12/site-packages/airflow/example_dags/example_branch_operator_decorator.py for tasks to queue
[2025-01-14T13:56:44.321+0000] {logging_mixin.py:190} INFO - [2025-01-14T13:56:44.319+0000] {dagbag.py:588} INFO - Filling up the DagBag from /home/airflow/.local/lib/python3.12/site-packages/airflow/example_dags/example_branch_operator_decorator.py
[2025-01-14T13:56:44.360+0000] {processor.py:925} INFO - DAG(s) 'example_branch_python_operator_decorator' retrieved from /home/airflow/.local/lib/python3.12/site-packages/airflow/example_dags/example_branch_operator_decorator.py
[2025-01-14T13:56:44.410+0000] {logging_mixin.py:190} INFO - [2025-01-14T13:56:44.410+0000] {dag.py:3239} INFO - Sync 1 DAGs
[2025-01-14T13:56:44.473+0000] {logging_mixin.py:190} INFO - [2025-01-14T13:56:44.473+0000] {dag.py:4180} INFO - Setting next_dagrun for example_branch_python_operator_decorator to 2025-01-13 00:00:00+00:00, run_after=2025-01-14 00:00:00+00:00
[2025-01-14T13:56:44.524+0000] {processor.py:208} INFO - Processing /home/airflow/.local/lib/python3.12/site-packages/airflow/example_dags/example_branch_operator_decorator.py took 0.229 seconds
[2025-01-14T13:57:15.257+0000] {processor.py:186} INFO - Started process (PID=22505) to work on /home/airflow/.local/lib/python3.12/site-packages/airflow/example_dags/example_branch_operator_decorator.py
[2025-01-14T13:57:15.259+0000] {processor.py:914} INFO - Processing file /home/airflow/.local/lib/python3.12/site-packages/airflow/example_dags/example_branch_operator_decorator.py for tasks to queue
[2025-01-14T13:57:15.271+0000] {logging_mixin.py:190} INFO - [2025-01-14T13:57:15.270+0000] {dagbag.py:588} INFO - Filling up the DagBag from /home/airflow/.local/lib/python3.12/site-packages/airflow/example_dags/example_branch_operator_decorator.py
[2025-01-14T13:57:15.321+0000] {processor.py:925} INFO - DAG(s) 'example_branch_python_operator_decorator' retrieved from /home/airflow/.local/lib/python3.12/site-packages/airflow/example_dags/example_branch_operator_decorator.py
[2025-01-14T13:57:15.368+0000] {logging_mixin.py:190} INFO - [2025-01-14T13:57:15.367+0000] {dag.py:3239} INFO - Sync 1 DAGs
[2025-01-14T13:57:15.417+0000] {logging_mixin.py:190} INFO - [2025-01-14T13:57:15.416+0000] {dag.py:4180} INFO - Setting next_dagrun for example_branch_python_operator_decorator to 2025-01-13 00:00:00+00:00, run_after=2025-01-14 00:00:00+00:00
[2025-01-14T13:57:15.468+0000] {processor.py:208} INFO - Processing /home/airflow/.local/lib/python3.12/site-packages/airflow/example_dags/example_branch_operator_decorator.py took 0.221 seconds
[2025-01-14T13:57:46.125+0000] {processor.py:186} INFO - Started process (PID=22808) to work on /home/airflow/.local/lib/python3.12/site-packages/airflow/example_dags/example_branch_operator_decorator.py
[2025-01-14T13:57:46.129+0000] {processor.py:914} INFO - Processing file /home/airflow/.local/lib/python3.12/site-packages/airflow/example_dags/example_branch_operator_decorator.py for tasks to queue
[2025-01-14T13:57:46.136+0000] {logging_mixin.py:190} INFO - [2025-01-14T13:57:46.135+0000] {dagbag.py:588} INFO - Filling up the DagBag from /home/airflow/.local/lib/python3.12/site-packages/airflow/example_dags/example_branch_operator_decorator.py
[2025-01-14T13:57:46.180+0000] {processor.py:925} INFO - DAG(s) 'example_branch_python_operator_decorator' retrieved from /home/airflow/.local/lib/python3.12/site-packages/airflow/example_dags/example_branch_operator_decorator.py
[2025-01-14T13:57:46.235+0000] {logging_mixin.py:190} INFO - [2025-01-14T13:57:46.234+0000] {dag.py:3239} INFO - Sync 1 DAGs
[2025-01-14T13:57:46.278+0000] {logging_mixin.py:190} INFO - [2025-01-14T13:57:46.278+0000] {dag.py:4180} INFO - Setting next_dagrun for example_branch_python_operator_decorator to 2025-01-13 00:00:00+00:00, run_after=2025-01-14 00:00:00+00:00
[2025-01-14T13:57:46.312+0000] {processor.py:208} INFO - Processing /home/airflow/.local/lib/python3.12/site-packages/airflow/example_dags/example_branch_operator_decorator.py took 0.204 seconds
[2025-01-14T13:58:16.572+0000] {processor.py:186} INFO - Started process (PID=23121) to work on /home/airflow/.local/lib/python3.12/site-packages/airflow/example_dags/example_branch_operator_decorator.py
[2025-01-14T13:58:16.574+0000] {processor.py:914} INFO - Processing file /home/airflow/.local/lib/python3.12/site-packages/airflow/example_dags/example_branch_operator_decorator.py for tasks to queue
[2025-01-14T13:58:16.577+0000] {logging_mixin.py:190} INFO - [2025-01-14T13:58:16.577+0000] {dagbag.py:588} INFO - Filling up the DagBag from /home/airflow/.local/lib/python3.12/site-packages/airflow/example_dags/example_branch_operator_decorator.py
[2025-01-14T13:58:16.611+0000] {processor.py:925} INFO - DAG(s) 'example_branch_python_operator_decorator' retrieved from /home/airflow/.local/lib/python3.12/site-packages/airflow/example_dags/example_branch_operator_decorator.py
[2025-01-14T13:58:16.660+0000] {logging_mixin.py:190} INFO - [2025-01-14T13:58:16.659+0000] {dag.py:3239} INFO - Sync 1 DAGs
[2025-01-14T13:58:16.705+0000] {logging_mixin.py:190} INFO - [2025-01-14T13:58:16.705+0000] {dag.py:4180} INFO - Setting next_dagrun for example_branch_python_operator_decorator to 2025-01-13 00:00:00+00:00, run_after=2025-01-14 00:00:00+00:00
[2025-01-14T13:58:16.740+0000] {processor.py:208} INFO - Processing /home/airflow/.local/lib/python3.12/site-packages/airflow/example_dags/example_branch_operator_decorator.py took 0.179 seconds
[2025-01-14T13:58:46.796+0000] {processor.py:186} INFO - Started process (PID=23420) to work on /home/airflow/.local/lib/python3.12/site-packages/airflow/example_dags/example_branch_operator_decorator.py
[2025-01-14T13:58:46.798+0000] {processor.py:914} INFO - Processing file /home/airflow/.local/lib/python3.12/site-packages/airflow/example_dags/example_branch_operator_decorator.py for tasks to queue
[2025-01-14T13:58:46.802+0000] {logging_mixin.py:190} INFO - [2025-01-14T13:58:46.801+0000] {dagbag.py:588} INFO - Filling up the DagBag from /home/airflow/.local/lib/python3.12/site-packages/airflow/example_dags/example_branch_operator_decorator.py
[2025-01-14T13:58:46.833+0000] {processor.py:925} INFO - DAG(s) 'example_branch_python_operator_decorator' retrieved from /home/airflow/.local/lib/python3.12/site-packages/airflow/example_dags/example_branch_operator_decorator.py
[2025-01-14T13:58:46.884+0000] {logging_mixin.py:190} INFO - [2025-01-14T13:58:46.883+0000] {dag.py:3239} INFO - Sync 1 DAGs
[2025-01-14T13:58:46.931+0000] {logging_mixin.py:190} INFO - [2025-01-14T13:58:46.930+0000] {dag.py:4180} INFO - Setting next_dagrun for example_branch_python_operator_decorator to 2025-01-13 00:00:00+00:00, run_after=2025-01-14 00:00:00+00:00
[2025-01-14T13:58:46.977+0000] {processor.py:208} INFO - Processing /home/airflow/.local/lib/python3.12/site-packages/airflow/example_dags/example_branch_operator_decorator.py took 0.190 seconds
[2025-01-14T13:59:17.671+0000] {processor.py:186} INFO - Started process (PID=23728) to work on /home/airflow/.local/lib/python3.12/site-packages/airflow/example_dags/example_branch_operator_decorator.py
[2025-01-14T13:59:17.674+0000] {processor.py:914} INFO - Processing file /home/airflow/.local/lib/python3.12/site-packages/airflow/example_dags/example_branch_operator_decorator.py for tasks to queue
[2025-01-14T13:59:17.678+0000] {logging_mixin.py:190} INFO - [2025-01-14T13:59:17.677+0000] {dagbag.py:588} INFO - Filling up the DagBag from /home/airflow/.local/lib/python3.12/site-packages/airflow/example_dags/example_branch_operator_decorator.py
[2025-01-14T13:59:17.711+0000] {processor.py:925} INFO - DAG(s) 'example_branch_python_operator_decorator' retrieved from /home/airflow/.local/lib/python3.12/site-packages/airflow/example_dags/example_branch_operator_decorator.py
[2025-01-14T13:59:17.758+0000] {logging_mixin.py:190} INFO - [2025-01-14T13:59:17.757+0000] {dag.py:3239} INFO - Sync 1 DAGs
[2025-01-14T13:59:17.817+0000] {logging_mixin.py:190} INFO - [2025-01-14T13:59:17.816+0000] {dag.py:4180} INFO - Setting next_dagrun for example_branch_python_operator_decorator to 2025-01-13 00:00:00+00:00, run_after=2025-01-14 00:00:00+00:00
[2025-01-14T13:59:17.859+0000] {processor.py:208} INFO - Processing /home/airflow/.local/lib/python3.12/site-packages/airflow/example_dags/example_branch_operator_decorator.py took 0.203 seconds
[2025-01-14T13:59:48.069+0000] {processor.py:186} INFO - Started process (PID=24019) to work on /home/airflow/.local/lib/python3.12/site-packages/airflow/example_dags/example_branch_operator_decorator.py
[2025-01-14T13:59:48.071+0000] {processor.py:914} INFO - Processing file /home/airflow/.local/lib/python3.12/site-packages/airflow/example_dags/example_branch_operator_decorator.py for tasks to queue
[2025-01-14T13:59:48.078+0000] {logging_mixin.py:190} INFO - [2025-01-14T13:59:48.077+0000] {dagbag.py:588} INFO - Filling up the DagBag from /home/airflow/.local/lib/python3.12/site-packages/airflow/example_dags/example_branch_operator_decorator.py
[2025-01-14T13:59:48.121+0000] {processor.py:925} INFO - DAG(s) 'example_branch_python_operator_decorator' retrieved from /home/airflow/.local/lib/python3.12/site-packages/airflow/example_dags/example_branch_operator_decorator.py
[2025-01-14T13:59:48.199+0000] {logging_mixin.py:190} INFO - [2025-01-14T13:59:48.198+0000] {dag.py:3239} INFO - Sync 1 DAGs
[2025-01-14T13:59:48.246+0000] {logging_mixin.py:190} INFO - [2025-01-14T13:59:48.246+0000] {dag.py:4180} INFO - Setting next_dagrun for example_branch_python_operator_decorator to 2025-01-13 00:00:00+00:00, run_after=2025-01-14 00:00:00+00:00
[2025-01-14T13:59:48.288+0000] {processor.py:208} INFO - Processing /home/airflow/.local/lib/python3.12/site-packages/airflow/example_dags/example_branch_operator_decorator.py took 0.231 seconds
[2025-01-14T14:00:18.448+0000] {processor.py:186} INFO - Started process (PID=24317) to work on /home/airflow/.local/lib/python3.12/site-packages/airflow/example_dags/example_branch_operator_decorator.py
[2025-01-14T14:00:18.450+0000] {processor.py:914} INFO - Processing file /home/airflow/.local/lib/python3.12/site-packages/airflow/example_dags/example_branch_operator_decorator.py for tasks to queue
[2025-01-14T14:00:18.458+0000] {logging_mixin.py:190} INFO - [2025-01-14T14:00:18.457+0000] {dagbag.py:588} INFO - Filling up the DagBag from /home/airflow/.local/lib/python3.12/site-packages/airflow/example_dags/example_branch_operator_decorator.py
[2025-01-14T14:00:18.516+0000] {processor.py:925} INFO - DAG(s) 'example_branch_python_operator_decorator' retrieved from /home/airflow/.local/lib/python3.12/site-packages/airflow/example_dags/example_branch_operator_decorator.py
[2025-01-14T14:00:18.566+0000] {logging_mixin.py:190} INFO - [2025-01-14T14:00:18.566+0000] {dag.py:3239} INFO - Sync 1 DAGs
[2025-01-14T14:00:18.614+0000] {logging_mixin.py:190} INFO - [2025-01-14T14:00:18.613+0000] {dag.py:4180} INFO - Setting next_dagrun for example_branch_python_operator_decorator to 2025-01-13 00:00:00+00:00, run_after=2025-01-14 00:00:00+00:00
[2025-01-14T14:00:18.654+0000] {processor.py:208} INFO - Processing /home/airflow/.local/lib/python3.12/site-packages/airflow/example_dags/example_branch_operator_decorator.py took 0.226 seconds
[2025-01-14T14:00:48.813+0000] {processor.py:186} INFO - Started process (PID=24610) to work on /home/airflow/.local/lib/python3.12/site-packages/airflow/example_dags/example_branch_operator_decorator.py
[2025-01-14T14:00:48.815+0000] {processor.py:914} INFO - Processing file /home/airflow/.local/lib/python3.12/site-packages/airflow/example_dags/example_branch_operator_decorator.py for tasks to queue
[2025-01-14T14:00:48.820+0000] {logging_mixin.py:190} INFO - [2025-01-14T14:00:48.820+0000] {dagbag.py:588} INFO - Filling up the DagBag from /home/airflow/.local/lib/python3.12/site-packages/airflow/example_dags/example_branch_operator_decorator.py
[2025-01-14T14:00:48.857+0000] {processor.py:925} INFO - DAG(s) 'example_branch_python_operator_decorator' retrieved from /home/airflow/.local/lib/python3.12/site-packages/airflow/example_dags/example_branch_operator_decorator.py
[2025-01-14T14:00:48.902+0000] {logging_mixin.py:190} INFO - [2025-01-14T14:00:48.902+0000] {dag.py:3239} INFO - Sync 1 DAGs
[2025-01-14T14:00:48.947+0000] {logging_mixin.py:190} INFO - [2025-01-14T14:00:48.947+0000] {dag.py:4180} INFO - Setting next_dagrun for example_branch_python_operator_decorator to 2025-01-13 00:00:00+00:00, run_after=2025-01-14 00:00:00+00:00
[2025-01-14T14:00:48.992+0000] {processor.py:208} INFO - Processing /home/airflow/.local/lib/python3.12/site-packages/airflow/example_dags/example_branch_operator_decorator.py took 0.193 seconds
[2025-01-14T14:01:20.014+0000] {processor.py:186} INFO - Started process (PID=24923) to work on /home/airflow/.local/lib/python3.12/site-packages/airflow/example_dags/example_branch_operator_decorator.py
[2025-01-14T14:01:20.016+0000] {processor.py:914} INFO - Processing file /home/airflow/.local/lib/python3.12/site-packages/airflow/example_dags/example_branch_operator_decorator.py for tasks to queue
[2025-01-14T14:01:20.024+0000] {logging_mixin.py:190} INFO - [2025-01-14T14:01:20.023+0000] {dagbag.py:588} INFO - Filling up the DagBag from /home/airflow/.local/lib/python3.12/site-packages/airflow/example_dags/example_branch_operator_decorator.py
[2025-01-14T14:01:20.092+0000] {processor.py:925} INFO - DAG(s) 'example_branch_python_operator_decorator' retrieved from /home/airflow/.local/lib/python3.12/site-packages/airflow/example_dags/example_branch_operator_decorator.py
[2025-01-14T14:01:20.142+0000] {logging_mixin.py:190} INFO - [2025-01-14T14:01:20.141+0000] {dag.py:3239} INFO - Sync 1 DAGs
[2025-01-14T14:01:20.191+0000] {logging_mixin.py:190} INFO - [2025-01-14T14:01:20.190+0000] {dag.py:4180} INFO - Setting next_dagrun for example_branch_python_operator_decorator to 2025-01-13 00:00:00+00:00, run_after=2025-01-14 00:00:00+00:00
[2025-01-14T14:01:20.228+0000] {processor.py:208} INFO - Processing /home/airflow/.local/lib/python3.12/site-packages/airflow/example_dags/example_branch_operator_decorator.py took 0.233 seconds
[2025-01-14T14:01:50.823+0000] {processor.py:186} INFO - Started process (PID=25224) to work on /home/airflow/.local/lib/python3.12/site-packages/airflow/example_dags/example_branch_operator_decorator.py
[2025-01-14T14:01:50.824+0000] {processor.py:914} INFO - Processing file /home/airflow/.local/lib/python3.12/site-packages/airflow/example_dags/example_branch_operator_decorator.py for tasks to queue
[2025-01-14T14:01:50.829+0000] {logging_mixin.py:190} INFO - [2025-01-14T14:01:50.828+0000] {dagbag.py:588} INFO - Filling up the DagBag from /home/airflow/.local/lib/python3.12/site-packages/airflow/example_dags/example_branch_operator_decorator.py
[2025-01-14T14:01:50.861+0000] {processor.py:925} INFO - DAG(s) 'example_branch_python_operator_decorator' retrieved from /home/airflow/.local/lib/python3.12/site-packages/airflow/example_dags/example_branch_operator_decorator.py
[2025-01-14T14:01:50.913+0000] {logging_mixin.py:190} INFO - [2025-01-14T14:01:50.912+0000] {dag.py:3239} INFO - Sync 1 DAGs
[2025-01-14T14:01:50.964+0000] {logging_mixin.py:190} INFO - [2025-01-14T14:01:50.964+0000] {dag.py:4180} INFO - Setting next_dagrun for example_branch_python_operator_decorator to 2025-01-13 00:00:00+00:00, run_after=2025-01-14 00:00:00+00:00
[2025-01-14T14:01:51.010+0000] {processor.py:208} INFO - Processing /home/airflow/.local/lib/python3.12/site-packages/airflow/example_dags/example_branch_operator_decorator.py took 0.197 seconds
[2025-01-14T14:02:21.394+0000] {processor.py:186} INFO - Started process (PID=25536) to work on /home/airflow/.local/lib/python3.12/site-packages/airflow/example_dags/example_branch_operator_decorator.py
[2025-01-14T14:02:21.396+0000] {processor.py:914} INFO - Processing file /home/airflow/.local/lib/python3.12/site-packages/airflow/example_dags/example_branch_operator_decorator.py for tasks to queue
[2025-01-14T14:02:21.404+0000] {logging_mixin.py:190} INFO - [2025-01-14T14:02:21.403+0000] {dagbag.py:588} INFO - Filling up the DagBag from /home/airflow/.local/lib/python3.12/site-packages/airflow/example_dags/example_branch_operator_decorator.py
[2025-01-14T14:02:21.448+0000] {processor.py:925} INFO - DAG(s) 'example_branch_python_operator_decorator' retrieved from /home/airflow/.local/lib/python3.12/site-packages/airflow/example_dags/example_branch_operator_decorator.py
[2025-01-14T14:02:21.516+0000] {logging_mixin.py:190} INFO - [2025-01-14T14:02:21.516+0000] {dag.py:3239} INFO - Sync 1 DAGs
[2025-01-14T14:02:21.562+0000] {logging_mixin.py:190} INFO - [2025-01-14T14:02:21.561+0000] {dag.py:4180} INFO - Setting next_dagrun for example_branch_python_operator_decorator to 2025-01-13 00:00:00+00:00, run_after=2025-01-14 00:00:00+00:00
[2025-01-14T14:02:21.602+0000] {processor.py:208} INFO - Processing /home/airflow/.local/lib/python3.12/site-packages/airflow/example_dags/example_branch_operator_decorator.py took 0.225 seconds
[2025-01-14T14:02:51.814+0000] {processor.py:186} INFO - Started process (PID=25837) to work on /home/airflow/.local/lib/python3.12/site-packages/airflow/example_dags/example_branch_operator_decorator.py
[2025-01-14T14:02:51.817+0000] {processor.py:914} INFO - Processing file /home/airflow/.local/lib/python3.12/site-packages/airflow/example_dags/example_branch_operator_decorator.py for tasks to queue
[2025-01-14T14:02:51.822+0000] {logging_mixin.py:190} INFO - [2025-01-14T14:02:51.821+0000] {dagbag.py:588} INFO - Filling up the DagBag from /home/airflow/.local/lib/python3.12/site-packages/airflow/example_dags/example_branch_operator_decorator.py
[2025-01-14T14:02:51.858+0000] {processor.py:925} INFO - DAG(s) 'example_branch_python_operator_decorator' retrieved from /home/airflow/.local/lib/python3.12/site-packages/airflow/example_dags/example_branch_operator_decorator.py
[2025-01-14T14:02:51.934+0000] {logging_mixin.py:190} INFO - [2025-01-14T14:02:51.934+0000] {dag.py:3239} INFO - Sync 1 DAGs
[2025-01-14T14:02:51.992+0000] {logging_mixin.py:190} INFO - [2025-01-14T14:02:51.991+0000] {dag.py:4180} INFO - Setting next_dagrun for example_branch_python_operator_decorator to 2025-01-13 00:00:00+00:00, run_after=2025-01-14 00:00:00+00:00
[2025-01-14T14:02:52.033+0000] {processor.py:208} INFO - Processing /home/airflow/.local/lib/python3.12/site-packages/airflow/example_dags/example_branch_operator_decorator.py took 0.232 seconds
[2025-01-14T14:03:22.436+0000] {processor.py:186} INFO - Started process (PID=26150) to work on /home/airflow/.local/lib/python3.12/site-packages/airflow/example_dags/example_branch_operator_decorator.py
[2025-01-14T14:03:22.438+0000] {processor.py:914} INFO - Processing file /home/airflow/.local/lib/python3.12/site-packages/airflow/example_dags/example_branch_operator_decorator.py for tasks to queue
[2025-01-14T14:03:22.446+0000] {logging_mixin.py:190} INFO - [2025-01-14T14:03:22.445+0000] {dagbag.py:588} INFO - Filling up the DagBag from /home/airflow/.local/lib/python3.12/site-packages/airflow/example_dags/example_branch_operator_decorator.py
[2025-01-14T14:03:22.483+0000] {processor.py:925} INFO - DAG(s) 'example_branch_python_operator_decorator' retrieved from /home/airflow/.local/lib/python3.12/site-packages/airflow/example_dags/example_branch_operator_decorator.py
[2025-01-14T14:03:22.547+0000] {logging_mixin.py:190} INFO - [2025-01-14T14:03:22.546+0000] {dag.py:3239} INFO - Sync 1 DAGs
[2025-01-14T14:03:22.603+0000] {logging_mixin.py:190} INFO - [2025-01-14T14:03:22.602+0000] {dag.py:4180} INFO - Setting next_dagrun for example_branch_python_operator_decorator to 2025-01-13 00:00:00+00:00, run_after=2025-01-14 00:00:00+00:00
[2025-01-14T14:03:22.653+0000] {processor.py:208} INFO - Processing /home/airflow/.local/lib/python3.12/site-packages/airflow/example_dags/example_branch_operator_decorator.py took 0.229 seconds
[2025-01-14T14:03:52.940+0000] {processor.py:186} INFO - Started process (PID=26450) to work on /home/airflow/.local/lib/python3.12/site-packages/airflow/example_dags/example_branch_operator_decorator.py
[2025-01-14T14:03:52.941+0000] {processor.py:914} INFO - Processing file /home/airflow/.local/lib/python3.12/site-packages/airflow/example_dags/example_branch_operator_decorator.py for tasks to queue
[2025-01-14T14:03:52.949+0000] {logging_mixin.py:190} INFO - [2025-01-14T14:03:52.948+0000] {dagbag.py:588} INFO - Filling up the DagBag from /home/airflow/.local/lib/python3.12/site-packages/airflow/example_dags/example_branch_operator_decorator.py
[2025-01-14T14:03:53.015+0000] {processor.py:925} INFO - DAG(s) 'example_branch_python_operator_decorator' retrieved from /home/airflow/.local/lib/python3.12/site-packages/airflow/example_dags/example_branch_operator_decorator.py
[2025-01-14T14:03:53.084+0000] {logging_mixin.py:190} INFO - [2025-01-14T14:03:53.083+0000] {dag.py:3239} INFO - Sync 1 DAGs
[2025-01-14T14:03:53.141+0000] {logging_mixin.py:190} INFO - [2025-01-14T14:03:53.140+0000] {dag.py:4180} INFO - Setting next_dagrun for example_branch_python_operator_decorator to 2025-01-13 00:00:00+00:00, run_after=2025-01-14 00:00:00+00:00
[2025-01-14T14:03:53.190+0000] {processor.py:208} INFO - Processing /home/airflow/.local/lib/python3.12/site-packages/airflow/example_dags/example_branch_operator_decorator.py took 0.262 seconds
[2025-01-14T14:04:23.649+0000] {processor.py:186} INFO - Started process (PID=26763) to work on /home/airflow/.local/lib/python3.12/site-packages/airflow/example_dags/example_branch_operator_decorator.py
[2025-01-14T14:04:23.655+0000] {processor.py:914} INFO - Processing file /home/airflow/.local/lib/python3.12/site-packages/airflow/example_dags/example_branch_operator_decorator.py for tasks to queue
[2025-01-14T14:04:23.665+0000] {logging_mixin.py:190} INFO - [2025-01-14T14:04:23.664+0000] {dagbag.py:588} INFO - Filling up the DagBag from /home/airflow/.local/lib/python3.12/site-packages/airflow/example_dags/example_branch_operator_decorator.py
[2025-01-14T14:04:23.708+0000] {processor.py:925} INFO - DAG(s) 'example_branch_python_operator_decorator' retrieved from /home/airflow/.local/lib/python3.12/site-packages/airflow/example_dags/example_branch_operator_decorator.py
[2025-01-14T14:04:23.760+0000] {logging_mixin.py:190} INFO - [2025-01-14T14:04:23.759+0000] {dag.py:3239} INFO - Sync 1 DAGs
[2025-01-14T14:04:23.814+0000] {logging_mixin.py:190} INFO - [2025-01-14T14:04:23.814+0000] {dag.py:4180} INFO - Setting next_dagrun for example_branch_python_operator_decorator to 2025-01-13 00:00:00+00:00, run_after=2025-01-14 00:00:00+00:00
[2025-01-14T14:04:23.849+0000] {processor.py:208} INFO - Processing /home/airflow/.local/lib/python3.12/site-packages/airflow/example_dags/example_branch_operator_decorator.py took 0.219 seconds
[2025-01-14T14:04:54.122+0000] {processor.py:186} INFO - Started process (PID=27064) to work on /home/airflow/.local/lib/python3.12/site-packages/airflow/example_dags/example_branch_operator_decorator.py
[2025-01-14T14:04:54.124+0000] {processor.py:914} INFO - Processing file /home/airflow/.local/lib/python3.12/site-packages/airflow/example_dags/example_branch_operator_decorator.py for tasks to queue
[2025-01-14T14:04:54.130+0000] {logging_mixin.py:190} INFO - [2025-01-14T14:04:54.129+0000] {dagbag.py:588} INFO - Filling up the DagBag from /home/airflow/.local/lib/python3.12/site-packages/airflow/example_dags/example_branch_operator_decorator.py
[2025-01-14T14:04:54.165+0000] {processor.py:925} INFO - DAG(s) 'example_branch_python_operator_decorator' retrieved from /home/airflow/.local/lib/python3.12/site-packages/airflow/example_dags/example_branch_operator_decorator.py
[2025-01-14T14:04:54.210+0000] {logging_mixin.py:190} INFO - [2025-01-14T14:04:54.210+0000] {dag.py:3239} INFO - Sync 1 DAGs
[2025-01-14T14:04:54.249+0000] {logging_mixin.py:190} INFO - [2025-01-14T14:04:54.248+0000] {dag.py:4180} INFO - Setting next_dagrun for example_branch_python_operator_decorator to 2025-01-13 00:00:00+00:00, run_after=2025-01-14 00:00:00+00:00
[2025-01-14T14:04:54.296+0000] {processor.py:208} INFO - Processing /home/airflow/.local/lib/python3.12/site-packages/airflow/example_dags/example_branch_operator_decorator.py took 0.183 seconds
[2025-01-14T14:05:24.748+0000] {processor.py:186} INFO - Started process (PID=27377) to work on /home/airflow/.local/lib/python3.12/site-packages/airflow/example_dags/example_branch_operator_decorator.py
[2025-01-14T14:05:24.750+0000] {processor.py:914} INFO - Processing file /home/airflow/.local/lib/python3.12/site-packages/airflow/example_dags/example_branch_operator_decorator.py for tasks to queue
[2025-01-14T14:05:24.754+0000] {logging_mixin.py:190} INFO - [2025-01-14T14:05:24.754+0000] {dagbag.py:588} INFO - Filling up the DagBag from /home/airflow/.local/lib/python3.12/site-packages/airflow/example_dags/example_branch_operator_decorator.py
[2025-01-14T14:05:24.788+0000] {processor.py:925} INFO - DAG(s) 'example_branch_python_operator_decorator' retrieved from /home/airflow/.local/lib/python3.12/site-packages/airflow/example_dags/example_branch_operator_decorator.py
[2025-01-14T14:05:24.852+0000] {logging_mixin.py:190} INFO - [2025-01-14T14:05:24.851+0000] {dag.py:3239} INFO - Sync 1 DAGs
[2025-01-14T14:05:24.888+0000] {logging_mixin.py:190} INFO - [2025-01-14T14:05:24.888+0000] {dag.py:4180} INFO - Setting next_dagrun for example_branch_python_operator_decorator to 2025-01-13 00:00:00+00:00, run_after=2025-01-14 00:00:00+00:00
[2025-01-14T14:05:24.922+0000] {processor.py:208} INFO - Processing /home/airflow/.local/lib/python3.12/site-packages/airflow/example_dags/example_branch_operator_decorator.py took 0.186 seconds
[2025-01-14T14:05:55.117+0000] {processor.py:186} INFO - Started process (PID=27678) to work on /home/airflow/.local/lib/python3.12/site-packages/airflow/example_dags/example_branch_operator_decorator.py
[2025-01-14T14:05:55.119+0000] {processor.py:914} INFO - Processing file /home/airflow/.local/lib/python3.12/site-packages/airflow/example_dags/example_branch_operator_decorator.py for tasks to queue
[2025-01-14T14:05:55.124+0000] {logging_mixin.py:190} INFO - [2025-01-14T14:05:55.123+0000] {dagbag.py:588} INFO - Filling up the DagBag from /home/airflow/.local/lib/python3.12/site-packages/airflow/example_dags/example_branch_operator_decorator.py
[2025-01-14T14:05:55.157+0000] {processor.py:925} INFO - DAG(s) 'example_branch_python_operator_decorator' retrieved from /home/airflow/.local/lib/python3.12/site-packages/airflow/example_dags/example_branch_operator_decorator.py
[2025-01-14T14:05:55.206+0000] {logging_mixin.py:190} INFO - [2025-01-14T14:05:55.205+0000] {dag.py:3239} INFO - Sync 1 DAGs
[2025-01-14T14:05:55.250+0000] {logging_mixin.py:190} INFO - [2025-01-14T14:05:55.249+0000] {dag.py:4180} INFO - Setting next_dagrun for example_branch_python_operator_decorator to 2025-01-13 00:00:00+00:00, run_after=2025-01-14 00:00:00+00:00
[2025-01-14T14:05:55.288+0000] {processor.py:208} INFO - Processing /home/airflow/.local/lib/python3.12/site-packages/airflow/example_dags/example_branch_operator_decorator.py took 0.181 seconds
[2025-01-14T14:06:25.836+0000] {processor.py:186} INFO - Started process (PID=27991) to work on /home/airflow/.local/lib/python3.12/site-packages/airflow/example_dags/example_branch_operator_decorator.py
[2025-01-14T14:06:25.838+0000] {processor.py:914} INFO - Processing file /home/airflow/.local/lib/python3.12/site-packages/airflow/example_dags/example_branch_operator_decorator.py for tasks to queue
[2025-01-14T14:06:25.846+0000] {logging_mixin.py:190} INFO - [2025-01-14T14:06:25.845+0000] {dagbag.py:588} INFO - Filling up the DagBag from /home/airflow/.local/lib/python3.12/site-packages/airflow/example_dags/example_branch_operator_decorator.py
[2025-01-14T14:06:25.892+0000] {processor.py:925} INFO - DAG(s) 'example_branch_python_operator_decorator' retrieved from /home/airflow/.local/lib/python3.12/site-packages/airflow/example_dags/example_branch_operator_decorator.py
[2025-01-14T14:06:25.947+0000] {logging_mixin.py:190} INFO - [2025-01-14T14:06:25.947+0000] {dag.py:3239} INFO - Sync 1 DAGs
[2025-01-14T14:06:25.993+0000] {logging_mixin.py:190} INFO - [2025-01-14T14:06:25.992+0000] {dag.py:4180} INFO - Setting next_dagrun for example_branch_python_operator_decorator to 2025-01-13 00:00:00+00:00, run_after=2025-01-14 00:00:00+00:00
[2025-01-14T14:06:26.044+0000] {processor.py:208} INFO - Processing /home/airflow/.local/lib/python3.12/site-packages/airflow/example_dags/example_branch_operator_decorator.py took 0.217 seconds
[2025-01-14T14:06:56.519+0000] {processor.py:186} INFO - Started process (PID=28292) to work on /home/airflow/.local/lib/python3.12/site-packages/airflow/example_dags/example_branch_operator_decorator.py
[2025-01-14T14:06:56.521+0000] {processor.py:914} INFO - Processing file /home/airflow/.local/lib/python3.12/site-packages/airflow/example_dags/example_branch_operator_decorator.py for tasks to queue
[2025-01-14T14:06:56.525+0000] {logging_mixin.py:190} INFO - [2025-01-14T14:06:56.524+0000] {dagbag.py:588} INFO - Filling up the DagBag from /home/airflow/.local/lib/python3.12/site-packages/airflow/example_dags/example_branch_operator_decorator.py
[2025-01-14T14:06:56.558+0000] {processor.py:925} INFO - DAG(s) 'example_branch_python_operator_decorator' retrieved from /home/airflow/.local/lib/python3.12/site-packages/airflow/example_dags/example_branch_operator_decorator.py
[2025-01-14T14:06:56.605+0000] {logging_mixin.py:190} INFO - [2025-01-14T14:06:56.604+0000] {dag.py:3239} INFO - Sync 1 DAGs
[2025-01-14T14:06:56.646+0000] {logging_mixin.py:190} INFO - [2025-01-14T14:06:56.646+0000] {dag.py:4180} INFO - Setting next_dagrun for example_branch_python_operator_decorator to 2025-01-13 00:00:00+00:00, run_after=2025-01-14 00:00:00+00:00
[2025-01-14T14:06:56.685+0000] {processor.py:208} INFO - Processing /home/airflow/.local/lib/python3.12/site-packages/airflow/example_dags/example_branch_operator_decorator.py took 0.175 seconds
[2025-01-14T14:07:26.788+0000] {processor.py:186} INFO - Started process (PID=28605) to work on /home/airflow/.local/lib/python3.12/site-packages/airflow/example_dags/example_branch_operator_decorator.py
[2025-01-14T14:07:26.791+0000] {processor.py:914} INFO - Processing file /home/airflow/.local/lib/python3.12/site-packages/airflow/example_dags/example_branch_operator_decorator.py for tasks to queue
[2025-01-14T14:07:26.795+0000] {logging_mixin.py:190} INFO - [2025-01-14T14:07:26.794+0000] {dagbag.py:588} INFO - Filling up the DagBag from /home/airflow/.local/lib/python3.12/site-packages/airflow/example_dags/example_branch_operator_decorator.py
[2025-01-14T14:07:26.842+0000] {processor.py:925} INFO - DAG(s) 'example_branch_python_operator_decorator' retrieved from /home/airflow/.local/lib/python3.12/site-packages/airflow/example_dags/example_branch_operator_decorator.py
[2025-01-14T14:07:26.912+0000] {logging_mixin.py:190} INFO - [2025-01-14T14:07:26.911+0000] {dag.py:3239} INFO - Sync 1 DAGs
[2025-01-14T14:07:26.980+0000] {logging_mixin.py:190} INFO - [2025-01-14T14:07:26.979+0000] {dag.py:4180} INFO - Setting next_dagrun for example_branch_python_operator_decorator to 2025-01-13 00:00:00+00:00, run_after=2025-01-14 00:00:00+00:00
[2025-01-14T14:07:27.015+0000] {processor.py:208} INFO - Processing /home/airflow/.local/lib/python3.12/site-packages/airflow/example_dags/example_branch_operator_decorator.py took 0.243 seconds
[2025-01-14T14:07:57.438+0000] {processor.py:186} INFO - Started process (PID=28906) to work on /home/airflow/.local/lib/python3.12/site-packages/airflow/example_dags/example_branch_operator_decorator.py
[2025-01-14T14:07:57.440+0000] {processor.py:914} INFO - Processing file /home/airflow/.local/lib/python3.12/site-packages/airflow/example_dags/example_branch_operator_decorator.py for tasks to queue
[2025-01-14T14:07:57.444+0000] {logging_mixin.py:190} INFO - [2025-01-14T14:07:57.444+0000] {dagbag.py:588} INFO - Filling up the DagBag from /home/airflow/.local/lib/python3.12/site-packages/airflow/example_dags/example_branch_operator_decorator.py
[2025-01-14T14:07:57.491+0000] {processor.py:925} INFO - DAG(s) 'example_branch_python_operator_decorator' retrieved from /home/airflow/.local/lib/python3.12/site-packages/airflow/example_dags/example_branch_operator_decorator.py
[2025-01-14T14:07:57.540+0000] {logging_mixin.py:190} INFO - [2025-01-14T14:07:57.540+0000] {dag.py:3239} INFO - Sync 1 DAGs
[2025-01-14T14:07:57.583+0000] {logging_mixin.py:190} INFO - [2025-01-14T14:07:57.582+0000] {dag.py:4180} INFO - Setting next_dagrun for example_branch_python_operator_decorator to 2025-01-13 00:00:00+00:00, run_after=2025-01-14 00:00:00+00:00
[2025-01-14T14:07:57.624+0000] {processor.py:208} INFO - Processing /home/airflow/.local/lib/python3.12/site-packages/airflow/example_dags/example_branch_operator_decorator.py took 0.195 seconds
[2025-01-14T14:08:27.993+0000] {processor.py:186} INFO - Started process (PID=29217) to work on /home/airflow/.local/lib/python3.12/site-packages/airflow/example_dags/example_branch_operator_decorator.py
[2025-01-14T14:08:27.996+0000] {processor.py:914} INFO - Processing file /home/airflow/.local/lib/python3.12/site-packages/airflow/example_dags/example_branch_operator_decorator.py for tasks to queue
[2025-01-14T14:08:28.004+0000] {logging_mixin.py:190} INFO - [2025-01-14T14:08:28.003+0000] {dagbag.py:588} INFO - Filling up the DagBag from /home/airflow/.local/lib/python3.12/site-packages/airflow/example_dags/example_branch_operator_decorator.py
[2025-01-14T14:08:28.040+0000] {processor.py:925} INFO - DAG(s) 'example_branch_python_operator_decorator' retrieved from /home/airflow/.local/lib/python3.12/site-packages/airflow/example_dags/example_branch_operator_decorator.py
[2025-01-14T14:08:28.099+0000] {logging_mixin.py:190} INFO - [2025-01-14T14:08:28.098+0000] {dag.py:3239} INFO - Sync 1 DAGs
[2025-01-14T14:08:28.157+0000] {logging_mixin.py:190} INFO - [2025-01-14T14:08:28.157+0000] {dag.py:4180} INFO - Setting next_dagrun for example_branch_python_operator_decorator to 2025-01-13 00:00:00+00:00, run_after=2025-01-14 00:00:00+00:00
[2025-01-14T14:08:28.208+0000] {processor.py:208} INFO - Processing /home/airflow/.local/lib/python3.12/site-packages/airflow/example_dags/example_branch_operator_decorator.py took 0.233 seconds
[2025-01-14T14:08:59.167+0000] {processor.py:186} INFO - Started process (PID=29514) to work on /home/airflow/.local/lib/python3.12/site-packages/airflow/example_dags/example_branch_operator_decorator.py
[2025-01-14T14:08:59.170+0000] {processor.py:914} INFO - Processing file /home/airflow/.local/lib/python3.12/site-packages/airflow/example_dags/example_branch_operator_decorator.py for tasks to queue
[2025-01-14T14:08:59.174+0000] {logging_mixin.py:190} INFO - [2025-01-14T14:08:59.174+0000] {dagbag.py:588} INFO - Filling up the DagBag from /home/airflow/.local/lib/python3.12/site-packages/airflow/example_dags/example_branch_operator_decorator.py
[2025-01-14T14:08:59.221+0000] {processor.py:925} INFO - DAG(s) 'example_branch_python_operator_decorator' retrieved from /home/airflow/.local/lib/python3.12/site-packages/airflow/example_dags/example_branch_operator_decorator.py
[2025-01-14T14:08:59.262+0000] {logging_mixin.py:190} INFO - [2025-01-14T14:08:59.262+0000] {dag.py:3239} INFO - Sync 1 DAGs
[2025-01-14T14:08:59.303+0000] {logging_mixin.py:190} INFO - [2025-01-14T14:08:59.303+0000] {dag.py:4180} INFO - Setting next_dagrun for example_branch_python_operator_decorator to 2025-01-13 00:00:00+00:00, run_after=2025-01-14 00:00:00+00:00
[2025-01-14T14:08:59.346+0000] {processor.py:208} INFO - Processing /home/airflow/.local/lib/python3.12/site-packages/airflow/example_dags/example_branch_operator_decorator.py took 0.189 seconds
[2025-01-14T14:09:30.428+0000] {processor.py:186} INFO - Started process (PID=29824) to work on /home/airflow/.local/lib/python3.12/site-packages/airflow/example_dags/example_branch_operator_decorator.py
[2025-01-14T14:09:30.431+0000] {processor.py:914} INFO - Processing file /home/airflow/.local/lib/python3.12/site-packages/airflow/example_dags/example_branch_operator_decorator.py for tasks to queue
[2025-01-14T14:09:30.435+0000] {logging_mixin.py:190} INFO - [2025-01-14T14:09:30.434+0000] {dagbag.py:588} INFO - Filling up the DagBag from /home/airflow/.local/lib/python3.12/site-packages/airflow/example_dags/example_branch_operator_decorator.py
[2025-01-14T14:09:30.496+0000] {processor.py:925} INFO - DAG(s) 'example_branch_python_operator_decorator' retrieved from /home/airflow/.local/lib/python3.12/site-packages/airflow/example_dags/example_branch_operator_decorator.py
[2025-01-14T14:09:30.596+0000] {logging_mixin.py:190} INFO - [2025-01-14T14:09:30.595+0000] {dag.py:3239} INFO - Sync 1 DAGs
[2025-01-14T14:09:30.662+0000] {logging_mixin.py:190} INFO - [2025-01-14T14:09:30.661+0000] {dag.py:4180} INFO - Setting next_dagrun for example_branch_python_operator_decorator to 2025-01-13 00:00:00+00:00, run_after=2025-01-14 00:00:00+00:00
[2025-01-14T14:09:30.716+0000] {processor.py:208} INFO - Processing /home/airflow/.local/lib/python3.12/site-packages/airflow/example_dags/example_branch_operator_decorator.py took 0.306 seconds
[2025-01-14T14:10:01.105+0000] {processor.py:186} INFO - Started process (PID=30124) to work on /home/airflow/.local/lib/python3.12/site-packages/airflow/example_dags/example_branch_operator_decorator.py
[2025-01-14T14:10:01.107+0000] {processor.py:914} INFO - Processing file /home/airflow/.local/lib/python3.12/site-packages/airflow/example_dags/example_branch_operator_decorator.py for tasks to queue
[2025-01-14T14:10:01.115+0000] {logging_mixin.py:190} INFO - [2025-01-14T14:10:01.114+0000] {dagbag.py:588} INFO - Filling up the DagBag from /home/airflow/.local/lib/python3.12/site-packages/airflow/example_dags/example_branch_operator_decorator.py
[2025-01-14T14:10:01.151+0000] {processor.py:925} INFO - DAG(s) 'example_branch_python_operator_decorator' retrieved from /home/airflow/.local/lib/python3.12/site-packages/airflow/example_dags/example_branch_operator_decorator.py
[2025-01-14T14:10:01.191+0000] {logging_mixin.py:190} INFO - [2025-01-14T14:10:01.190+0000] {dag.py:3239} INFO - Sync 1 DAGs
[2025-01-14T14:10:01.242+0000] {logging_mixin.py:190} INFO - [2025-01-14T14:10:01.241+0000] {dag.py:4180} INFO - Setting next_dagrun for example_branch_python_operator_decorator to 2025-01-13 00:00:00+00:00, run_after=2025-01-14 00:00:00+00:00
[2025-01-14T14:10:01.288+0000] {processor.py:208} INFO - Processing /home/airflow/.local/lib/python3.12/site-packages/airflow/example_dags/example_branch_operator_decorator.py took 0.192 seconds
[2025-01-14T14:10:32.158+0000] {processor.py:186} INFO - Started process (PID=30436) to work on /home/airflow/.local/lib/python3.12/site-packages/airflow/example_dags/example_branch_operator_decorator.py
[2025-01-14T14:10:32.160+0000] {processor.py:914} INFO - Processing file /home/airflow/.local/lib/python3.12/site-packages/airflow/example_dags/example_branch_operator_decorator.py for tasks to queue
[2025-01-14T14:10:32.168+0000] {logging_mixin.py:190} INFO - [2025-01-14T14:10:32.167+0000] {dagbag.py:588} INFO - Filling up the DagBag from /home/airflow/.local/lib/python3.12/site-packages/airflow/example_dags/example_branch_operator_decorator.py
[2025-01-14T14:10:32.216+0000] {processor.py:925} INFO - DAG(s) 'example_branch_python_operator_decorator' retrieved from /home/airflow/.local/lib/python3.12/site-packages/airflow/example_dags/example_branch_operator_decorator.py
[2025-01-14T14:10:32.292+0000] {logging_mixin.py:190} INFO - [2025-01-14T14:10:32.292+0000] {dag.py:3239} INFO - Sync 1 DAGs
[2025-01-14T14:10:32.330+0000] {logging_mixin.py:190} INFO - [2025-01-14T14:10:32.329+0000] {dag.py:4180} INFO - Setting next_dagrun for example_branch_python_operator_decorator to 2025-01-13 00:00:00+00:00, run_after=2025-01-14 00:00:00+00:00
[2025-01-14T14:10:32.364+0000] {processor.py:208} INFO - Processing /home/airflow/.local/lib/python3.12/site-packages/airflow/example_dags/example_branch_operator_decorator.py took 0.221 seconds
[2025-01-14T14:11:02.786+0000] {processor.py:186} INFO - Started process (PID=30741) to work on /home/airflow/.local/lib/python3.12/site-packages/airflow/example_dags/example_branch_operator_decorator.py
[2025-01-14T14:11:02.791+0000] {processor.py:914} INFO - Processing file /home/airflow/.local/lib/python3.12/site-packages/airflow/example_dags/example_branch_operator_decorator.py for tasks to queue
[2025-01-14T14:11:02.800+0000] {logging_mixin.py:190} INFO - [2025-01-14T14:11:02.799+0000] {dagbag.py:588} INFO - Filling up the DagBag from /home/airflow/.local/lib/python3.12/site-packages/airflow/example_dags/example_branch_operator_decorator.py
[2025-01-14T14:11:02.840+0000] {processor.py:925} INFO - DAG(s) 'example_branch_python_operator_decorator' retrieved from /home/airflow/.local/lib/python3.12/site-packages/airflow/example_dags/example_branch_operator_decorator.py
[2025-01-14T14:11:02.892+0000] {logging_mixin.py:190} INFO - [2025-01-14T14:11:02.891+0000] {dag.py:3239} INFO - Sync 1 DAGs
[2025-01-14T14:11:02.955+0000] {logging_mixin.py:190} INFO - [2025-01-14T14:11:02.954+0000] {dag.py:4180} INFO - Setting next_dagrun for example_branch_python_operator_decorator to 2025-01-13 00:00:00+00:00, run_after=2025-01-14 00:00:00+00:00
[2025-01-14T14:11:03.001+0000] {processor.py:208} INFO - Processing /home/airflow/.local/lib/python3.12/site-packages/airflow/example_dags/example_branch_operator_decorator.py took 0.233 seconds
[2025-01-14T14:11:33.435+0000] {processor.py:186} INFO - Started process (PID=31047) to work on /home/airflow/.local/lib/python3.12/site-packages/airflow/example_dags/example_branch_operator_decorator.py
[2025-01-14T14:11:33.438+0000] {processor.py:914} INFO - Processing file /home/airflow/.local/lib/python3.12/site-packages/airflow/example_dags/example_branch_operator_decorator.py for tasks to queue
[2025-01-14T14:11:33.446+0000] {logging_mixin.py:190} INFO - [2025-01-14T14:11:33.444+0000] {dagbag.py:588} INFO - Filling up the DagBag from /home/airflow/.local/lib/python3.12/site-packages/airflow/example_dags/example_branch_operator_decorator.py
[2025-01-14T14:11:33.486+0000] {processor.py:925} INFO - DAG(s) 'example_branch_python_operator_decorator' retrieved from /home/airflow/.local/lib/python3.12/site-packages/airflow/example_dags/example_branch_operator_decorator.py
[2025-01-14T14:11:33.543+0000] {logging_mixin.py:190} INFO - [2025-01-14T14:11:33.543+0000] {dag.py:3239} INFO - Sync 1 DAGs
[2025-01-14T14:11:33.600+0000] {logging_mixin.py:190} INFO - [2025-01-14T14:11:33.599+0000] {dag.py:4180} INFO - Setting next_dagrun for example_branch_python_operator_decorator to 2025-01-13 00:00:00+00:00, run_after=2025-01-14 00:00:00+00:00
[2025-01-14T14:11:33.644+0000] {processor.py:208} INFO - Processing /home/airflow/.local/lib/python3.12/site-packages/airflow/example_dags/example_branch_operator_decorator.py took 0.218 seconds
[2025-01-14T14:12:03.903+0000] {processor.py:186} INFO - Started process (PID=31355) to work on /home/airflow/.local/lib/python3.12/site-packages/airflow/example_dags/example_branch_operator_decorator.py
[2025-01-14T14:12:03.910+0000] {processor.py:914} INFO - Processing file /home/airflow/.local/lib/python3.12/site-packages/airflow/example_dags/example_branch_operator_decorator.py for tasks to queue
[2025-01-14T14:12:03.915+0000] {logging_mixin.py:190} INFO - [2025-01-14T14:12:03.915+0000] {dagbag.py:588} INFO - Filling up the DagBag from /home/airflow/.local/lib/python3.12/site-packages/airflow/example_dags/example_branch_operator_decorator.py
[2025-01-14T14:12:03.954+0000] {processor.py:925} INFO - DAG(s) 'example_branch_python_operator_decorator' retrieved from /home/airflow/.local/lib/python3.12/site-packages/airflow/example_dags/example_branch_operator_decorator.py
[2025-01-14T14:12:04.009+0000] {logging_mixin.py:190} INFO - [2025-01-14T14:12:04.009+0000] {dag.py:3239} INFO - Sync 1 DAGs
[2025-01-14T14:12:04.062+0000] {logging_mixin.py:190} INFO - [2025-01-14T14:12:04.061+0000] {dag.py:4180} INFO - Setting next_dagrun for example_branch_python_operator_decorator to 2025-01-13 00:00:00+00:00, run_after=2025-01-14 00:00:00+00:00
[2025-01-14T14:12:04.102+0000] {processor.py:208} INFO - Processing /home/airflow/.local/lib/python3.12/site-packages/airflow/example_dags/example_branch_operator_decorator.py took 0.216 seconds
[2025-01-14T14:12:34.929+0000] {processor.py:186} INFO - Started process (PID=31661) to work on /home/airflow/.local/lib/python3.12/site-packages/airflow/example_dags/example_branch_operator_decorator.py
[2025-01-14T14:12:34.931+0000] {processor.py:914} INFO - Processing file /home/airflow/.local/lib/python3.12/site-packages/airflow/example_dags/example_branch_operator_decorator.py for tasks to queue
[2025-01-14T14:12:34.939+0000] {logging_mixin.py:190} INFO - [2025-01-14T14:12:34.938+0000] {dagbag.py:588} INFO - Filling up the DagBag from /home/airflow/.local/lib/python3.12/site-packages/airflow/example_dags/example_branch_operator_decorator.py
[2025-01-14T14:12:34.999+0000] {processor.py:925} INFO - DAG(s) 'example_branch_python_operator_decorator' retrieved from /home/airflow/.local/lib/python3.12/site-packages/airflow/example_dags/example_branch_operator_decorator.py
[2025-01-14T14:12:35.055+0000] {logging_mixin.py:190} INFO - [2025-01-14T14:12:35.054+0000] {dag.py:3239} INFO - Sync 1 DAGs
[2025-01-14T14:12:35.101+0000] {logging_mixin.py:190} INFO - [2025-01-14T14:12:35.100+0000] {dag.py:4180} INFO - Setting next_dagrun for example_branch_python_operator_decorator to 2025-01-13 00:00:00+00:00, run_after=2025-01-14 00:00:00+00:00
[2025-01-14T14:12:35.142+0000] {processor.py:208} INFO - Processing /home/airflow/.local/lib/python3.12/site-packages/airflow/example_dags/example_branch_operator_decorator.py took 0.223 seconds
[2025-01-14T14:13:05.291+0000] {processor.py:186} INFO - Started process (PID=31971) to work on /home/airflow/.local/lib/python3.12/site-packages/airflow/example_dags/example_branch_operator_decorator.py
[2025-01-14T14:13:05.293+0000] {processor.py:914} INFO - Processing file /home/airflow/.local/lib/python3.12/site-packages/airflow/example_dags/example_branch_operator_decorator.py for tasks to queue
[2025-01-14T14:13:05.299+0000] {logging_mixin.py:190} INFO - [2025-01-14T14:13:05.298+0000] {dagbag.py:588} INFO - Filling up the DagBag from /home/airflow/.local/lib/python3.12/site-packages/airflow/example_dags/example_branch_operator_decorator.py
[2025-01-14T14:13:05.345+0000] {processor.py:925} INFO - DAG(s) 'example_branch_python_operator_decorator' retrieved from /home/airflow/.local/lib/python3.12/site-packages/airflow/example_dags/example_branch_operator_decorator.py
[2025-01-14T14:13:05.419+0000] {logging_mixin.py:190} INFO - [2025-01-14T14:13:05.419+0000] {dag.py:3239} INFO - Sync 1 DAGs
[2025-01-14T14:13:05.460+0000] {logging_mixin.py:190} INFO - [2025-01-14T14:13:05.460+0000] {dag.py:4180} INFO - Setting next_dagrun for example_branch_python_operator_decorator to 2025-01-13 00:00:00+00:00, run_after=2025-01-14 00:00:00+00:00
[2025-01-14T14:13:05.493+0000] {processor.py:208} INFO - Processing /home/airflow/.local/lib/python3.12/site-packages/airflow/example_dags/example_branch_operator_decorator.py took 0.221 seconds
[2025-01-14T14:13:35.597+0000] {processor.py:186} INFO - Started process (PID=32275) to work on /home/airflow/.local/lib/python3.12/site-packages/airflow/example_dags/example_branch_operator_decorator.py
[2025-01-14T14:13:35.600+0000] {processor.py:914} INFO - Processing file /home/airflow/.local/lib/python3.12/site-packages/airflow/example_dags/example_branch_operator_decorator.py for tasks to queue
[2025-01-14T14:13:35.606+0000] {logging_mixin.py:190} INFO - [2025-01-14T14:13:35.605+0000] {dagbag.py:588} INFO - Filling up the DagBag from /home/airflow/.local/lib/python3.12/site-packages/airflow/example_dags/example_branch_operator_decorator.py
[2025-01-14T14:13:35.669+0000] {processor.py:925} INFO - DAG(s) 'example_branch_python_operator_decorator' retrieved from /home/airflow/.local/lib/python3.12/site-packages/airflow/example_dags/example_branch_operator_decorator.py
[2025-01-14T14:13:35.717+0000] {logging_mixin.py:190} INFO - [2025-01-14T14:13:35.716+0000] {dag.py:3239} INFO - Sync 1 DAGs
[2025-01-14T14:13:35.758+0000] {logging_mixin.py:190} INFO - [2025-01-14T14:13:35.757+0000] {dag.py:4180} INFO - Setting next_dagrun for example_branch_python_operator_decorator to 2025-01-13 00:00:00+00:00, run_after=2025-01-14 00:00:00+00:00
[2025-01-14T14:13:35.788+0000] {processor.py:208} INFO - Processing /home/airflow/.local/lib/python3.12/site-packages/airflow/example_dags/example_branch_operator_decorator.py took 0.201 seconds
[2025-01-14T14:14:06.236+0000] {processor.py:186} INFO - Started process (PID=32586) to work on /home/airflow/.local/lib/python3.12/site-packages/airflow/example_dags/example_branch_operator_decorator.py
[2025-01-14T14:14:06.237+0000] {processor.py:914} INFO - Processing file /home/airflow/.local/lib/python3.12/site-packages/airflow/example_dags/example_branch_operator_decorator.py for tasks to queue
[2025-01-14T14:14:06.244+0000] {logging_mixin.py:190} INFO - [2025-01-14T14:14:06.243+0000] {dagbag.py:588} INFO - Filling up the DagBag from /home/airflow/.local/lib/python3.12/site-packages/airflow/example_dags/example_branch_operator_decorator.py
[2025-01-14T14:14:06.282+0000] {processor.py:925} INFO - DAG(s) 'example_branch_python_operator_decorator' retrieved from /home/airflow/.local/lib/python3.12/site-packages/airflow/example_dags/example_branch_operator_decorator.py
[2025-01-14T14:14:06.339+0000] {logging_mixin.py:190} INFO - [2025-01-14T14:14:06.338+0000] {dag.py:3239} INFO - Sync 1 DAGs
[2025-01-14T14:14:06.397+0000] {logging_mixin.py:190} INFO - [2025-01-14T14:14:06.396+0000] {dag.py:4180} INFO - Setting next_dagrun for example_branch_python_operator_decorator to 2025-01-13 00:00:00+00:00, run_after=2025-01-14 00:00:00+00:00
[2025-01-14T14:14:06.445+0000] {processor.py:208} INFO - Processing /home/airflow/.local/lib/python3.12/site-packages/airflow/example_dags/example_branch_operator_decorator.py took 0.219 seconds
[2025-01-14T14:14:36.600+0000] {processor.py:186} INFO - Started process (PID=32889) to work on /home/airflow/.local/lib/python3.12/site-packages/airflow/example_dags/example_branch_operator_decorator.py
[2025-01-14T14:14:36.602+0000] {processor.py:914} INFO - Processing file /home/airflow/.local/lib/python3.12/site-packages/airflow/example_dags/example_branch_operator_decorator.py for tasks to queue
[2025-01-14T14:14:36.608+0000] {logging_mixin.py:190} INFO - [2025-01-14T14:14:36.608+0000] {dagbag.py:588} INFO - Filling up the DagBag from /home/airflow/.local/lib/python3.12/site-packages/airflow/example_dags/example_branch_operator_decorator.py
[2025-01-14T14:14:36.643+0000] {processor.py:925} INFO - DAG(s) 'example_branch_python_operator_decorator' retrieved from /home/airflow/.local/lib/python3.12/site-packages/airflow/example_dags/example_branch_operator_decorator.py
[2025-01-14T14:14:36.691+0000] {logging_mixin.py:190} INFO - [2025-01-14T14:14:36.690+0000] {dag.py:3239} INFO - Sync 1 DAGs
[2025-01-14T14:14:36.742+0000] {logging_mixin.py:190} INFO - [2025-01-14T14:14:36.742+0000] {dag.py:4180} INFO - Setting next_dagrun for example_branch_python_operator_decorator to 2025-01-13 00:00:00+00:00, run_after=2025-01-14 00:00:00+00:00
[2025-01-14T14:14:36.791+0000] {processor.py:208} INFO - Processing /home/airflow/.local/lib/python3.12/site-packages/airflow/example_dags/example_branch_operator_decorator.py took 0.200 seconds
[2025-01-14T14:15:06.995+0000] {processor.py:186} INFO - Started process (PID=33200) to work on /home/airflow/.local/lib/python3.12/site-packages/airflow/example_dags/example_branch_operator_decorator.py
[2025-01-14T14:15:06.996+0000] {processor.py:914} INFO - Processing file /home/airflow/.local/lib/python3.12/site-packages/airflow/example_dags/example_branch_operator_decorator.py for tasks to queue
[2025-01-14T14:15:07.002+0000] {logging_mixin.py:190} INFO - [2025-01-14T14:15:07.001+0000] {dagbag.py:588} INFO - Filling up the DagBag from /home/airflow/.local/lib/python3.12/site-packages/airflow/example_dags/example_branch_operator_decorator.py
[2025-01-14T14:15:07.070+0000] {processor.py:925} INFO - DAG(s) 'example_branch_python_operator_decorator' retrieved from /home/airflow/.local/lib/python3.12/site-packages/airflow/example_dags/example_branch_operator_decorator.py
[2025-01-14T14:15:07.124+0000] {logging_mixin.py:190} INFO - [2025-01-14T14:15:07.123+0000] {dag.py:3239} INFO - Sync 1 DAGs
[2025-01-14T14:15:07.166+0000] {logging_mixin.py:190} INFO - [2025-01-14T14:15:07.166+0000] {dag.py:4180} INFO - Setting next_dagrun for example_branch_python_operator_decorator to 2025-01-13 00:00:00+00:00, run_after=2025-01-14 00:00:00+00:00
[2025-01-14T14:15:07.201+0000] {processor.py:208} INFO - Processing /home/airflow/.local/lib/python3.12/site-packages/airflow/example_dags/example_branch_operator_decorator.py took 0.215 seconds
[2025-01-14T14:15:37.296+0000] {processor.py:186} INFO - Started process (PID=33503) to work on /home/airflow/.local/lib/python3.12/site-packages/airflow/example_dags/example_branch_operator_decorator.py
[2025-01-14T14:15:37.298+0000] {processor.py:914} INFO - Processing file /home/airflow/.local/lib/python3.12/site-packages/airflow/example_dags/example_branch_operator_decorator.py for tasks to queue
[2025-01-14T14:15:37.302+0000] {logging_mixin.py:190} INFO - [2025-01-14T14:15:37.301+0000] {dagbag.py:588} INFO - Filling up the DagBag from /home/airflow/.local/lib/python3.12/site-packages/airflow/example_dags/example_branch_operator_decorator.py
[2025-01-14T14:15:37.343+0000] {processor.py:925} INFO - DAG(s) 'example_branch_python_operator_decorator' retrieved from /home/airflow/.local/lib/python3.12/site-packages/airflow/example_dags/example_branch_operator_decorator.py
[2025-01-14T14:15:37.405+0000] {logging_mixin.py:190} INFO - [2025-01-14T14:15:37.405+0000] {dag.py:3239} INFO - Sync 1 DAGs
[2025-01-14T14:15:37.444+0000] {logging_mixin.py:190} INFO - [2025-01-14T14:15:37.444+0000] {dag.py:4180} INFO - Setting next_dagrun for example_branch_python_operator_decorator to 2025-01-13 00:00:00+00:00, run_after=2025-01-14 00:00:00+00:00
[2025-01-14T14:15:37.496+0000] {processor.py:208} INFO - Processing /home/airflow/.local/lib/python3.12/site-packages/airflow/example_dags/example_branch_operator_decorator.py took 0.209 seconds
[2025-01-14T14:16:08.252+0000] {processor.py:186} INFO - Started process (PID=33816) to work on /home/airflow/.local/lib/python3.12/site-packages/airflow/example_dags/example_branch_operator_decorator.py
[2025-01-14T14:16:08.255+0000] {processor.py:914} INFO - Processing file /home/airflow/.local/lib/python3.12/site-packages/airflow/example_dags/example_branch_operator_decorator.py for tasks to queue
[2025-01-14T14:16:08.262+0000] {logging_mixin.py:190} INFO - [2025-01-14T14:16:08.261+0000] {dagbag.py:588} INFO - Filling up the DagBag from /home/airflow/.local/lib/python3.12/site-packages/airflow/example_dags/example_branch_operator_decorator.py
[2025-01-14T14:16:08.297+0000] {processor.py:925} INFO - DAG(s) 'example_branch_python_operator_decorator' retrieved from /home/airflow/.local/lib/python3.12/site-packages/airflow/example_dags/example_branch_operator_decorator.py
[2025-01-14T14:16:08.356+0000] {logging_mixin.py:190} INFO - [2025-01-14T14:16:08.356+0000] {dag.py:3239} INFO - Sync 1 DAGs
[2025-01-14T14:16:08.397+0000] {logging_mixin.py:190} INFO - [2025-01-14T14:16:08.397+0000] {dag.py:4180} INFO - Setting next_dagrun for example_branch_python_operator_decorator to 2025-01-13 00:00:00+00:00, run_after=2025-01-14 00:00:00+00:00
[2025-01-14T14:16:08.431+0000] {processor.py:208} INFO - Processing /home/airflow/.local/lib/python3.12/site-packages/airflow/example_dags/example_branch_operator_decorator.py took 0.192 seconds
[2025-01-14T14:16:38.671+0000] {processor.py:186} INFO - Started process (PID=34115) to work on /home/airflow/.local/lib/python3.12/site-packages/airflow/example_dags/example_branch_operator_decorator.py
[2025-01-14T14:16:38.673+0000] {processor.py:914} INFO - Processing file /home/airflow/.local/lib/python3.12/site-packages/airflow/example_dags/example_branch_operator_decorator.py for tasks to queue
[2025-01-14T14:16:38.681+0000] {logging_mixin.py:190} INFO - [2025-01-14T14:16:38.680+0000] {dagbag.py:588} INFO - Filling up the DagBag from /home/airflow/.local/lib/python3.12/site-packages/airflow/example_dags/example_branch_operator_decorator.py
[2025-01-14T14:16:38.715+0000] {processor.py:925} INFO - DAG(s) 'example_branch_python_operator_decorator' retrieved from /home/airflow/.local/lib/python3.12/site-packages/airflow/example_dags/example_branch_operator_decorator.py
[2025-01-14T14:16:38.770+0000] {logging_mixin.py:190} INFO - [2025-01-14T14:16:38.769+0000] {dag.py:3239} INFO - Sync 1 DAGs
[2025-01-14T14:16:38.812+0000] {logging_mixin.py:190} INFO - [2025-01-14T14:16:38.812+0000] {dag.py:4180} INFO - Setting next_dagrun for example_branch_python_operator_decorator to 2025-01-13 00:00:00+00:00, run_after=2025-01-14 00:00:00+00:00
[2025-01-14T14:16:38.847+0000] {processor.py:208} INFO - Processing /home/airflow/.local/lib/python3.12/site-packages/airflow/example_dags/example_branch_operator_decorator.py took 0.196 seconds
[2025-01-14T14:17:10.187+0000] {processor.py:186} INFO - Started process (PID=34419) to work on /home/airflow/.local/lib/python3.12/site-packages/airflow/example_dags/example_branch_operator_decorator.py
[2025-01-14T14:17:10.189+0000] {processor.py:914} INFO - Processing file /home/airflow/.local/lib/python3.12/site-packages/airflow/example_dags/example_branch_operator_decorator.py for tasks to queue
[2025-01-14T14:17:10.195+0000] {logging_mixin.py:190} INFO - [2025-01-14T14:17:10.194+0000] {dagbag.py:588} INFO - Filling up the DagBag from /home/airflow/.local/lib/python3.12/site-packages/airflow/example_dags/example_branch_operator_decorator.py
[2025-01-14T14:17:10.251+0000] {processor.py:925} INFO - DAG(s) 'example_branch_python_operator_decorator' retrieved from /home/airflow/.local/lib/python3.12/site-packages/airflow/example_dags/example_branch_operator_decorator.py
[2025-01-14T14:17:10.325+0000] {logging_mixin.py:190} INFO - [2025-01-14T14:17:10.324+0000] {dag.py:3239} INFO - Sync 1 DAGs
[2025-01-14T14:17:10.373+0000] {logging_mixin.py:190} INFO - [2025-01-14T14:17:10.372+0000] {dag.py:4180} INFO - Setting next_dagrun for example_branch_python_operator_decorator to 2025-01-13 00:00:00+00:00, run_after=2025-01-14 00:00:00+00:00
[2025-01-14T14:17:10.417+0000] {processor.py:208} INFO - Processing /home/airflow/.local/lib/python3.12/site-packages/airflow/example_dags/example_branch_operator_decorator.py took 0.246 seconds
[2025-01-14T14:17:41.281+0000] {processor.py:186} INFO - Started process (PID=34718) to work on /home/airflow/.local/lib/python3.12/site-packages/airflow/example_dags/example_branch_operator_decorator.py
[2025-01-14T14:17:41.283+0000] {processor.py:914} INFO - Processing file /home/airflow/.local/lib/python3.12/site-packages/airflow/example_dags/example_branch_operator_decorator.py for tasks to queue
[2025-01-14T14:17:41.290+0000] {logging_mixin.py:190} INFO - [2025-01-14T14:17:41.289+0000] {dagbag.py:588} INFO - Filling up the DagBag from /home/airflow/.local/lib/python3.12/site-packages/airflow/example_dags/example_branch_operator_decorator.py
[2025-01-14T14:17:41.330+0000] {processor.py:925} INFO - DAG(s) 'example_branch_python_operator_decorator' retrieved from /home/airflow/.local/lib/python3.12/site-packages/airflow/example_dags/example_branch_operator_decorator.py
[2025-01-14T14:17:41.390+0000] {logging_mixin.py:190} INFO - [2025-01-14T14:17:41.389+0000] {dag.py:3239} INFO - Sync 1 DAGs
[2025-01-14T14:17:41.439+0000] {logging_mixin.py:190} INFO - [2025-01-14T14:17:41.438+0000] {dag.py:4180} INFO - Setting next_dagrun for example_branch_python_operator_decorator to 2025-01-13 00:00:00+00:00, run_after=2025-01-14 00:00:00+00:00
[2025-01-14T14:17:41.476+0000] {processor.py:208} INFO - Processing /home/airflow/.local/lib/python3.12/site-packages/airflow/example_dags/example_branch_operator_decorator.py took 0.206 seconds
[2025-01-14T14:18:12.883+0000] {processor.py:186} INFO - Started process (PID=35031) to work on /home/airflow/.local/lib/python3.12/site-packages/airflow/example_dags/example_branch_operator_decorator.py
[2025-01-14T14:18:12.885+0000] {processor.py:914} INFO - Processing file /home/airflow/.local/lib/python3.12/site-packages/airflow/example_dags/example_branch_operator_decorator.py for tasks to queue
[2025-01-14T14:18:12.889+0000] {logging_mixin.py:190} INFO - [2025-01-14T14:18:12.888+0000] {dagbag.py:588} INFO - Filling up the DagBag from /home/airflow/.local/lib/python3.12/site-packages/airflow/example_dags/example_branch_operator_decorator.py
[2025-01-14T14:18:12.930+0000] {processor.py:925} INFO - DAG(s) 'example_branch_python_operator_decorator' retrieved from /home/airflow/.local/lib/python3.12/site-packages/airflow/example_dags/example_branch_operator_decorator.py
[2025-01-14T14:18:12.996+0000] {logging_mixin.py:190} INFO - [2025-01-14T14:18:12.996+0000] {dag.py:3239} INFO - Sync 1 DAGs
[2025-01-14T14:18:13.064+0000] {logging_mixin.py:190} INFO - [2025-01-14T14:18:13.063+0000] {dag.py:4180} INFO - Setting next_dagrun for example_branch_python_operator_decorator to 2025-01-13 00:00:00+00:00, run_after=2025-01-14 00:00:00+00:00
[2025-01-14T14:18:13.103+0000] {processor.py:208} INFO - Processing /home/airflow/.local/lib/python3.12/site-packages/airflow/example_dags/example_branch_operator_decorator.py took 0.229 seconds
[2025-01-14T14:18:44.390+0000] {processor.py:186} INFO - Started process (PID=35334) to work on /home/airflow/.local/lib/python3.12/site-packages/airflow/example_dags/example_branch_operator_decorator.py
[2025-01-14T14:18:44.392+0000] {processor.py:914} INFO - Processing file /home/airflow/.local/lib/python3.12/site-packages/airflow/example_dags/example_branch_operator_decorator.py for tasks to queue
[2025-01-14T14:18:44.396+0000] {logging_mixin.py:190} INFO - [2025-01-14T14:18:44.395+0000] {dagbag.py:588} INFO - Filling up the DagBag from /home/airflow/.local/lib/python3.12/site-packages/airflow/example_dags/example_branch_operator_decorator.py
[2025-01-14T14:18:44.440+0000] {processor.py:925} INFO - DAG(s) 'example_branch_python_operator_decorator' retrieved from /home/airflow/.local/lib/python3.12/site-packages/airflow/example_dags/example_branch_operator_decorator.py
[2025-01-14T14:18:44.490+0000] {logging_mixin.py:190} INFO - [2025-01-14T14:18:44.490+0000] {dag.py:3239} INFO - Sync 1 DAGs
[2025-01-14T14:18:44.541+0000] {logging_mixin.py:190} INFO - [2025-01-14T14:18:44.540+0000] {dag.py:4180} INFO - Setting next_dagrun for example_branch_python_operator_decorator to 2025-01-13 00:00:00+00:00, run_after=2025-01-14 00:00:00+00:00
[2025-01-14T14:18:44.583+0000] {processor.py:208} INFO - Processing /home/airflow/.local/lib/python3.12/site-packages/airflow/example_dags/example_branch_operator_decorator.py took 0.202 seconds
[2025-01-14T14:19:16.064+0000] {processor.py:186} INFO - Started process (PID=35650) to work on /home/airflow/.local/lib/python3.12/site-packages/airflow/example_dags/example_branch_operator_decorator.py
[2025-01-14T14:19:16.066+0000] {processor.py:914} INFO - Processing file /home/airflow/.local/lib/python3.12/site-packages/airflow/example_dags/example_branch_operator_decorator.py for tasks to queue
[2025-01-14T14:19:16.069+0000] {logging_mixin.py:190} INFO - [2025-01-14T14:19:16.069+0000] {dagbag.py:588} INFO - Filling up the DagBag from /home/airflow/.local/lib/python3.12/site-packages/airflow/example_dags/example_branch_operator_decorator.py
[2025-01-14T14:19:16.104+0000] {processor.py:925} INFO - DAG(s) 'example_branch_python_operator_decorator' retrieved from /home/airflow/.local/lib/python3.12/site-packages/airflow/example_dags/example_branch_operator_decorator.py
[2025-01-14T14:19:16.180+0000] {logging_mixin.py:190} INFO - [2025-01-14T14:19:16.180+0000] {dag.py:3239} INFO - Sync 1 DAGs
[2025-01-14T14:19:16.234+0000] {logging_mixin.py:190} INFO - [2025-01-14T14:19:16.234+0000] {dag.py:4180} INFO - Setting next_dagrun for example_branch_python_operator_decorator to 2025-01-13 00:00:00+00:00, run_after=2025-01-14 00:00:00+00:00
[2025-01-14T14:19:16.275+0000] {processor.py:208} INFO - Processing /home/airflow/.local/lib/python3.12/site-packages/airflow/example_dags/example_branch_operator_decorator.py took 0.221 seconds
[2025-01-14T14:19:47.107+0000] {processor.py:186} INFO - Started process (PID=35951) to work on /home/airflow/.local/lib/python3.12/site-packages/airflow/example_dags/example_branch_operator_decorator.py
[2025-01-14T14:19:47.109+0000] {processor.py:914} INFO - Processing file /home/airflow/.local/lib/python3.12/site-packages/airflow/example_dags/example_branch_operator_decorator.py for tasks to queue
[2025-01-14T14:19:47.113+0000] {logging_mixin.py:190} INFO - [2025-01-14T14:19:47.112+0000] {dagbag.py:588} INFO - Filling up the DagBag from /home/airflow/.local/lib/python3.12/site-packages/airflow/example_dags/example_branch_operator_decorator.py
[2025-01-14T14:19:47.145+0000] {processor.py:925} INFO - DAG(s) 'example_branch_python_operator_decorator' retrieved from /home/airflow/.local/lib/python3.12/site-packages/airflow/example_dags/example_branch_operator_decorator.py
[2025-01-14T14:19:47.200+0000] {logging_mixin.py:190} INFO - [2025-01-14T14:19:47.200+0000] {dag.py:3239} INFO - Sync 1 DAGs
[2025-01-14T14:19:47.264+0000] {logging_mixin.py:190} INFO - [2025-01-14T14:19:47.263+0000] {dag.py:4180} INFO - Setting next_dagrun for example_branch_python_operator_decorator to 2025-01-13 00:00:00+00:00, run_after=2025-01-14 00:00:00+00:00
[2025-01-14T14:19:47.305+0000] {processor.py:208} INFO - Processing /home/airflow/.local/lib/python3.12/site-packages/airflow/example_dags/example_branch_operator_decorator.py took 0.214 seconds
[2025-01-14T14:20:18.768+0000] {processor.py:186} INFO - Started process (PID=36266) to work on /home/airflow/.local/lib/python3.12/site-packages/airflow/example_dags/example_branch_operator_decorator.py
[2025-01-14T14:20:18.769+0000] {processor.py:914} INFO - Processing file /home/airflow/.local/lib/python3.12/site-packages/airflow/example_dags/example_branch_operator_decorator.py for tasks to queue
[2025-01-14T14:20:18.773+0000] {logging_mixin.py:190} INFO - [2025-01-14T14:20:18.773+0000] {dagbag.py:588} INFO - Filling up the DagBag from /home/airflow/.local/lib/python3.12/site-packages/airflow/example_dags/example_branch_operator_decorator.py
[2025-01-14T14:20:18.811+0000] {processor.py:925} INFO - DAG(s) 'example_branch_python_operator_decorator' retrieved from /home/airflow/.local/lib/python3.12/site-packages/airflow/example_dags/example_branch_operator_decorator.py
[2025-01-14T14:20:18.857+0000] {logging_mixin.py:190} INFO - [2025-01-14T14:20:18.856+0000] {dag.py:3239} INFO - Sync 1 DAGs
[2025-01-14T14:20:18.900+0000] {logging_mixin.py:190} INFO - [2025-01-14T14:20:18.900+0000] {dag.py:4180} INFO - Setting next_dagrun for example_branch_python_operator_decorator to 2025-01-13 00:00:00+00:00, run_after=2025-01-14 00:00:00+00:00
[2025-01-14T14:20:18.937+0000] {processor.py:208} INFO - Processing /home/airflow/.local/lib/python3.12/site-packages/airflow/example_dags/example_branch_operator_decorator.py took 0.178 seconds
[2025-01-14T14:20:49.994+0000] {processor.py:186} INFO - Started process (PID=36564) to work on /home/airflow/.local/lib/python3.12/site-packages/airflow/example_dags/example_branch_operator_decorator.py
[2025-01-14T14:20:49.997+0000] {processor.py:914} INFO - Processing file /home/airflow/.local/lib/python3.12/site-packages/airflow/example_dags/example_branch_operator_decorator.py for tasks to queue
[2025-01-14T14:20:50.004+0000] {logging_mixin.py:190} INFO - [2025-01-14T14:20:50.003+0000] {dagbag.py:588} INFO - Filling up the DagBag from /home/airflow/.local/lib/python3.12/site-packages/airflow/example_dags/example_branch_operator_decorator.py
[2025-01-14T14:20:50.041+0000] {processor.py:925} INFO - DAG(s) 'example_branch_python_operator_decorator' retrieved from /home/airflow/.local/lib/python3.12/site-packages/airflow/example_dags/example_branch_operator_decorator.py
[2025-01-14T14:20:50.104+0000] {logging_mixin.py:190} INFO - [2025-01-14T14:20:50.104+0000] {dag.py:3239} INFO - Sync 1 DAGs
[2025-01-14T14:20:50.165+0000] {logging_mixin.py:190} INFO - [2025-01-14T14:20:50.165+0000] {dag.py:4180} INFO - Setting next_dagrun for example_branch_python_operator_decorator to 2025-01-13 00:00:00+00:00, run_after=2025-01-14 00:00:00+00:00
[2025-01-14T14:20:50.204+0000] {processor.py:208} INFO - Processing /home/airflow/.local/lib/python3.12/site-packages/airflow/example_dags/example_branch_operator_decorator.py took 0.229 seconds
[2025-01-14T14:21:20.438+0000] {processor.py:186} INFO - Started process (PID=36858) to work on /home/airflow/.local/lib/python3.12/site-packages/airflow/example_dags/example_branch_operator_decorator.py
[2025-01-14T14:21:20.439+0000] {processor.py:914} INFO - Processing file /home/airflow/.local/lib/python3.12/site-packages/airflow/example_dags/example_branch_operator_decorator.py for tasks to queue
[2025-01-14T14:21:20.445+0000] {logging_mixin.py:190} INFO - [2025-01-14T14:21:20.444+0000] {dagbag.py:588} INFO - Filling up the DagBag from /home/airflow/.local/lib/python3.12/site-packages/airflow/example_dags/example_branch_operator_decorator.py
[2025-01-14T14:21:20.484+0000] {processor.py:925} INFO - DAG(s) 'example_branch_python_operator_decorator' retrieved from /home/airflow/.local/lib/python3.12/site-packages/airflow/example_dags/example_branch_operator_decorator.py
[2025-01-14T14:21:20.530+0000] {logging_mixin.py:190} INFO - [2025-01-14T14:21:20.529+0000] {dag.py:3239} INFO - Sync 1 DAGs
[2025-01-14T14:21:20.566+0000] {logging_mixin.py:190} INFO - [2025-01-14T14:21:20.566+0000] {dag.py:4180} INFO - Setting next_dagrun for example_branch_python_operator_decorator to 2025-01-13 00:00:00+00:00, run_after=2025-01-14 00:00:00+00:00
[2025-01-14T14:21:20.613+0000] {processor.py:208} INFO - Processing /home/airflow/.local/lib/python3.12/site-packages/airflow/example_dags/example_branch_operator_decorator.py took 0.185 seconds
[2025-01-14T14:21:50.849+0000] {processor.py:186} INFO - Started process (PID=37159) to work on /home/airflow/.local/lib/python3.12/site-packages/airflow/example_dags/example_branch_operator_decorator.py
[2025-01-14T14:21:50.851+0000] {processor.py:914} INFO - Processing file /home/airflow/.local/lib/python3.12/site-packages/airflow/example_dags/example_branch_operator_decorator.py for tasks to queue
[2025-01-14T14:21:50.855+0000] {logging_mixin.py:190} INFO - [2025-01-14T14:21:50.855+0000] {dagbag.py:588} INFO - Filling up the DagBag from /home/airflow/.local/lib/python3.12/site-packages/airflow/example_dags/example_branch_operator_decorator.py
[2025-01-14T14:21:50.895+0000] {processor.py:925} INFO - DAG(s) 'example_branch_python_operator_decorator' retrieved from /home/airflow/.local/lib/python3.12/site-packages/airflow/example_dags/example_branch_operator_decorator.py
[2025-01-14T14:21:50.957+0000] {logging_mixin.py:190} INFO - [2025-01-14T14:21:50.957+0000] {dag.py:3239} INFO - Sync 1 DAGs
[2025-01-14T14:21:51.010+0000] {logging_mixin.py:190} INFO - [2025-01-14T14:21:51.010+0000] {dag.py:4180} INFO - Setting next_dagrun for example_branch_python_operator_decorator to 2025-01-13 00:00:00+00:00, run_after=2025-01-14 00:00:00+00:00
[2025-01-14T14:21:51.049+0000] {processor.py:208} INFO - Processing /home/airflow/.local/lib/python3.12/site-packages/airflow/example_dags/example_branch_operator_decorator.py took 0.214 seconds
[2025-01-14T14:22:21.615+0000] {processor.py:186} INFO - Started process (PID=37472) to work on /home/airflow/.local/lib/python3.12/site-packages/airflow/example_dags/example_branch_operator_decorator.py
[2025-01-14T14:22:21.617+0000] {processor.py:914} INFO - Processing file /home/airflow/.local/lib/python3.12/site-packages/airflow/example_dags/example_branch_operator_decorator.py for tasks to queue
[2025-01-14T14:22:21.621+0000] {logging_mixin.py:190} INFO - [2025-01-14T14:22:21.620+0000] {dagbag.py:588} INFO - Filling up the DagBag from /home/airflow/.local/lib/python3.12/site-packages/airflow/example_dags/example_branch_operator_decorator.py
[2025-01-14T14:22:21.655+0000] {processor.py:925} INFO - DAG(s) 'example_branch_python_operator_decorator' retrieved from /home/airflow/.local/lib/python3.12/site-packages/airflow/example_dags/example_branch_operator_decorator.py
[2025-01-14T14:22:21.702+0000] {logging_mixin.py:190} INFO - [2025-01-14T14:22:21.701+0000] {dag.py:3239} INFO - Sync 1 DAGs
[2025-01-14T14:22:21.765+0000] {logging_mixin.py:190} INFO - [2025-01-14T14:22:21.764+0000] {dag.py:4180} INFO - Setting next_dagrun for example_branch_python_operator_decorator to 2025-01-13 00:00:00+00:00, run_after=2025-01-14 00:00:00+00:00
[2025-01-14T14:22:21.803+0000] {processor.py:208} INFO - Processing /home/airflow/.local/lib/python3.12/site-packages/airflow/example_dags/example_branch_operator_decorator.py took 0.201 seconds
[2025-01-14T14:22:52.123+0000] {processor.py:186} INFO - Started process (PID=37773) to work on /home/airflow/.local/lib/python3.12/site-packages/airflow/example_dags/example_branch_operator_decorator.py
[2025-01-14T14:22:52.126+0000] {processor.py:914} INFO - Processing file /home/airflow/.local/lib/python3.12/site-packages/airflow/example_dags/example_branch_operator_decorator.py for tasks to queue
[2025-01-14T14:22:52.132+0000] {logging_mixin.py:190} INFO - [2025-01-14T14:22:52.131+0000] {dagbag.py:588} INFO - Filling up the DagBag from /home/airflow/.local/lib/python3.12/site-packages/airflow/example_dags/example_branch_operator_decorator.py
[2025-01-14T14:22:52.172+0000] {processor.py:925} INFO - DAG(s) 'example_branch_python_operator_decorator' retrieved from /home/airflow/.local/lib/python3.12/site-packages/airflow/example_dags/example_branch_operator_decorator.py
[2025-01-14T14:22:52.231+0000] {logging_mixin.py:190} INFO - [2025-01-14T14:22:52.230+0000] {dag.py:3239} INFO - Sync 1 DAGs
[2025-01-14T14:22:52.287+0000] {logging_mixin.py:190} INFO - [2025-01-14T14:22:52.287+0000] {dag.py:4180} INFO - Setting next_dagrun for example_branch_python_operator_decorator to 2025-01-13 00:00:00+00:00, run_after=2025-01-14 00:00:00+00:00
[2025-01-14T14:22:52.328+0000] {processor.py:208} INFO - Processing /home/airflow/.local/lib/python3.12/site-packages/airflow/example_dags/example_branch_operator_decorator.py took 0.220 seconds
[2025-01-14T14:23:22.418+0000] {processor.py:186} INFO - Started process (PID=38086) to work on /home/airflow/.local/lib/python3.12/site-packages/airflow/example_dags/example_branch_operator_decorator.py
[2025-01-14T14:23:22.420+0000] {processor.py:914} INFO - Processing file /home/airflow/.local/lib/python3.12/site-packages/airflow/example_dags/example_branch_operator_decorator.py for tasks to queue
[2025-01-14T14:23:22.426+0000] {logging_mixin.py:190} INFO - [2025-01-14T14:23:22.426+0000] {dagbag.py:588} INFO - Filling up the DagBag from /home/airflow/.local/lib/python3.12/site-packages/airflow/example_dags/example_branch_operator_decorator.py
[2025-01-14T14:23:22.460+0000] {processor.py:925} INFO - DAG(s) 'example_branch_python_operator_decorator' retrieved from /home/airflow/.local/lib/python3.12/site-packages/airflow/example_dags/example_branch_operator_decorator.py
[2025-01-14T14:23:22.522+0000] {logging_mixin.py:190} INFO - [2025-01-14T14:23:22.522+0000] {dag.py:3239} INFO - Sync 1 DAGs
[2025-01-14T14:23:22.575+0000] {logging_mixin.py:190} INFO - [2025-01-14T14:23:22.574+0000] {dag.py:4180} INFO - Setting next_dagrun for example_branch_python_operator_decorator to 2025-01-13 00:00:00+00:00, run_after=2025-01-14 00:00:00+00:00
[2025-01-14T14:23:22.607+0000] {processor.py:208} INFO - Processing /home/airflow/.local/lib/python3.12/site-packages/airflow/example_dags/example_branch_operator_decorator.py took 0.200 seconds
