[2025-01-14T10:56:04.664+0000] {processor.py:186} INFO - Started process (PID=249) to work on /home/airflow/.local/lib/python3.12/site-packages/airflow/example_dags/example_branch_day_of_week_operator.py
[2025-01-14T10:56:04.665+0000] {processor.py:914} INFO - Processing file /home/airflow/.local/lib/python3.12/site-packages/airflow/example_dags/example_branch_day_of_week_operator.py for tasks to queue
[2025-01-14T10:56:04.669+0000] {logging_mixin.py:190} INFO - [2025-01-14T10:56:04.669+0000] {dagbag.py:588} INFO - Filling up the DagBag from /home/airflow/.local/lib/python3.12/site-packages/airflow/example_dags/example_branch_day_of_week_operator.py
[2025-01-14T10:56:04.692+0000] {processor.py:925} INFO - DAG(s) 'example_weekday_branch_operator' retrieved from /home/airflow/.local/lib/python3.12/site-packages/airflow/example_dags/example_branch_day_of_week_operator.py
[2025-01-14T10:56:04.812+0000] {logging_mixin.py:190} INFO - [2025-01-14T10:56:04.811+0000] {override.py:1911} INFO - Created Permission View: can read on DAG:example_weekday_branch_operator
[2025-01-14T10:56:04.828+0000] {logging_mixin.py:190} INFO - [2025-01-14T10:56:04.827+0000] {override.py:1911} INFO - Created Permission View: can delete on DAG:example_weekday_branch_operator
[2025-01-14T10:56:04.838+0000] {logging_mixin.py:190} INFO - [2025-01-14T10:56:04.837+0000] {override.py:1911} INFO - Created Permission View: can edit on DAG:example_weekday_branch_operator
[2025-01-14T10:56:04.850+0000] {logging_mixin.py:190} INFO - [2025-01-14T10:56:04.850+0000] {override.py:1911} INFO - Created Permission View: can read on DAG Run:example_weekday_branch_operator
[2025-01-14T10:56:04.859+0000] {logging_mixin.py:190} INFO - [2025-01-14T10:56:04.858+0000] {override.py:1911} INFO - Created Permission View: menu access on DAG Run:example_weekday_branch_operator
[2025-01-14T10:56:04.874+0000] {logging_mixin.py:190} INFO - [2025-01-14T10:56:04.873+0000] {override.py:1911} INFO - Created Permission View: can create on DAG Run:example_weekday_branch_operator
[2025-01-14T10:56:04.889+0000] {logging_mixin.py:190} INFO - [2025-01-14T10:56:04.888+0000] {override.py:1911} INFO - Created Permission View: can delete on DAG Run:example_weekday_branch_operator
[2025-01-14T10:56:04.890+0000] {logging_mixin.py:190} INFO - [2025-01-14T10:56:04.890+0000] {dag.py:3239} INFO - Sync 1 DAGs
[2025-01-14T10:56:04.911+0000] {logging_mixin.py:190} INFO - [2025-01-14T10:56:04.910+0000] {dag.py:3262} INFO - Creating ORM DAG for example_weekday_branch_operator
[2025-01-14T10:56:04.925+0000] {logging_mixin.py:190} INFO - [2025-01-14T10:56:04.925+0000] {dag.py:4180} INFO - Setting next_dagrun for example_weekday_branch_operator to 2025-01-13 00:00:00+00:00, run_after=2025-01-14 00:00:00+00:00
[2025-01-14T10:56:04.949+0000] {processor.py:208} INFO - Processing /home/airflow/.local/lib/python3.12/site-packages/airflow/example_dags/example_branch_day_of_week_operator.py took 0.294 seconds
[2025-01-14T10:56:35.549+0000] {processor.py:186} INFO - Started process (PID=545) to work on /home/airflow/.local/lib/python3.12/site-packages/airflow/example_dags/example_branch_day_of_week_operator.py
[2025-01-14T10:56:35.550+0000] {processor.py:914} INFO - Processing file /home/airflow/.local/lib/python3.12/site-packages/airflow/example_dags/example_branch_day_of_week_operator.py for tasks to queue
[2025-01-14T10:56:35.554+0000] {logging_mixin.py:190} INFO - [2025-01-14T10:56:35.553+0000] {dagbag.py:588} INFO - Filling up the DagBag from /home/airflow/.local/lib/python3.12/site-packages/airflow/example_dags/example_branch_day_of_week_operator.py
[2025-01-14T10:56:35.562+0000] {processor.py:925} INFO - DAG(s) 'example_weekday_branch_operator' retrieved from /home/airflow/.local/lib/python3.12/site-packages/airflow/example_dags/example_branch_day_of_week_operator.py
[2025-01-14T10:56:35.585+0000] {logging_mixin.py:190} INFO - [2025-01-14T10:56:35.585+0000] {dag.py:3239} INFO - Sync 1 DAGs
[2025-01-14T10:56:35.606+0000] {logging_mixin.py:190} INFO - [2025-01-14T10:56:35.606+0000] {dag.py:4180} INFO - Setting next_dagrun for example_weekday_branch_operator to 2025-01-13 00:00:00+00:00, run_after=2025-01-14 00:00:00+00:00
[2025-01-14T10:56:35.622+0000] {processor.py:208} INFO - Processing /home/airflow/.local/lib/python3.12/site-packages/airflow/example_dags/example_branch_day_of_week_operator.py took 0.078 seconds
[2025-01-14T10:57:05.720+0000] {processor.py:186} INFO - Started process (PID=830) to work on /home/airflow/.local/lib/python3.12/site-packages/airflow/example_dags/example_branch_day_of_week_operator.py
[2025-01-14T10:57:05.721+0000] {processor.py:914} INFO - Processing file /home/airflow/.local/lib/python3.12/site-packages/airflow/example_dags/example_branch_day_of_week_operator.py for tasks to queue
[2025-01-14T10:57:05.723+0000] {logging_mixin.py:190} INFO - [2025-01-14T10:57:05.723+0000] {dagbag.py:588} INFO - Filling up the DagBag from /home/airflow/.local/lib/python3.12/site-packages/airflow/example_dags/example_branch_day_of_week_operator.py
[2025-01-14T10:57:05.731+0000] {processor.py:925} INFO - DAG(s) 'example_weekday_branch_operator' retrieved from /home/airflow/.local/lib/python3.12/site-packages/airflow/example_dags/example_branch_day_of_week_operator.py
[2025-01-14T10:57:05.743+0000] {logging_mixin.py:190} INFO - [2025-01-14T10:57:05.742+0000] {dag.py:3239} INFO - Sync 1 DAGs
[2025-01-14T10:57:05.763+0000] {logging_mixin.py:190} INFO - [2025-01-14T10:57:05.763+0000] {dag.py:4180} INFO - Setting next_dagrun for example_weekday_branch_operator to 2025-01-13 00:00:00+00:00, run_after=2025-01-14 00:00:00+00:00
[2025-01-14T10:57:05.777+0000] {processor.py:208} INFO - Processing /home/airflow/.local/lib/python3.12/site-packages/airflow/example_dags/example_branch_day_of_week_operator.py took 0.061 seconds
[2025-01-14T10:57:36.105+0000] {processor.py:186} INFO - Started process (PID=1126) to work on /home/airflow/.local/lib/python3.12/site-packages/airflow/example_dags/example_branch_day_of_week_operator.py
[2025-01-14T10:57:36.106+0000] {processor.py:914} INFO - Processing file /home/airflow/.local/lib/python3.12/site-packages/airflow/example_dags/example_branch_day_of_week_operator.py for tasks to queue
[2025-01-14T10:57:36.108+0000] {logging_mixin.py:190} INFO - [2025-01-14T10:57:36.108+0000] {dagbag.py:588} INFO - Filling up the DagBag from /home/airflow/.local/lib/python3.12/site-packages/airflow/example_dags/example_branch_day_of_week_operator.py
[2025-01-14T10:57:36.119+0000] {processor.py:925} INFO - DAG(s) 'example_weekday_branch_operator' retrieved from /home/airflow/.local/lib/python3.12/site-packages/airflow/example_dags/example_branch_day_of_week_operator.py
[2025-01-14T10:57:36.142+0000] {logging_mixin.py:190} INFO - [2025-01-14T10:57:36.142+0000] {dag.py:3239} INFO - Sync 1 DAGs
[2025-01-14T10:57:36.158+0000] {logging_mixin.py:190} INFO - [2025-01-14T10:57:36.158+0000] {dag.py:4180} INFO - Setting next_dagrun for example_weekday_branch_operator to 2025-01-13 00:00:00+00:00, run_after=2025-01-14 00:00:00+00:00
[2025-01-14T10:57:36.173+0000] {processor.py:208} INFO - Processing /home/airflow/.local/lib/python3.12/site-packages/airflow/example_dags/example_branch_day_of_week_operator.py took 0.073 seconds
[2025-01-14T10:58:07.028+0000] {processor.py:186} INFO - Started process (PID=1417) to work on /home/airflow/.local/lib/python3.12/site-packages/airflow/example_dags/example_branch_day_of_week_operator.py
[2025-01-14T10:58:07.029+0000] {processor.py:914} INFO - Processing file /home/airflow/.local/lib/python3.12/site-packages/airflow/example_dags/example_branch_day_of_week_operator.py for tasks to queue
[2025-01-14T10:58:07.033+0000] {logging_mixin.py:190} INFO - [2025-01-14T10:58:07.032+0000] {dagbag.py:588} INFO - Filling up the DagBag from /home/airflow/.local/lib/python3.12/site-packages/airflow/example_dags/example_branch_day_of_week_operator.py
[2025-01-14T10:58:07.043+0000] {processor.py:925} INFO - DAG(s) 'example_weekday_branch_operator' retrieved from /home/airflow/.local/lib/python3.12/site-packages/airflow/example_dags/example_branch_day_of_week_operator.py
[2025-01-14T10:58:07.059+0000] {logging_mixin.py:190} INFO - [2025-01-14T10:58:07.058+0000] {dag.py:3239} INFO - Sync 1 DAGs
[2025-01-14T10:58:07.083+0000] {logging_mixin.py:190} INFO - [2025-01-14T10:58:07.083+0000] {dag.py:4180} INFO - Setting next_dagrun for example_weekday_branch_operator to 2025-01-13 00:00:00+00:00, run_after=2025-01-14 00:00:00+00:00
[2025-01-14T10:58:07.100+0000] {processor.py:208} INFO - Processing /home/airflow/.local/lib/python3.12/site-packages/airflow/example_dags/example_branch_day_of_week_operator.py took 0.076 seconds
[2025-01-14T10:58:37.946+0000] {processor.py:186} INFO - Started process (PID=1707) to work on /home/airflow/.local/lib/python3.12/site-packages/airflow/example_dags/example_branch_day_of_week_operator.py
[2025-01-14T10:58:37.947+0000] {processor.py:914} INFO - Processing file /home/airflow/.local/lib/python3.12/site-packages/airflow/example_dags/example_branch_day_of_week_operator.py for tasks to queue
[2025-01-14T10:58:37.949+0000] {logging_mixin.py:190} INFO - [2025-01-14T10:58:37.949+0000] {dagbag.py:588} INFO - Filling up the DagBag from /home/airflow/.local/lib/python3.12/site-packages/airflow/example_dags/example_branch_day_of_week_operator.py
[2025-01-14T10:58:37.956+0000] {processor.py:925} INFO - DAG(s) 'example_weekday_branch_operator' retrieved from /home/airflow/.local/lib/python3.12/site-packages/airflow/example_dags/example_branch_day_of_week_operator.py
[2025-01-14T10:58:37.977+0000] {logging_mixin.py:190} INFO - [2025-01-14T10:58:37.976+0000] {dag.py:3239} INFO - Sync 1 DAGs
[2025-01-14T10:58:37.996+0000] {logging_mixin.py:190} INFO - [2025-01-14T10:58:37.996+0000] {dag.py:4180} INFO - Setting next_dagrun for example_weekday_branch_operator to 2025-01-13 00:00:00+00:00, run_after=2025-01-14 00:00:00+00:00
[2025-01-14T10:58:38.013+0000] {processor.py:208} INFO - Processing /home/airflow/.local/lib/python3.12/site-packages/airflow/example_dags/example_branch_day_of_week_operator.py took 0.074 seconds
[2025-01-14T10:59:08.790+0000] {processor.py:186} INFO - Started process (PID=1998) to work on /home/airflow/.local/lib/python3.12/site-packages/airflow/example_dags/example_branch_day_of_week_operator.py
[2025-01-14T10:59:08.791+0000] {processor.py:914} INFO - Processing file /home/airflow/.local/lib/python3.12/site-packages/airflow/example_dags/example_branch_day_of_week_operator.py for tasks to queue
[2025-01-14T10:59:08.796+0000] {logging_mixin.py:190} INFO - [2025-01-14T10:59:08.795+0000] {dagbag.py:588} INFO - Filling up the DagBag from /home/airflow/.local/lib/python3.12/site-packages/airflow/example_dags/example_branch_day_of_week_operator.py
[2025-01-14T10:59:08.807+0000] {processor.py:925} INFO - DAG(s) 'example_weekday_branch_operator' retrieved from /home/airflow/.local/lib/python3.12/site-packages/airflow/example_dags/example_branch_day_of_week_operator.py
[2025-01-14T10:59:08.831+0000] {logging_mixin.py:190} INFO - [2025-01-14T10:59:08.831+0000] {dag.py:3239} INFO - Sync 1 DAGs
[2025-01-14T10:59:08.852+0000] {logging_mixin.py:190} INFO - [2025-01-14T10:59:08.852+0000] {dag.py:4180} INFO - Setting next_dagrun for example_weekday_branch_operator to 2025-01-13 00:00:00+00:00, run_after=2025-01-14 00:00:00+00:00
[2025-01-14T10:59:08.870+0000] {processor.py:208} INFO - Processing /home/airflow/.local/lib/python3.12/site-packages/airflow/example_dags/example_branch_day_of_week_operator.py took 0.085 seconds
[2025-01-14T10:59:39.034+0000] {processor.py:186} INFO - Started process (PID=2289) to work on /home/airflow/.local/lib/python3.12/site-packages/airflow/example_dags/example_branch_day_of_week_operator.py
[2025-01-14T10:59:39.035+0000] {processor.py:914} INFO - Processing file /home/airflow/.local/lib/python3.12/site-packages/airflow/example_dags/example_branch_day_of_week_operator.py for tasks to queue
[2025-01-14T10:59:39.038+0000] {logging_mixin.py:190} INFO - [2025-01-14T10:59:39.037+0000] {dagbag.py:588} INFO - Filling up the DagBag from /home/airflow/.local/lib/python3.12/site-packages/airflow/example_dags/example_branch_day_of_week_operator.py
[2025-01-14T10:59:39.049+0000] {processor.py:925} INFO - DAG(s) 'example_weekday_branch_operator' retrieved from /home/airflow/.local/lib/python3.12/site-packages/airflow/example_dags/example_branch_day_of_week_operator.py
[2025-01-14T10:59:39.070+0000] {logging_mixin.py:190} INFO - [2025-01-14T10:59:39.070+0000] {dag.py:3239} INFO - Sync 1 DAGs
[2025-01-14T10:59:39.086+0000] {logging_mixin.py:190} INFO - [2025-01-14T10:59:39.086+0000] {dag.py:4180} INFO - Setting next_dagrun for example_weekday_branch_operator to 2025-01-13 00:00:00+00:00, run_after=2025-01-14 00:00:00+00:00
[2025-01-14T10:59:39.102+0000] {processor.py:208} INFO - Processing /home/airflow/.local/lib/python3.12/site-packages/airflow/example_dags/example_branch_day_of_week_operator.py took 0.071 seconds
[2025-01-14T11:00:10.017+0000] {processor.py:186} INFO - Started process (PID=2582) to work on /home/airflow/.local/lib/python3.12/site-packages/airflow/example_dags/example_branch_day_of_week_operator.py
[2025-01-14T11:00:10.018+0000] {processor.py:914} INFO - Processing file /home/airflow/.local/lib/python3.12/site-packages/airflow/example_dags/example_branch_day_of_week_operator.py for tasks to queue
[2025-01-14T11:00:10.020+0000] {logging_mixin.py:190} INFO - [2025-01-14T11:00:10.020+0000] {dagbag.py:588} INFO - Filling up the DagBag from /home/airflow/.local/lib/python3.12/site-packages/airflow/example_dags/example_branch_day_of_week_operator.py
[2025-01-14T11:00:10.026+0000] {processor.py:925} INFO - DAG(s) 'example_weekday_branch_operator' retrieved from /home/airflow/.local/lib/python3.12/site-packages/airflow/example_dags/example_branch_day_of_week_operator.py
[2025-01-14T11:00:10.041+0000] {logging_mixin.py:190} INFO - [2025-01-14T11:00:10.041+0000] {dag.py:3239} INFO - Sync 1 DAGs
[2025-01-14T11:00:10.063+0000] {logging_mixin.py:190} INFO - [2025-01-14T11:00:10.063+0000] {dag.py:4180} INFO - Setting next_dagrun for example_weekday_branch_operator to 2025-01-13 00:00:00+00:00, run_after=2025-01-14 00:00:00+00:00
[2025-01-14T11:00:10.078+0000] {processor.py:208} INFO - Processing /home/airflow/.local/lib/python3.12/site-packages/airflow/example_dags/example_branch_day_of_week_operator.py took 0.069 seconds
[2025-01-14T11:00:40.894+0000] {processor.py:186} INFO - Started process (PID=2871) to work on /home/airflow/.local/lib/python3.12/site-packages/airflow/example_dags/example_branch_day_of_week_operator.py
[2025-01-14T11:00:40.895+0000] {processor.py:914} INFO - Processing file /home/airflow/.local/lib/python3.12/site-packages/airflow/example_dags/example_branch_day_of_week_operator.py for tasks to queue
[2025-01-14T11:00:40.897+0000] {logging_mixin.py:190} INFO - [2025-01-14T11:00:40.897+0000] {dagbag.py:588} INFO - Filling up the DagBag from /home/airflow/.local/lib/python3.12/site-packages/airflow/example_dags/example_branch_day_of_week_operator.py
[2025-01-14T11:00:40.904+0000] {processor.py:925} INFO - DAG(s) 'example_weekday_branch_operator' retrieved from /home/airflow/.local/lib/python3.12/site-packages/airflow/example_dags/example_branch_day_of_week_operator.py
[2025-01-14T11:00:40.922+0000] {logging_mixin.py:190} INFO - [2025-01-14T11:00:40.922+0000] {dag.py:3239} INFO - Sync 1 DAGs
[2025-01-14T11:00:40.942+0000] {logging_mixin.py:190} INFO - [2025-01-14T11:00:40.941+0000] {dag.py:4180} INFO - Setting next_dagrun for example_weekday_branch_operator to 2025-01-13 00:00:00+00:00, run_after=2025-01-14 00:00:00+00:00
[2025-01-14T11:00:40.963+0000] {processor.py:208} INFO - Processing /home/airflow/.local/lib/python3.12/site-packages/airflow/example_dags/example_branch_day_of_week_operator.py took 0.075 seconds
[2025-01-14T11:01:11.886+0000] {processor.py:186} INFO - Started process (PID=3162) to work on /home/airflow/.local/lib/python3.12/site-packages/airflow/example_dags/example_branch_day_of_week_operator.py
[2025-01-14T11:01:11.887+0000] {processor.py:914} INFO - Processing file /home/airflow/.local/lib/python3.12/site-packages/airflow/example_dags/example_branch_day_of_week_operator.py for tasks to queue
[2025-01-14T11:01:11.889+0000] {logging_mixin.py:190} INFO - [2025-01-14T11:01:11.888+0000] {dagbag.py:588} INFO - Filling up the DagBag from /home/airflow/.local/lib/python3.12/site-packages/airflow/example_dags/example_branch_day_of_week_operator.py
[2025-01-14T11:01:11.895+0000] {processor.py:925} INFO - DAG(s) 'example_weekday_branch_operator' retrieved from /home/airflow/.local/lib/python3.12/site-packages/airflow/example_dags/example_branch_day_of_week_operator.py
[2025-01-14T11:01:11.914+0000] {logging_mixin.py:190} INFO - [2025-01-14T11:01:11.914+0000] {dag.py:3239} INFO - Sync 1 DAGs
[2025-01-14T11:01:11.937+0000] {logging_mixin.py:190} INFO - [2025-01-14T11:01:11.937+0000] {dag.py:4180} INFO - Setting next_dagrun for example_weekday_branch_operator to 2025-01-13 00:00:00+00:00, run_after=2025-01-14 00:00:00+00:00
[2025-01-14T11:01:11.951+0000] {processor.py:208} INFO - Processing /home/airflow/.local/lib/python3.12/site-packages/airflow/example_dags/example_branch_day_of_week_operator.py took 0.069 seconds
[2025-01-14T11:01:42.684+0000] {processor.py:186} INFO - Started process (PID=3453) to work on /home/airflow/.local/lib/python3.12/site-packages/airflow/example_dags/example_branch_day_of_week_operator.py
[2025-01-14T11:01:42.685+0000] {processor.py:914} INFO - Processing file /home/airflow/.local/lib/python3.12/site-packages/airflow/example_dags/example_branch_day_of_week_operator.py for tasks to queue
[2025-01-14T11:01:42.688+0000] {logging_mixin.py:190} INFO - [2025-01-14T11:01:42.688+0000] {dagbag.py:588} INFO - Filling up the DagBag from /home/airflow/.local/lib/python3.12/site-packages/airflow/example_dags/example_branch_day_of_week_operator.py
[2025-01-14T11:01:42.699+0000] {processor.py:925} INFO - DAG(s) 'example_weekday_branch_operator' retrieved from /home/airflow/.local/lib/python3.12/site-packages/airflow/example_dags/example_branch_day_of_week_operator.py
[2025-01-14T11:01:42.715+0000] {logging_mixin.py:190} INFO - [2025-01-14T11:01:42.715+0000] {dag.py:3239} INFO - Sync 1 DAGs
[2025-01-14T11:01:42.729+0000] {logging_mixin.py:190} INFO - [2025-01-14T11:01:42.729+0000] {dag.py:4180} INFO - Setting next_dagrun for example_weekday_branch_operator to 2025-01-13 00:00:00+00:00, run_after=2025-01-14 00:00:00+00:00
[2025-01-14T11:01:42.744+0000] {processor.py:208} INFO - Processing /home/airflow/.local/lib/python3.12/site-packages/airflow/example_dags/example_branch_day_of_week_operator.py took 0.067 seconds
[2025-01-14T11:02:13.111+0000] {processor.py:186} INFO - Started process (PID=3744) to work on /home/airflow/.local/lib/python3.12/site-packages/airflow/example_dags/example_branch_day_of_week_operator.py
[2025-01-14T11:02:13.112+0000] {processor.py:914} INFO - Processing file /home/airflow/.local/lib/python3.12/site-packages/airflow/example_dags/example_branch_day_of_week_operator.py for tasks to queue
[2025-01-14T11:02:13.115+0000] {logging_mixin.py:190} INFO - [2025-01-14T11:02:13.114+0000] {dagbag.py:588} INFO - Filling up the DagBag from /home/airflow/.local/lib/python3.12/site-packages/airflow/example_dags/example_branch_day_of_week_operator.py
[2025-01-14T11:02:13.126+0000] {processor.py:925} INFO - DAG(s) 'example_weekday_branch_operator' retrieved from /home/airflow/.local/lib/python3.12/site-packages/airflow/example_dags/example_branch_day_of_week_operator.py
[2025-01-14T11:02:13.141+0000] {logging_mixin.py:190} INFO - [2025-01-14T11:02:13.140+0000] {dag.py:3239} INFO - Sync 1 DAGs
[2025-01-14T11:02:13.156+0000] {logging_mixin.py:190} INFO - [2025-01-14T11:02:13.156+0000] {dag.py:4180} INFO - Setting next_dagrun for example_weekday_branch_operator to 2025-01-13 00:00:00+00:00, run_after=2025-01-14 00:00:00+00:00
[2025-01-14T11:02:13.170+0000] {processor.py:208} INFO - Processing /home/airflow/.local/lib/python3.12/site-packages/airflow/example_dags/example_branch_day_of_week_operator.py took 0.063 seconds
[2025-01-14T11:02:43.541+0000] {processor.py:186} INFO - Started process (PID=4035) to work on /home/airflow/.local/lib/python3.12/site-packages/airflow/example_dags/example_branch_day_of_week_operator.py
[2025-01-14T11:02:43.542+0000] {processor.py:914} INFO - Processing file /home/airflow/.local/lib/python3.12/site-packages/airflow/example_dags/example_branch_day_of_week_operator.py for tasks to queue
[2025-01-14T11:02:43.544+0000] {logging_mixin.py:190} INFO - [2025-01-14T11:02:43.544+0000] {dagbag.py:588} INFO - Filling up the DagBag from /home/airflow/.local/lib/python3.12/site-packages/airflow/example_dags/example_branch_day_of_week_operator.py
[2025-01-14T11:02:43.553+0000] {processor.py:925} INFO - DAG(s) 'example_weekday_branch_operator' retrieved from /home/airflow/.local/lib/python3.12/site-packages/airflow/example_dags/example_branch_day_of_week_operator.py
[2025-01-14T11:02:43.572+0000] {logging_mixin.py:190} INFO - [2025-01-14T11:02:43.572+0000] {dag.py:3239} INFO - Sync 1 DAGs
[2025-01-14T11:02:43.592+0000] {logging_mixin.py:190} INFO - [2025-01-14T11:02:43.592+0000] {dag.py:4180} INFO - Setting next_dagrun for example_weekday_branch_operator to 2025-01-13 00:00:00+00:00, run_after=2025-01-14 00:00:00+00:00
[2025-01-14T11:02:43.607+0000] {processor.py:208} INFO - Processing /home/airflow/.local/lib/python3.12/site-packages/airflow/example_dags/example_branch_day_of_week_operator.py took 0.074 seconds
[2025-01-14T11:03:29.233+0000] {processor.py:186} INFO - Started process (PID=249) to work on /home/airflow/.local/lib/python3.12/site-packages/airflow/example_dags/example_branch_day_of_week_operator.py
[2025-01-14T11:03:29.234+0000] {processor.py:914} INFO - Processing file /home/airflow/.local/lib/python3.12/site-packages/airflow/example_dags/example_branch_day_of_week_operator.py for tasks to queue
[2025-01-14T11:03:29.238+0000] {logging_mixin.py:190} INFO - [2025-01-14T11:03:29.237+0000] {dagbag.py:588} INFO - Filling up the DagBag from /home/airflow/.local/lib/python3.12/site-packages/airflow/example_dags/example_branch_day_of_week_operator.py
[2025-01-14T11:03:29.251+0000] {processor.py:925} INFO - DAG(s) 'example_weekday_branch_operator' retrieved from /home/airflow/.local/lib/python3.12/site-packages/airflow/example_dags/example_branch_day_of_week_operator.py
[2025-01-14T11:03:29.273+0000] {logging_mixin.py:190} INFO - [2025-01-14T11:03:29.272+0000] {dag.py:3239} INFO - Sync 1 DAGs
[2025-01-14T11:03:29.298+0000] {logging_mixin.py:190} INFO - [2025-01-14T11:03:29.298+0000] {dag.py:4180} INFO - Setting next_dagrun for example_weekday_branch_operator to 2025-01-13 00:00:00+00:00, run_after=2025-01-14 00:00:00+00:00
[2025-01-14T11:03:29.319+0000] {processor.py:208} INFO - Processing /home/airflow/.local/lib/python3.12/site-packages/airflow/example_dags/example_branch_day_of_week_operator.py took 0.094 seconds
[2025-01-14T11:03:59.355+0000] {processor.py:186} INFO - Started process (PID=540) to work on /home/airflow/.local/lib/python3.12/site-packages/airflow/example_dags/example_branch_day_of_week_operator.py
[2025-01-14T11:03:59.356+0000] {processor.py:914} INFO - Processing file /home/airflow/.local/lib/python3.12/site-packages/airflow/example_dags/example_branch_day_of_week_operator.py for tasks to queue
[2025-01-14T11:03:59.358+0000] {logging_mixin.py:190} INFO - [2025-01-14T11:03:59.358+0000] {dagbag.py:588} INFO - Filling up the DagBag from /home/airflow/.local/lib/python3.12/site-packages/airflow/example_dags/example_branch_day_of_week_operator.py
[2025-01-14T11:03:59.364+0000] {processor.py:925} INFO - DAG(s) 'example_weekday_branch_operator' retrieved from /home/airflow/.local/lib/python3.12/site-packages/airflow/example_dags/example_branch_day_of_week_operator.py
[2025-01-14T11:03:59.376+0000] {logging_mixin.py:190} INFO - [2025-01-14T11:03:59.376+0000] {dag.py:3239} INFO - Sync 1 DAGs
[2025-01-14T11:03:59.393+0000] {logging_mixin.py:190} INFO - [2025-01-14T11:03:59.392+0000] {dag.py:4180} INFO - Setting next_dagrun for example_weekday_branch_operator to 2025-01-13 00:00:00+00:00, run_after=2025-01-14 00:00:00+00:00
[2025-01-14T11:03:59.406+0000] {processor.py:208} INFO - Processing /home/airflow/.local/lib/python3.12/site-packages/airflow/example_dags/example_branch_day_of_week_operator.py took 0.054 seconds
[2025-01-14T11:04:30.242+0000] {processor.py:186} INFO - Started process (PID=837) to work on /home/airflow/.local/lib/python3.12/site-packages/airflow/example_dags/example_branch_day_of_week_operator.py
[2025-01-14T11:04:30.243+0000] {processor.py:914} INFO - Processing file /home/airflow/.local/lib/python3.12/site-packages/airflow/example_dags/example_branch_day_of_week_operator.py for tasks to queue
[2025-01-14T11:04:30.245+0000] {logging_mixin.py:190} INFO - [2025-01-14T11:04:30.245+0000] {dagbag.py:588} INFO - Filling up the DagBag from /home/airflow/.local/lib/python3.12/site-packages/airflow/example_dags/example_branch_day_of_week_operator.py
[2025-01-14T11:04:30.254+0000] {processor.py:925} INFO - DAG(s) 'example_weekday_branch_operator' retrieved from /home/airflow/.local/lib/python3.12/site-packages/airflow/example_dags/example_branch_day_of_week_operator.py
[2025-01-14T11:04:30.277+0000] {logging_mixin.py:190} INFO - [2025-01-14T11:04:30.276+0000] {dag.py:3239} INFO - Sync 1 DAGs
[2025-01-14T11:04:30.294+0000] {logging_mixin.py:190} INFO - [2025-01-14T11:04:30.294+0000] {dag.py:4180} INFO - Setting next_dagrun for example_weekday_branch_operator to 2025-01-13 00:00:00+00:00, run_after=2025-01-14 00:00:00+00:00
[2025-01-14T11:04:30.315+0000] {processor.py:208} INFO - Processing /home/airflow/.local/lib/python3.12/site-packages/airflow/example_dags/example_branch_day_of_week_operator.py took 0.077 seconds
[2025-01-14T11:05:01.198+0000] {processor.py:186} INFO - Started process (PID=1128) to work on /home/airflow/.local/lib/python3.12/site-packages/airflow/example_dags/example_branch_day_of_week_operator.py
[2025-01-14T11:05:01.200+0000] {processor.py:914} INFO - Processing file /home/airflow/.local/lib/python3.12/site-packages/airflow/example_dags/example_branch_day_of_week_operator.py for tasks to queue
[2025-01-14T11:05:01.203+0000] {logging_mixin.py:190} INFO - [2025-01-14T11:05:01.202+0000] {dagbag.py:588} INFO - Filling up the DagBag from /home/airflow/.local/lib/python3.12/site-packages/airflow/example_dags/example_branch_day_of_week_operator.py
[2025-01-14T11:05:01.212+0000] {processor.py:925} INFO - DAG(s) 'example_weekday_branch_operator' retrieved from /home/airflow/.local/lib/python3.12/site-packages/airflow/example_dags/example_branch_day_of_week_operator.py
[2025-01-14T11:05:01.229+0000] {logging_mixin.py:190} INFO - [2025-01-14T11:05:01.229+0000] {dag.py:3239} INFO - Sync 1 DAGs
[2025-01-14T11:05:01.250+0000] {logging_mixin.py:190} INFO - [2025-01-14T11:05:01.250+0000] {dag.py:4180} INFO - Setting next_dagrun for example_weekday_branch_operator to 2025-01-13 00:00:00+00:00, run_after=2025-01-14 00:00:00+00:00
[2025-01-14T11:05:01.267+0000] {processor.py:208} INFO - Processing /home/airflow/.local/lib/python3.12/site-packages/airflow/example_dags/example_branch_day_of_week_operator.py took 0.075 seconds
[2025-01-14T11:05:31.674+0000] {processor.py:186} INFO - Started process (PID=1419) to work on /home/airflow/.local/lib/python3.12/site-packages/airflow/example_dags/example_branch_day_of_week_operator.py
[2025-01-14T11:05:31.676+0000] {processor.py:914} INFO - Processing file /home/airflow/.local/lib/python3.12/site-packages/airflow/example_dags/example_branch_day_of_week_operator.py for tasks to queue
[2025-01-14T11:05:31.679+0000] {logging_mixin.py:190} INFO - [2025-01-14T11:05:31.678+0000] {dagbag.py:588} INFO - Filling up the DagBag from /home/airflow/.local/lib/python3.12/site-packages/airflow/example_dags/example_branch_day_of_week_operator.py
[2025-01-14T11:05:31.689+0000] {processor.py:925} INFO - DAG(s) 'example_weekday_branch_operator' retrieved from /home/airflow/.local/lib/python3.12/site-packages/airflow/example_dags/example_branch_day_of_week_operator.py
[2025-01-14T11:05:31.712+0000] {logging_mixin.py:190} INFO - [2025-01-14T11:05:31.711+0000] {dag.py:3239} INFO - Sync 1 DAGs
[2025-01-14T11:05:31.731+0000] {logging_mixin.py:190} INFO - [2025-01-14T11:05:31.730+0000] {dag.py:4180} INFO - Setting next_dagrun for example_weekday_branch_operator to 2025-01-13 00:00:00+00:00, run_after=2025-01-14 00:00:00+00:00
[2025-01-14T11:05:31.748+0000] {processor.py:208} INFO - Processing /home/airflow/.local/lib/python3.12/site-packages/airflow/example_dags/example_branch_day_of_week_operator.py took 0.081 seconds
[2025-01-14T11:06:02.355+0000] {processor.py:186} INFO - Started process (PID=1710) to work on /home/airflow/.local/lib/python3.12/site-packages/airflow/example_dags/example_branch_day_of_week_operator.py
[2025-01-14T11:06:02.356+0000] {processor.py:914} INFO - Processing file /home/airflow/.local/lib/python3.12/site-packages/airflow/example_dags/example_branch_day_of_week_operator.py for tasks to queue
[2025-01-14T11:06:02.357+0000] {logging_mixin.py:190} INFO - [2025-01-14T11:06:02.357+0000] {dagbag.py:588} INFO - Filling up the DagBag from /home/airflow/.local/lib/python3.12/site-packages/airflow/example_dags/example_branch_day_of_week_operator.py
[2025-01-14T11:06:02.363+0000] {processor.py:925} INFO - DAG(s) 'example_weekday_branch_operator' retrieved from /home/airflow/.local/lib/python3.12/site-packages/airflow/example_dags/example_branch_day_of_week_operator.py
[2025-01-14T11:06:02.388+0000] {logging_mixin.py:190} INFO - [2025-01-14T11:06:02.387+0000] {dag.py:3239} INFO - Sync 1 DAGs
[2025-01-14T11:06:02.408+0000] {logging_mixin.py:190} INFO - [2025-01-14T11:06:02.408+0000] {dag.py:4180} INFO - Setting next_dagrun for example_weekday_branch_operator to 2025-01-13 00:00:00+00:00, run_after=2025-01-14 00:00:00+00:00
[2025-01-14T11:06:02.423+0000] {processor.py:208} INFO - Processing /home/airflow/.local/lib/python3.12/site-packages/airflow/example_dags/example_branch_day_of_week_operator.py took 0.073 seconds
[2025-01-14T11:06:32.573+0000] {processor.py:186} INFO - Started process (PID=2001) to work on /home/airflow/.local/lib/python3.12/site-packages/airflow/example_dags/example_branch_day_of_week_operator.py
[2025-01-14T11:06:32.574+0000] {processor.py:914} INFO - Processing file /home/airflow/.local/lib/python3.12/site-packages/airflow/example_dags/example_branch_day_of_week_operator.py for tasks to queue
[2025-01-14T11:06:32.577+0000] {logging_mixin.py:190} INFO - [2025-01-14T11:06:32.577+0000] {dagbag.py:588} INFO - Filling up the DagBag from /home/airflow/.local/lib/python3.12/site-packages/airflow/example_dags/example_branch_day_of_week_operator.py
[2025-01-14T11:06:32.595+0000] {processor.py:925} INFO - DAG(s) 'example_weekday_branch_operator' retrieved from /home/airflow/.local/lib/python3.12/site-packages/airflow/example_dags/example_branch_day_of_week_operator.py
[2025-01-14T11:06:32.611+0000] {logging_mixin.py:190} INFO - [2025-01-14T11:06:32.611+0000] {dag.py:3239} INFO - Sync 1 DAGs
[2025-01-14T11:06:32.631+0000] {logging_mixin.py:190} INFO - [2025-01-14T11:06:32.630+0000] {dag.py:4180} INFO - Setting next_dagrun for example_weekday_branch_operator to 2025-01-13 00:00:00+00:00, run_after=2025-01-14 00:00:00+00:00
[2025-01-14T11:06:32.646+0000] {processor.py:208} INFO - Processing /home/airflow/.local/lib/python3.12/site-packages/airflow/example_dags/example_branch_day_of_week_operator.py took 0.080 seconds
[2025-01-14T11:07:03.512+0000] {processor.py:186} INFO - Started process (PID=2292) to work on /home/airflow/.local/lib/python3.12/site-packages/airflow/example_dags/example_branch_day_of_week_operator.py
[2025-01-14T11:07:03.512+0000] {processor.py:914} INFO - Processing file /home/airflow/.local/lib/python3.12/site-packages/airflow/example_dags/example_branch_day_of_week_operator.py for tasks to queue
[2025-01-14T11:07:03.514+0000] {logging_mixin.py:190} INFO - [2025-01-14T11:07:03.514+0000] {dagbag.py:588} INFO - Filling up the DagBag from /home/airflow/.local/lib/python3.12/site-packages/airflow/example_dags/example_branch_day_of_week_operator.py
[2025-01-14T11:07:03.520+0000] {processor.py:925} INFO - DAG(s) 'example_weekday_branch_operator' retrieved from /home/airflow/.local/lib/python3.12/site-packages/airflow/example_dags/example_branch_day_of_week_operator.py
[2025-01-14T11:07:03.535+0000] {logging_mixin.py:190} INFO - [2025-01-14T11:07:03.535+0000] {dag.py:3239} INFO - Sync 1 DAGs
[2025-01-14T11:07:03.553+0000] {logging_mixin.py:190} INFO - [2025-01-14T11:07:03.553+0000] {dag.py:4180} INFO - Setting next_dagrun for example_weekday_branch_operator to 2025-01-13 00:00:00+00:00, run_after=2025-01-14 00:00:00+00:00
[2025-01-14T11:07:03.569+0000] {processor.py:208} INFO - Processing /home/airflow/.local/lib/python3.12/site-packages/airflow/example_dags/example_branch_day_of_week_operator.py took 0.062 seconds
[2025-01-14T11:07:34.230+0000] {processor.py:186} INFO - Started process (PID=2583) to work on /home/airflow/.local/lib/python3.12/site-packages/airflow/example_dags/example_branch_day_of_week_operator.py
[2025-01-14T11:07:34.231+0000] {processor.py:914} INFO - Processing file /home/airflow/.local/lib/python3.12/site-packages/airflow/example_dags/example_branch_day_of_week_operator.py for tasks to queue
[2025-01-14T11:07:34.233+0000] {logging_mixin.py:190} INFO - [2025-01-14T11:07:34.233+0000] {dagbag.py:588} INFO - Filling up the DagBag from /home/airflow/.local/lib/python3.12/site-packages/airflow/example_dags/example_branch_day_of_week_operator.py
[2025-01-14T11:07:34.244+0000] {processor.py:925} INFO - DAG(s) 'example_weekday_branch_operator' retrieved from /home/airflow/.local/lib/python3.12/site-packages/airflow/example_dags/example_branch_day_of_week_operator.py
[2025-01-14T11:07:34.265+0000] {logging_mixin.py:190} INFO - [2025-01-14T11:07:34.265+0000] {dag.py:3239} INFO - Sync 1 DAGs
[2025-01-14T11:07:34.286+0000] {logging_mixin.py:190} INFO - [2025-01-14T11:07:34.286+0000] {dag.py:4180} INFO - Setting next_dagrun for example_weekday_branch_operator to 2025-01-13 00:00:00+00:00, run_after=2025-01-14 00:00:00+00:00
[2025-01-14T11:07:34.301+0000] {processor.py:208} INFO - Processing /home/airflow/.local/lib/python3.12/site-packages/airflow/example_dags/example_branch_day_of_week_operator.py took 0.076 seconds
[2025-01-14T11:08:05.006+0000] {processor.py:186} INFO - Started process (PID=2874) to work on /home/airflow/.local/lib/python3.12/site-packages/airflow/example_dags/example_branch_day_of_week_operator.py
[2025-01-14T11:08:05.007+0000] {processor.py:914} INFO - Processing file /home/airflow/.local/lib/python3.12/site-packages/airflow/example_dags/example_branch_day_of_week_operator.py for tasks to queue
[2025-01-14T11:08:05.010+0000] {logging_mixin.py:190} INFO - [2025-01-14T11:08:05.009+0000] {dagbag.py:588} INFO - Filling up the DagBag from /home/airflow/.local/lib/python3.12/site-packages/airflow/example_dags/example_branch_day_of_week_operator.py
[2025-01-14T11:08:05.016+0000] {processor.py:925} INFO - DAG(s) 'example_weekday_branch_operator' retrieved from /home/airflow/.local/lib/python3.12/site-packages/airflow/example_dags/example_branch_day_of_week_operator.py
[2025-01-14T11:08:05.030+0000] {logging_mixin.py:190} INFO - [2025-01-14T11:08:05.030+0000] {dag.py:3239} INFO - Sync 1 DAGs
[2025-01-14T11:08:05.046+0000] {logging_mixin.py:190} INFO - [2025-01-14T11:08:05.046+0000] {dag.py:4180} INFO - Setting next_dagrun for example_weekday_branch_operator to 2025-01-13 00:00:00+00:00, run_after=2025-01-14 00:00:00+00:00
[2025-01-14T11:08:05.061+0000] {processor.py:208} INFO - Processing /home/airflow/.local/lib/python3.12/site-packages/airflow/example_dags/example_branch_day_of_week_operator.py took 0.062 seconds
[2025-01-14T11:08:35.776+0000] {processor.py:186} INFO - Started process (PID=3167) to work on /home/airflow/.local/lib/python3.12/site-packages/airflow/example_dags/example_branch_day_of_week_operator.py
[2025-01-14T11:08:35.777+0000] {processor.py:914} INFO - Processing file /home/airflow/.local/lib/python3.12/site-packages/airflow/example_dags/example_branch_day_of_week_operator.py for tasks to queue
[2025-01-14T11:08:35.779+0000] {logging_mixin.py:190} INFO - [2025-01-14T11:08:35.779+0000] {dagbag.py:588} INFO - Filling up the DagBag from /home/airflow/.local/lib/python3.12/site-packages/airflow/example_dags/example_branch_day_of_week_operator.py
[2025-01-14T11:08:35.790+0000] {processor.py:925} INFO - DAG(s) 'example_weekday_branch_operator' retrieved from /home/airflow/.local/lib/python3.12/site-packages/airflow/example_dags/example_branch_day_of_week_operator.py
[2025-01-14T11:08:35.809+0000] {logging_mixin.py:190} INFO - [2025-01-14T11:08:35.809+0000] {dag.py:3239} INFO - Sync 1 DAGs
[2025-01-14T11:08:35.831+0000] {logging_mixin.py:190} INFO - [2025-01-14T11:08:35.831+0000] {dag.py:4180} INFO - Setting next_dagrun for example_weekday_branch_operator to 2025-01-13 00:00:00+00:00, run_after=2025-01-14 00:00:00+00:00
[2025-01-14T11:08:35.848+0000] {processor.py:208} INFO - Processing /home/airflow/.local/lib/python3.12/site-packages/airflow/example_dags/example_branch_day_of_week_operator.py took 0.081 seconds
[2025-01-14T11:09:06.421+0000] {processor.py:186} INFO - Started process (PID=3456) to work on /home/airflow/.local/lib/python3.12/site-packages/airflow/example_dags/example_branch_day_of_week_operator.py
[2025-01-14T11:09:06.422+0000] {processor.py:914} INFO - Processing file /home/airflow/.local/lib/python3.12/site-packages/airflow/example_dags/example_branch_day_of_week_operator.py for tasks to queue
[2025-01-14T11:09:06.425+0000] {logging_mixin.py:190} INFO - [2025-01-14T11:09:06.425+0000] {dagbag.py:588} INFO - Filling up the DagBag from /home/airflow/.local/lib/python3.12/site-packages/airflow/example_dags/example_branch_day_of_week_operator.py
[2025-01-14T11:09:06.435+0000] {processor.py:925} INFO - DAG(s) 'example_weekday_branch_operator' retrieved from /home/airflow/.local/lib/python3.12/site-packages/airflow/example_dags/example_branch_day_of_week_operator.py
[2025-01-14T11:09:06.453+0000] {logging_mixin.py:190} INFO - [2025-01-14T11:09:06.453+0000] {dag.py:3239} INFO - Sync 1 DAGs
[2025-01-14T11:09:06.469+0000] {logging_mixin.py:190} INFO - [2025-01-14T11:09:06.469+0000] {dag.py:4180} INFO - Setting next_dagrun for example_weekday_branch_operator to 2025-01-13 00:00:00+00:00, run_after=2025-01-14 00:00:00+00:00
[2025-01-14T11:09:06.489+0000] {processor.py:208} INFO - Processing /home/airflow/.local/lib/python3.12/site-packages/airflow/example_dags/example_branch_day_of_week_operator.py took 0.074 seconds
[2025-01-14T11:09:37.327+0000] {processor.py:186} INFO - Started process (PID=3749) to work on /home/airflow/.local/lib/python3.12/site-packages/airflow/example_dags/example_branch_day_of_week_operator.py
[2025-01-14T11:09:37.328+0000] {processor.py:914} INFO - Processing file /home/airflow/.local/lib/python3.12/site-packages/airflow/example_dags/example_branch_day_of_week_operator.py for tasks to queue
[2025-01-14T11:09:37.329+0000] {logging_mixin.py:190} INFO - [2025-01-14T11:09:37.329+0000] {dagbag.py:588} INFO - Filling up the DagBag from /home/airflow/.local/lib/python3.12/site-packages/airflow/example_dags/example_branch_day_of_week_operator.py
[2025-01-14T11:09:37.335+0000] {processor.py:925} INFO - DAG(s) 'example_weekday_branch_operator' retrieved from /home/airflow/.local/lib/python3.12/site-packages/airflow/example_dags/example_branch_day_of_week_operator.py
[2025-01-14T11:09:37.349+0000] {logging_mixin.py:190} INFO - [2025-01-14T11:09:37.349+0000] {dag.py:3239} INFO - Sync 1 DAGs
[2025-01-14T11:09:37.363+0000] {logging_mixin.py:190} INFO - [2025-01-14T11:09:37.363+0000] {dag.py:4180} INFO - Setting next_dagrun for example_weekday_branch_operator to 2025-01-13 00:00:00+00:00, run_after=2025-01-14 00:00:00+00:00
[2025-01-14T11:09:37.377+0000] {processor.py:208} INFO - Processing /home/airflow/.local/lib/python3.12/site-packages/airflow/example_dags/example_branch_day_of_week_operator.py took 0.054 seconds
[2025-01-14T11:10:07.907+0000] {processor.py:186} INFO - Started process (PID=4038) to work on /home/airflow/.local/lib/python3.12/site-packages/airflow/example_dags/example_branch_day_of_week_operator.py
[2025-01-14T11:10:07.907+0000] {processor.py:914} INFO - Processing file /home/airflow/.local/lib/python3.12/site-packages/airflow/example_dags/example_branch_day_of_week_operator.py for tasks to queue
[2025-01-14T11:10:07.909+0000] {logging_mixin.py:190} INFO - [2025-01-14T11:10:07.909+0000] {dagbag.py:588} INFO - Filling up the DagBag from /home/airflow/.local/lib/python3.12/site-packages/airflow/example_dags/example_branch_day_of_week_operator.py
[2025-01-14T11:10:07.916+0000] {processor.py:925} INFO - DAG(s) 'example_weekday_branch_operator' retrieved from /home/airflow/.local/lib/python3.12/site-packages/airflow/example_dags/example_branch_day_of_week_operator.py
[2025-01-14T11:10:07.931+0000] {logging_mixin.py:190} INFO - [2025-01-14T11:10:07.931+0000] {dag.py:3239} INFO - Sync 1 DAGs
[2025-01-14T11:10:07.952+0000] {logging_mixin.py:190} INFO - [2025-01-14T11:10:07.952+0000] {dag.py:4180} INFO - Setting next_dagrun for example_weekday_branch_operator to 2025-01-13 00:00:00+00:00, run_after=2025-01-14 00:00:00+00:00
[2025-01-14T11:10:07.964+0000] {processor.py:208} INFO - Processing /home/airflow/.local/lib/python3.12/site-packages/airflow/example_dags/example_branch_day_of_week_operator.py took 0.061 seconds
[2025-01-14T11:10:38.554+0000] {processor.py:186} INFO - Started process (PID=4329) to work on /home/airflow/.local/lib/python3.12/site-packages/airflow/example_dags/example_branch_day_of_week_operator.py
[2025-01-14T11:10:38.556+0000] {processor.py:914} INFO - Processing file /home/airflow/.local/lib/python3.12/site-packages/airflow/example_dags/example_branch_day_of_week_operator.py for tasks to queue
[2025-01-14T11:10:38.558+0000] {logging_mixin.py:190} INFO - [2025-01-14T11:10:38.558+0000] {dagbag.py:588} INFO - Filling up the DagBag from /home/airflow/.local/lib/python3.12/site-packages/airflow/example_dags/example_branch_day_of_week_operator.py
[2025-01-14T11:10:38.564+0000] {processor.py:925} INFO - DAG(s) 'example_weekday_branch_operator' retrieved from /home/airflow/.local/lib/python3.12/site-packages/airflow/example_dags/example_branch_day_of_week_operator.py
[2025-01-14T11:10:38.579+0000] {logging_mixin.py:190} INFO - [2025-01-14T11:10:38.578+0000] {dag.py:3239} INFO - Sync 1 DAGs
[2025-01-14T11:10:38.597+0000] {logging_mixin.py:190} INFO - [2025-01-14T11:10:38.597+0000] {dag.py:4180} INFO - Setting next_dagrun for example_weekday_branch_operator to 2025-01-13 00:00:00+00:00, run_after=2025-01-14 00:00:00+00:00
[2025-01-14T11:10:38.613+0000] {processor.py:208} INFO - Processing /home/airflow/.local/lib/python3.12/site-packages/airflow/example_dags/example_branch_day_of_week_operator.py took 0.065 seconds
[2025-01-14T11:11:09.091+0000] {processor.py:186} INFO - Started process (PID=4620) to work on /home/airflow/.local/lib/python3.12/site-packages/airflow/example_dags/example_branch_day_of_week_operator.py
[2025-01-14T11:11:09.092+0000] {processor.py:914} INFO - Processing file /home/airflow/.local/lib/python3.12/site-packages/airflow/example_dags/example_branch_day_of_week_operator.py for tasks to queue
[2025-01-14T11:11:09.094+0000] {logging_mixin.py:190} INFO - [2025-01-14T11:11:09.094+0000] {dagbag.py:588} INFO - Filling up the DagBag from /home/airflow/.local/lib/python3.12/site-packages/airflow/example_dags/example_branch_day_of_week_operator.py
[2025-01-14T11:11:09.105+0000] {processor.py:925} INFO - DAG(s) 'example_weekday_branch_operator' retrieved from /home/airflow/.local/lib/python3.12/site-packages/airflow/example_dags/example_branch_day_of_week_operator.py
[2025-01-14T11:11:09.123+0000] {logging_mixin.py:190} INFO - [2025-01-14T11:11:09.123+0000] {dag.py:3239} INFO - Sync 1 DAGs
[2025-01-14T11:11:09.139+0000] {logging_mixin.py:190} INFO - [2025-01-14T11:11:09.139+0000] {dag.py:4180} INFO - Setting next_dagrun for example_weekday_branch_operator to 2025-01-13 00:00:00+00:00, run_after=2025-01-14 00:00:00+00:00
[2025-01-14T11:11:09.155+0000] {processor.py:208} INFO - Processing /home/airflow/.local/lib/python3.12/site-packages/airflow/example_dags/example_branch_day_of_week_operator.py took 0.069 seconds
[2025-01-14T11:11:40.006+0000] {processor.py:186} INFO - Started process (PID=4911) to work on /home/airflow/.local/lib/python3.12/site-packages/airflow/example_dags/example_branch_day_of_week_operator.py
[2025-01-14T11:11:40.006+0000] {processor.py:914} INFO - Processing file /home/airflow/.local/lib/python3.12/site-packages/airflow/example_dags/example_branch_day_of_week_operator.py for tasks to queue
[2025-01-14T11:11:40.008+0000] {logging_mixin.py:190} INFO - [2025-01-14T11:11:40.008+0000] {dagbag.py:588} INFO - Filling up the DagBag from /home/airflow/.local/lib/python3.12/site-packages/airflow/example_dags/example_branch_day_of_week_operator.py
[2025-01-14T11:11:40.014+0000] {processor.py:925} INFO - DAG(s) 'example_weekday_branch_operator' retrieved from /home/airflow/.local/lib/python3.12/site-packages/airflow/example_dags/example_branch_day_of_week_operator.py
[2025-01-14T11:11:40.028+0000] {logging_mixin.py:190} INFO - [2025-01-14T11:11:40.028+0000] {dag.py:3239} INFO - Sync 1 DAGs
[2025-01-14T11:11:40.045+0000] {logging_mixin.py:190} INFO - [2025-01-14T11:11:40.045+0000] {dag.py:4180} INFO - Setting next_dagrun for example_weekday_branch_operator to 2025-01-13 00:00:00+00:00, run_after=2025-01-14 00:00:00+00:00
[2025-01-14T11:11:40.060+0000] {processor.py:208} INFO - Processing /home/airflow/.local/lib/python3.12/site-packages/airflow/example_dags/example_branch_day_of_week_operator.py took 0.059 seconds
[2025-01-14T11:12:11.004+0000] {processor.py:186} INFO - Started process (PID=5201) to work on /home/airflow/.local/lib/python3.12/site-packages/airflow/example_dags/example_branch_day_of_week_operator.py
[2025-01-14T11:12:11.004+0000] {processor.py:914} INFO - Processing file /home/airflow/.local/lib/python3.12/site-packages/airflow/example_dags/example_branch_day_of_week_operator.py for tasks to queue
[2025-01-14T11:12:11.006+0000] {logging_mixin.py:190} INFO - [2025-01-14T11:12:11.006+0000] {dagbag.py:588} INFO - Filling up the DagBag from /home/airflow/.local/lib/python3.12/site-packages/airflow/example_dags/example_branch_day_of_week_operator.py
[2025-01-14T11:12:11.013+0000] {processor.py:925} INFO - DAG(s) 'example_weekday_branch_operator' retrieved from /home/airflow/.local/lib/python3.12/site-packages/airflow/example_dags/example_branch_day_of_week_operator.py
[2025-01-14T11:12:11.028+0000] {logging_mixin.py:190} INFO - [2025-01-14T11:12:11.028+0000] {dag.py:3239} INFO - Sync 1 DAGs
[2025-01-14T11:12:11.044+0000] {logging_mixin.py:190} INFO - [2025-01-14T11:12:11.044+0000] {dag.py:4180} INFO - Setting next_dagrun for example_weekday_branch_operator to 2025-01-13 00:00:00+00:00, run_after=2025-01-14 00:00:00+00:00
[2025-01-14T11:12:11.058+0000] {processor.py:208} INFO - Processing /home/airflow/.local/lib/python3.12/site-packages/airflow/example_dags/example_branch_day_of_week_operator.py took 0.058 seconds
[2025-01-14T11:12:41.734+0000] {processor.py:186} INFO - Started process (PID=5492) to work on /home/airflow/.local/lib/python3.12/site-packages/airflow/example_dags/example_branch_day_of_week_operator.py
[2025-01-14T11:12:41.735+0000] {processor.py:914} INFO - Processing file /home/airflow/.local/lib/python3.12/site-packages/airflow/example_dags/example_branch_day_of_week_operator.py for tasks to queue
[2025-01-14T11:12:41.737+0000] {logging_mixin.py:190} INFO - [2025-01-14T11:12:41.737+0000] {dagbag.py:588} INFO - Filling up the DagBag from /home/airflow/.local/lib/python3.12/site-packages/airflow/example_dags/example_branch_day_of_week_operator.py
[2025-01-14T11:12:41.746+0000] {processor.py:925} INFO - DAG(s) 'example_weekday_branch_operator' retrieved from /home/airflow/.local/lib/python3.12/site-packages/airflow/example_dags/example_branch_day_of_week_operator.py
[2025-01-14T11:12:41.765+0000] {logging_mixin.py:190} INFO - [2025-01-14T11:12:41.764+0000] {dag.py:3239} INFO - Sync 1 DAGs
[2025-01-14T11:12:41.786+0000] {logging_mixin.py:190} INFO - [2025-01-14T11:12:41.786+0000] {dag.py:4180} INFO - Setting next_dagrun for example_weekday_branch_operator to 2025-01-13 00:00:00+00:00, run_after=2025-01-14 00:00:00+00:00
[2025-01-14T11:12:41.802+0000] {processor.py:208} INFO - Processing /home/airflow/.local/lib/python3.12/site-packages/airflow/example_dags/example_branch_day_of_week_operator.py took 0.073 seconds
[2025-01-14T11:13:12.604+0000] {processor.py:186} INFO - Started process (PID=5783) to work on /home/airflow/.local/lib/python3.12/site-packages/airflow/example_dags/example_branch_day_of_week_operator.py
[2025-01-14T11:13:12.605+0000] {processor.py:914} INFO - Processing file /home/airflow/.local/lib/python3.12/site-packages/airflow/example_dags/example_branch_day_of_week_operator.py for tasks to queue
[2025-01-14T11:13:12.608+0000] {logging_mixin.py:190} INFO - [2025-01-14T11:13:12.608+0000] {dagbag.py:588} INFO - Filling up the DagBag from /home/airflow/.local/lib/python3.12/site-packages/airflow/example_dags/example_branch_day_of_week_operator.py
[2025-01-14T11:13:12.615+0000] {processor.py:925} INFO - DAG(s) 'example_weekday_branch_operator' retrieved from /home/airflow/.local/lib/python3.12/site-packages/airflow/example_dags/example_branch_day_of_week_operator.py
[2025-01-14T11:13:12.630+0000] {logging_mixin.py:190} INFO - [2025-01-14T11:13:12.630+0000] {dag.py:3239} INFO - Sync 1 DAGs
[2025-01-14T11:13:12.645+0000] {logging_mixin.py:190} INFO - [2025-01-14T11:13:12.645+0000] {dag.py:4180} INFO - Setting next_dagrun for example_weekday_branch_operator to 2025-01-13 00:00:00+00:00, run_after=2025-01-14 00:00:00+00:00
[2025-01-14T11:13:12.659+0000] {processor.py:208} INFO - Processing /home/airflow/.local/lib/python3.12/site-packages/airflow/example_dags/example_branch_day_of_week_operator.py took 0.058 seconds
[2025-01-14T11:13:43.376+0000] {processor.py:186} INFO - Started process (PID=6074) to work on /home/airflow/.local/lib/python3.12/site-packages/airflow/example_dags/example_branch_day_of_week_operator.py
[2025-01-14T11:13:43.377+0000] {processor.py:914} INFO - Processing file /home/airflow/.local/lib/python3.12/site-packages/airflow/example_dags/example_branch_day_of_week_operator.py for tasks to queue
[2025-01-14T11:13:43.380+0000] {logging_mixin.py:190} INFO - [2025-01-14T11:13:43.380+0000] {dagbag.py:588} INFO - Filling up the DagBag from /home/airflow/.local/lib/python3.12/site-packages/airflow/example_dags/example_branch_day_of_week_operator.py
[2025-01-14T11:13:43.390+0000] {processor.py:925} INFO - DAG(s) 'example_weekday_branch_operator' retrieved from /home/airflow/.local/lib/python3.12/site-packages/airflow/example_dags/example_branch_day_of_week_operator.py
[2025-01-14T11:13:43.405+0000] {logging_mixin.py:190} INFO - [2025-01-14T11:13:43.405+0000] {dag.py:3239} INFO - Sync 1 DAGs
[2025-01-14T11:13:43.423+0000] {logging_mixin.py:190} INFO - [2025-01-14T11:13:43.423+0000] {dag.py:4180} INFO - Setting next_dagrun for example_weekday_branch_operator to 2025-01-13 00:00:00+00:00, run_after=2025-01-14 00:00:00+00:00
[2025-01-14T11:13:43.436+0000] {processor.py:208} INFO - Processing /home/airflow/.local/lib/python3.12/site-packages/airflow/example_dags/example_branch_day_of_week_operator.py took 0.067 seconds
[2025-01-14T11:14:14.210+0000] {processor.py:186} INFO - Started process (PID=6365) to work on /home/airflow/.local/lib/python3.12/site-packages/airflow/example_dags/example_branch_day_of_week_operator.py
[2025-01-14T11:14:14.211+0000] {processor.py:914} INFO - Processing file /home/airflow/.local/lib/python3.12/site-packages/airflow/example_dags/example_branch_day_of_week_operator.py for tasks to queue
[2025-01-14T11:14:14.214+0000] {logging_mixin.py:190} INFO - [2025-01-14T11:14:14.213+0000] {dagbag.py:588} INFO - Filling up the DagBag from /home/airflow/.local/lib/python3.12/site-packages/airflow/example_dags/example_branch_day_of_week_operator.py
[2025-01-14T11:14:14.224+0000] {processor.py:925} INFO - DAG(s) 'example_weekday_branch_operator' retrieved from /home/airflow/.local/lib/python3.12/site-packages/airflow/example_dags/example_branch_day_of_week_operator.py
[2025-01-14T11:14:14.240+0000] {logging_mixin.py:190} INFO - [2025-01-14T11:14:14.240+0000] {dag.py:3239} INFO - Sync 1 DAGs
[2025-01-14T11:14:14.256+0000] {logging_mixin.py:190} INFO - [2025-01-14T11:14:14.256+0000] {dag.py:4180} INFO - Setting next_dagrun for example_weekday_branch_operator to 2025-01-13 00:00:00+00:00, run_after=2025-01-14 00:00:00+00:00
[2025-01-14T11:14:14.268+0000] {processor.py:208} INFO - Processing /home/airflow/.local/lib/python3.12/site-packages/airflow/example_dags/example_branch_day_of_week_operator.py took 0.065 seconds
[2025-01-14T11:14:44.608+0000] {processor.py:186} INFO - Started process (PID=6656) to work on /home/airflow/.local/lib/python3.12/site-packages/airflow/example_dags/example_branch_day_of_week_operator.py
[2025-01-14T11:14:44.609+0000] {processor.py:914} INFO - Processing file /home/airflow/.local/lib/python3.12/site-packages/airflow/example_dags/example_branch_day_of_week_operator.py for tasks to queue
[2025-01-14T11:14:44.612+0000] {logging_mixin.py:190} INFO - [2025-01-14T11:14:44.611+0000] {dagbag.py:588} INFO - Filling up the DagBag from /home/airflow/.local/lib/python3.12/site-packages/airflow/example_dags/example_branch_day_of_week_operator.py
[2025-01-14T11:14:44.619+0000] {processor.py:925} INFO - DAG(s) 'example_weekday_branch_operator' retrieved from /home/airflow/.local/lib/python3.12/site-packages/airflow/example_dags/example_branch_day_of_week_operator.py
[2025-01-14T11:14:44.632+0000] {logging_mixin.py:190} INFO - [2025-01-14T11:14:44.632+0000] {dag.py:3239} INFO - Sync 1 DAGs
[2025-01-14T11:14:44.646+0000] {logging_mixin.py:190} INFO - [2025-01-14T11:14:44.646+0000] {dag.py:4180} INFO - Setting next_dagrun for example_weekday_branch_operator to 2025-01-13 00:00:00+00:00, run_after=2025-01-14 00:00:00+00:00
[2025-01-14T11:14:44.658+0000] {processor.py:208} INFO - Processing /home/airflow/.local/lib/python3.12/site-packages/airflow/example_dags/example_branch_day_of_week_operator.py took 0.057 seconds
[2025-01-14T11:15:15.059+0000] {processor.py:186} INFO - Started process (PID=6947) to work on /home/airflow/.local/lib/python3.12/site-packages/airflow/example_dags/example_branch_day_of_week_operator.py
[2025-01-14T11:15:15.060+0000] {processor.py:914} INFO - Processing file /home/airflow/.local/lib/python3.12/site-packages/airflow/example_dags/example_branch_day_of_week_operator.py for tasks to queue
[2025-01-14T11:15:15.061+0000] {logging_mixin.py:190} INFO - [2025-01-14T11:15:15.061+0000] {dagbag.py:588} INFO - Filling up the DagBag from /home/airflow/.local/lib/python3.12/site-packages/airflow/example_dags/example_branch_day_of_week_operator.py
[2025-01-14T11:15:15.067+0000] {processor.py:925} INFO - DAG(s) 'example_weekday_branch_operator' retrieved from /home/airflow/.local/lib/python3.12/site-packages/airflow/example_dags/example_branch_day_of_week_operator.py
[2025-01-14T11:15:15.084+0000] {logging_mixin.py:190} INFO - [2025-01-14T11:15:15.084+0000] {dag.py:3239} INFO - Sync 1 DAGs
[2025-01-14T11:15:15.100+0000] {logging_mixin.py:190} INFO - [2025-01-14T11:15:15.100+0000] {dag.py:4180} INFO - Setting next_dagrun for example_weekday_branch_operator to 2025-01-13 00:00:00+00:00, run_after=2025-01-14 00:00:00+00:00
[2025-01-14T11:15:15.118+0000] {processor.py:208} INFO - Processing /home/airflow/.local/lib/python3.12/site-packages/airflow/example_dags/example_branch_day_of_week_operator.py took 0.063 seconds
[2025-01-14T11:15:45.382+0000] {processor.py:186} INFO - Started process (PID=7238) to work on /home/airflow/.local/lib/python3.12/site-packages/airflow/example_dags/example_branch_day_of_week_operator.py
[2025-01-14T11:15:45.383+0000] {processor.py:914} INFO - Processing file /home/airflow/.local/lib/python3.12/site-packages/airflow/example_dags/example_branch_day_of_week_operator.py for tasks to queue
[2025-01-14T11:15:45.386+0000] {logging_mixin.py:190} INFO - [2025-01-14T11:15:45.385+0000] {dagbag.py:588} INFO - Filling up the DagBag from /home/airflow/.local/lib/python3.12/site-packages/airflow/example_dags/example_branch_day_of_week_operator.py
[2025-01-14T11:15:45.396+0000] {processor.py:925} INFO - DAG(s) 'example_weekday_branch_operator' retrieved from /home/airflow/.local/lib/python3.12/site-packages/airflow/example_dags/example_branch_day_of_week_operator.py
[2025-01-14T11:15:45.418+0000] {logging_mixin.py:190} INFO - [2025-01-14T11:15:45.418+0000] {dag.py:3239} INFO - Sync 1 DAGs
[2025-01-14T11:15:45.434+0000] {logging_mixin.py:190} INFO - [2025-01-14T11:15:45.434+0000] {dag.py:4180} INFO - Setting next_dagrun for example_weekday_branch_operator to 2025-01-13 00:00:00+00:00, run_after=2025-01-14 00:00:00+00:00
[2025-01-14T11:15:45.447+0000] {processor.py:208} INFO - Processing /home/airflow/.local/lib/python3.12/site-packages/airflow/example_dags/example_branch_day_of_week_operator.py took 0.073 seconds
[2025-01-14T11:16:16.195+0000] {processor.py:186} INFO - Started process (PID=7529) to work on /home/airflow/.local/lib/python3.12/site-packages/airflow/example_dags/example_branch_day_of_week_operator.py
[2025-01-14T11:16:16.196+0000] {processor.py:914} INFO - Processing file /home/airflow/.local/lib/python3.12/site-packages/airflow/example_dags/example_branch_day_of_week_operator.py for tasks to queue
[2025-01-14T11:16:16.199+0000] {logging_mixin.py:190} INFO - [2025-01-14T11:16:16.199+0000] {dagbag.py:588} INFO - Filling up the DagBag from /home/airflow/.local/lib/python3.12/site-packages/airflow/example_dags/example_branch_day_of_week_operator.py
[2025-01-14T11:16:16.210+0000] {processor.py:925} INFO - DAG(s) 'example_weekday_branch_operator' retrieved from /home/airflow/.local/lib/python3.12/site-packages/airflow/example_dags/example_branch_day_of_week_operator.py
[2025-01-14T11:16:16.230+0000] {logging_mixin.py:190} INFO - [2025-01-14T11:16:16.230+0000] {dag.py:3239} INFO - Sync 1 DAGs
[2025-01-14T11:16:16.250+0000] {logging_mixin.py:190} INFO - [2025-01-14T11:16:16.250+0000] {dag.py:4180} INFO - Setting next_dagrun for example_weekday_branch_operator to 2025-01-13 00:00:00+00:00, run_after=2025-01-14 00:00:00+00:00
[2025-01-14T11:16:16.271+0000] {processor.py:208} INFO - Processing /home/airflow/.local/lib/python3.12/site-packages/airflow/example_dags/example_branch_day_of_week_operator.py took 0.084 seconds
[2025-01-14T11:16:46.575+0000] {processor.py:186} INFO - Started process (PID=7815) to work on /home/airflow/.local/lib/python3.12/site-packages/airflow/example_dags/example_branch_day_of_week_operator.py
[2025-01-14T11:16:46.576+0000] {processor.py:914} INFO - Processing file /home/airflow/.local/lib/python3.12/site-packages/airflow/example_dags/example_branch_day_of_week_operator.py for tasks to queue
[2025-01-14T11:16:46.579+0000] {logging_mixin.py:190} INFO - [2025-01-14T11:16:46.579+0000] {dagbag.py:588} INFO - Filling up the DagBag from /home/airflow/.local/lib/python3.12/site-packages/airflow/example_dags/example_branch_day_of_week_operator.py
[2025-01-14T11:16:46.589+0000] {processor.py:925} INFO - DAG(s) 'example_weekday_branch_operator' retrieved from /home/airflow/.local/lib/python3.12/site-packages/airflow/example_dags/example_branch_day_of_week_operator.py
[2025-01-14T11:16:46.607+0000] {logging_mixin.py:190} INFO - [2025-01-14T11:16:46.606+0000] {dag.py:3239} INFO - Sync 1 DAGs
[2025-01-14T11:16:46.626+0000] {logging_mixin.py:190} INFO - [2025-01-14T11:16:46.626+0000] {dag.py:4180} INFO - Setting next_dagrun for example_weekday_branch_operator to 2025-01-13 00:00:00+00:00, run_after=2025-01-14 00:00:00+00:00
[2025-01-14T11:16:46.642+0000] {processor.py:208} INFO - Processing /home/airflow/.local/lib/python3.12/site-packages/airflow/example_dags/example_branch_day_of_week_operator.py took 0.074 seconds
[2025-01-14T11:17:17.271+0000] {processor.py:186} INFO - Started process (PID=8111) to work on /home/airflow/.local/lib/python3.12/site-packages/airflow/example_dags/example_branch_day_of_week_operator.py
[2025-01-14T11:17:17.272+0000] {processor.py:914} INFO - Processing file /home/airflow/.local/lib/python3.12/site-packages/airflow/example_dags/example_branch_day_of_week_operator.py for tasks to queue
[2025-01-14T11:17:17.274+0000] {logging_mixin.py:190} INFO - [2025-01-14T11:17:17.274+0000] {dagbag.py:588} INFO - Filling up the DagBag from /home/airflow/.local/lib/python3.12/site-packages/airflow/example_dags/example_branch_day_of_week_operator.py
[2025-01-14T11:17:17.280+0000] {processor.py:925} INFO - DAG(s) 'example_weekday_branch_operator' retrieved from /home/airflow/.local/lib/python3.12/site-packages/airflow/example_dags/example_branch_day_of_week_operator.py
[2025-01-14T11:17:17.295+0000] {logging_mixin.py:190} INFO - [2025-01-14T11:17:17.294+0000] {dag.py:3239} INFO - Sync 1 DAGs
[2025-01-14T11:17:17.311+0000] {logging_mixin.py:190} INFO - [2025-01-14T11:17:17.311+0000] {dag.py:4180} INFO - Setting next_dagrun for example_weekday_branch_operator to 2025-01-13 00:00:00+00:00, run_after=2025-01-14 00:00:00+00:00
[2025-01-14T11:17:17.325+0000] {processor.py:208} INFO - Processing /home/airflow/.local/lib/python3.12/site-packages/airflow/example_dags/example_branch_day_of_week_operator.py took 0.060 seconds
[2025-01-14T11:18:15.568+0000] {processor.py:186} INFO - Started process (PID=286) to work on /home/airflow/.local/lib/python3.12/site-packages/airflow/example_dags/example_branch_day_of_week_operator.py
[2025-01-14T11:18:15.569+0000] {processor.py:914} INFO - Processing file /home/airflow/.local/lib/python3.12/site-packages/airflow/example_dags/example_branch_day_of_week_operator.py for tasks to queue
[2025-01-14T11:18:15.573+0000] {logging_mixin.py:190} INFO - [2025-01-14T11:18:15.573+0000] {dagbag.py:588} INFO - Filling up the DagBag from /home/airflow/.local/lib/python3.12/site-packages/airflow/example_dags/example_branch_day_of_week_operator.py
[2025-01-14T11:18:15.589+0000] {processor.py:925} INFO - DAG(s) 'example_weekday_branch_operator' retrieved from /home/airflow/.local/lib/python3.12/site-packages/airflow/example_dags/example_branch_day_of_week_operator.py
[2025-01-14T11:18:15.622+0000] {logging_mixin.py:190} INFO - [2025-01-14T11:18:15.622+0000] {dag.py:3239} INFO - Sync 1 DAGs
[2025-01-14T11:18:15.645+0000] {logging_mixin.py:190} INFO - [2025-01-14T11:18:15.644+0000] {dag.py:4180} INFO - Setting next_dagrun for example_weekday_branch_operator to 2025-01-13 00:00:00+00:00, run_after=2025-01-14 00:00:00+00:00
[2025-01-14T11:18:15.662+0000] {processor.py:208} INFO - Processing /home/airflow/.local/lib/python3.12/site-packages/airflow/example_dags/example_branch_day_of_week_operator.py took 0.100 seconds
[2025-01-14T11:18:45.838+0000] {processor.py:186} INFO - Started process (PID=579) to work on /home/airflow/.local/lib/python3.12/site-packages/airflow/example_dags/example_branch_day_of_week_operator.py
[2025-01-14T11:18:45.838+0000] {processor.py:914} INFO - Processing file /home/airflow/.local/lib/python3.12/site-packages/airflow/example_dags/example_branch_day_of_week_operator.py for tasks to queue
[2025-01-14T11:18:45.840+0000] {logging_mixin.py:190} INFO - [2025-01-14T11:18:45.840+0000] {dagbag.py:588} INFO - Filling up the DagBag from /home/airflow/.local/lib/python3.12/site-packages/airflow/example_dags/example_branch_day_of_week_operator.py
[2025-01-14T11:18:45.847+0000] {processor.py:925} INFO - DAG(s) 'example_weekday_branch_operator' retrieved from /home/airflow/.local/lib/python3.12/site-packages/airflow/example_dags/example_branch_day_of_week_operator.py
[2025-01-14T11:18:45.865+0000] {logging_mixin.py:190} INFO - [2025-01-14T11:18:45.865+0000] {dag.py:3239} INFO - Sync 1 DAGs
[2025-01-14T11:18:45.888+0000] {logging_mixin.py:190} INFO - [2025-01-14T11:18:45.888+0000] {dag.py:4180} INFO - Setting next_dagrun for example_weekday_branch_operator to 2025-01-13 00:00:00+00:00, run_after=2025-01-14 00:00:00+00:00
[2025-01-14T11:18:45.904+0000] {processor.py:208} INFO - Processing /home/airflow/.local/lib/python3.12/site-packages/airflow/example_dags/example_branch_day_of_week_operator.py took 0.071 seconds
[2025-01-14T11:19:15.953+0000] {processor.py:186} INFO - Started process (PID=870) to work on /home/airflow/.local/lib/python3.12/site-packages/airflow/example_dags/example_branch_day_of_week_operator.py
[2025-01-14T11:19:15.954+0000] {processor.py:914} INFO - Processing file /home/airflow/.local/lib/python3.12/site-packages/airflow/example_dags/example_branch_day_of_week_operator.py for tasks to queue
[2025-01-14T11:19:15.956+0000] {logging_mixin.py:190} INFO - [2025-01-14T11:19:15.955+0000] {dagbag.py:588} INFO - Filling up the DagBag from /home/airflow/.local/lib/python3.12/site-packages/airflow/example_dags/example_branch_day_of_week_operator.py
[2025-01-14T11:19:15.963+0000] {processor.py:925} INFO - DAG(s) 'example_weekday_branch_operator' retrieved from /home/airflow/.local/lib/python3.12/site-packages/airflow/example_dags/example_branch_day_of_week_operator.py
[2025-01-14T11:19:15.980+0000] {logging_mixin.py:190} INFO - [2025-01-14T11:19:15.980+0000] {dag.py:3239} INFO - Sync 1 DAGs
[2025-01-14T11:19:16.005+0000] {logging_mixin.py:190} INFO - [2025-01-14T11:19:16.005+0000] {dag.py:4180} INFO - Setting next_dagrun for example_weekday_branch_operator to 2025-01-13 00:00:00+00:00, run_after=2025-01-14 00:00:00+00:00
[2025-01-14T11:19:16.020+0000] {processor.py:208} INFO - Processing /home/airflow/.local/lib/python3.12/site-packages/airflow/example_dags/example_branch_day_of_week_operator.py took 0.072 seconds
[2025-01-14T11:19:46.748+0000] {processor.py:186} INFO - Started process (PID=1158) to work on /home/airflow/.local/lib/python3.12/site-packages/airflow/example_dags/example_branch_day_of_week_operator.py
[2025-01-14T11:19:46.750+0000] {processor.py:914} INFO - Processing file /home/airflow/.local/lib/python3.12/site-packages/airflow/example_dags/example_branch_day_of_week_operator.py for tasks to queue
[2025-01-14T11:19:46.754+0000] {logging_mixin.py:190} INFO - [2025-01-14T11:19:46.754+0000] {dagbag.py:588} INFO - Filling up the DagBag from /home/airflow/.local/lib/python3.12/site-packages/airflow/example_dags/example_branch_day_of_week_operator.py
[2025-01-14T11:19:46.770+0000] {processor.py:925} INFO - DAG(s) 'example_weekday_branch_operator' retrieved from /home/airflow/.local/lib/python3.12/site-packages/airflow/example_dags/example_branch_day_of_week_operator.py
[2025-01-14T11:19:46.796+0000] {logging_mixin.py:190} INFO - [2025-01-14T11:19:46.796+0000] {dag.py:3239} INFO - Sync 1 DAGs
[2025-01-14T11:19:46.813+0000] {logging_mixin.py:190} INFO - [2025-01-14T11:19:46.813+0000] {dag.py:4180} INFO - Setting next_dagrun for example_weekday_branch_operator to 2025-01-13 00:00:00+00:00, run_after=2025-01-14 00:00:00+00:00
[2025-01-14T11:19:46.824+0000] {processor.py:208} INFO - Processing /home/airflow/.local/lib/python3.12/site-packages/airflow/example_dags/example_branch_day_of_week_operator.py took 0.086 seconds
[2025-01-14T11:20:16.870+0000] {processor.py:186} INFO - Started process (PID=1447) to work on /home/airflow/.local/lib/python3.12/site-packages/airflow/example_dags/example_branch_day_of_week_operator.py
[2025-01-14T11:20:16.870+0000] {processor.py:914} INFO - Processing file /home/airflow/.local/lib/python3.12/site-packages/airflow/example_dags/example_branch_day_of_week_operator.py for tasks to queue
[2025-01-14T11:20:16.873+0000] {logging_mixin.py:190} INFO - [2025-01-14T11:20:16.873+0000] {dagbag.py:588} INFO - Filling up the DagBag from /home/airflow/.local/lib/python3.12/site-packages/airflow/example_dags/example_branch_day_of_week_operator.py
[2025-01-14T11:20:16.882+0000] {processor.py:925} INFO - DAG(s) 'example_weekday_branch_operator' retrieved from /home/airflow/.local/lib/python3.12/site-packages/airflow/example_dags/example_branch_day_of_week_operator.py
[2025-01-14T11:20:16.896+0000] {logging_mixin.py:190} INFO - [2025-01-14T11:20:16.896+0000] {dag.py:3239} INFO - Sync 1 DAGs
[2025-01-14T11:20:16.917+0000] {logging_mixin.py:190} INFO - [2025-01-14T11:20:16.917+0000] {dag.py:4180} INFO - Setting next_dagrun for example_weekday_branch_operator to 2025-01-13 00:00:00+00:00, run_after=2025-01-14 00:00:00+00:00
[2025-01-14T11:20:16.930+0000] {processor.py:208} INFO - Processing /home/airflow/.local/lib/python3.12/site-packages/airflow/example_dags/example_branch_day_of_week_operator.py took 0.065 seconds
[2025-01-14T11:20:47.128+0000] {processor.py:186} INFO - Started process (PID=1738) to work on /home/airflow/.local/lib/python3.12/site-packages/airflow/example_dags/example_branch_day_of_week_operator.py
[2025-01-14T11:20:47.129+0000] {processor.py:914} INFO - Processing file /home/airflow/.local/lib/python3.12/site-packages/airflow/example_dags/example_branch_day_of_week_operator.py for tasks to queue
[2025-01-14T11:20:47.130+0000] {logging_mixin.py:190} INFO - [2025-01-14T11:20:47.130+0000] {dagbag.py:588} INFO - Filling up the DagBag from /home/airflow/.local/lib/python3.12/site-packages/airflow/example_dags/example_branch_day_of_week_operator.py
[2025-01-14T11:20:47.139+0000] {processor.py:925} INFO - DAG(s) 'example_weekday_branch_operator' retrieved from /home/airflow/.local/lib/python3.12/site-packages/airflow/example_dags/example_branch_day_of_week_operator.py
[2025-01-14T11:20:47.161+0000] {logging_mixin.py:190} INFO - [2025-01-14T11:20:47.161+0000] {dag.py:3239} INFO - Sync 1 DAGs
[2025-01-14T11:20:47.178+0000] {logging_mixin.py:190} INFO - [2025-01-14T11:20:47.177+0000] {dag.py:4180} INFO - Setting next_dagrun for example_weekday_branch_operator to 2025-01-13 00:00:00+00:00, run_after=2025-01-14 00:00:00+00:00
[2025-01-14T11:20:47.194+0000] {processor.py:208} INFO - Processing /home/airflow/.local/lib/python3.12/site-packages/airflow/example_dags/example_branch_day_of_week_operator.py took 0.070 seconds
[2025-01-14T11:21:18.439+0000] {processor.py:186} INFO - Started process (PID=2040) to work on /home/airflow/.local/lib/python3.12/site-packages/airflow/example_dags/example_branch_day_of_week_operator.py
[2025-01-14T11:21:18.440+0000] {processor.py:914} INFO - Processing file /home/airflow/.local/lib/python3.12/site-packages/airflow/example_dags/example_branch_day_of_week_operator.py for tasks to queue
[2025-01-14T11:21:18.442+0000] {logging_mixin.py:190} INFO - [2025-01-14T11:21:18.442+0000] {dagbag.py:588} INFO - Filling up the DagBag from /home/airflow/.local/lib/python3.12/site-packages/airflow/example_dags/example_branch_day_of_week_operator.py
[2025-01-14T11:21:18.453+0000] {processor.py:925} INFO - DAG(s) 'example_weekday_branch_operator' retrieved from /home/airflow/.local/lib/python3.12/site-packages/airflow/example_dags/example_branch_day_of_week_operator.py
[2025-01-14T11:21:18.470+0000] {logging_mixin.py:190} INFO - [2025-01-14T11:21:18.470+0000] {dag.py:3239} INFO - Sync 1 DAGs
[2025-01-14T11:21:18.487+0000] {logging_mixin.py:190} INFO - [2025-01-14T11:21:18.487+0000] {dag.py:4180} INFO - Setting next_dagrun for example_weekday_branch_operator to 2025-01-13 00:00:00+00:00, run_after=2025-01-14 00:00:00+00:00
[2025-01-14T11:21:18.505+0000] {processor.py:208} INFO - Processing /home/airflow/.local/lib/python3.12/site-packages/airflow/example_dags/example_branch_day_of_week_operator.py took 0.071 seconds
[2025-01-14T11:21:48.859+0000] {processor.py:186} INFO - Started process (PID=2331) to work on /home/airflow/.local/lib/python3.12/site-packages/airflow/example_dags/example_branch_day_of_week_operator.py
[2025-01-14T11:21:48.860+0000] {processor.py:914} INFO - Processing file /home/airflow/.local/lib/python3.12/site-packages/airflow/example_dags/example_branch_day_of_week_operator.py for tasks to queue
[2025-01-14T11:21:48.861+0000] {logging_mixin.py:190} INFO - [2025-01-14T11:21:48.861+0000] {dagbag.py:588} INFO - Filling up the DagBag from /home/airflow/.local/lib/python3.12/site-packages/airflow/example_dags/example_branch_day_of_week_operator.py
[2025-01-14T11:21:48.868+0000] {processor.py:925} INFO - DAG(s) 'example_weekday_branch_operator' retrieved from /home/airflow/.local/lib/python3.12/site-packages/airflow/example_dags/example_branch_day_of_week_operator.py
[2025-01-14T11:21:48.891+0000] {logging_mixin.py:190} INFO - [2025-01-14T11:21:48.891+0000] {dag.py:3239} INFO - Sync 1 DAGs
[2025-01-14T11:21:48.912+0000] {logging_mixin.py:190} INFO - [2025-01-14T11:21:48.912+0000] {dag.py:4180} INFO - Setting next_dagrun for example_weekday_branch_operator to 2025-01-13 00:00:00+00:00, run_after=2025-01-14 00:00:00+00:00
[2025-01-14T11:21:48.925+0000] {processor.py:208} INFO - Processing /home/airflow/.local/lib/python3.12/site-packages/airflow/example_dags/example_branch_day_of_week_operator.py took 0.070 seconds
[2025-01-14T11:22:19.905+0000] {processor.py:186} INFO - Started process (PID=2624) to work on /home/airflow/.local/lib/python3.12/site-packages/airflow/example_dags/example_branch_day_of_week_operator.py
[2025-01-14T11:22:19.908+0000] {processor.py:914} INFO - Processing file /home/airflow/.local/lib/python3.12/site-packages/airflow/example_dags/example_branch_day_of_week_operator.py for tasks to queue
[2025-01-14T11:22:19.914+0000] {logging_mixin.py:190} INFO - [2025-01-14T11:22:19.913+0000] {dagbag.py:588} INFO - Filling up the DagBag from /home/airflow/.local/lib/python3.12/site-packages/airflow/example_dags/example_branch_day_of_week_operator.py
[2025-01-14T11:22:19.929+0000] {processor.py:925} INFO - DAG(s) 'example_weekday_branch_operator' retrieved from /home/airflow/.local/lib/python3.12/site-packages/airflow/example_dags/example_branch_day_of_week_operator.py
[2025-01-14T11:22:19.955+0000] {logging_mixin.py:190} INFO - [2025-01-14T11:22:19.955+0000] {dag.py:3239} INFO - Sync 1 DAGs
[2025-01-14T11:22:19.988+0000] {logging_mixin.py:190} INFO - [2025-01-14T11:22:19.987+0000] {dag.py:4180} INFO - Setting next_dagrun for example_weekday_branch_operator to 2025-01-13 00:00:00+00:00, run_after=2025-01-14 00:00:00+00:00
[2025-01-14T11:22:20.021+0000] {processor.py:208} INFO - Processing /home/airflow/.local/lib/python3.12/site-packages/airflow/example_dags/example_branch_day_of_week_operator.py took 0.131 seconds
[2025-01-14T11:22:50.313+0000] {processor.py:186} INFO - Started process (PID=2915) to work on /home/airflow/.local/lib/python3.12/site-packages/airflow/example_dags/example_branch_day_of_week_operator.py
[2025-01-14T11:22:50.315+0000] {processor.py:914} INFO - Processing file /home/airflow/.local/lib/python3.12/site-packages/airflow/example_dags/example_branch_day_of_week_operator.py for tasks to queue
[2025-01-14T11:22:50.319+0000] {logging_mixin.py:190} INFO - [2025-01-14T11:22:50.318+0000] {dagbag.py:588} INFO - Filling up the DagBag from /home/airflow/.local/lib/python3.12/site-packages/airflow/example_dags/example_branch_day_of_week_operator.py
[2025-01-14T11:22:50.334+0000] {processor.py:925} INFO - DAG(s) 'example_weekday_branch_operator' retrieved from /home/airflow/.local/lib/python3.12/site-packages/airflow/example_dags/example_branch_day_of_week_operator.py
[2025-01-14T11:22:50.358+0000] {logging_mixin.py:190} INFO - [2025-01-14T11:22:50.358+0000] {dag.py:3239} INFO - Sync 1 DAGs
[2025-01-14T11:22:50.377+0000] {logging_mixin.py:190} INFO - [2025-01-14T11:22:50.376+0000] {dag.py:4180} INFO - Setting next_dagrun for example_weekday_branch_operator to 2025-01-13 00:00:00+00:00, run_after=2025-01-14 00:00:00+00:00
[2025-01-14T11:22:50.399+0000] {processor.py:208} INFO - Processing /home/airflow/.local/lib/python3.12/site-packages/airflow/example_dags/example_branch_day_of_week_operator.py took 0.093 seconds
[2025-01-14T11:23:20.689+0000] {processor.py:186} INFO - Started process (PID=3209) to work on /home/airflow/.local/lib/python3.12/site-packages/airflow/example_dags/example_branch_day_of_week_operator.py
[2025-01-14T11:23:20.690+0000] {processor.py:914} INFO - Processing file /home/airflow/.local/lib/python3.12/site-packages/airflow/example_dags/example_branch_day_of_week_operator.py for tasks to queue
[2025-01-14T11:23:20.691+0000] {logging_mixin.py:190} INFO - [2025-01-14T11:23:20.691+0000] {dagbag.py:588} INFO - Filling up the DagBag from /home/airflow/.local/lib/python3.12/site-packages/airflow/example_dags/example_branch_day_of_week_operator.py
[2025-01-14T11:23:20.697+0000] {processor.py:925} INFO - DAG(s) 'example_weekday_branch_operator' retrieved from /home/airflow/.local/lib/python3.12/site-packages/airflow/example_dags/example_branch_day_of_week_operator.py
[2025-01-14T11:23:20.713+0000] {logging_mixin.py:190} INFO - [2025-01-14T11:23:20.712+0000] {dag.py:3239} INFO - Sync 1 DAGs
[2025-01-14T11:23:20.734+0000] {logging_mixin.py:190} INFO - [2025-01-14T11:23:20.734+0000] {dag.py:4180} INFO - Setting next_dagrun for example_weekday_branch_operator to 2025-01-13 00:00:00+00:00, run_after=2025-01-14 00:00:00+00:00
[2025-01-14T11:23:20.749+0000] {processor.py:208} INFO - Processing /home/airflow/.local/lib/python3.12/site-packages/airflow/example_dags/example_branch_day_of_week_operator.py took 0.064 seconds
[2025-01-14T11:23:51.611+0000] {processor.py:186} INFO - Started process (PID=3505) to work on /home/airflow/.local/lib/python3.12/site-packages/airflow/example_dags/example_branch_day_of_week_operator.py
[2025-01-14T11:23:51.612+0000] {processor.py:914} INFO - Processing file /home/airflow/.local/lib/python3.12/site-packages/airflow/example_dags/example_branch_day_of_week_operator.py for tasks to queue
[2025-01-14T11:23:51.614+0000] {logging_mixin.py:190} INFO - [2025-01-14T11:23:51.614+0000] {dagbag.py:588} INFO - Filling up the DagBag from /home/airflow/.local/lib/python3.12/site-packages/airflow/example_dags/example_branch_day_of_week_operator.py
[2025-01-14T11:23:51.620+0000] {processor.py:925} INFO - DAG(s) 'example_weekday_branch_operator' retrieved from /home/airflow/.local/lib/python3.12/site-packages/airflow/example_dags/example_branch_day_of_week_operator.py
[2025-01-14T11:23:51.638+0000] {logging_mixin.py:190} INFO - [2025-01-14T11:23:51.637+0000] {dag.py:3239} INFO - Sync 1 DAGs
[2025-01-14T11:23:51.655+0000] {logging_mixin.py:190} INFO - [2025-01-14T11:23:51.655+0000] {dag.py:4180} INFO - Setting next_dagrun for example_weekday_branch_operator to 2025-01-13 00:00:00+00:00, run_after=2025-01-14 00:00:00+00:00
[2025-01-14T11:23:51.671+0000] {processor.py:208} INFO - Processing /home/airflow/.local/lib/python3.12/site-packages/airflow/example_dags/example_branch_day_of_week_operator.py took 0.065 seconds
[2025-01-14T11:24:22.514+0000] {processor.py:186} INFO - Started process (PID=3800) to work on /home/airflow/.local/lib/python3.12/site-packages/airflow/example_dags/example_branch_day_of_week_operator.py
[2025-01-14T11:24:22.515+0000] {processor.py:914} INFO - Processing file /home/airflow/.local/lib/python3.12/site-packages/airflow/example_dags/example_branch_day_of_week_operator.py for tasks to queue
[2025-01-14T11:24:22.518+0000] {logging_mixin.py:190} INFO - [2025-01-14T11:24:22.518+0000] {dagbag.py:588} INFO - Filling up the DagBag from /home/airflow/.local/lib/python3.12/site-packages/airflow/example_dags/example_branch_day_of_week_operator.py
[2025-01-14T11:24:22.525+0000] {processor.py:925} INFO - DAG(s) 'example_weekday_branch_operator' retrieved from /home/airflow/.local/lib/python3.12/site-packages/airflow/example_dags/example_branch_day_of_week_operator.py
[2025-01-14T11:24:22.541+0000] {logging_mixin.py:190} INFO - [2025-01-14T11:24:22.541+0000] {dag.py:3239} INFO - Sync 1 DAGs
[2025-01-14T11:24:22.557+0000] {logging_mixin.py:190} INFO - [2025-01-14T11:24:22.557+0000] {dag.py:4180} INFO - Setting next_dagrun for example_weekday_branch_operator to 2025-01-13 00:00:00+00:00, run_after=2025-01-14 00:00:00+00:00
[2025-01-14T11:24:22.577+0000] {processor.py:208} INFO - Processing /home/airflow/.local/lib/python3.12/site-packages/airflow/example_dags/example_branch_day_of_week_operator.py took 0.067 seconds
[2025-01-14T11:24:55.673+0000] {processor.py:186} INFO - Started process (PID=4187) to work on /home/airflow/.local/lib/python3.12/site-packages/airflow/example_dags/example_branch_day_of_week_operator.py
[2025-01-14T11:24:55.680+0000] {processor.py:914} INFO - Processing file /home/airflow/.local/lib/python3.12/site-packages/airflow/example_dags/example_branch_day_of_week_operator.py for tasks to queue
[2025-01-14T11:24:55.720+0000] {logging_mixin.py:190} INFO - [2025-01-14T11:24:55.719+0000] {dagbag.py:588} INFO - Filling up the DagBag from /home/airflow/.local/lib/python3.12/site-packages/airflow/example_dags/example_branch_day_of_week_operator.py
[2025-01-14T11:24:55.794+0000] {processor.py:925} INFO - DAG(s) 'example_weekday_branch_operator' retrieved from /home/airflow/.local/lib/python3.12/site-packages/airflow/example_dags/example_branch_day_of_week_operator.py
[2025-01-14T11:24:55.911+0000] {logging_mixin.py:190} INFO - [2025-01-14T11:24:55.910+0000] {dag.py:3239} INFO - Sync 1 DAGs
[2025-01-14T11:24:56.060+0000] {logging_mixin.py:190} INFO - [2025-01-14T11:24:56.060+0000] {dag.py:4180} INFO - Setting next_dagrun for example_weekday_branch_operator to 2025-01-13 00:00:00+00:00, run_after=2025-01-14 00:00:00+00:00
[2025-01-14T11:24:56.130+0000] {processor.py:208} INFO - Processing /home/airflow/.local/lib/python3.12/site-packages/airflow/example_dags/example_branch_day_of_week_operator.py took 0.470 seconds
[2025-01-14T11:25:26.854+0000] {processor.py:186} INFO - Started process (PID=4520) to work on /home/airflow/.local/lib/python3.12/site-packages/airflow/example_dags/example_branch_day_of_week_operator.py
[2025-01-14T11:25:26.855+0000] {processor.py:914} INFO - Processing file /home/airflow/.local/lib/python3.12/site-packages/airflow/example_dags/example_branch_day_of_week_operator.py for tasks to queue
[2025-01-14T11:25:26.857+0000] {logging_mixin.py:190} INFO - [2025-01-14T11:25:26.857+0000] {dagbag.py:588} INFO - Filling up the DagBag from /home/airflow/.local/lib/python3.12/site-packages/airflow/example_dags/example_branch_day_of_week_operator.py
[2025-01-14T11:25:26.863+0000] {processor.py:925} INFO - DAG(s) 'example_weekday_branch_operator' retrieved from /home/airflow/.local/lib/python3.12/site-packages/airflow/example_dags/example_branch_day_of_week_operator.py
[2025-01-14T11:25:26.882+0000] {logging_mixin.py:190} INFO - [2025-01-14T11:25:26.881+0000] {dag.py:3239} INFO - Sync 1 DAGs
[2025-01-14T11:25:26.904+0000] {logging_mixin.py:190} INFO - [2025-01-14T11:25:26.904+0000] {dag.py:4180} INFO - Setting next_dagrun for example_weekday_branch_operator to 2025-01-13 00:00:00+00:00, run_after=2025-01-14 00:00:00+00:00
[2025-01-14T11:25:26.925+0000] {processor.py:208} INFO - Processing /home/airflow/.local/lib/python3.12/site-packages/airflow/example_dags/example_branch_day_of_week_operator.py took 0.076 seconds
[2025-01-14T11:25:57.196+0000] {processor.py:186} INFO - Started process (PID=4816) to work on /home/airflow/.local/lib/python3.12/site-packages/airflow/example_dags/example_branch_day_of_week_operator.py
[2025-01-14T11:25:57.197+0000] {processor.py:914} INFO - Processing file /home/airflow/.local/lib/python3.12/site-packages/airflow/example_dags/example_branch_day_of_week_operator.py for tasks to queue
[2025-01-14T11:25:57.200+0000] {logging_mixin.py:190} INFO - [2025-01-14T11:25:57.200+0000] {dagbag.py:588} INFO - Filling up the DagBag from /home/airflow/.local/lib/python3.12/site-packages/airflow/example_dags/example_branch_day_of_week_operator.py
[2025-01-14T11:25:57.210+0000] {processor.py:925} INFO - DAG(s) 'example_weekday_branch_operator' retrieved from /home/airflow/.local/lib/python3.12/site-packages/airflow/example_dags/example_branch_day_of_week_operator.py
[2025-01-14T11:25:57.238+0000] {logging_mixin.py:190} INFO - [2025-01-14T11:25:57.238+0000] {dag.py:3239} INFO - Sync 1 DAGs
[2025-01-14T11:25:57.263+0000] {logging_mixin.py:190} INFO - [2025-01-14T11:25:57.263+0000] {dag.py:4180} INFO - Setting next_dagrun for example_weekday_branch_operator to 2025-01-13 00:00:00+00:00, run_after=2025-01-14 00:00:00+00:00
[2025-01-14T11:25:57.278+0000] {processor.py:208} INFO - Processing /home/airflow/.local/lib/python3.12/site-packages/airflow/example_dags/example_branch_day_of_week_operator.py took 0.092 seconds
[2025-01-14T11:26:27.373+0000] {processor.py:186} INFO - Started process (PID=5112) to work on /home/airflow/.local/lib/python3.12/site-packages/airflow/example_dags/example_branch_day_of_week_operator.py
[2025-01-14T11:26:27.375+0000] {processor.py:914} INFO - Processing file /home/airflow/.local/lib/python3.12/site-packages/airflow/example_dags/example_branch_day_of_week_operator.py for tasks to queue
[2025-01-14T11:26:27.382+0000] {logging_mixin.py:190} INFO - [2025-01-14T11:26:27.381+0000] {dagbag.py:588} INFO - Filling up the DagBag from /home/airflow/.local/lib/python3.12/site-packages/airflow/example_dags/example_branch_day_of_week_operator.py
[2025-01-14T11:26:27.392+0000] {processor.py:925} INFO - DAG(s) 'example_weekday_branch_operator' retrieved from /home/airflow/.local/lib/python3.12/site-packages/airflow/example_dags/example_branch_day_of_week_operator.py
[2025-01-14T11:26:27.415+0000] {logging_mixin.py:190} INFO - [2025-01-14T11:26:27.415+0000] {dag.py:3239} INFO - Sync 1 DAGs
[2025-01-14T11:26:27.439+0000] {logging_mixin.py:190} INFO - [2025-01-14T11:26:27.438+0000] {dag.py:4180} INFO - Setting next_dagrun for example_weekday_branch_operator to 2025-01-13 00:00:00+00:00, run_after=2025-01-14 00:00:00+00:00
[2025-01-14T11:26:27.466+0000] {processor.py:208} INFO - Processing /home/airflow/.local/lib/python3.12/site-packages/airflow/example_dags/example_branch_day_of_week_operator.py took 0.101 seconds
[2025-01-14T11:26:58.042+0000] {processor.py:186} INFO - Started process (PID=5408) to work on /home/airflow/.local/lib/python3.12/site-packages/airflow/example_dags/example_branch_day_of_week_operator.py
[2025-01-14T11:26:58.043+0000] {processor.py:914} INFO - Processing file /home/airflow/.local/lib/python3.12/site-packages/airflow/example_dags/example_branch_day_of_week_operator.py for tasks to queue
[2025-01-14T11:26:58.045+0000] {logging_mixin.py:190} INFO - [2025-01-14T11:26:58.044+0000] {dagbag.py:588} INFO - Filling up the DagBag from /home/airflow/.local/lib/python3.12/site-packages/airflow/example_dags/example_branch_day_of_week_operator.py
[2025-01-14T11:26:58.054+0000] {processor.py:925} INFO - DAG(s) 'example_weekday_branch_operator' retrieved from /home/airflow/.local/lib/python3.12/site-packages/airflow/example_dags/example_branch_day_of_week_operator.py
[2025-01-14T11:26:58.075+0000] {logging_mixin.py:190} INFO - [2025-01-14T11:26:58.075+0000] {dag.py:3239} INFO - Sync 1 DAGs
[2025-01-14T11:26:58.092+0000] {logging_mixin.py:190} INFO - [2025-01-14T11:26:58.092+0000] {dag.py:4180} INFO - Setting next_dagrun for example_weekday_branch_operator to 2025-01-13 00:00:00+00:00, run_after=2025-01-14 00:00:00+00:00
[2025-01-14T11:26:58.112+0000] {processor.py:208} INFO - Processing /home/airflow/.local/lib/python3.12/site-packages/airflow/example_dags/example_branch_day_of_week_operator.py took 0.076 seconds
[2025-01-14T11:27:28.332+0000] {processor.py:186} INFO - Started process (PID=5704) to work on /home/airflow/.local/lib/python3.12/site-packages/airflow/example_dags/example_branch_day_of_week_operator.py
[2025-01-14T11:27:28.333+0000] {processor.py:914} INFO - Processing file /home/airflow/.local/lib/python3.12/site-packages/airflow/example_dags/example_branch_day_of_week_operator.py for tasks to queue
[2025-01-14T11:27:28.336+0000] {logging_mixin.py:190} INFO - [2025-01-14T11:27:28.335+0000] {dagbag.py:588} INFO - Filling up the DagBag from /home/airflow/.local/lib/python3.12/site-packages/airflow/example_dags/example_branch_day_of_week_operator.py
[2025-01-14T11:27:28.346+0000] {processor.py:925} INFO - DAG(s) 'example_weekday_branch_operator' retrieved from /home/airflow/.local/lib/python3.12/site-packages/airflow/example_dags/example_branch_day_of_week_operator.py
[2025-01-14T11:27:28.365+0000] {logging_mixin.py:190} INFO - [2025-01-14T11:27:28.365+0000] {dag.py:3239} INFO - Sync 1 DAGs
[2025-01-14T11:27:28.395+0000] {logging_mixin.py:190} INFO - [2025-01-14T11:27:28.394+0000] {dag.py:4180} INFO - Setting next_dagrun for example_weekday_branch_operator to 2025-01-13 00:00:00+00:00, run_after=2025-01-14 00:00:00+00:00
[2025-01-14T11:27:28.422+0000] {processor.py:208} INFO - Processing /home/airflow/.local/lib/python3.12/site-packages/airflow/example_dags/example_branch_day_of_week_operator.py took 0.103 seconds
[2025-01-14T11:27:58.626+0000] {processor.py:186} INFO - Started process (PID=6000) to work on /home/airflow/.local/lib/python3.12/site-packages/airflow/example_dags/example_branch_day_of_week_operator.py
[2025-01-14T11:27:58.627+0000] {processor.py:914} INFO - Processing file /home/airflow/.local/lib/python3.12/site-packages/airflow/example_dags/example_branch_day_of_week_operator.py for tasks to queue
[2025-01-14T11:27:58.631+0000] {logging_mixin.py:190} INFO - [2025-01-14T11:27:58.631+0000] {dagbag.py:588} INFO - Filling up the DagBag from /home/airflow/.local/lib/python3.12/site-packages/airflow/example_dags/example_branch_day_of_week_operator.py
[2025-01-14T11:27:58.645+0000] {processor.py:925} INFO - DAG(s) 'example_weekday_branch_operator' retrieved from /home/airflow/.local/lib/python3.12/site-packages/airflow/example_dags/example_branch_day_of_week_operator.py
[2025-01-14T11:27:58.676+0000] {logging_mixin.py:190} INFO - [2025-01-14T11:27:58.676+0000] {dag.py:3239} INFO - Sync 1 DAGs
[2025-01-14T11:27:58.697+0000] {logging_mixin.py:190} INFO - [2025-01-14T11:27:58.697+0000] {dag.py:4180} INFO - Setting next_dagrun for example_weekday_branch_operator to 2025-01-13 00:00:00+00:00, run_after=2025-01-14 00:00:00+00:00
[2025-01-14T11:27:58.720+0000] {processor.py:208} INFO - Processing /home/airflow/.local/lib/python3.12/site-packages/airflow/example_dags/example_branch_day_of_week_operator.py took 0.105 seconds
[2025-01-14T11:28:29.011+0000] {processor.py:186} INFO - Started process (PID=6296) to work on /home/airflow/.local/lib/python3.12/site-packages/airflow/example_dags/example_branch_day_of_week_operator.py
[2025-01-14T11:28:29.012+0000] {processor.py:914} INFO - Processing file /home/airflow/.local/lib/python3.12/site-packages/airflow/example_dags/example_branch_day_of_week_operator.py for tasks to queue
[2025-01-14T11:28:29.016+0000] {logging_mixin.py:190} INFO - [2025-01-14T11:28:29.015+0000] {dagbag.py:588} INFO - Filling up the DagBag from /home/airflow/.local/lib/python3.12/site-packages/airflow/example_dags/example_branch_day_of_week_operator.py
[2025-01-14T11:28:29.037+0000] {processor.py:925} INFO - DAG(s) 'example_weekday_branch_operator' retrieved from /home/airflow/.local/lib/python3.12/site-packages/airflow/example_dags/example_branch_day_of_week_operator.py
[2025-01-14T11:28:29.061+0000] {logging_mixin.py:190} INFO - [2025-01-14T11:28:29.061+0000] {dag.py:3239} INFO - Sync 1 DAGs
[2025-01-14T11:28:29.081+0000] {logging_mixin.py:190} INFO - [2025-01-14T11:28:29.081+0000] {dag.py:4180} INFO - Setting next_dagrun for example_weekday_branch_operator to 2025-01-13 00:00:00+00:00, run_after=2025-01-14 00:00:00+00:00
[2025-01-14T11:28:29.101+0000] {processor.py:208} INFO - Processing /home/airflow/.local/lib/python3.12/site-packages/airflow/example_dags/example_branch_day_of_week_operator.py took 0.097 seconds
[2025-01-14T11:28:59.302+0000] {processor.py:186} INFO - Started process (PID=6592) to work on /home/airflow/.local/lib/python3.12/site-packages/airflow/example_dags/example_branch_day_of_week_operator.py
[2025-01-14T11:28:59.303+0000] {processor.py:914} INFO - Processing file /home/airflow/.local/lib/python3.12/site-packages/airflow/example_dags/example_branch_day_of_week_operator.py for tasks to queue
[2025-01-14T11:28:59.306+0000] {logging_mixin.py:190} INFO - [2025-01-14T11:28:59.305+0000] {dagbag.py:588} INFO - Filling up the DagBag from /home/airflow/.local/lib/python3.12/site-packages/airflow/example_dags/example_branch_day_of_week_operator.py
[2025-01-14T11:28:59.319+0000] {processor.py:925} INFO - DAG(s) 'example_weekday_branch_operator' retrieved from /home/airflow/.local/lib/python3.12/site-packages/airflow/example_dags/example_branch_day_of_week_operator.py
[2025-01-14T11:28:59.343+0000] {logging_mixin.py:190} INFO - [2025-01-14T11:28:59.342+0000] {dag.py:3239} INFO - Sync 1 DAGs
[2025-01-14T11:28:59.368+0000] {logging_mixin.py:190} INFO - [2025-01-14T11:28:59.368+0000] {dag.py:4180} INFO - Setting next_dagrun for example_weekday_branch_operator to 2025-01-13 00:00:00+00:00, run_after=2025-01-14 00:00:00+00:00
[2025-01-14T11:28:59.388+0000] {processor.py:208} INFO - Processing /home/airflow/.local/lib/python3.12/site-packages/airflow/example_dags/example_branch_day_of_week_operator.py took 0.093 seconds
[2025-01-14T11:29:29.501+0000] {processor.py:186} INFO - Started process (PID=6888) to work on /home/airflow/.local/lib/python3.12/site-packages/airflow/example_dags/example_branch_day_of_week_operator.py
[2025-01-14T11:29:29.502+0000] {processor.py:914} INFO - Processing file /home/airflow/.local/lib/python3.12/site-packages/airflow/example_dags/example_branch_day_of_week_operator.py for tasks to queue
[2025-01-14T11:29:29.506+0000] {logging_mixin.py:190} INFO - [2025-01-14T11:29:29.505+0000] {dagbag.py:588} INFO - Filling up the DagBag from /home/airflow/.local/lib/python3.12/site-packages/airflow/example_dags/example_branch_day_of_week_operator.py
[2025-01-14T11:29:29.523+0000] {processor.py:925} INFO - DAG(s) 'example_weekday_branch_operator' retrieved from /home/airflow/.local/lib/python3.12/site-packages/airflow/example_dags/example_branch_day_of_week_operator.py
[2025-01-14T11:29:29.545+0000] {logging_mixin.py:190} INFO - [2025-01-14T11:29:29.544+0000] {dag.py:3239} INFO - Sync 1 DAGs
[2025-01-14T11:29:29.561+0000] {logging_mixin.py:190} INFO - [2025-01-14T11:29:29.561+0000] {dag.py:4180} INFO - Setting next_dagrun for example_weekday_branch_operator to 2025-01-13 00:00:00+00:00, run_after=2025-01-14 00:00:00+00:00
[2025-01-14T11:29:29.582+0000] {processor.py:208} INFO - Processing /home/airflow/.local/lib/python3.12/site-packages/airflow/example_dags/example_branch_day_of_week_operator.py took 0.090 seconds
[2025-01-14T11:29:59.658+0000] {processor.py:186} INFO - Started process (PID=7183) to work on /home/airflow/.local/lib/python3.12/site-packages/airflow/example_dags/example_branch_day_of_week_operator.py
[2025-01-14T11:29:59.659+0000] {processor.py:914} INFO - Processing file /home/airflow/.local/lib/python3.12/site-packages/airflow/example_dags/example_branch_day_of_week_operator.py for tasks to queue
[2025-01-14T11:29:59.663+0000] {logging_mixin.py:190} INFO - [2025-01-14T11:29:59.663+0000] {dagbag.py:588} INFO - Filling up the DagBag from /home/airflow/.local/lib/python3.12/site-packages/airflow/example_dags/example_branch_day_of_week_operator.py
[2025-01-14T11:29:59.673+0000] {processor.py:925} INFO - DAG(s) 'example_weekday_branch_operator' retrieved from /home/airflow/.local/lib/python3.12/site-packages/airflow/example_dags/example_branch_day_of_week_operator.py
[2025-01-14T11:29:59.694+0000] {logging_mixin.py:190} INFO - [2025-01-14T11:29:59.694+0000] {dag.py:3239} INFO - Sync 1 DAGs
[2025-01-14T11:29:59.709+0000] {logging_mixin.py:190} INFO - [2025-01-14T11:29:59.709+0000] {dag.py:4180} INFO - Setting next_dagrun for example_weekday_branch_operator to 2025-01-13 00:00:00+00:00, run_after=2025-01-14 00:00:00+00:00
[2025-01-14T11:29:59.722+0000] {processor.py:208} INFO - Processing /home/airflow/.local/lib/python3.12/site-packages/airflow/example_dags/example_branch_day_of_week_operator.py took 0.072 seconds
[2025-01-14T11:30:29.849+0000] {processor.py:186} INFO - Started process (PID=7479) to work on /home/airflow/.local/lib/python3.12/site-packages/airflow/example_dags/example_branch_day_of_week_operator.py
[2025-01-14T11:30:29.851+0000] {processor.py:914} INFO - Processing file /home/airflow/.local/lib/python3.12/site-packages/airflow/example_dags/example_branch_day_of_week_operator.py for tasks to queue
[2025-01-14T11:30:29.855+0000] {logging_mixin.py:190} INFO - [2025-01-14T11:30:29.854+0000] {dagbag.py:588} INFO - Filling up the DagBag from /home/airflow/.local/lib/python3.12/site-packages/airflow/example_dags/example_branch_day_of_week_operator.py
[2025-01-14T11:30:29.864+0000] {processor.py:925} INFO - DAG(s) 'example_weekday_branch_operator' retrieved from /home/airflow/.local/lib/python3.12/site-packages/airflow/example_dags/example_branch_day_of_week_operator.py
[2025-01-14T11:30:29.884+0000] {logging_mixin.py:190} INFO - [2025-01-14T11:30:29.884+0000] {dag.py:3239} INFO - Sync 1 DAGs
[2025-01-14T11:30:29.907+0000] {logging_mixin.py:190} INFO - [2025-01-14T11:30:29.907+0000] {dag.py:4180} INFO - Setting next_dagrun for example_weekday_branch_operator to 2025-01-13 00:00:00+00:00, run_after=2025-01-14 00:00:00+00:00
[2025-01-14T11:30:29.924+0000] {processor.py:208} INFO - Processing /home/airflow/.local/lib/python3.12/site-packages/airflow/example_dags/example_branch_day_of_week_operator.py took 0.082 seconds
[2025-01-14T11:30:59.983+0000] {processor.py:186} INFO - Started process (PID=7774) to work on /home/airflow/.local/lib/python3.12/site-packages/airflow/example_dags/example_branch_day_of_week_operator.py
[2025-01-14T11:30:59.984+0000] {processor.py:914} INFO - Processing file /home/airflow/.local/lib/python3.12/site-packages/airflow/example_dags/example_branch_day_of_week_operator.py for tasks to queue
[2025-01-14T11:30:59.985+0000] {logging_mixin.py:190} INFO - [2025-01-14T11:30:59.985+0000] {dagbag.py:588} INFO - Filling up the DagBag from /home/airflow/.local/lib/python3.12/site-packages/airflow/example_dags/example_branch_day_of_week_operator.py
[2025-01-14T11:30:59.992+0000] {processor.py:925} INFO - DAG(s) 'example_weekday_branch_operator' retrieved from /home/airflow/.local/lib/python3.12/site-packages/airflow/example_dags/example_branch_day_of_week_operator.py
[2025-01-14T11:31:00.009+0000] {logging_mixin.py:190} INFO - [2025-01-14T11:31:00.009+0000] {dag.py:3239} INFO - Sync 1 DAGs
[2025-01-14T11:31:00.034+0000] {logging_mixin.py:190} INFO - [2025-01-14T11:31:00.034+0000] {dag.py:4180} INFO - Setting next_dagrun for example_weekday_branch_operator to 2025-01-13 00:00:00+00:00, run_after=2025-01-14 00:00:00+00:00
[2025-01-14T11:31:00.047+0000] {processor.py:208} INFO - Processing /home/airflow/.local/lib/python3.12/site-packages/airflow/example_dags/example_branch_day_of_week_operator.py took 0.075 seconds
[2025-01-14T11:31:30.890+0000] {processor.py:186} INFO - Started process (PID=8069) to work on /home/airflow/.local/lib/python3.12/site-packages/airflow/example_dags/example_branch_day_of_week_operator.py
[2025-01-14T11:31:30.891+0000] {processor.py:914} INFO - Processing file /home/airflow/.local/lib/python3.12/site-packages/airflow/example_dags/example_branch_day_of_week_operator.py for tasks to queue
[2025-01-14T11:31:30.893+0000] {logging_mixin.py:190} INFO - [2025-01-14T11:31:30.893+0000] {dagbag.py:588} INFO - Filling up the DagBag from /home/airflow/.local/lib/python3.12/site-packages/airflow/example_dags/example_branch_day_of_week_operator.py
[2025-01-14T11:31:30.900+0000] {processor.py:925} INFO - DAG(s) 'example_weekday_branch_operator' retrieved from /home/airflow/.local/lib/python3.12/site-packages/airflow/example_dags/example_branch_day_of_week_operator.py
[2025-01-14T11:31:30.920+0000] {logging_mixin.py:190} INFO - [2025-01-14T11:31:30.920+0000] {dag.py:3239} INFO - Sync 1 DAGs
[2025-01-14T11:31:30.941+0000] {logging_mixin.py:190} INFO - [2025-01-14T11:31:30.941+0000] {dag.py:4180} INFO - Setting next_dagrun for example_weekday_branch_operator to 2025-01-13 00:00:00+00:00, run_after=2025-01-14 00:00:00+00:00
[2025-01-14T11:31:30.962+0000] {processor.py:208} INFO - Processing /home/airflow/.local/lib/python3.12/site-packages/airflow/example_dags/example_branch_day_of_week_operator.py took 0.076 seconds
[2025-01-14T11:48:51.095+0000] {processor.py:186} INFO - Started process (PID=284) to work on /home/airflow/.local/lib/python3.12/site-packages/airflow/example_dags/example_branch_day_of_week_operator.py
[2025-01-14T11:48:51.095+0000] {processor.py:914} INFO - Processing file /home/airflow/.local/lib/python3.12/site-packages/airflow/example_dags/example_branch_day_of_week_operator.py for tasks to queue
[2025-01-14T11:48:51.098+0000] {logging_mixin.py:190} INFO - [2025-01-14T11:48:51.097+0000] {dagbag.py:588} INFO - Filling up the DagBag from /home/airflow/.local/lib/python3.12/site-packages/airflow/example_dags/example_branch_day_of_week_operator.py
[2025-01-14T11:48:51.109+0000] {processor.py:925} INFO - DAG(s) 'example_weekday_branch_operator' retrieved from /home/airflow/.local/lib/python3.12/site-packages/airflow/example_dags/example_branch_day_of_week_operator.py
[2025-01-14T11:48:51.130+0000] {logging_mixin.py:190} INFO - [2025-01-14T11:48:51.130+0000] {dag.py:3239} INFO - Sync 1 DAGs
[2025-01-14T11:48:51.154+0000] {logging_mixin.py:190} INFO - [2025-01-14T11:48:51.154+0000] {dag.py:4180} INFO - Setting next_dagrun for example_weekday_branch_operator to 2025-01-13 00:00:00+00:00, run_after=2025-01-14 00:00:00+00:00
[2025-01-14T11:48:51.179+0000] {processor.py:208} INFO - Processing /home/airflow/.local/lib/python3.12/site-packages/airflow/example_dags/example_branch_day_of_week_operator.py took 0.089 seconds
[2025-01-14T11:49:22.061+0000] {processor.py:186} INFO - Started process (PID=580) to work on /home/airflow/.local/lib/python3.12/site-packages/airflow/example_dags/example_branch_day_of_week_operator.py
[2025-01-14T11:49:22.062+0000] {processor.py:914} INFO - Processing file /home/airflow/.local/lib/python3.12/site-packages/airflow/example_dags/example_branch_day_of_week_operator.py for tasks to queue
[2025-01-14T11:49:22.066+0000] {logging_mixin.py:190} INFO - [2025-01-14T11:49:22.066+0000] {dagbag.py:588} INFO - Filling up the DagBag from /home/airflow/.local/lib/python3.12/site-packages/airflow/example_dags/example_branch_day_of_week_operator.py
[2025-01-14T11:49:22.079+0000] {processor.py:925} INFO - DAG(s) 'example_weekday_branch_operator' retrieved from /home/airflow/.local/lib/python3.12/site-packages/airflow/example_dags/example_branch_day_of_week_operator.py
[2025-01-14T11:49:22.093+0000] {logging_mixin.py:190} INFO - [2025-01-14T11:49:22.093+0000] {dag.py:3239} INFO - Sync 1 DAGs
[2025-01-14T11:49:22.108+0000] {logging_mixin.py:190} INFO - [2025-01-14T11:49:22.107+0000] {dag.py:4180} INFO - Setting next_dagrun for example_weekday_branch_operator to 2025-01-13 00:00:00+00:00, run_after=2025-01-14 00:00:00+00:00
[2025-01-14T11:49:22.128+0000] {processor.py:208} INFO - Processing /home/airflow/.local/lib/python3.12/site-packages/airflow/example_dags/example_branch_day_of_week_operator.py took 0.075 seconds
[2025-01-14T11:49:52.501+0000] {processor.py:186} INFO - Started process (PID=885) to work on /home/airflow/.local/lib/python3.12/site-packages/airflow/example_dags/example_branch_day_of_week_operator.py
[2025-01-14T11:49:52.502+0000] {processor.py:914} INFO - Processing file /home/airflow/.local/lib/python3.12/site-packages/airflow/example_dags/example_branch_day_of_week_operator.py for tasks to queue
[2025-01-14T11:49:52.504+0000] {logging_mixin.py:190} INFO - [2025-01-14T11:49:52.504+0000] {dagbag.py:588} INFO - Filling up the DagBag from /home/airflow/.local/lib/python3.12/site-packages/airflow/example_dags/example_branch_day_of_week_operator.py
[2025-01-14T11:49:52.516+0000] {processor.py:925} INFO - DAG(s) 'example_weekday_branch_operator' retrieved from /home/airflow/.local/lib/python3.12/site-packages/airflow/example_dags/example_branch_day_of_week_operator.py
[2025-01-14T11:49:52.535+0000] {logging_mixin.py:190} INFO - [2025-01-14T11:49:52.535+0000] {dag.py:3239} INFO - Sync 1 DAGs
[2025-01-14T11:49:52.563+0000] {logging_mixin.py:190} INFO - [2025-01-14T11:49:52.563+0000] {dag.py:4180} INFO - Setting next_dagrun for example_weekday_branch_operator to 2025-01-13 00:00:00+00:00, run_after=2025-01-14 00:00:00+00:00
[2025-01-14T11:49:52.583+0000] {processor.py:208} INFO - Processing /home/airflow/.local/lib/python3.12/site-packages/airflow/example_dags/example_branch_day_of_week_operator.py took 0.090 seconds
[2025-01-14T11:50:22.995+0000] {processor.py:186} INFO - Started process (PID=1181) to work on /home/airflow/.local/lib/python3.12/site-packages/airflow/example_dags/example_branch_day_of_week_operator.py
[2025-01-14T11:50:22.995+0000] {processor.py:914} INFO - Processing file /home/airflow/.local/lib/python3.12/site-packages/airflow/example_dags/example_branch_day_of_week_operator.py for tasks to queue
[2025-01-14T11:50:22.997+0000] {logging_mixin.py:190} INFO - [2025-01-14T11:50:22.997+0000] {dagbag.py:588} INFO - Filling up the DagBag from /home/airflow/.local/lib/python3.12/site-packages/airflow/example_dags/example_branch_day_of_week_operator.py
[2025-01-14T11:50:23.005+0000] {processor.py:925} INFO - DAG(s) 'example_weekday_branch_operator' retrieved from /home/airflow/.local/lib/python3.12/site-packages/airflow/example_dags/example_branch_day_of_week_operator.py
[2025-01-14T11:50:23.026+0000] {logging_mixin.py:190} INFO - [2025-01-14T11:50:23.026+0000] {dag.py:3239} INFO - Sync 1 DAGs
[2025-01-14T11:50:23.043+0000] {logging_mixin.py:190} INFO - [2025-01-14T11:50:23.043+0000] {dag.py:4180} INFO - Setting next_dagrun for example_weekday_branch_operator to 2025-01-13 00:00:00+00:00, run_after=2025-01-14 00:00:00+00:00
[2025-01-14T11:50:23.058+0000] {processor.py:208} INFO - Processing /home/airflow/.local/lib/python3.12/site-packages/airflow/example_dags/example_branch_day_of_week_operator.py took 0.070 seconds
[2025-01-14T11:50:53.192+0000] {processor.py:186} INFO - Started process (PID=1475) to work on /home/airflow/.local/lib/python3.12/site-packages/airflow/example_dags/example_branch_day_of_week_operator.py
[2025-01-14T11:50:53.193+0000] {processor.py:914} INFO - Processing file /home/airflow/.local/lib/python3.12/site-packages/airflow/example_dags/example_branch_day_of_week_operator.py for tasks to queue
[2025-01-14T11:50:53.195+0000] {logging_mixin.py:190} INFO - [2025-01-14T11:50:53.195+0000] {dagbag.py:588} INFO - Filling up the DagBag from /home/airflow/.local/lib/python3.12/site-packages/airflow/example_dags/example_branch_day_of_week_operator.py
[2025-01-14T11:50:53.202+0000] {processor.py:925} INFO - DAG(s) 'example_weekday_branch_operator' retrieved from /home/airflow/.local/lib/python3.12/site-packages/airflow/example_dags/example_branch_day_of_week_operator.py
[2025-01-14T11:50:53.223+0000] {logging_mixin.py:190} INFO - [2025-01-14T11:50:53.223+0000] {dag.py:3239} INFO - Sync 1 DAGs
[2025-01-14T11:50:53.249+0000] {logging_mixin.py:190} INFO - [2025-01-14T11:50:53.248+0000] {dag.py:4180} INFO - Setting next_dagrun for example_weekday_branch_operator to 2025-01-13 00:00:00+00:00, run_after=2025-01-14 00:00:00+00:00
[2025-01-14T11:50:53.265+0000] {processor.py:208} INFO - Processing /home/airflow/.local/lib/python3.12/site-packages/airflow/example_dags/example_branch_day_of_week_operator.py took 0.079 seconds
[2025-01-14T11:51:23.314+0000] {processor.py:186} INFO - Started process (PID=1771) to work on /home/airflow/.local/lib/python3.12/site-packages/airflow/example_dags/example_branch_day_of_week_operator.py
[2025-01-14T11:51:23.315+0000] {processor.py:914} INFO - Processing file /home/airflow/.local/lib/python3.12/site-packages/airflow/example_dags/example_branch_day_of_week_operator.py for tasks to queue
[2025-01-14T11:51:23.316+0000] {logging_mixin.py:190} INFO - [2025-01-14T11:51:23.316+0000] {dagbag.py:588} INFO - Filling up the DagBag from /home/airflow/.local/lib/python3.12/site-packages/airflow/example_dags/example_branch_day_of_week_operator.py
[2025-01-14T11:51:23.322+0000] {processor.py:925} INFO - DAG(s) 'example_weekday_branch_operator' retrieved from /home/airflow/.local/lib/python3.12/site-packages/airflow/example_dags/example_branch_day_of_week_operator.py
[2025-01-14T11:51:23.336+0000] {logging_mixin.py:190} INFO - [2025-01-14T11:51:23.336+0000] {dag.py:3239} INFO - Sync 1 DAGs
[2025-01-14T11:51:23.356+0000] {logging_mixin.py:190} INFO - [2025-01-14T11:51:23.356+0000] {dag.py:4180} INFO - Setting next_dagrun for example_weekday_branch_operator to 2025-01-13 00:00:00+00:00, run_after=2025-01-14 00:00:00+00:00
[2025-01-14T11:51:23.369+0000] {processor.py:208} INFO - Processing /home/airflow/.local/lib/python3.12/site-packages/airflow/example_dags/example_branch_day_of_week_operator.py took 0.059 seconds
[2025-01-14T11:51:53.622+0000] {processor.py:186} INFO - Started process (PID=2066) to work on /home/airflow/.local/lib/python3.12/site-packages/airflow/example_dags/example_branch_day_of_week_operator.py
[2025-01-14T11:51:53.623+0000] {processor.py:914} INFO - Processing file /home/airflow/.local/lib/python3.12/site-packages/airflow/example_dags/example_branch_day_of_week_operator.py for tasks to queue
[2025-01-14T11:51:53.626+0000] {logging_mixin.py:190} INFO - [2025-01-14T11:51:53.625+0000] {dagbag.py:588} INFO - Filling up the DagBag from /home/airflow/.local/lib/python3.12/site-packages/airflow/example_dags/example_branch_day_of_week_operator.py
[2025-01-14T11:51:53.637+0000] {processor.py:925} INFO - DAG(s) 'example_weekday_branch_operator' retrieved from /home/airflow/.local/lib/python3.12/site-packages/airflow/example_dags/example_branch_day_of_week_operator.py
[2025-01-14T11:51:53.659+0000] {logging_mixin.py:190} INFO - [2025-01-14T11:51:53.658+0000] {dag.py:3239} INFO - Sync 1 DAGs
[2025-01-14T11:51:53.676+0000] {logging_mixin.py:190} INFO - [2025-01-14T11:51:53.676+0000] {dag.py:4180} INFO - Setting next_dagrun for example_weekday_branch_operator to 2025-01-13 00:00:00+00:00, run_after=2025-01-14 00:00:00+00:00
[2025-01-14T11:51:53.687+0000] {processor.py:208} INFO - Processing /home/airflow/.local/lib/python3.12/site-packages/airflow/example_dags/example_branch_day_of_week_operator.py took 0.070 seconds
[2025-01-14T11:52:23.903+0000] {processor.py:186} INFO - Started process (PID=2362) to work on /home/airflow/.local/lib/python3.12/site-packages/airflow/example_dags/example_branch_day_of_week_operator.py
[2025-01-14T11:52:23.904+0000] {processor.py:914} INFO - Processing file /home/airflow/.local/lib/python3.12/site-packages/airflow/example_dags/example_branch_day_of_week_operator.py for tasks to queue
[2025-01-14T11:52:23.907+0000] {logging_mixin.py:190} INFO - [2025-01-14T11:52:23.906+0000] {dagbag.py:588} INFO - Filling up the DagBag from /home/airflow/.local/lib/python3.12/site-packages/airflow/example_dags/example_branch_day_of_week_operator.py
[2025-01-14T11:52:23.915+0000] {processor.py:925} INFO - DAG(s) 'example_weekday_branch_operator' retrieved from /home/airflow/.local/lib/python3.12/site-packages/airflow/example_dags/example_branch_day_of_week_operator.py
[2025-01-14T11:52:23.929+0000] {logging_mixin.py:190} INFO - [2025-01-14T11:52:23.929+0000] {dag.py:3239} INFO - Sync 1 DAGs
[2025-01-14T11:52:23.950+0000] {logging_mixin.py:190} INFO - [2025-01-14T11:52:23.950+0000] {dag.py:4180} INFO - Setting next_dagrun for example_weekday_branch_operator to 2025-01-13 00:00:00+00:00, run_after=2025-01-14 00:00:00+00:00
[2025-01-14T11:52:23.965+0000] {processor.py:208} INFO - Processing /home/airflow/.local/lib/python3.12/site-packages/airflow/example_dags/example_branch_day_of_week_operator.py took 0.066 seconds
[2025-01-14T11:52:54.098+0000] {processor.py:186} INFO - Started process (PID=2657) to work on /home/airflow/.local/lib/python3.12/site-packages/airflow/example_dags/example_branch_day_of_week_operator.py
[2025-01-14T11:52:54.099+0000] {processor.py:914} INFO - Processing file /home/airflow/.local/lib/python3.12/site-packages/airflow/example_dags/example_branch_day_of_week_operator.py for tasks to queue
[2025-01-14T11:52:54.102+0000] {logging_mixin.py:190} INFO - [2025-01-14T11:52:54.102+0000] {dagbag.py:588} INFO - Filling up the DagBag from /home/airflow/.local/lib/python3.12/site-packages/airflow/example_dags/example_branch_day_of_week_operator.py
[2025-01-14T11:52:54.108+0000] {processor.py:925} INFO - DAG(s) 'example_weekday_branch_operator' retrieved from /home/airflow/.local/lib/python3.12/site-packages/airflow/example_dags/example_branch_day_of_week_operator.py
[2025-01-14T11:52:54.124+0000] {logging_mixin.py:190} INFO - [2025-01-14T11:52:54.124+0000] {dag.py:3239} INFO - Sync 1 DAGs
[2025-01-14T11:52:54.145+0000] {logging_mixin.py:190} INFO - [2025-01-14T11:52:54.145+0000] {dag.py:4180} INFO - Setting next_dagrun for example_weekday_branch_operator to 2025-01-13 00:00:00+00:00, run_after=2025-01-14 00:00:00+00:00
[2025-01-14T11:52:54.161+0000] {processor.py:208} INFO - Processing /home/airflow/.local/lib/python3.12/site-packages/airflow/example_dags/example_branch_day_of_week_operator.py took 0.067 seconds
[2025-01-14T11:53:24.672+0000] {processor.py:186} INFO - Started process (PID=2953) to work on /home/airflow/.local/lib/python3.12/site-packages/airflow/example_dags/example_branch_day_of_week_operator.py
[2025-01-14T11:53:24.673+0000] {processor.py:914} INFO - Processing file /home/airflow/.local/lib/python3.12/site-packages/airflow/example_dags/example_branch_day_of_week_operator.py for tasks to queue
[2025-01-14T11:53:24.676+0000] {logging_mixin.py:190} INFO - [2025-01-14T11:53:24.676+0000] {dagbag.py:588} INFO - Filling up the DagBag from /home/airflow/.local/lib/python3.12/site-packages/airflow/example_dags/example_branch_day_of_week_operator.py
[2025-01-14T11:53:24.687+0000] {processor.py:925} INFO - DAG(s) 'example_weekday_branch_operator' retrieved from /home/airflow/.local/lib/python3.12/site-packages/airflow/example_dags/example_branch_day_of_week_operator.py
[2025-01-14T11:53:24.708+0000] {logging_mixin.py:190} INFO - [2025-01-14T11:53:24.708+0000] {dag.py:3239} INFO - Sync 1 DAGs
[2025-01-14T11:53:24.731+0000] {logging_mixin.py:190} INFO - [2025-01-14T11:53:24.730+0000] {dag.py:4180} INFO - Setting next_dagrun for example_weekday_branch_operator to 2025-01-13 00:00:00+00:00, run_after=2025-01-14 00:00:00+00:00
[2025-01-14T11:53:24.751+0000] {processor.py:208} INFO - Processing /home/airflow/.local/lib/python3.12/site-packages/airflow/example_dags/example_branch_day_of_week_operator.py took 0.085 seconds
[2025-01-14T11:53:55.092+0000] {processor.py:186} INFO - Started process (PID=3252) to work on /home/airflow/.local/lib/python3.12/site-packages/airflow/example_dags/example_branch_day_of_week_operator.py
[2025-01-14T11:53:55.094+0000] {processor.py:914} INFO - Processing file /home/airflow/.local/lib/python3.12/site-packages/airflow/example_dags/example_branch_day_of_week_operator.py for tasks to queue
[2025-01-14T11:53:55.096+0000] {logging_mixin.py:190} INFO - [2025-01-14T11:53:55.096+0000] {dagbag.py:588} INFO - Filling up the DagBag from /home/airflow/.local/lib/python3.12/site-packages/airflow/example_dags/example_branch_day_of_week_operator.py
[2025-01-14T11:53:55.104+0000] {processor.py:925} INFO - DAG(s) 'example_weekday_branch_operator' retrieved from /home/airflow/.local/lib/python3.12/site-packages/airflow/example_dags/example_branch_day_of_week_operator.py
[2025-01-14T11:53:55.127+0000] {logging_mixin.py:190} INFO - [2025-01-14T11:53:55.127+0000] {dag.py:3239} INFO - Sync 1 DAGs
[2025-01-14T11:53:55.152+0000] {logging_mixin.py:190} INFO - [2025-01-14T11:53:55.152+0000] {dag.py:4180} INFO - Setting next_dagrun for example_weekday_branch_operator to 2025-01-13 00:00:00+00:00, run_after=2025-01-14 00:00:00+00:00
[2025-01-14T11:53:55.171+0000] {processor.py:208} INFO - Processing /home/airflow/.local/lib/python3.12/site-packages/airflow/example_dags/example_branch_day_of_week_operator.py took 0.087 seconds
[2025-01-14T11:54:25.209+0000] {processor.py:186} INFO - Started process (PID=3547) to work on /home/airflow/.local/lib/python3.12/site-packages/airflow/example_dags/example_branch_day_of_week_operator.py
[2025-01-14T11:54:25.210+0000] {processor.py:914} INFO - Processing file /home/airflow/.local/lib/python3.12/site-packages/airflow/example_dags/example_branch_day_of_week_operator.py for tasks to queue
[2025-01-14T11:54:25.212+0000] {logging_mixin.py:190} INFO - [2025-01-14T11:54:25.212+0000] {dagbag.py:588} INFO - Filling up the DagBag from /home/airflow/.local/lib/python3.12/site-packages/airflow/example_dags/example_branch_day_of_week_operator.py
[2025-01-14T11:54:25.219+0000] {processor.py:925} INFO - DAG(s) 'example_weekday_branch_operator' retrieved from /home/airflow/.local/lib/python3.12/site-packages/airflow/example_dags/example_branch_day_of_week_operator.py
[2025-01-14T11:54:25.235+0000] {logging_mixin.py:190} INFO - [2025-01-14T11:54:25.235+0000] {dag.py:3239} INFO - Sync 1 DAGs
[2025-01-14T11:54:25.257+0000] {logging_mixin.py:190} INFO - [2025-01-14T11:54:25.257+0000] {dag.py:4180} INFO - Setting next_dagrun for example_weekday_branch_operator to 2025-01-13 00:00:00+00:00, run_after=2025-01-14 00:00:00+00:00
[2025-01-14T11:54:25.272+0000] {processor.py:208} INFO - Processing /home/airflow/.local/lib/python3.12/site-packages/airflow/example_dags/example_branch_day_of_week_operator.py took 0.069 seconds
[2025-01-14T11:54:56.243+0000] {processor.py:186} INFO - Started process (PID=3843) to work on /home/airflow/.local/lib/python3.12/site-packages/airflow/example_dags/example_branch_day_of_week_operator.py
[2025-01-14T11:54:56.243+0000] {processor.py:914} INFO - Processing file /home/airflow/.local/lib/python3.12/site-packages/airflow/example_dags/example_branch_day_of_week_operator.py for tasks to queue
[2025-01-14T11:54:56.245+0000] {logging_mixin.py:190} INFO - [2025-01-14T11:54:56.245+0000] {dagbag.py:588} INFO - Filling up the DagBag from /home/airflow/.local/lib/python3.12/site-packages/airflow/example_dags/example_branch_day_of_week_operator.py
[2025-01-14T11:54:56.252+0000] {processor.py:925} INFO - DAG(s) 'example_weekday_branch_operator' retrieved from /home/airflow/.local/lib/python3.12/site-packages/airflow/example_dags/example_branch_day_of_week_operator.py
[2025-01-14T11:54:56.270+0000] {logging_mixin.py:190} INFO - [2025-01-14T11:54:56.269+0000] {dag.py:3239} INFO - Sync 1 DAGs
[2025-01-14T11:54:56.296+0000] {logging_mixin.py:190} INFO - [2025-01-14T11:54:56.296+0000] {dag.py:4180} INFO - Setting next_dagrun for example_weekday_branch_operator to 2025-01-13 00:00:00+00:00, run_after=2025-01-14 00:00:00+00:00
[2025-01-14T11:54:56.314+0000] {processor.py:208} INFO - Processing /home/airflow/.local/lib/python3.12/site-packages/airflow/example_dags/example_branch_day_of_week_operator.py took 0.075 seconds
[2025-01-14T11:55:26.881+0000] {processor.py:186} INFO - Started process (PID=4139) to work on /home/airflow/.local/lib/python3.12/site-packages/airflow/example_dags/example_branch_day_of_week_operator.py
[2025-01-14T11:55:26.881+0000] {processor.py:914} INFO - Processing file /home/airflow/.local/lib/python3.12/site-packages/airflow/example_dags/example_branch_day_of_week_operator.py for tasks to queue
[2025-01-14T11:55:26.884+0000] {logging_mixin.py:190} INFO - [2025-01-14T11:55:26.884+0000] {dagbag.py:588} INFO - Filling up the DagBag from /home/airflow/.local/lib/python3.12/site-packages/airflow/example_dags/example_branch_day_of_week_operator.py
[2025-01-14T11:55:26.891+0000] {processor.py:925} INFO - DAG(s) 'example_weekday_branch_operator' retrieved from /home/airflow/.local/lib/python3.12/site-packages/airflow/example_dags/example_branch_day_of_week_operator.py
[2025-01-14T11:55:26.907+0000] {logging_mixin.py:190} INFO - [2025-01-14T11:55:26.907+0000] {dag.py:3239} INFO - Sync 1 DAGs
[2025-01-14T11:55:26.927+0000] {logging_mixin.py:190} INFO - [2025-01-14T11:55:26.927+0000] {dag.py:4180} INFO - Setting next_dagrun for example_weekday_branch_operator to 2025-01-13 00:00:00+00:00, run_after=2025-01-14 00:00:00+00:00
[2025-01-14T11:55:26.944+0000] {processor.py:208} INFO - Processing /home/airflow/.local/lib/python3.12/site-packages/airflow/example_dags/example_branch_day_of_week_operator.py took 0.067 seconds
[2025-01-14T11:55:57.231+0000] {processor.py:186} INFO - Started process (PID=4435) to work on /home/airflow/.local/lib/python3.12/site-packages/airflow/example_dags/example_branch_day_of_week_operator.py
[2025-01-14T11:55:57.231+0000] {processor.py:914} INFO - Processing file /home/airflow/.local/lib/python3.12/site-packages/airflow/example_dags/example_branch_day_of_week_operator.py for tasks to queue
[2025-01-14T11:55:57.235+0000] {logging_mixin.py:190} INFO - [2025-01-14T11:55:57.235+0000] {dagbag.py:588} INFO - Filling up the DagBag from /home/airflow/.local/lib/python3.12/site-packages/airflow/example_dags/example_branch_day_of_week_operator.py
[2025-01-14T11:55:57.244+0000] {processor.py:925} INFO - DAG(s) 'example_weekday_branch_operator' retrieved from /home/airflow/.local/lib/python3.12/site-packages/airflow/example_dags/example_branch_day_of_week_operator.py
[2025-01-14T11:55:57.261+0000] {logging_mixin.py:190} INFO - [2025-01-14T11:55:57.260+0000] {dag.py:3239} INFO - Sync 1 DAGs
[2025-01-14T11:55:57.277+0000] {logging_mixin.py:190} INFO - [2025-01-14T11:55:57.277+0000] {dag.py:4180} INFO - Setting next_dagrun for example_weekday_branch_operator to 2025-01-13 00:00:00+00:00, run_after=2025-01-14 00:00:00+00:00
[2025-01-14T11:55:57.292+0000] {processor.py:208} INFO - Processing /home/airflow/.local/lib/python3.12/site-packages/airflow/example_dags/example_branch_day_of_week_operator.py took 0.065 seconds
[2025-01-14T11:56:27.607+0000] {processor.py:186} INFO - Started process (PID=4732) to work on /home/airflow/.local/lib/python3.12/site-packages/airflow/example_dags/example_branch_day_of_week_operator.py
[2025-01-14T11:56:27.607+0000] {processor.py:914} INFO - Processing file /home/airflow/.local/lib/python3.12/site-packages/airflow/example_dags/example_branch_day_of_week_operator.py for tasks to queue
[2025-01-14T11:56:27.609+0000] {logging_mixin.py:190} INFO - [2025-01-14T11:56:27.609+0000] {dagbag.py:588} INFO - Filling up the DagBag from /home/airflow/.local/lib/python3.12/site-packages/airflow/example_dags/example_branch_day_of_week_operator.py
[2025-01-14T11:56:27.621+0000] {processor.py:925} INFO - DAG(s) 'example_weekday_branch_operator' retrieved from /home/airflow/.local/lib/python3.12/site-packages/airflow/example_dags/example_branch_day_of_week_operator.py
[2025-01-14T11:56:27.647+0000] {logging_mixin.py:190} INFO - [2025-01-14T11:56:27.646+0000] {dag.py:3239} INFO - Sync 1 DAGs
[2025-01-14T11:56:27.664+0000] {logging_mixin.py:190} INFO - [2025-01-14T11:56:27.664+0000] {dag.py:4180} INFO - Setting next_dagrun for example_weekday_branch_operator to 2025-01-13 00:00:00+00:00, run_after=2025-01-14 00:00:00+00:00
[2025-01-14T11:56:27.680+0000] {processor.py:208} INFO - Processing /home/airflow/.local/lib/python3.12/site-packages/airflow/example_dags/example_branch_day_of_week_operator.py took 0.078 seconds
[2025-01-14T11:56:58.216+0000] {processor.py:186} INFO - Started process (PID=5028) to work on /home/airflow/.local/lib/python3.12/site-packages/airflow/example_dags/example_branch_day_of_week_operator.py
[2025-01-14T11:56:58.217+0000] {processor.py:914} INFO - Processing file /home/airflow/.local/lib/python3.12/site-packages/airflow/example_dags/example_branch_day_of_week_operator.py for tasks to queue
[2025-01-14T11:56:58.220+0000] {logging_mixin.py:190} INFO - [2025-01-14T11:56:58.219+0000] {dagbag.py:588} INFO - Filling up the DagBag from /home/airflow/.local/lib/python3.12/site-packages/airflow/example_dags/example_branch_day_of_week_operator.py
[2025-01-14T11:56:58.230+0000] {processor.py:925} INFO - DAG(s) 'example_weekday_branch_operator' retrieved from /home/airflow/.local/lib/python3.12/site-packages/airflow/example_dags/example_branch_day_of_week_operator.py
[2025-01-14T11:56:58.247+0000] {logging_mixin.py:190} INFO - [2025-01-14T11:56:58.247+0000] {dag.py:3239} INFO - Sync 1 DAGs
[2025-01-14T11:56:58.267+0000] {logging_mixin.py:190} INFO - [2025-01-14T11:56:58.267+0000] {dag.py:4180} INFO - Setting next_dagrun for example_weekday_branch_operator to 2025-01-13 00:00:00+00:00, run_after=2025-01-14 00:00:00+00:00
[2025-01-14T11:56:58.288+0000] {processor.py:208} INFO - Processing /home/airflow/.local/lib/python3.12/site-packages/airflow/example_dags/example_branch_day_of_week_operator.py took 0.075 seconds
[2025-01-14T11:57:28.753+0000] {processor.py:186} INFO - Started process (PID=5324) to work on /home/airflow/.local/lib/python3.12/site-packages/airflow/example_dags/example_branch_day_of_week_operator.py
[2025-01-14T11:57:28.754+0000] {processor.py:914} INFO - Processing file /home/airflow/.local/lib/python3.12/site-packages/airflow/example_dags/example_branch_day_of_week_operator.py for tasks to queue
[2025-01-14T11:57:28.757+0000] {logging_mixin.py:190} INFO - [2025-01-14T11:57:28.756+0000] {dagbag.py:588} INFO - Filling up the DagBag from /home/airflow/.local/lib/python3.12/site-packages/airflow/example_dags/example_branch_day_of_week_operator.py
[2025-01-14T11:57:28.763+0000] {processor.py:925} INFO - DAG(s) 'example_weekday_branch_operator' retrieved from /home/airflow/.local/lib/python3.12/site-packages/airflow/example_dags/example_branch_day_of_week_operator.py
[2025-01-14T11:57:28.780+0000] {logging_mixin.py:190} INFO - [2025-01-14T11:57:28.779+0000] {dag.py:3239} INFO - Sync 1 DAGs
[2025-01-14T11:57:28.797+0000] {logging_mixin.py:190} INFO - [2025-01-14T11:57:28.797+0000] {dag.py:4180} INFO - Setting next_dagrun for example_weekday_branch_operator to 2025-01-13 00:00:00+00:00, run_after=2025-01-14 00:00:00+00:00
[2025-01-14T11:57:28.812+0000] {processor.py:208} INFO - Processing /home/airflow/.local/lib/python3.12/site-packages/airflow/example_dags/example_branch_day_of_week_operator.py took 0.065 seconds
[2025-01-14T11:57:59.293+0000] {processor.py:186} INFO - Started process (PID=5620) to work on /home/airflow/.local/lib/python3.12/site-packages/airflow/example_dags/example_branch_day_of_week_operator.py
[2025-01-14T11:57:59.294+0000] {processor.py:914} INFO - Processing file /home/airflow/.local/lib/python3.12/site-packages/airflow/example_dags/example_branch_day_of_week_operator.py for tasks to queue
[2025-01-14T11:57:59.295+0000] {logging_mixin.py:190} INFO - [2025-01-14T11:57:59.295+0000] {dagbag.py:588} INFO - Filling up the DagBag from /home/airflow/.local/lib/python3.12/site-packages/airflow/example_dags/example_branch_day_of_week_operator.py
[2025-01-14T11:57:59.302+0000] {processor.py:925} INFO - DAG(s) 'example_weekday_branch_operator' retrieved from /home/airflow/.local/lib/python3.12/site-packages/airflow/example_dags/example_branch_day_of_week_operator.py
[2025-01-14T11:57:59.318+0000] {logging_mixin.py:190} INFO - [2025-01-14T11:57:59.318+0000] {dag.py:3239} INFO - Sync 1 DAGs
[2025-01-14T11:57:59.336+0000] {logging_mixin.py:190} INFO - [2025-01-14T11:57:59.335+0000] {dag.py:4180} INFO - Setting next_dagrun for example_weekday_branch_operator to 2025-01-13 00:00:00+00:00, run_after=2025-01-14 00:00:00+00:00
[2025-01-14T11:57:59.353+0000] {processor.py:208} INFO - Processing /home/airflow/.local/lib/python3.12/site-packages/airflow/example_dags/example_branch_day_of_week_operator.py took 0.063 seconds
[2025-01-14T11:58:29.928+0000] {processor.py:186} INFO - Started process (PID=5918) to work on /home/airflow/.local/lib/python3.12/site-packages/airflow/example_dags/example_branch_day_of_week_operator.py
[2025-01-14T11:58:29.929+0000] {processor.py:914} INFO - Processing file /home/airflow/.local/lib/python3.12/site-packages/airflow/example_dags/example_branch_day_of_week_operator.py for tasks to queue
[2025-01-14T11:58:29.930+0000] {logging_mixin.py:190} INFO - [2025-01-14T11:58:29.930+0000] {dagbag.py:588} INFO - Filling up the DagBag from /home/airflow/.local/lib/python3.12/site-packages/airflow/example_dags/example_branch_day_of_week_operator.py
[2025-01-14T11:58:29.936+0000] {processor.py:925} INFO - DAG(s) 'example_weekday_branch_operator' retrieved from /home/airflow/.local/lib/python3.12/site-packages/airflow/example_dags/example_branch_day_of_week_operator.py
[2025-01-14T11:58:29.955+0000] {logging_mixin.py:190} INFO - [2025-01-14T11:58:29.955+0000] {dag.py:3239} INFO - Sync 1 DAGs
[2025-01-14T11:58:29.975+0000] {logging_mixin.py:190} INFO - [2025-01-14T11:58:29.975+0000] {dag.py:4180} INFO - Setting next_dagrun for example_weekday_branch_operator to 2025-01-13 00:00:00+00:00, run_after=2025-01-14 00:00:00+00:00
[2025-01-14T11:58:29.988+0000] {processor.py:208} INFO - Processing /home/airflow/.local/lib/python3.12/site-packages/airflow/example_dags/example_branch_day_of_week_operator.py took 0.064 seconds
[2025-01-14T11:59:01.018+0000] {processor.py:186} INFO - Started process (PID=6214) to work on /home/airflow/.local/lib/python3.12/site-packages/airflow/example_dags/example_branch_day_of_week_operator.py
[2025-01-14T11:59:01.019+0000] {processor.py:914} INFO - Processing file /home/airflow/.local/lib/python3.12/site-packages/airflow/example_dags/example_branch_day_of_week_operator.py for tasks to queue
[2025-01-14T11:59:01.021+0000] {logging_mixin.py:190} INFO - [2025-01-14T11:59:01.021+0000] {dagbag.py:588} INFO - Filling up the DagBag from /home/airflow/.local/lib/python3.12/site-packages/airflow/example_dags/example_branch_day_of_week_operator.py
[2025-01-14T11:59:01.033+0000] {processor.py:925} INFO - DAG(s) 'example_weekday_branch_operator' retrieved from /home/airflow/.local/lib/python3.12/site-packages/airflow/example_dags/example_branch_day_of_week_operator.py
[2025-01-14T11:59:01.052+0000] {logging_mixin.py:190} INFO - [2025-01-14T11:59:01.052+0000] {dag.py:3239} INFO - Sync 1 DAGs
[2025-01-14T11:59:01.071+0000] {logging_mixin.py:190} INFO - [2025-01-14T11:59:01.070+0000] {dag.py:4180} INFO - Setting next_dagrun for example_weekday_branch_operator to 2025-01-13 00:00:00+00:00, run_after=2025-01-14 00:00:00+00:00
[2025-01-14T11:59:01.088+0000] {processor.py:208} INFO - Processing /home/airflow/.local/lib/python3.12/site-packages/airflow/example_dags/example_branch_day_of_week_operator.py took 0.080 seconds
[2025-01-14T11:59:31.516+0000] {processor.py:186} INFO - Started process (PID=6508) to work on /home/airflow/.local/lib/python3.12/site-packages/airflow/example_dags/example_branch_day_of_week_operator.py
[2025-01-14T11:59:31.517+0000] {processor.py:914} INFO - Processing file /home/airflow/.local/lib/python3.12/site-packages/airflow/example_dags/example_branch_day_of_week_operator.py for tasks to queue
[2025-01-14T11:59:31.519+0000] {logging_mixin.py:190} INFO - [2025-01-14T11:59:31.519+0000] {dagbag.py:588} INFO - Filling up the DagBag from /home/airflow/.local/lib/python3.12/site-packages/airflow/example_dags/example_branch_day_of_week_operator.py
[2025-01-14T11:59:31.525+0000] {processor.py:925} INFO - DAG(s) 'example_weekday_branch_operator' retrieved from /home/airflow/.local/lib/python3.12/site-packages/airflow/example_dags/example_branch_day_of_week_operator.py
[2025-01-14T11:59:31.540+0000] {logging_mixin.py:190} INFO - [2025-01-14T11:59:31.540+0000] {dag.py:3239} INFO - Sync 1 DAGs
[2025-01-14T11:59:31.558+0000] {logging_mixin.py:190} INFO - [2025-01-14T11:59:31.558+0000] {dag.py:4180} INFO - Setting next_dagrun for example_weekday_branch_operator to 2025-01-13 00:00:00+00:00, run_after=2025-01-14 00:00:00+00:00
[2025-01-14T11:59:31.574+0000] {processor.py:208} INFO - Processing /home/airflow/.local/lib/python3.12/site-packages/airflow/example_dags/example_branch_day_of_week_operator.py took 0.065 seconds
[2025-01-14T12:00:02.541+0000] {processor.py:186} INFO - Started process (PID=6804) to work on /home/airflow/.local/lib/python3.12/site-packages/airflow/example_dags/example_branch_day_of_week_operator.py
[2025-01-14T12:00:02.542+0000] {processor.py:914} INFO - Processing file /home/airflow/.local/lib/python3.12/site-packages/airflow/example_dags/example_branch_day_of_week_operator.py for tasks to queue
[2025-01-14T12:00:02.547+0000] {logging_mixin.py:190} INFO - [2025-01-14T12:00:02.546+0000] {dagbag.py:588} INFO - Filling up the DagBag from /home/airflow/.local/lib/python3.12/site-packages/airflow/example_dags/example_branch_day_of_week_operator.py
[2025-01-14T12:00:02.558+0000] {processor.py:925} INFO - DAG(s) 'example_weekday_branch_operator' retrieved from /home/airflow/.local/lib/python3.12/site-packages/airflow/example_dags/example_branch_day_of_week_operator.py
[2025-01-14T12:00:02.584+0000] {logging_mixin.py:190} INFO - [2025-01-14T12:00:02.584+0000] {dag.py:3239} INFO - Sync 1 DAGs
[2025-01-14T12:00:02.614+0000] {logging_mixin.py:190} INFO - [2025-01-14T12:00:02.613+0000] {dag.py:4180} INFO - Setting next_dagrun for example_weekday_branch_operator to 2025-01-13 00:00:00+00:00, run_after=2025-01-14 00:00:00+00:00
[2025-01-14T12:00:02.637+0000] {processor.py:208} INFO - Processing /home/airflow/.local/lib/python3.12/site-packages/airflow/example_dags/example_branch_day_of_week_operator.py took 0.100 seconds
[2025-01-14T12:00:33.029+0000] {processor.py:186} INFO - Started process (PID=7100) to work on /home/airflow/.local/lib/python3.12/site-packages/airflow/example_dags/example_branch_day_of_week_operator.py
[2025-01-14T12:00:33.030+0000] {processor.py:914} INFO - Processing file /home/airflow/.local/lib/python3.12/site-packages/airflow/example_dags/example_branch_day_of_week_operator.py for tasks to queue
[2025-01-14T12:00:33.033+0000] {logging_mixin.py:190} INFO - [2025-01-14T12:00:33.032+0000] {dagbag.py:588} INFO - Filling up the DagBag from /home/airflow/.local/lib/python3.12/site-packages/airflow/example_dags/example_branch_day_of_week_operator.py
[2025-01-14T12:00:33.044+0000] {processor.py:925} INFO - DAG(s) 'example_weekday_branch_operator' retrieved from /home/airflow/.local/lib/python3.12/site-packages/airflow/example_dags/example_branch_day_of_week_operator.py
[2025-01-14T12:00:33.060+0000] {logging_mixin.py:190} INFO - [2025-01-14T12:00:33.059+0000] {dag.py:3239} INFO - Sync 1 DAGs
[2025-01-14T12:00:33.080+0000] {logging_mixin.py:190} INFO - [2025-01-14T12:00:33.079+0000] {dag.py:4180} INFO - Setting next_dagrun for example_weekday_branch_operator to 2025-01-13 00:00:00+00:00, run_after=2025-01-14 00:00:00+00:00
[2025-01-14T12:00:33.097+0000] {processor.py:208} INFO - Processing /home/airflow/.local/lib/python3.12/site-packages/airflow/example_dags/example_branch_day_of_week_operator.py took 0.076 seconds
[2025-01-14T12:01:03.913+0000] {processor.py:186} INFO - Started process (PID=7396) to work on /home/airflow/.local/lib/python3.12/site-packages/airflow/example_dags/example_branch_day_of_week_operator.py
[2025-01-14T12:01:03.914+0000] {processor.py:914} INFO - Processing file /home/airflow/.local/lib/python3.12/site-packages/airflow/example_dags/example_branch_day_of_week_operator.py for tasks to queue
[2025-01-14T12:01:03.916+0000] {logging_mixin.py:190} INFO - [2025-01-14T12:01:03.916+0000] {dagbag.py:588} INFO - Filling up the DagBag from /home/airflow/.local/lib/python3.12/site-packages/airflow/example_dags/example_branch_day_of_week_operator.py
[2025-01-14T12:01:03.922+0000] {processor.py:925} INFO - DAG(s) 'example_weekday_branch_operator' retrieved from /home/airflow/.local/lib/python3.12/site-packages/airflow/example_dags/example_branch_day_of_week_operator.py
[2025-01-14T12:01:03.944+0000] {logging_mixin.py:190} INFO - [2025-01-14T12:01:03.944+0000] {dag.py:3239} INFO - Sync 1 DAGs
[2025-01-14T12:01:03.962+0000] {logging_mixin.py:190} INFO - [2025-01-14T12:01:03.962+0000] {dag.py:4180} INFO - Setting next_dagrun for example_weekday_branch_operator to 2025-01-13 00:00:00+00:00, run_after=2025-01-14 00:00:00+00:00
[2025-01-14T12:01:03.980+0000] {processor.py:208} INFO - Processing /home/airflow/.local/lib/python3.12/site-packages/airflow/example_dags/example_branch_day_of_week_operator.py took 0.070 seconds
[2025-01-14T12:01:34.937+0000] {processor.py:186} INFO - Started process (PID=7692) to work on /home/airflow/.local/lib/python3.12/site-packages/airflow/example_dags/example_branch_day_of_week_operator.py
[2025-01-14T12:01:34.938+0000] {processor.py:914} INFO - Processing file /home/airflow/.local/lib/python3.12/site-packages/airflow/example_dags/example_branch_day_of_week_operator.py for tasks to queue
[2025-01-14T12:01:34.941+0000] {logging_mixin.py:190} INFO - [2025-01-14T12:01:34.940+0000] {dagbag.py:588} INFO - Filling up the DagBag from /home/airflow/.local/lib/python3.12/site-packages/airflow/example_dags/example_branch_day_of_week_operator.py
[2025-01-14T12:01:34.952+0000] {processor.py:925} INFO - DAG(s) 'example_weekday_branch_operator' retrieved from /home/airflow/.local/lib/python3.12/site-packages/airflow/example_dags/example_branch_day_of_week_operator.py
[2025-01-14T12:01:34.969+0000] {logging_mixin.py:190} INFO - [2025-01-14T12:01:34.969+0000] {dag.py:3239} INFO - Sync 1 DAGs
[2025-01-14T12:01:34.994+0000] {logging_mixin.py:190} INFO - [2025-01-14T12:01:34.994+0000] {dag.py:4180} INFO - Setting next_dagrun for example_weekday_branch_operator to 2025-01-13 00:00:00+00:00, run_after=2025-01-14 00:00:00+00:00
[2025-01-14T12:01:35.014+0000] {processor.py:208} INFO - Processing /home/airflow/.local/lib/python3.12/site-packages/airflow/example_dags/example_branch_day_of_week_operator.py took 0.081 seconds
[2025-01-14T12:02:05.440+0000] {processor.py:186} INFO - Started process (PID=7988) to work on /home/airflow/.local/lib/python3.12/site-packages/airflow/example_dags/example_branch_day_of_week_operator.py
[2025-01-14T12:02:05.441+0000] {processor.py:914} INFO - Processing file /home/airflow/.local/lib/python3.12/site-packages/airflow/example_dags/example_branch_day_of_week_operator.py for tasks to queue
[2025-01-14T12:02:05.444+0000] {logging_mixin.py:190} INFO - [2025-01-14T12:02:05.444+0000] {dagbag.py:588} INFO - Filling up the DagBag from /home/airflow/.local/lib/python3.12/site-packages/airflow/example_dags/example_branch_day_of_week_operator.py
[2025-01-14T12:02:05.454+0000] {processor.py:925} INFO - DAG(s) 'example_weekday_branch_operator' retrieved from /home/airflow/.local/lib/python3.12/site-packages/airflow/example_dags/example_branch_day_of_week_operator.py
[2025-01-14T12:02:05.478+0000] {logging_mixin.py:190} INFO - [2025-01-14T12:02:05.477+0000] {dag.py:3239} INFO - Sync 1 DAGs
[2025-01-14T12:02:05.501+0000] {logging_mixin.py:190} INFO - [2025-01-14T12:02:05.501+0000] {dag.py:4180} INFO - Setting next_dagrun for example_weekday_branch_operator to 2025-01-13 00:00:00+00:00, run_after=2025-01-14 00:00:00+00:00
[2025-01-14T12:02:05.515+0000] {processor.py:208} INFO - Processing /home/airflow/.local/lib/python3.12/site-packages/airflow/example_dags/example_branch_day_of_week_operator.py took 0.083 seconds
[2025-01-14T12:02:35.599+0000] {processor.py:186} INFO - Started process (PID=8284) to work on /home/airflow/.local/lib/python3.12/site-packages/airflow/example_dags/example_branch_day_of_week_operator.py
[2025-01-14T12:02:35.600+0000] {processor.py:914} INFO - Processing file /home/airflow/.local/lib/python3.12/site-packages/airflow/example_dags/example_branch_day_of_week_operator.py for tasks to queue
[2025-01-14T12:02:35.603+0000] {logging_mixin.py:190} INFO - [2025-01-14T12:02:35.603+0000] {dagbag.py:588} INFO - Filling up the DagBag from /home/airflow/.local/lib/python3.12/site-packages/airflow/example_dags/example_branch_day_of_week_operator.py
[2025-01-14T12:02:35.615+0000] {processor.py:925} INFO - DAG(s) 'example_weekday_branch_operator' retrieved from /home/airflow/.local/lib/python3.12/site-packages/airflow/example_dags/example_branch_day_of_week_operator.py
[2025-01-14T12:02:35.634+0000] {logging_mixin.py:190} INFO - [2025-01-14T12:02:35.634+0000] {dag.py:3239} INFO - Sync 1 DAGs
[2025-01-14T12:02:35.655+0000] {logging_mixin.py:190} INFO - [2025-01-14T12:02:35.655+0000] {dag.py:4180} INFO - Setting next_dagrun for example_weekday_branch_operator to 2025-01-13 00:00:00+00:00, run_after=2025-01-14 00:00:00+00:00
[2025-01-14T12:02:35.675+0000] {processor.py:208} INFO - Processing /home/airflow/.local/lib/python3.12/site-packages/airflow/example_dags/example_branch_day_of_week_operator.py took 0.084 seconds
[2025-01-14T12:03:05.843+0000] {processor.py:186} INFO - Started process (PID=8580) to work on /home/airflow/.local/lib/python3.12/site-packages/airflow/example_dags/example_branch_day_of_week_operator.py
[2025-01-14T12:03:05.844+0000] {processor.py:914} INFO - Processing file /home/airflow/.local/lib/python3.12/site-packages/airflow/example_dags/example_branch_day_of_week_operator.py for tasks to queue
[2025-01-14T12:03:05.845+0000] {logging_mixin.py:190} INFO - [2025-01-14T12:03:05.845+0000] {dagbag.py:588} INFO - Filling up the DagBag from /home/airflow/.local/lib/python3.12/site-packages/airflow/example_dags/example_branch_day_of_week_operator.py
[2025-01-14T12:03:05.851+0000] {processor.py:925} INFO - DAG(s) 'example_weekday_branch_operator' retrieved from /home/airflow/.local/lib/python3.12/site-packages/airflow/example_dags/example_branch_day_of_week_operator.py
[2025-01-14T12:03:05.866+0000] {logging_mixin.py:190} INFO - [2025-01-14T12:03:05.866+0000] {dag.py:3239} INFO - Sync 1 DAGs
[2025-01-14T12:03:05.882+0000] {logging_mixin.py:190} INFO - [2025-01-14T12:03:05.882+0000] {dag.py:4180} INFO - Setting next_dagrun for example_weekday_branch_operator to 2025-01-13 00:00:00+00:00, run_after=2025-01-14 00:00:00+00:00
[2025-01-14T12:03:05.896+0000] {processor.py:208} INFO - Processing /home/airflow/.local/lib/python3.12/site-packages/airflow/example_dags/example_branch_day_of_week_operator.py took 0.057 seconds
[2025-01-14T12:03:36.211+0000] {processor.py:186} INFO - Started process (PID=8876) to work on /home/airflow/.local/lib/python3.12/site-packages/airflow/example_dags/example_branch_day_of_week_operator.py
[2025-01-14T12:03:36.212+0000] {processor.py:914} INFO - Processing file /home/airflow/.local/lib/python3.12/site-packages/airflow/example_dags/example_branch_day_of_week_operator.py for tasks to queue
[2025-01-14T12:03:36.213+0000] {logging_mixin.py:190} INFO - [2025-01-14T12:03:36.213+0000] {dagbag.py:588} INFO - Filling up the DagBag from /home/airflow/.local/lib/python3.12/site-packages/airflow/example_dags/example_branch_day_of_week_operator.py
[2025-01-14T12:03:36.220+0000] {processor.py:925} INFO - DAG(s) 'example_weekday_branch_operator' retrieved from /home/airflow/.local/lib/python3.12/site-packages/airflow/example_dags/example_branch_day_of_week_operator.py
[2025-01-14T12:03:36.238+0000] {logging_mixin.py:190} INFO - [2025-01-14T12:03:36.238+0000] {dag.py:3239} INFO - Sync 1 DAGs
[2025-01-14T12:03:36.257+0000] {logging_mixin.py:190} INFO - [2025-01-14T12:03:36.257+0000] {dag.py:4180} INFO - Setting next_dagrun for example_weekday_branch_operator to 2025-01-13 00:00:00+00:00, run_after=2025-01-14 00:00:00+00:00
[2025-01-14T12:03:36.272+0000] {processor.py:208} INFO - Processing /home/airflow/.local/lib/python3.12/site-packages/airflow/example_dags/example_branch_day_of_week_operator.py took 0.065 seconds
[2025-01-14T12:04:06.507+0000] {processor.py:186} INFO - Started process (PID=9172) to work on /home/airflow/.local/lib/python3.12/site-packages/airflow/example_dags/example_branch_day_of_week_operator.py
[2025-01-14T12:04:06.508+0000] {processor.py:914} INFO - Processing file /home/airflow/.local/lib/python3.12/site-packages/airflow/example_dags/example_branch_day_of_week_operator.py for tasks to queue
[2025-01-14T12:04:06.511+0000] {logging_mixin.py:190} INFO - [2025-01-14T12:04:06.510+0000] {dagbag.py:588} INFO - Filling up the DagBag from /home/airflow/.local/lib/python3.12/site-packages/airflow/example_dags/example_branch_day_of_week_operator.py
[2025-01-14T12:04:06.522+0000] {processor.py:925} INFO - DAG(s) 'example_weekday_branch_operator' retrieved from /home/airflow/.local/lib/python3.12/site-packages/airflow/example_dags/example_branch_day_of_week_operator.py
[2025-01-14T12:04:06.542+0000] {logging_mixin.py:190} INFO - [2025-01-14T12:04:06.541+0000] {dag.py:3239} INFO - Sync 1 DAGs
[2025-01-14T12:04:06.563+0000] {logging_mixin.py:190} INFO - [2025-01-14T12:04:06.562+0000] {dag.py:4180} INFO - Setting next_dagrun for example_weekday_branch_operator to 2025-01-13 00:00:00+00:00, run_after=2025-01-14 00:00:00+00:00
[2025-01-14T12:04:06.581+0000] {processor.py:208} INFO - Processing /home/airflow/.local/lib/python3.12/site-packages/airflow/example_dags/example_branch_day_of_week_operator.py took 0.079 seconds
[2025-01-14T12:04:37.430+0000] {processor.py:186} INFO - Started process (PID=9468) to work on /home/airflow/.local/lib/python3.12/site-packages/airflow/example_dags/example_branch_day_of_week_operator.py
[2025-01-14T12:04:37.431+0000] {processor.py:914} INFO - Processing file /home/airflow/.local/lib/python3.12/site-packages/airflow/example_dags/example_branch_day_of_week_operator.py for tasks to queue
[2025-01-14T12:04:37.433+0000] {logging_mixin.py:190} INFO - [2025-01-14T12:04:37.433+0000] {dagbag.py:588} INFO - Filling up the DagBag from /home/airflow/.local/lib/python3.12/site-packages/airflow/example_dags/example_branch_day_of_week_operator.py
[2025-01-14T12:04:37.441+0000] {processor.py:925} INFO - DAG(s) 'example_weekday_branch_operator' retrieved from /home/airflow/.local/lib/python3.12/site-packages/airflow/example_dags/example_branch_day_of_week_operator.py
[2025-01-14T12:04:37.461+0000] {logging_mixin.py:190} INFO - [2025-01-14T12:04:37.461+0000] {dag.py:3239} INFO - Sync 1 DAGs
[2025-01-14T12:04:37.481+0000] {logging_mixin.py:190} INFO - [2025-01-14T12:04:37.481+0000] {dag.py:4180} INFO - Setting next_dagrun for example_weekday_branch_operator to 2025-01-13 00:00:00+00:00, run_after=2025-01-14 00:00:00+00:00
[2025-01-14T12:04:37.493+0000] {processor.py:208} INFO - Processing /home/airflow/.local/lib/python3.12/site-packages/airflow/example_dags/example_branch_day_of_week_operator.py took 0.069 seconds
[2025-01-14T12:05:07.607+0000] {processor.py:186} INFO - Started process (PID=9761) to work on /home/airflow/.local/lib/python3.12/site-packages/airflow/example_dags/example_branch_day_of_week_operator.py
[2025-01-14T12:05:07.608+0000] {processor.py:914} INFO - Processing file /home/airflow/.local/lib/python3.12/site-packages/airflow/example_dags/example_branch_day_of_week_operator.py for tasks to queue
[2025-01-14T12:05:07.610+0000] {logging_mixin.py:190} INFO - [2025-01-14T12:05:07.610+0000] {dagbag.py:588} INFO - Filling up the DagBag from /home/airflow/.local/lib/python3.12/site-packages/airflow/example_dags/example_branch_day_of_week_operator.py
[2025-01-14T12:05:07.622+0000] {processor.py:925} INFO - DAG(s) 'example_weekday_branch_operator' retrieved from /home/airflow/.local/lib/python3.12/site-packages/airflow/example_dags/example_branch_day_of_week_operator.py
[2025-01-14T12:05:07.651+0000] {logging_mixin.py:190} INFO - [2025-01-14T12:05:07.651+0000] {dag.py:3239} INFO - Sync 1 DAGs
[2025-01-14T12:05:07.670+0000] {logging_mixin.py:190} INFO - [2025-01-14T12:05:07.670+0000] {dag.py:4180} INFO - Setting next_dagrun for example_weekday_branch_operator to 2025-01-13 00:00:00+00:00, run_after=2025-01-14 00:00:00+00:00
[2025-01-14T12:05:07.689+0000] {processor.py:208} INFO - Processing /home/airflow/.local/lib/python3.12/site-packages/airflow/example_dags/example_branch_day_of_week_operator.py took 0.087 seconds
[2025-01-14T12:05:38.125+0000] {processor.py:186} INFO - Started process (PID=10060) to work on /home/airflow/.local/lib/python3.12/site-packages/airflow/example_dags/example_branch_day_of_week_operator.py
[2025-01-14T12:05:38.126+0000] {processor.py:914} INFO - Processing file /home/airflow/.local/lib/python3.12/site-packages/airflow/example_dags/example_branch_day_of_week_operator.py for tasks to queue
[2025-01-14T12:05:38.128+0000] {logging_mixin.py:190} INFO - [2025-01-14T12:05:38.128+0000] {dagbag.py:588} INFO - Filling up the DagBag from /home/airflow/.local/lib/python3.12/site-packages/airflow/example_dags/example_branch_day_of_week_operator.py
[2025-01-14T12:05:38.137+0000] {processor.py:925} INFO - DAG(s) 'example_weekday_branch_operator' retrieved from /home/airflow/.local/lib/python3.12/site-packages/airflow/example_dags/example_branch_day_of_week_operator.py
[2025-01-14T12:05:38.155+0000] {logging_mixin.py:190} INFO - [2025-01-14T12:05:38.155+0000] {dag.py:3239} INFO - Sync 1 DAGs
[2025-01-14T12:05:38.170+0000] {logging_mixin.py:190} INFO - [2025-01-14T12:05:38.170+0000] {dag.py:4180} INFO - Setting next_dagrun for example_weekday_branch_operator to 2025-01-13 00:00:00+00:00, run_after=2025-01-14 00:00:00+00:00
[2025-01-14T12:05:38.188+0000] {processor.py:208} INFO - Processing /home/airflow/.local/lib/python3.12/site-packages/airflow/example_dags/example_branch_day_of_week_operator.py took 0.068 seconds
[2025-01-14T12:06:08.308+0000] {processor.py:186} INFO - Started process (PID=10353) to work on /home/airflow/.local/lib/python3.12/site-packages/airflow/example_dags/example_branch_day_of_week_operator.py
[2025-01-14T12:06:08.309+0000] {processor.py:914} INFO - Processing file /home/airflow/.local/lib/python3.12/site-packages/airflow/example_dags/example_branch_day_of_week_operator.py for tasks to queue
[2025-01-14T12:06:08.312+0000] {logging_mixin.py:190} INFO - [2025-01-14T12:06:08.312+0000] {dagbag.py:588} INFO - Filling up the DagBag from /home/airflow/.local/lib/python3.12/site-packages/airflow/example_dags/example_branch_day_of_week_operator.py
[2025-01-14T12:06:08.322+0000] {processor.py:925} INFO - DAG(s) 'example_weekday_branch_operator' retrieved from /home/airflow/.local/lib/python3.12/site-packages/airflow/example_dags/example_branch_day_of_week_operator.py
[2025-01-14T12:06:08.342+0000] {logging_mixin.py:190} INFO - [2025-01-14T12:06:08.341+0000] {dag.py:3239} INFO - Sync 1 DAGs
[2025-01-14T12:06:08.357+0000] {logging_mixin.py:190} INFO - [2025-01-14T12:06:08.357+0000] {dag.py:4180} INFO - Setting next_dagrun for example_weekday_branch_operator to 2025-01-13 00:00:00+00:00, run_after=2025-01-14 00:00:00+00:00
[2025-01-14T12:06:08.368+0000] {processor.py:208} INFO - Processing /home/airflow/.local/lib/python3.12/site-packages/airflow/example_dags/example_branch_day_of_week_operator.py took 0.064 seconds
[2025-01-14T12:09:43.600+0000] {processor.py:186} INFO - Started process (PID=288) to work on /home/airflow/.local/lib/python3.12/site-packages/airflow/example_dags/example_branch_day_of_week_operator.py
[2025-01-14T12:09:43.602+0000] {processor.py:914} INFO - Processing file /home/airflow/.local/lib/python3.12/site-packages/airflow/example_dags/example_branch_day_of_week_operator.py for tasks to queue
[2025-01-14T12:09:43.607+0000] {logging_mixin.py:190} INFO - [2025-01-14T12:09:43.606+0000] {dagbag.py:588} INFO - Filling up the DagBag from /home/airflow/.local/lib/python3.12/site-packages/airflow/example_dags/example_branch_day_of_week_operator.py
[2025-01-14T12:09:43.629+0000] {processor.py:925} INFO - DAG(s) 'example_weekday_branch_operator' retrieved from /home/airflow/.local/lib/python3.12/site-packages/airflow/example_dags/example_branch_day_of_week_operator.py
[2025-01-14T12:09:43.685+0000] {logging_mixin.py:190} INFO - [2025-01-14T12:09:43.685+0000] {dag.py:3239} INFO - Sync 1 DAGs
[2025-01-14T12:09:43.729+0000] {logging_mixin.py:190} INFO - [2025-01-14T12:09:43.728+0000] {dag.py:4180} INFO - Setting next_dagrun for example_weekday_branch_operator to 2025-01-13 00:00:00+00:00, run_after=2025-01-14 00:00:00+00:00
[2025-01-14T12:09:43.771+0000] {processor.py:208} INFO - Processing /home/airflow/.local/lib/python3.12/site-packages/airflow/example_dags/example_branch_day_of_week_operator.py took 0.187 seconds
[2025-01-14T12:10:13.873+0000] {processor.py:186} INFO - Started process (PID=583) to work on /home/airflow/.local/lib/python3.12/site-packages/airflow/example_dags/example_branch_day_of_week_operator.py
[2025-01-14T12:10:13.875+0000] {processor.py:914} INFO - Processing file /home/airflow/.local/lib/python3.12/site-packages/airflow/example_dags/example_branch_day_of_week_operator.py for tasks to queue
[2025-01-14T12:10:13.883+0000] {logging_mixin.py:190} INFO - [2025-01-14T12:10:13.882+0000] {dagbag.py:588} INFO - Filling up the DagBag from /home/airflow/.local/lib/python3.12/site-packages/airflow/example_dags/example_branch_day_of_week_operator.py
[2025-01-14T12:10:13.912+0000] {processor.py:925} INFO - DAG(s) 'example_weekday_branch_operator' retrieved from /home/airflow/.local/lib/python3.12/site-packages/airflow/example_dags/example_branch_day_of_week_operator.py
[2025-01-14T12:10:13.970+0000] {logging_mixin.py:190} INFO - [2025-01-14T12:10:13.970+0000] {dag.py:3239} INFO - Sync 1 DAGs
[2025-01-14T12:10:14.023+0000] {logging_mixin.py:190} INFO - [2025-01-14T12:10:14.023+0000] {dag.py:4180} INFO - Setting next_dagrun for example_weekday_branch_operator to 2025-01-13 00:00:00+00:00, run_after=2025-01-14 00:00:00+00:00
[2025-01-14T12:10:14.065+0000] {processor.py:208} INFO - Processing /home/airflow/.local/lib/python3.12/site-packages/airflow/example_dags/example_branch_day_of_week_operator.py took 0.201 seconds
[2025-01-14T12:10:44.894+0000] {processor.py:186} INFO - Started process (PID=879) to work on /home/airflow/.local/lib/python3.12/site-packages/airflow/example_dags/example_branch_day_of_week_operator.py
[2025-01-14T12:10:44.896+0000] {processor.py:914} INFO - Processing file /home/airflow/.local/lib/python3.12/site-packages/airflow/example_dags/example_branch_day_of_week_operator.py for tasks to queue
[2025-01-14T12:10:44.903+0000] {logging_mixin.py:190} INFO - [2025-01-14T12:10:44.902+0000] {dagbag.py:588} INFO - Filling up the DagBag from /home/airflow/.local/lib/python3.12/site-packages/airflow/example_dags/example_branch_day_of_week_operator.py
[2025-01-14T12:10:44.919+0000] {processor.py:925} INFO - DAG(s) 'example_weekday_branch_operator' retrieved from /home/airflow/.local/lib/python3.12/site-packages/airflow/example_dags/example_branch_day_of_week_operator.py
[2025-01-14T12:10:44.956+0000] {logging_mixin.py:190} INFO - [2025-01-14T12:10:44.955+0000] {dag.py:3239} INFO - Sync 1 DAGs
[2025-01-14T12:10:44.999+0000] {logging_mixin.py:190} INFO - [2025-01-14T12:10:44.999+0000] {dag.py:4180} INFO - Setting next_dagrun for example_weekday_branch_operator to 2025-01-13 00:00:00+00:00, run_after=2025-01-14 00:00:00+00:00
[2025-01-14T12:10:45.037+0000] {processor.py:208} INFO - Processing /home/airflow/.local/lib/python3.12/site-packages/airflow/example_dags/example_branch_day_of_week_operator.py took 0.158 seconds
[2025-01-14T12:11:15.677+0000] {processor.py:186} INFO - Started process (PID=1176) to work on /home/airflow/.local/lib/python3.12/site-packages/airflow/example_dags/example_branch_day_of_week_operator.py
[2025-01-14T12:11:15.680+0000] {processor.py:914} INFO - Processing file /home/airflow/.local/lib/python3.12/site-packages/airflow/example_dags/example_branch_day_of_week_operator.py for tasks to queue
[2025-01-14T12:11:15.686+0000] {logging_mixin.py:190} INFO - [2025-01-14T12:11:15.685+0000] {dagbag.py:588} INFO - Filling up the DagBag from /home/airflow/.local/lib/python3.12/site-packages/airflow/example_dags/example_branch_day_of_week_operator.py
[2025-01-14T12:11:15.716+0000] {processor.py:925} INFO - DAG(s) 'example_weekday_branch_operator' retrieved from /home/airflow/.local/lib/python3.12/site-packages/airflow/example_dags/example_branch_day_of_week_operator.py
[2025-01-14T12:11:15.772+0000] {logging_mixin.py:190} INFO - [2025-01-14T12:11:15.771+0000] {dag.py:3239} INFO - Sync 1 DAGs
[2025-01-14T12:11:15.837+0000] {logging_mixin.py:190} INFO - [2025-01-14T12:11:15.837+0000] {dag.py:4180} INFO - Setting next_dagrun for example_weekday_branch_operator to 2025-01-13 00:00:00+00:00, run_after=2025-01-14 00:00:00+00:00
[2025-01-14T12:11:15.893+0000] {processor.py:208} INFO - Processing /home/airflow/.local/lib/python3.12/site-packages/airflow/example_dags/example_branch_day_of_week_operator.py took 0.234 seconds
[2025-01-14T12:11:46.188+0000] {processor.py:186} INFO - Started process (PID=1472) to work on /home/airflow/.local/lib/python3.12/site-packages/airflow/example_dags/example_branch_day_of_week_operator.py
[2025-01-14T12:11:46.191+0000] {processor.py:914} INFO - Processing file /home/airflow/.local/lib/python3.12/site-packages/airflow/example_dags/example_branch_day_of_week_operator.py for tasks to queue
[2025-01-14T12:11:46.196+0000] {logging_mixin.py:190} INFO - [2025-01-14T12:11:46.195+0000] {dagbag.py:588} INFO - Filling up the DagBag from /home/airflow/.local/lib/python3.12/site-packages/airflow/example_dags/example_branch_day_of_week_operator.py
[2025-01-14T12:11:46.224+0000] {processor.py:925} INFO - DAG(s) 'example_weekday_branch_operator' retrieved from /home/airflow/.local/lib/python3.12/site-packages/airflow/example_dags/example_branch_day_of_week_operator.py
[2025-01-14T12:11:46.266+0000] {logging_mixin.py:190} INFO - [2025-01-14T12:11:46.265+0000] {dag.py:3239} INFO - Sync 1 DAGs
[2025-01-14T12:11:46.315+0000] {logging_mixin.py:190} INFO - [2025-01-14T12:11:46.315+0000] {dag.py:4180} INFO - Setting next_dagrun for example_weekday_branch_operator to 2025-01-13 00:00:00+00:00, run_after=2025-01-14 00:00:00+00:00
[2025-01-14T12:11:46.360+0000] {processor.py:208} INFO - Processing /home/airflow/.local/lib/python3.12/site-packages/airflow/example_dags/example_branch_day_of_week_operator.py took 0.191 seconds
[2025-01-14T12:12:16.715+0000] {processor.py:186} INFO - Started process (PID=1773) to work on /home/airflow/.local/lib/python3.12/site-packages/airflow/example_dags/example_branch_day_of_week_operator.py
[2025-01-14T12:12:16.717+0000] {processor.py:914} INFO - Processing file /home/airflow/.local/lib/python3.12/site-packages/airflow/example_dags/example_branch_day_of_week_operator.py for tasks to queue
[2025-01-14T12:12:16.724+0000] {logging_mixin.py:190} INFO - [2025-01-14T12:12:16.723+0000] {dagbag.py:588} INFO - Filling up the DagBag from /home/airflow/.local/lib/python3.12/site-packages/airflow/example_dags/example_branch_day_of_week_operator.py
[2025-01-14T12:12:16.755+0000] {processor.py:925} INFO - DAG(s) 'example_weekday_branch_operator' retrieved from /home/airflow/.local/lib/python3.12/site-packages/airflow/example_dags/example_branch_day_of_week_operator.py
[2025-01-14T12:12:16.803+0000] {logging_mixin.py:190} INFO - [2025-01-14T12:12:16.803+0000] {dag.py:3239} INFO - Sync 1 DAGs
[2025-01-14T12:12:16.848+0000] {logging_mixin.py:190} INFO - [2025-01-14T12:12:16.847+0000] {dag.py:4180} INFO - Setting next_dagrun for example_weekday_branch_operator to 2025-01-13 00:00:00+00:00, run_after=2025-01-14 00:00:00+00:00
[2025-01-14T12:12:16.881+0000] {processor.py:208} INFO - Processing /home/airflow/.local/lib/python3.12/site-packages/airflow/example_dags/example_branch_day_of_week_operator.py took 0.183 seconds
[2025-01-14T12:12:47.151+0000] {processor.py:186} INFO - Started process (PID=2070) to work on /home/airflow/.local/lib/python3.12/site-packages/airflow/example_dags/example_branch_day_of_week_operator.py
[2025-01-14T12:12:47.153+0000] {processor.py:914} INFO - Processing file /home/airflow/.local/lib/python3.12/site-packages/airflow/example_dags/example_branch_day_of_week_operator.py for tasks to queue
[2025-01-14T12:12:47.158+0000] {logging_mixin.py:190} INFO - [2025-01-14T12:12:47.157+0000] {dagbag.py:588} INFO - Filling up the DagBag from /home/airflow/.local/lib/python3.12/site-packages/airflow/example_dags/example_branch_day_of_week_operator.py
[2025-01-14T12:12:47.176+0000] {processor.py:925} INFO - DAG(s) 'example_weekday_branch_operator' retrieved from /home/airflow/.local/lib/python3.12/site-packages/airflow/example_dags/example_branch_day_of_week_operator.py
[2025-01-14T12:12:47.215+0000] {logging_mixin.py:190} INFO - [2025-01-14T12:12:47.214+0000] {dag.py:3239} INFO - Sync 1 DAGs
[2025-01-14T12:12:47.263+0000] {logging_mixin.py:190} INFO - [2025-01-14T12:12:47.263+0000] {dag.py:4180} INFO - Setting next_dagrun for example_weekday_branch_operator to 2025-01-13 00:00:00+00:00, run_after=2025-01-14 00:00:00+00:00
[2025-01-14T12:12:47.300+0000] {processor.py:208} INFO - Processing /home/airflow/.local/lib/python3.12/site-packages/airflow/example_dags/example_branch_day_of_week_operator.py took 0.158 seconds
[2025-01-14T12:13:18.188+0000] {processor.py:186} INFO - Started process (PID=2366) to work on /home/airflow/.local/lib/python3.12/site-packages/airflow/example_dags/example_branch_day_of_week_operator.py
[2025-01-14T12:13:18.190+0000] {processor.py:914} INFO - Processing file /home/airflow/.local/lib/python3.12/site-packages/airflow/example_dags/example_branch_day_of_week_operator.py for tasks to queue
[2025-01-14T12:13:18.196+0000] {logging_mixin.py:190} INFO - [2025-01-14T12:13:18.195+0000] {dagbag.py:588} INFO - Filling up the DagBag from /home/airflow/.local/lib/python3.12/site-packages/airflow/example_dags/example_branch_day_of_week_operator.py
[2025-01-14T12:13:18.225+0000] {processor.py:925} INFO - DAG(s) 'example_weekday_branch_operator' retrieved from /home/airflow/.local/lib/python3.12/site-packages/airflow/example_dags/example_branch_day_of_week_operator.py
[2025-01-14T12:13:18.276+0000] {logging_mixin.py:190} INFO - [2025-01-14T12:13:18.276+0000] {dag.py:3239} INFO - Sync 1 DAGs
[2025-01-14T12:13:18.338+0000] {logging_mixin.py:190} INFO - [2025-01-14T12:13:18.338+0000] {dag.py:4180} INFO - Setting next_dagrun for example_weekday_branch_operator to 2025-01-13 00:00:00+00:00, run_after=2025-01-14 00:00:00+00:00
[2025-01-14T12:13:18.387+0000] {processor.py:208} INFO - Processing /home/airflow/.local/lib/python3.12/site-packages/airflow/example_dags/example_branch_day_of_week_operator.py took 0.207 seconds
[2025-01-14T12:13:48.473+0000] {processor.py:186} INFO - Started process (PID=2662) to work on /home/airflow/.local/lib/python3.12/site-packages/airflow/example_dags/example_branch_day_of_week_operator.py
[2025-01-14T12:13:48.475+0000] {processor.py:914} INFO - Processing file /home/airflow/.local/lib/python3.12/site-packages/airflow/example_dags/example_branch_day_of_week_operator.py for tasks to queue
[2025-01-14T12:13:48.480+0000] {logging_mixin.py:190} INFO - [2025-01-14T12:13:48.479+0000] {dagbag.py:588} INFO - Filling up the DagBag from /home/airflow/.local/lib/python3.12/site-packages/airflow/example_dags/example_branch_day_of_week_operator.py
[2025-01-14T12:13:48.509+0000] {processor.py:925} INFO - DAG(s) 'example_weekday_branch_operator' retrieved from /home/airflow/.local/lib/python3.12/site-packages/airflow/example_dags/example_branch_day_of_week_operator.py
[2025-01-14T12:13:48.558+0000] {logging_mixin.py:190} INFO - [2025-01-14T12:13:48.557+0000] {dag.py:3239} INFO - Sync 1 DAGs
[2025-01-14T12:13:48.607+0000] {logging_mixin.py:190} INFO - [2025-01-14T12:13:48.606+0000] {dag.py:4180} INFO - Setting next_dagrun for example_weekday_branch_operator to 2025-01-13 00:00:00+00:00, run_after=2025-01-14 00:00:00+00:00
[2025-01-14T12:13:48.658+0000] {processor.py:208} INFO - Processing /home/airflow/.local/lib/python3.12/site-packages/airflow/example_dags/example_branch_day_of_week_operator.py took 0.194 seconds
[2025-01-14T12:14:19.035+0000] {processor.py:186} INFO - Started process (PID=2958) to work on /home/airflow/.local/lib/python3.12/site-packages/airflow/example_dags/example_branch_day_of_week_operator.py
[2025-01-14T12:14:19.038+0000] {processor.py:914} INFO - Processing file /home/airflow/.local/lib/python3.12/site-packages/airflow/example_dags/example_branch_day_of_week_operator.py for tasks to queue
[2025-01-14T12:14:19.045+0000] {logging_mixin.py:190} INFO - [2025-01-14T12:14:19.044+0000] {dagbag.py:588} INFO - Filling up the DagBag from /home/airflow/.local/lib/python3.12/site-packages/airflow/example_dags/example_branch_day_of_week_operator.py
[2025-01-14T12:14:19.066+0000] {processor.py:925} INFO - DAG(s) 'example_weekday_branch_operator' retrieved from /home/airflow/.local/lib/python3.12/site-packages/airflow/example_dags/example_branch_day_of_week_operator.py
[2025-01-14T12:14:19.120+0000] {logging_mixin.py:190} INFO - [2025-01-14T12:14:19.120+0000] {dag.py:3239} INFO - Sync 1 DAGs
[2025-01-14T12:14:19.183+0000] {logging_mixin.py:190} INFO - [2025-01-14T12:14:19.183+0000] {dag.py:4180} INFO - Setting next_dagrun for example_weekday_branch_operator to 2025-01-13 00:00:00+00:00, run_after=2025-01-14 00:00:00+00:00
[2025-01-14T12:14:19.227+0000] {processor.py:208} INFO - Processing /home/airflow/.local/lib/python3.12/site-packages/airflow/example_dags/example_branch_day_of_week_operator.py took 0.208 seconds
[2025-01-14T12:14:49.541+0000] {processor.py:186} INFO - Started process (PID=3254) to work on /home/airflow/.local/lib/python3.12/site-packages/airflow/example_dags/example_branch_day_of_week_operator.py
[2025-01-14T12:14:49.542+0000] {processor.py:914} INFO - Processing file /home/airflow/.local/lib/python3.12/site-packages/airflow/example_dags/example_branch_day_of_week_operator.py for tasks to queue
[2025-01-14T12:14:49.546+0000] {logging_mixin.py:190} INFO - [2025-01-14T12:14:49.545+0000] {dagbag.py:588} INFO - Filling up the DagBag from /home/airflow/.local/lib/python3.12/site-packages/airflow/example_dags/example_branch_day_of_week_operator.py
[2025-01-14T12:14:49.562+0000] {processor.py:925} INFO - DAG(s) 'example_weekday_branch_operator' retrieved from /home/airflow/.local/lib/python3.12/site-packages/airflow/example_dags/example_branch_day_of_week_operator.py
[2025-01-14T12:14:49.605+0000] {logging_mixin.py:190} INFO - [2025-01-14T12:14:49.604+0000] {dag.py:3239} INFO - Sync 1 DAGs
[2025-01-14T12:14:49.646+0000] {logging_mixin.py:190} INFO - [2025-01-14T12:14:49.646+0000] {dag.py:4180} INFO - Setting next_dagrun for example_weekday_branch_operator to 2025-01-13 00:00:00+00:00, run_after=2025-01-14 00:00:00+00:00
[2025-01-14T12:14:49.673+0000] {processor.py:208} INFO - Processing /home/airflow/.local/lib/python3.12/site-packages/airflow/example_dags/example_branch_day_of_week_operator.py took 0.142 seconds
[2025-01-14T12:15:20.633+0000] {processor.py:186} INFO - Started process (PID=3545) to work on /home/airflow/.local/lib/python3.12/site-packages/airflow/example_dags/example_branch_day_of_week_operator.py
[2025-01-14T12:15:20.635+0000] {processor.py:914} INFO - Processing file /home/airflow/.local/lib/python3.12/site-packages/airflow/example_dags/example_branch_day_of_week_operator.py for tasks to queue
[2025-01-14T12:15:20.642+0000] {logging_mixin.py:190} INFO - [2025-01-14T12:15:20.641+0000] {dagbag.py:588} INFO - Filling up the DagBag from /home/airflow/.local/lib/python3.12/site-packages/airflow/example_dags/example_branch_day_of_week_operator.py
[2025-01-14T12:15:20.659+0000] {processor.py:925} INFO - DAG(s) 'example_weekday_branch_operator' retrieved from /home/airflow/.local/lib/python3.12/site-packages/airflow/example_dags/example_branch_day_of_week_operator.py
[2025-01-14T12:15:20.720+0000] {logging_mixin.py:190} INFO - [2025-01-14T12:15:20.719+0000] {dag.py:3239} INFO - Sync 1 DAGs
[2025-01-14T12:15:20.785+0000] {logging_mixin.py:190} INFO - [2025-01-14T12:15:20.785+0000] {dag.py:4180} INFO - Setting next_dagrun for example_weekday_branch_operator to 2025-01-13 00:00:00+00:00, run_after=2025-01-14 00:00:00+00:00
[2025-01-14T12:15:20.837+0000] {processor.py:208} INFO - Processing /home/airflow/.local/lib/python3.12/site-packages/airflow/example_dags/example_branch_day_of_week_operator.py took 0.212 seconds
[2025-01-14T12:32:39.899+0000] {processor.py:186} INFO - Started process (PID=298) to work on /home/airflow/.local/lib/python3.12/site-packages/airflow/example_dags/example_branch_day_of_week_operator.py
[2025-01-14T12:32:39.901+0000] {processor.py:914} INFO - Processing file /home/airflow/.local/lib/python3.12/site-packages/airflow/example_dags/example_branch_day_of_week_operator.py for tasks to queue
[2025-01-14T12:32:39.905+0000] {logging_mixin.py:190} INFO - [2025-01-14T12:32:39.904+0000] {dagbag.py:588} INFO - Filling up the DagBag from /home/airflow/.local/lib/python3.12/site-packages/airflow/example_dags/example_branch_day_of_week_operator.py
[2025-01-14T12:32:39.941+0000] {processor.py:925} INFO - DAG(s) 'example_weekday_branch_operator' retrieved from /home/airflow/.local/lib/python3.12/site-packages/airflow/example_dags/example_branch_day_of_week_operator.py
[2025-01-14T12:32:39.979+0000] {logging_mixin.py:190} INFO - [2025-01-14T12:32:39.978+0000] {dag.py:3239} INFO - Sync 1 DAGs
[2025-01-14T12:32:40.026+0000] {logging_mixin.py:190} INFO - [2025-01-14T12:32:40.026+0000] {dag.py:4180} INFO - Setting next_dagrun for example_weekday_branch_operator to 2025-01-13 00:00:00+00:00, run_after=2025-01-14 00:00:00+00:00
[2025-01-14T12:32:40.065+0000] {processor.py:208} INFO - Processing /home/airflow/.local/lib/python3.12/site-packages/airflow/example_dags/example_branch_day_of_week_operator.py took 0.179 seconds
[2025-01-14T12:33:10.157+0000] {processor.py:186} INFO - Started process (PID=592) to work on /home/airflow/.local/lib/python3.12/site-packages/airflow/example_dags/example_branch_day_of_week_operator.py
[2025-01-14T12:33:10.159+0000] {processor.py:914} INFO - Processing file /home/airflow/.local/lib/python3.12/site-packages/airflow/example_dags/example_branch_day_of_week_operator.py for tasks to queue
[2025-01-14T12:33:10.163+0000] {logging_mixin.py:190} INFO - [2025-01-14T12:33:10.162+0000] {dagbag.py:588} INFO - Filling up the DagBag from /home/airflow/.local/lib/python3.12/site-packages/airflow/example_dags/example_branch_day_of_week_operator.py
[2025-01-14T12:33:10.178+0000] {processor.py:925} INFO - DAG(s) 'example_weekday_branch_operator' retrieved from /home/airflow/.local/lib/python3.12/site-packages/airflow/example_dags/example_branch_day_of_week_operator.py
[2025-01-14T12:33:10.216+0000] {logging_mixin.py:190} INFO - [2025-01-14T12:33:10.216+0000] {dag.py:3239} INFO - Sync 1 DAGs
[2025-01-14T12:33:10.254+0000] {logging_mixin.py:190} INFO - [2025-01-14T12:33:10.253+0000] {dag.py:4180} INFO - Setting next_dagrun for example_weekday_branch_operator to 2025-01-13 00:00:00+00:00, run_after=2025-01-14 00:00:00+00:00
[2025-01-14T12:33:10.280+0000] {processor.py:208} INFO - Processing /home/airflow/.local/lib/python3.12/site-packages/airflow/example_dags/example_branch_day_of_week_operator.py took 0.132 seconds
[2025-01-14T12:33:40.548+0000] {processor.py:186} INFO - Started process (PID=885) to work on /home/airflow/.local/lib/python3.12/site-packages/airflow/example_dags/example_branch_day_of_week_operator.py
[2025-01-14T12:33:40.550+0000] {processor.py:914} INFO - Processing file /home/airflow/.local/lib/python3.12/site-packages/airflow/example_dags/example_branch_day_of_week_operator.py for tasks to queue
[2025-01-14T12:33:40.554+0000] {logging_mixin.py:190} INFO - [2025-01-14T12:33:40.553+0000] {dagbag.py:588} INFO - Filling up the DagBag from /home/airflow/.local/lib/python3.12/site-packages/airflow/example_dags/example_branch_day_of_week_operator.py
[2025-01-14T12:33:40.569+0000] {processor.py:925} INFO - DAG(s) 'example_weekday_branch_operator' retrieved from /home/airflow/.local/lib/python3.12/site-packages/airflow/example_dags/example_branch_day_of_week_operator.py
[2025-01-14T12:33:40.606+0000] {logging_mixin.py:190} INFO - [2025-01-14T12:33:40.606+0000] {dag.py:3239} INFO - Sync 1 DAGs
[2025-01-14T12:33:40.643+0000] {logging_mixin.py:190} INFO - [2025-01-14T12:33:40.642+0000] {dag.py:4180} INFO - Setting next_dagrun for example_weekday_branch_operator to 2025-01-13 00:00:00+00:00, run_after=2025-01-14 00:00:00+00:00
[2025-01-14T12:33:40.675+0000] {processor.py:208} INFO - Processing /home/airflow/.local/lib/python3.12/site-packages/airflow/example_dags/example_branch_day_of_week_operator.py took 0.136 seconds
[2025-01-14T12:34:10.905+0000] {processor.py:186} INFO - Started process (PID=1179) to work on /home/airflow/.local/lib/python3.12/site-packages/airflow/example_dags/example_branch_day_of_week_operator.py
[2025-01-14T12:34:10.907+0000] {processor.py:914} INFO - Processing file /home/airflow/.local/lib/python3.12/site-packages/airflow/example_dags/example_branch_day_of_week_operator.py for tasks to queue
[2025-01-14T12:34:10.915+0000] {logging_mixin.py:190} INFO - [2025-01-14T12:34:10.914+0000] {dagbag.py:588} INFO - Filling up the DagBag from /home/airflow/.local/lib/python3.12/site-packages/airflow/example_dags/example_branch_day_of_week_operator.py
[2025-01-14T12:34:10.936+0000] {processor.py:925} INFO - DAG(s) 'example_weekday_branch_operator' retrieved from /home/airflow/.local/lib/python3.12/site-packages/airflow/example_dags/example_branch_day_of_week_operator.py
[2025-01-14T12:34:10.975+0000] {logging_mixin.py:190} INFO - [2025-01-14T12:34:10.975+0000] {dag.py:3239} INFO - Sync 1 DAGs
[2025-01-14T12:34:11.015+0000] {logging_mixin.py:190} INFO - [2025-01-14T12:34:11.014+0000] {dag.py:4180} INFO - Setting next_dagrun for example_weekday_branch_operator to 2025-01-13 00:00:00+00:00, run_after=2025-01-14 00:00:00+00:00
[2025-01-14T12:34:11.057+0000] {processor.py:208} INFO - Processing /home/airflow/.local/lib/python3.12/site-packages/airflow/example_dags/example_branch_day_of_week_operator.py took 0.162 seconds
[2025-01-14T12:34:41.282+0000] {processor.py:186} INFO - Started process (PID=1474) to work on /home/airflow/.local/lib/python3.12/site-packages/airflow/example_dags/example_branch_day_of_week_operator.py
[2025-01-14T12:34:41.284+0000] {processor.py:914} INFO - Processing file /home/airflow/.local/lib/python3.12/site-packages/airflow/example_dags/example_branch_day_of_week_operator.py for tasks to queue
[2025-01-14T12:34:41.288+0000] {logging_mixin.py:190} INFO - [2025-01-14T12:34:41.288+0000] {dagbag.py:588} INFO - Filling up the DagBag from /home/airflow/.local/lib/python3.12/site-packages/airflow/example_dags/example_branch_day_of_week_operator.py
[2025-01-14T12:34:41.303+0000] {processor.py:925} INFO - DAG(s) 'example_weekday_branch_operator' retrieved from /home/airflow/.local/lib/python3.12/site-packages/airflow/example_dags/example_branch_day_of_week_operator.py
[2025-01-14T12:34:41.352+0000] {logging_mixin.py:190} INFO - [2025-01-14T12:34:41.352+0000] {dag.py:3239} INFO - Sync 1 DAGs
[2025-01-14T12:34:41.403+0000] {logging_mixin.py:190} INFO - [2025-01-14T12:34:41.402+0000] {dag.py:4180} INFO - Setting next_dagrun for example_weekday_branch_operator to 2025-01-13 00:00:00+00:00, run_after=2025-01-14 00:00:00+00:00
[2025-01-14T12:34:41.437+0000] {processor.py:208} INFO - Processing /home/airflow/.local/lib/python3.12/site-packages/airflow/example_dags/example_branch_day_of_week_operator.py took 0.164 seconds
[2025-01-14T12:35:12.290+0000] {processor.py:186} INFO - Started process (PID=1770) to work on /home/airflow/.local/lib/python3.12/site-packages/airflow/example_dags/example_branch_day_of_week_operator.py
[2025-01-14T12:35:12.292+0000] {processor.py:914} INFO - Processing file /home/airflow/.local/lib/python3.12/site-packages/airflow/example_dags/example_branch_day_of_week_operator.py for tasks to queue
[2025-01-14T12:35:12.299+0000] {logging_mixin.py:190} INFO - [2025-01-14T12:35:12.298+0000] {dagbag.py:588} INFO - Filling up the DagBag from /home/airflow/.local/lib/python3.12/site-packages/airflow/example_dags/example_branch_day_of_week_operator.py
[2025-01-14T12:35:12.315+0000] {processor.py:925} INFO - DAG(s) 'example_weekday_branch_operator' retrieved from /home/airflow/.local/lib/python3.12/site-packages/airflow/example_dags/example_branch_day_of_week_operator.py
[2025-01-14T12:35:12.355+0000] {logging_mixin.py:190} INFO - [2025-01-14T12:35:12.354+0000] {dag.py:3239} INFO - Sync 1 DAGs
[2025-01-14T12:35:12.403+0000] {logging_mixin.py:190} INFO - [2025-01-14T12:35:12.403+0000] {dag.py:4180} INFO - Setting next_dagrun for example_weekday_branch_operator to 2025-01-13 00:00:00+00:00, run_after=2025-01-14 00:00:00+00:00
[2025-01-14T12:35:12.438+0000] {processor.py:208} INFO - Processing /home/airflow/.local/lib/python3.12/site-packages/airflow/example_dags/example_branch_day_of_week_operator.py took 0.157 seconds
[2025-01-14T12:35:43.528+0000] {processor.py:186} INFO - Started process (PID=2070) to work on /home/airflow/.local/lib/python3.12/site-packages/airflow/example_dags/example_branch_day_of_week_operator.py
[2025-01-14T12:35:43.530+0000] {processor.py:914} INFO - Processing file /home/airflow/.local/lib/python3.12/site-packages/airflow/example_dags/example_branch_day_of_week_operator.py for tasks to queue
[2025-01-14T12:35:43.534+0000] {logging_mixin.py:190} INFO - [2025-01-14T12:35:43.533+0000] {dagbag.py:588} INFO - Filling up the DagBag from /home/airflow/.local/lib/python3.12/site-packages/airflow/example_dags/example_branch_day_of_week_operator.py
[2025-01-14T12:35:43.550+0000] {processor.py:925} INFO - DAG(s) 'example_weekday_branch_operator' retrieved from /home/airflow/.local/lib/python3.12/site-packages/airflow/example_dags/example_branch_day_of_week_operator.py
[2025-01-14T12:35:43.599+0000] {logging_mixin.py:190} INFO - [2025-01-14T12:35:43.598+0000] {dag.py:3239} INFO - Sync 1 DAGs
[2025-01-14T12:35:43.642+0000] {logging_mixin.py:190} INFO - [2025-01-14T12:35:43.641+0000] {dag.py:4180} INFO - Setting next_dagrun for example_weekday_branch_operator to 2025-01-13 00:00:00+00:00, run_after=2025-01-14 00:00:00+00:00
[2025-01-14T12:35:43.675+0000] {processor.py:208} INFO - Processing /home/airflow/.local/lib/python3.12/site-packages/airflow/example_dags/example_branch_day_of_week_operator.py took 0.163 seconds
[2025-01-14T12:36:14.502+0000] {processor.py:186} INFO - Started process (PID=2368) to work on /home/airflow/.local/lib/python3.12/site-packages/airflow/example_dags/example_branch_day_of_week_operator.py
[2025-01-14T12:36:14.504+0000] {processor.py:914} INFO - Processing file /home/airflow/.local/lib/python3.12/site-packages/airflow/example_dags/example_branch_day_of_week_operator.py for tasks to queue
[2025-01-14T12:36:14.508+0000] {logging_mixin.py:190} INFO - [2025-01-14T12:36:14.508+0000] {dagbag.py:588} INFO - Filling up the DagBag from /home/airflow/.local/lib/python3.12/site-packages/airflow/example_dags/example_branch_day_of_week_operator.py
[2025-01-14T12:36:14.524+0000] {processor.py:925} INFO - DAG(s) 'example_weekday_branch_operator' retrieved from /home/airflow/.local/lib/python3.12/site-packages/airflow/example_dags/example_branch_day_of_week_operator.py
[2025-01-14T12:36:14.556+0000] {logging_mixin.py:190} INFO - [2025-01-14T12:36:14.555+0000] {dag.py:3239} INFO - Sync 1 DAGs
[2025-01-14T12:36:14.594+0000] {logging_mixin.py:190} INFO - [2025-01-14T12:36:14.593+0000] {dag.py:4180} INFO - Setting next_dagrun for example_weekday_branch_operator to 2025-01-13 00:00:00+00:00, run_after=2025-01-14 00:00:00+00:00
[2025-01-14T12:36:14.626+0000] {processor.py:208} INFO - Processing /home/airflow/.local/lib/python3.12/site-packages/airflow/example_dags/example_branch_day_of_week_operator.py took 0.135 seconds
[2025-01-14T12:36:45.693+0000] {processor.py:186} INFO - Started process (PID=2664) to work on /home/airflow/.local/lib/python3.12/site-packages/airflow/example_dags/example_branch_day_of_week_operator.py
[2025-01-14T12:36:45.695+0000] {processor.py:914} INFO - Processing file /home/airflow/.local/lib/python3.12/site-packages/airflow/example_dags/example_branch_day_of_week_operator.py for tasks to queue
[2025-01-14T12:36:45.699+0000] {logging_mixin.py:190} INFO - [2025-01-14T12:36:45.699+0000] {dagbag.py:588} INFO - Filling up the DagBag from /home/airflow/.local/lib/python3.12/site-packages/airflow/example_dags/example_branch_day_of_week_operator.py
[2025-01-14T12:36:45.716+0000] {processor.py:925} INFO - DAG(s) 'example_weekday_branch_operator' retrieved from /home/airflow/.local/lib/python3.12/site-packages/airflow/example_dags/example_branch_day_of_week_operator.py
[2025-01-14T12:36:45.749+0000] {logging_mixin.py:190} INFO - [2025-01-14T12:36:45.749+0000] {dag.py:3239} INFO - Sync 1 DAGs
[2025-01-14T12:36:45.798+0000] {logging_mixin.py:190} INFO - [2025-01-14T12:36:45.798+0000] {dag.py:4180} INFO - Setting next_dagrun for example_weekday_branch_operator to 2025-01-13 00:00:00+00:00, run_after=2025-01-14 00:00:00+00:00
[2025-01-14T12:36:45.830+0000] {processor.py:208} INFO - Processing /home/airflow/.local/lib/python3.12/site-packages/airflow/example_dags/example_branch_day_of_week_operator.py took 0.147 seconds
[2025-01-14T12:37:16.770+0000] {processor.py:186} INFO - Started process (PID=2960) to work on /home/airflow/.local/lib/python3.12/site-packages/airflow/example_dags/example_branch_day_of_week_operator.py
[2025-01-14T12:37:16.772+0000] {processor.py:914} INFO - Processing file /home/airflow/.local/lib/python3.12/site-packages/airflow/example_dags/example_branch_day_of_week_operator.py for tasks to queue
[2025-01-14T12:37:16.780+0000] {logging_mixin.py:190} INFO - [2025-01-14T12:37:16.779+0000] {dagbag.py:588} INFO - Filling up the DagBag from /home/airflow/.local/lib/python3.12/site-packages/airflow/example_dags/example_branch_day_of_week_operator.py
[2025-01-14T12:37:16.803+0000] {processor.py:925} INFO - DAG(s) 'example_weekday_branch_operator' retrieved from /home/airflow/.local/lib/python3.12/site-packages/airflow/example_dags/example_branch_day_of_week_operator.py
[2025-01-14T12:37:16.844+0000] {logging_mixin.py:190} INFO - [2025-01-14T12:37:16.844+0000] {dag.py:3239} INFO - Sync 1 DAGs
[2025-01-14T12:37:16.884+0000] {logging_mixin.py:190} INFO - [2025-01-14T12:37:16.883+0000] {dag.py:4180} INFO - Setting next_dagrun for example_weekday_branch_operator to 2025-01-13 00:00:00+00:00, run_after=2025-01-14 00:00:00+00:00
[2025-01-14T12:37:16.916+0000] {processor.py:208} INFO - Processing /home/airflow/.local/lib/python3.12/site-packages/airflow/example_dags/example_branch_day_of_week_operator.py took 0.164 seconds
[2025-01-14T12:37:47.257+0000] {processor.py:186} INFO - Started process (PID=3254) to work on /home/airflow/.local/lib/python3.12/site-packages/airflow/example_dags/example_branch_day_of_week_operator.py
[2025-01-14T12:37:47.258+0000] {processor.py:914} INFO - Processing file /home/airflow/.local/lib/python3.12/site-packages/airflow/example_dags/example_branch_day_of_week_operator.py for tasks to queue
[2025-01-14T12:37:47.262+0000] {logging_mixin.py:190} INFO - [2025-01-14T12:37:47.261+0000] {dagbag.py:588} INFO - Filling up the DagBag from /home/airflow/.local/lib/python3.12/site-packages/airflow/example_dags/example_branch_day_of_week_operator.py
[2025-01-14T12:37:47.277+0000] {processor.py:925} INFO - DAG(s) 'example_weekday_branch_operator' retrieved from /home/airflow/.local/lib/python3.12/site-packages/airflow/example_dags/example_branch_day_of_week_operator.py
[2025-01-14T12:37:47.316+0000] {logging_mixin.py:190} INFO - [2025-01-14T12:37:47.316+0000] {dag.py:3239} INFO - Sync 1 DAGs
[2025-01-14T12:37:47.359+0000] {logging_mixin.py:190} INFO - [2025-01-14T12:37:47.358+0000] {dag.py:4180} INFO - Setting next_dagrun for example_weekday_branch_operator to 2025-01-13 00:00:00+00:00, run_after=2025-01-14 00:00:00+00:00
[2025-01-14T12:37:47.402+0000] {processor.py:208} INFO - Processing /home/airflow/.local/lib/python3.12/site-packages/airflow/example_dags/example_branch_day_of_week_operator.py took 0.154 seconds
[2025-01-14T12:38:18.639+0000] {processor.py:186} INFO - Started process (PID=3552) to work on /home/airflow/.local/lib/python3.12/site-packages/airflow/example_dags/example_branch_day_of_week_operator.py
[2025-01-14T12:38:18.641+0000] {processor.py:914} INFO - Processing file /home/airflow/.local/lib/python3.12/site-packages/airflow/example_dags/example_branch_day_of_week_operator.py for tasks to queue
[2025-01-14T12:38:18.645+0000] {logging_mixin.py:190} INFO - [2025-01-14T12:38:18.644+0000] {dagbag.py:588} INFO - Filling up the DagBag from /home/airflow/.local/lib/python3.12/site-packages/airflow/example_dags/example_branch_day_of_week_operator.py
[2025-01-14T12:38:18.660+0000] {processor.py:925} INFO - DAG(s) 'example_weekday_branch_operator' retrieved from /home/airflow/.local/lib/python3.12/site-packages/airflow/example_dags/example_branch_day_of_week_operator.py
[2025-01-14T12:38:18.715+0000] {logging_mixin.py:190} INFO - [2025-01-14T12:38:18.715+0000] {dag.py:3239} INFO - Sync 1 DAGs
[2025-01-14T12:38:18.761+0000] {logging_mixin.py:190} INFO - [2025-01-14T12:38:18.761+0000] {dag.py:4180} INFO - Setting next_dagrun for example_weekday_branch_operator to 2025-01-13 00:00:00+00:00, run_after=2025-01-14 00:00:00+00:00
[2025-01-14T12:38:18.802+0000] {processor.py:208} INFO - Processing /home/airflow/.local/lib/python3.12/site-packages/airflow/example_dags/example_branch_day_of_week_operator.py took 0.171 seconds
[2025-01-14T12:38:49.107+0000] {processor.py:186} INFO - Started process (PID=3846) to work on /home/airflow/.local/lib/python3.12/site-packages/airflow/example_dags/example_branch_day_of_week_operator.py
[2025-01-14T12:38:49.109+0000] {processor.py:914} INFO - Processing file /home/airflow/.local/lib/python3.12/site-packages/airflow/example_dags/example_branch_day_of_week_operator.py for tasks to queue
[2025-01-14T12:38:49.112+0000] {logging_mixin.py:190} INFO - [2025-01-14T12:38:49.112+0000] {dagbag.py:588} INFO - Filling up the DagBag from /home/airflow/.local/lib/python3.12/site-packages/airflow/example_dags/example_branch_day_of_week_operator.py
[2025-01-14T12:38:49.136+0000] {processor.py:925} INFO - DAG(s) 'example_weekday_branch_operator' retrieved from /home/airflow/.local/lib/python3.12/site-packages/airflow/example_dags/example_branch_day_of_week_operator.py
[2025-01-14T12:38:49.178+0000] {logging_mixin.py:190} INFO - [2025-01-14T12:38:49.178+0000] {dag.py:3239} INFO - Sync 1 DAGs
[2025-01-14T12:38:49.218+0000] {logging_mixin.py:190} INFO - [2025-01-14T12:38:49.217+0000] {dag.py:4180} INFO - Setting next_dagrun for example_weekday_branch_operator to 2025-01-13 00:00:00+00:00, run_after=2025-01-14 00:00:00+00:00
[2025-01-14T12:38:49.255+0000] {processor.py:208} INFO - Processing /home/airflow/.local/lib/python3.12/site-packages/airflow/example_dags/example_branch_day_of_week_operator.py took 0.159 seconds
[2025-01-14T12:39:20.224+0000] {processor.py:186} INFO - Started process (PID=4142) to work on /home/airflow/.local/lib/python3.12/site-packages/airflow/example_dags/example_branch_day_of_week_operator.py
[2025-01-14T12:39:20.226+0000] {processor.py:914} INFO - Processing file /home/airflow/.local/lib/python3.12/site-packages/airflow/example_dags/example_branch_day_of_week_operator.py for tasks to queue
[2025-01-14T12:39:20.233+0000] {logging_mixin.py:190} INFO - [2025-01-14T12:39:20.232+0000] {dagbag.py:588} INFO - Filling up the DagBag from /home/airflow/.local/lib/python3.12/site-packages/airflow/example_dags/example_branch_day_of_week_operator.py
[2025-01-14T12:39:20.265+0000] {processor.py:925} INFO - DAG(s) 'example_weekday_branch_operator' retrieved from /home/airflow/.local/lib/python3.12/site-packages/airflow/example_dags/example_branch_day_of_week_operator.py
[2025-01-14T12:39:20.310+0000] {logging_mixin.py:190} INFO - [2025-01-14T12:39:20.310+0000] {dag.py:3239} INFO - Sync 1 DAGs
[2025-01-14T12:39:20.346+0000] {logging_mixin.py:190} INFO - [2025-01-14T12:39:20.345+0000] {dag.py:4180} INFO - Setting next_dagrun for example_weekday_branch_operator to 2025-01-13 00:00:00+00:00, run_after=2025-01-14 00:00:00+00:00
[2025-01-14T12:39:20.388+0000] {processor.py:208} INFO - Processing /home/airflow/.local/lib/python3.12/site-packages/airflow/example_dags/example_branch_day_of_week_operator.py took 0.176 seconds
[2025-01-14T12:39:51.252+0000] {processor.py:186} INFO - Started process (PID=4440) to work on /home/airflow/.local/lib/python3.12/site-packages/airflow/example_dags/example_branch_day_of_week_operator.py
[2025-01-14T12:39:51.254+0000] {processor.py:914} INFO - Processing file /home/airflow/.local/lib/python3.12/site-packages/airflow/example_dags/example_branch_day_of_week_operator.py for tasks to queue
[2025-01-14T12:39:51.258+0000] {logging_mixin.py:190} INFO - [2025-01-14T12:39:51.258+0000] {dagbag.py:588} INFO - Filling up the DagBag from /home/airflow/.local/lib/python3.12/site-packages/airflow/example_dags/example_branch_day_of_week_operator.py
[2025-01-14T12:39:51.275+0000] {processor.py:925} INFO - DAG(s) 'example_weekday_branch_operator' retrieved from /home/airflow/.local/lib/python3.12/site-packages/airflow/example_dags/example_branch_day_of_week_operator.py
[2025-01-14T12:39:51.315+0000] {logging_mixin.py:190} INFO - [2025-01-14T12:39:51.314+0000] {dag.py:3239} INFO - Sync 1 DAGs
[2025-01-14T12:39:51.365+0000] {logging_mixin.py:190} INFO - [2025-01-14T12:39:51.364+0000] {dag.py:4180} INFO - Setting next_dagrun for example_weekday_branch_operator to 2025-01-13 00:00:00+00:00, run_after=2025-01-14 00:00:00+00:00
[2025-01-14T12:39:51.406+0000] {processor.py:208} INFO - Processing /home/airflow/.local/lib/python3.12/site-packages/airflow/example_dags/example_branch_day_of_week_operator.py took 0.164 seconds
[2025-01-14T12:40:21.752+0000] {processor.py:186} INFO - Started process (PID=4734) to work on /home/airflow/.local/lib/python3.12/site-packages/airflow/example_dags/example_branch_day_of_week_operator.py
[2025-01-14T12:40:21.754+0000] {processor.py:914} INFO - Processing file /home/airflow/.local/lib/python3.12/site-packages/airflow/example_dags/example_branch_day_of_week_operator.py for tasks to queue
[2025-01-14T12:40:21.761+0000] {logging_mixin.py:190} INFO - [2025-01-14T12:40:21.760+0000] {dagbag.py:588} INFO - Filling up the DagBag from /home/airflow/.local/lib/python3.12/site-packages/airflow/example_dags/example_branch_day_of_week_operator.py
[2025-01-14T12:40:21.785+0000] {processor.py:925} INFO - DAG(s) 'example_weekday_branch_operator' retrieved from /home/airflow/.local/lib/python3.12/site-packages/airflow/example_dags/example_branch_day_of_week_operator.py
[2025-01-14T12:40:21.822+0000] {logging_mixin.py:190} INFO - [2025-01-14T12:40:21.822+0000] {dag.py:3239} INFO - Sync 1 DAGs
[2025-01-14T12:40:21.877+0000] {logging_mixin.py:190} INFO - [2025-01-14T12:40:21.877+0000] {dag.py:4180} INFO - Setting next_dagrun for example_weekday_branch_operator to 2025-01-13 00:00:00+00:00, run_after=2025-01-14 00:00:00+00:00
[2025-01-14T12:40:21.924+0000] {processor.py:208} INFO - Processing /home/airflow/.local/lib/python3.12/site-packages/airflow/example_dags/example_branch_day_of_week_operator.py took 0.181 seconds
[2025-01-14T12:40:53.039+0000] {processor.py:186} INFO - Started process (PID=5030) to work on /home/airflow/.local/lib/python3.12/site-packages/airflow/example_dags/example_branch_day_of_week_operator.py
[2025-01-14T12:40:53.042+0000] {processor.py:914} INFO - Processing file /home/airflow/.local/lib/python3.12/site-packages/airflow/example_dags/example_branch_day_of_week_operator.py for tasks to queue
[2025-01-14T12:40:53.050+0000] {logging_mixin.py:190} INFO - [2025-01-14T12:40:53.049+0000] {dagbag.py:588} INFO - Filling up the DagBag from /home/airflow/.local/lib/python3.12/site-packages/airflow/example_dags/example_branch_day_of_week_operator.py
[2025-01-14T12:40:53.082+0000] {processor.py:925} INFO - DAG(s) 'example_weekday_branch_operator' retrieved from /home/airflow/.local/lib/python3.12/site-packages/airflow/example_dags/example_branch_day_of_week_operator.py
[2025-01-14T12:40:53.131+0000] {logging_mixin.py:190} INFO - [2025-01-14T12:40:53.131+0000] {dag.py:3239} INFO - Sync 1 DAGs
[2025-01-14T12:40:53.185+0000] {logging_mixin.py:190} INFO - [2025-01-14T12:40:53.184+0000] {dag.py:4180} INFO - Setting next_dagrun for example_weekday_branch_operator to 2025-01-13 00:00:00+00:00, run_after=2025-01-14 00:00:00+00:00
[2025-01-14T12:40:53.233+0000] {processor.py:208} INFO - Processing /home/airflow/.local/lib/python3.12/site-packages/airflow/example_dags/example_branch_day_of_week_operator.py took 0.213 seconds
[2025-01-14T12:41:24.261+0000] {processor.py:186} INFO - Started process (PID=5325) to work on /home/airflow/.local/lib/python3.12/site-packages/airflow/example_dags/example_branch_day_of_week_operator.py
[2025-01-14T12:41:24.266+0000] {processor.py:914} INFO - Processing file /home/airflow/.local/lib/python3.12/site-packages/airflow/example_dags/example_branch_day_of_week_operator.py for tasks to queue
[2025-01-14T12:41:24.271+0000] {logging_mixin.py:190} INFO - [2025-01-14T12:41:24.270+0000] {dagbag.py:588} INFO - Filling up the DagBag from /home/airflow/.local/lib/python3.12/site-packages/airflow/example_dags/example_branch_day_of_week_operator.py
[2025-01-14T12:41:24.296+0000] {processor.py:925} INFO - DAG(s) 'example_weekday_branch_operator' retrieved from /home/airflow/.local/lib/python3.12/site-packages/airflow/example_dags/example_branch_day_of_week_operator.py
[2025-01-14T12:41:24.350+0000] {logging_mixin.py:190} INFO - [2025-01-14T12:41:24.349+0000] {dag.py:3239} INFO - Sync 1 DAGs
[2025-01-14T12:41:24.422+0000] {logging_mixin.py:190} INFO - [2025-01-14T12:41:24.421+0000] {dag.py:4180} INFO - Setting next_dagrun for example_weekday_branch_operator to 2025-01-13 00:00:00+00:00, run_after=2025-01-14 00:00:00+00:00
[2025-01-14T12:41:24.471+0000] {processor.py:208} INFO - Processing /home/airflow/.local/lib/python3.12/site-packages/airflow/example_dags/example_branch_day_of_week_operator.py took 0.222 seconds
[2025-01-14T12:41:55.161+0000] {processor.py:186} INFO - Started process (PID=5686) to work on /home/airflow/.local/lib/python3.12/site-packages/airflow/example_dags/example_branch_day_of_week_operator.py
[2025-01-14T12:41:55.163+0000] {processor.py:914} INFO - Processing file /home/airflow/.local/lib/python3.12/site-packages/airflow/example_dags/example_branch_day_of_week_operator.py for tasks to queue
[2025-01-14T12:41:55.172+0000] {logging_mixin.py:190} INFO - [2025-01-14T12:41:55.171+0000] {dagbag.py:588} INFO - Filling up the DagBag from /home/airflow/.local/lib/python3.12/site-packages/airflow/example_dags/example_branch_day_of_week_operator.py
[2025-01-14T12:41:55.207+0000] {processor.py:925} INFO - DAG(s) 'example_weekday_branch_operator' retrieved from /home/airflow/.local/lib/python3.12/site-packages/airflow/example_dags/example_branch_day_of_week_operator.py
[2025-01-14T12:41:55.273+0000] {logging_mixin.py:190} INFO - [2025-01-14T12:41:55.272+0000] {dag.py:3239} INFO - Sync 1 DAGs
[2025-01-14T12:41:55.372+0000] {logging_mixin.py:190} INFO - [2025-01-14T12:41:55.371+0000] {dag.py:4180} INFO - Setting next_dagrun for example_weekday_branch_operator to 2025-01-13 00:00:00+00:00, run_after=2025-01-14 00:00:00+00:00
[2025-01-14T12:41:56.250+0000] {logging_mixin.py:190} INFO - [2025-01-14T12:41:56.250+0000] {process_utils.py:266} INFO - Waiting up to 5 seconds for processes to exit...
[2025-01-14T13:19:52.450+0000] {processor.py:186} INFO - Started process (PID=277) to work on /home/airflow/.local/lib/python3.12/site-packages/airflow/example_dags/example_branch_day_of_week_operator.py
[2025-01-14T13:19:52.452+0000] {processor.py:914} INFO - Processing file /home/airflow/.local/lib/python3.12/site-packages/airflow/example_dags/example_branch_day_of_week_operator.py for tasks to queue
[2025-01-14T13:19:52.458+0000] {logging_mixin.py:190} INFO - [2025-01-14T13:19:52.457+0000] {dagbag.py:588} INFO - Filling up the DagBag from /home/airflow/.local/lib/python3.12/site-packages/airflow/example_dags/example_branch_day_of_week_operator.py
[2025-01-14T13:19:52.508+0000] {processor.py:925} INFO - DAG(s) 'example_weekday_branch_operator' retrieved from /home/airflow/.local/lib/python3.12/site-packages/airflow/example_dags/example_branch_day_of_week_operator.py
[2025-01-14T13:19:52.735+0000] {logging_mixin.py:190} INFO - [2025-01-14T13:19:52.733+0000] {override.py:1911} INFO - Created Permission View: can delete on DAG:example_weekday_branch_operator
[2025-01-14T13:19:52.805+0000] {logging_mixin.py:190} INFO - [2025-01-14T13:19:52.804+0000] {override.py:1911} INFO - Created Permission View: can edit on DAG:example_weekday_branch_operator
[2025-01-14T13:19:52.836+0000] {logging_mixin.py:190} INFO - [2025-01-14T13:19:52.835+0000] {override.py:1911} INFO - Created Permission View: can read on DAG:example_weekday_branch_operator
[2025-01-14T13:19:52.877+0000] {logging_mixin.py:190} INFO - [2025-01-14T13:19:52.874+0000] {override.py:1911} INFO - Created Permission View: can create on DAG Run:example_weekday_branch_operator
[2025-01-14T13:19:52.910+0000] {logging_mixin.py:190} INFO - [2025-01-14T13:19:52.908+0000] {override.py:1911} INFO - Created Permission View: can delete on DAG Run:example_weekday_branch_operator
[2025-01-14T13:19:52.941+0000] {logging_mixin.py:190} INFO - [2025-01-14T13:19:52.940+0000] {override.py:1911} INFO - Created Permission View: menu access on DAG Run:example_weekday_branch_operator
[2025-01-14T13:19:52.966+0000] {logging_mixin.py:190} INFO - [2025-01-14T13:19:52.965+0000] {override.py:1911} INFO - Created Permission View: can read on DAG Run:example_weekday_branch_operator
[2025-01-14T13:19:52.968+0000] {logging_mixin.py:190} INFO - [2025-01-14T13:19:52.967+0000] {dag.py:3239} INFO - Sync 1 DAGs
[2025-01-14T13:19:53.007+0000] {logging_mixin.py:190} INFO - [2025-01-14T13:19:53.006+0000] {dag.py:3262} INFO - Creating ORM DAG for example_weekday_branch_operator
[2025-01-14T13:19:53.036+0000] {logging_mixin.py:190} INFO - [2025-01-14T13:19:53.036+0000] {dag.py:4180} INFO - Setting next_dagrun for example_weekday_branch_operator to 2025-01-13 00:00:00+00:00, run_after=2025-01-14 00:00:00+00:00
[2025-01-14T13:19:53.074+0000] {processor.py:208} INFO - Processing /home/airflow/.local/lib/python3.12/site-packages/airflow/example_dags/example_branch_day_of_week_operator.py took 0.638 seconds
[2025-01-14T13:20:23.704+0000] {processor.py:186} INFO - Started process (PID=575) to work on /home/airflow/.local/lib/python3.12/site-packages/airflow/example_dags/example_branch_day_of_week_operator.py
[2025-01-14T13:20:23.707+0000] {processor.py:914} INFO - Processing file /home/airflow/.local/lib/python3.12/site-packages/airflow/example_dags/example_branch_day_of_week_operator.py for tasks to queue
[2025-01-14T13:20:23.714+0000] {logging_mixin.py:190} INFO - [2025-01-14T13:20:23.713+0000] {dagbag.py:588} INFO - Filling up the DagBag from /home/airflow/.local/lib/python3.12/site-packages/airflow/example_dags/example_branch_day_of_week_operator.py
[2025-01-14T13:20:23.736+0000] {processor.py:925} INFO - DAG(s) 'example_weekday_branch_operator' retrieved from /home/airflow/.local/lib/python3.12/site-packages/airflow/example_dags/example_branch_day_of_week_operator.py
[2025-01-14T13:20:23.781+0000] {logging_mixin.py:190} INFO - [2025-01-14T13:20:23.781+0000] {dag.py:3239} INFO - Sync 1 DAGs
[2025-01-14T13:20:23.838+0000] {logging_mixin.py:190} INFO - [2025-01-14T13:20:23.838+0000] {dag.py:4180} INFO - Setting next_dagrun for example_weekday_branch_operator to 2025-01-13 00:00:00+00:00, run_after=2025-01-14 00:00:00+00:00
[2025-01-14T13:20:23.875+0000] {processor.py:208} INFO - Processing /home/airflow/.local/lib/python3.12/site-packages/airflow/example_dags/example_branch_day_of_week_operator.py took 0.179 seconds
[2025-01-14T13:20:54.065+0000] {processor.py:186} INFO - Started process (PID=871) to work on /home/airflow/.local/lib/python3.12/site-packages/airflow/example_dags/example_branch_day_of_week_operator.py
[2025-01-14T13:20:54.067+0000] {processor.py:914} INFO - Processing file /home/airflow/.local/lib/python3.12/site-packages/airflow/example_dags/example_branch_day_of_week_operator.py for tasks to queue
[2025-01-14T13:20:54.074+0000] {logging_mixin.py:190} INFO - [2025-01-14T13:20:54.073+0000] {dagbag.py:588} INFO - Filling up the DagBag from /home/airflow/.local/lib/python3.12/site-packages/airflow/example_dags/example_branch_day_of_week_operator.py
[2025-01-14T13:20:54.104+0000] {processor.py:925} INFO - DAG(s) 'example_weekday_branch_operator' retrieved from /home/airflow/.local/lib/python3.12/site-packages/airflow/example_dags/example_branch_day_of_week_operator.py
[2025-01-14T13:20:54.162+0000] {logging_mixin.py:190} INFO - [2025-01-14T13:20:54.161+0000] {dag.py:3239} INFO - Sync 1 DAGs
[2025-01-14T13:20:54.228+0000] {logging_mixin.py:190} INFO - [2025-01-14T13:20:54.227+0000] {dag.py:4180} INFO - Setting next_dagrun for example_weekday_branch_operator to 2025-01-13 00:00:00+00:00, run_after=2025-01-14 00:00:00+00:00
[2025-01-14T13:20:54.279+0000] {processor.py:208} INFO - Processing /home/airflow/.local/lib/python3.12/site-packages/airflow/example_dags/example_branch_day_of_week_operator.py took 0.225 seconds
[2025-01-14T13:21:24.874+0000] {processor.py:186} INFO - Started process (PID=1167) to work on /home/airflow/.local/lib/python3.12/site-packages/airflow/example_dags/example_branch_day_of_week_operator.py
[2025-01-14T13:21:24.876+0000] {processor.py:914} INFO - Processing file /home/airflow/.local/lib/python3.12/site-packages/airflow/example_dags/example_branch_day_of_week_operator.py for tasks to queue
[2025-01-14T13:21:24.884+0000] {logging_mixin.py:190} INFO - [2025-01-14T13:21:24.883+0000] {dagbag.py:588} INFO - Filling up the DagBag from /home/airflow/.local/lib/python3.12/site-packages/airflow/example_dags/example_branch_day_of_week_operator.py
[2025-01-14T13:21:24.903+0000] {processor.py:925} INFO - DAG(s) 'example_weekday_branch_operator' retrieved from /home/airflow/.local/lib/python3.12/site-packages/airflow/example_dags/example_branch_day_of_week_operator.py
[2025-01-14T13:21:24.951+0000] {logging_mixin.py:190} INFO - [2025-01-14T13:21:24.950+0000] {dag.py:3239} INFO - Sync 1 DAGs
[2025-01-14T13:21:25.025+0000] {logging_mixin.py:190} INFO - [2025-01-14T13:21:25.024+0000] {dag.py:4180} INFO - Setting next_dagrun for example_weekday_branch_operator to 2025-01-13 00:00:00+00:00, run_after=2025-01-14 00:00:00+00:00
[2025-01-14T13:21:25.067+0000] {processor.py:208} INFO - Processing /home/airflow/.local/lib/python3.12/site-packages/airflow/example_dags/example_branch_day_of_week_operator.py took 0.202 seconds
[2025-01-14T13:21:55.320+0000] {processor.py:186} INFO - Started process (PID=1589) to work on /home/airflow/.local/lib/python3.12/site-packages/airflow/example_dags/example_branch_day_of_week_operator.py
[2025-01-14T13:21:55.322+0000] {processor.py:914} INFO - Processing file /home/airflow/.local/lib/python3.12/site-packages/airflow/example_dags/example_branch_day_of_week_operator.py for tasks to queue
[2025-01-14T13:21:55.326+0000] {logging_mixin.py:190} INFO - [2025-01-14T13:21:55.325+0000] {dagbag.py:588} INFO - Filling up the DagBag from /home/airflow/.local/lib/python3.12/site-packages/airflow/example_dags/example_branch_day_of_week_operator.py
[2025-01-14T13:21:55.342+0000] {processor.py:925} INFO - DAG(s) 'example_weekday_branch_operator' retrieved from /home/airflow/.local/lib/python3.12/site-packages/airflow/example_dags/example_branch_day_of_week_operator.py
[2025-01-14T13:21:55.381+0000] {logging_mixin.py:190} INFO - [2025-01-14T13:21:55.381+0000] {dag.py:3239} INFO - Sync 1 DAGs
[2025-01-14T13:21:55.447+0000] {logging_mixin.py:190} INFO - [2025-01-14T13:21:55.446+0000] {dag.py:4180} INFO - Setting next_dagrun for example_weekday_branch_operator to 2025-01-13 00:00:00+00:00, run_after=2025-01-14 00:00:00+00:00
[2025-01-14T13:21:55.489+0000] {processor.py:208} INFO - Processing /home/airflow/.local/lib/python3.12/site-packages/airflow/example_dags/example_branch_day_of_week_operator.py took 0.178 seconds
[2025-01-14T13:22:25.719+0000] {processor.py:186} INFO - Started process (PID=1885) to work on /home/airflow/.local/lib/python3.12/site-packages/airflow/example_dags/example_branch_day_of_week_operator.py
[2025-01-14T13:22:25.724+0000] {processor.py:914} INFO - Processing file /home/airflow/.local/lib/python3.12/site-packages/airflow/example_dags/example_branch_day_of_week_operator.py for tasks to queue
[2025-01-14T13:22:25.730+0000] {logging_mixin.py:190} INFO - [2025-01-14T13:22:25.729+0000] {dagbag.py:588} INFO - Filling up the DagBag from /home/airflow/.local/lib/python3.12/site-packages/airflow/example_dags/example_branch_day_of_week_operator.py
[2025-01-14T13:22:25.751+0000] {processor.py:925} INFO - DAG(s) 'example_weekday_branch_operator' retrieved from /home/airflow/.local/lib/python3.12/site-packages/airflow/example_dags/example_branch_day_of_week_operator.py
[2025-01-14T13:22:25.795+0000] {logging_mixin.py:190} INFO - [2025-01-14T13:22:25.794+0000] {dag.py:3239} INFO - Sync 1 DAGs
[2025-01-14T13:22:25.836+0000] {logging_mixin.py:190} INFO - [2025-01-14T13:22:25.835+0000] {dag.py:4180} INFO - Setting next_dagrun for example_weekday_branch_operator to 2025-01-13 00:00:00+00:00, run_after=2025-01-14 00:00:00+00:00
[2025-01-14T13:22:25.871+0000] {processor.py:208} INFO - Processing /home/airflow/.local/lib/python3.12/site-packages/airflow/example_dags/example_branch_day_of_week_operator.py took 0.170 seconds
[2025-01-14T13:22:56.595+0000] {processor.py:186} INFO - Started process (PID=2179) to work on /home/airflow/.local/lib/python3.12/site-packages/airflow/example_dags/example_branch_day_of_week_operator.py
[2025-01-14T13:22:56.597+0000] {processor.py:914} INFO - Processing file /home/airflow/.local/lib/python3.12/site-packages/airflow/example_dags/example_branch_day_of_week_operator.py for tasks to queue
[2025-01-14T13:22:56.604+0000] {logging_mixin.py:190} INFO - [2025-01-14T13:22:56.603+0000] {dagbag.py:588} INFO - Filling up the DagBag from /home/airflow/.local/lib/python3.12/site-packages/airflow/example_dags/example_branch_day_of_week_operator.py
[2025-01-14T13:22:56.634+0000] {processor.py:925} INFO - DAG(s) 'example_weekday_branch_operator' retrieved from /home/airflow/.local/lib/python3.12/site-packages/airflow/example_dags/example_branch_day_of_week_operator.py
[2025-01-14T13:22:56.686+0000] {logging_mixin.py:190} INFO - [2025-01-14T13:22:56.686+0000] {dag.py:3239} INFO - Sync 1 DAGs
[2025-01-14T13:22:56.748+0000] {logging_mixin.py:190} INFO - [2025-01-14T13:22:56.747+0000] {dag.py:4180} INFO - Setting next_dagrun for example_weekday_branch_operator to 2025-01-13 00:00:00+00:00, run_after=2025-01-14 00:00:00+00:00
[2025-01-14T13:22:56.784+0000] {processor.py:208} INFO - Processing /home/airflow/.local/lib/python3.12/site-packages/airflow/example_dags/example_branch_day_of_week_operator.py took 0.199 seconds
[2025-01-14T13:23:26.894+0000] {processor.py:186} INFO - Started process (PID=2475) to work on /home/airflow/.local/lib/python3.12/site-packages/airflow/example_dags/example_branch_day_of_week_operator.py
[2025-01-14T13:23:26.896+0000] {processor.py:914} INFO - Processing file /home/airflow/.local/lib/python3.12/site-packages/airflow/example_dags/example_branch_day_of_week_operator.py for tasks to queue
[2025-01-14T13:23:26.905+0000] {logging_mixin.py:190} INFO - [2025-01-14T13:23:26.904+0000] {dagbag.py:588} INFO - Filling up the DagBag from /home/airflow/.local/lib/python3.12/site-packages/airflow/example_dags/example_branch_day_of_week_operator.py
[2025-01-14T13:23:26.928+0000] {processor.py:925} INFO - DAG(s) 'example_weekday_branch_operator' retrieved from /home/airflow/.local/lib/python3.12/site-packages/airflow/example_dags/example_branch_day_of_week_operator.py
[2025-01-14T13:23:26.979+0000] {logging_mixin.py:190} INFO - [2025-01-14T13:23:26.979+0000] {dag.py:3239} INFO - Sync 1 DAGs
[2025-01-14T13:23:27.032+0000] {logging_mixin.py:190} INFO - [2025-01-14T13:23:27.031+0000] {dag.py:4180} INFO - Setting next_dagrun for example_weekday_branch_operator to 2025-01-13 00:00:00+00:00, run_after=2025-01-14 00:00:00+00:00
[2025-01-14T13:23:27.070+0000] {processor.py:208} INFO - Processing /home/airflow/.local/lib/python3.12/site-packages/airflow/example_dags/example_branch_day_of_week_operator.py took 0.185 seconds
[2025-01-14T13:23:57.622+0000] {processor.py:186} INFO - Started process (PID=2767) to work on /home/airflow/.local/lib/python3.12/site-packages/airflow/example_dags/example_branch_day_of_week_operator.py
[2025-01-14T13:23:57.624+0000] {processor.py:914} INFO - Processing file /home/airflow/.local/lib/python3.12/site-packages/airflow/example_dags/example_branch_day_of_week_operator.py for tasks to queue
[2025-01-14T13:23:57.628+0000] {logging_mixin.py:190} INFO - [2025-01-14T13:23:57.627+0000] {dagbag.py:588} INFO - Filling up the DagBag from /home/airflow/.local/lib/python3.12/site-packages/airflow/example_dags/example_branch_day_of_week_operator.py
[2025-01-14T13:23:57.644+0000] {processor.py:925} INFO - DAG(s) 'example_weekday_branch_operator' retrieved from /home/airflow/.local/lib/python3.12/site-packages/airflow/example_dags/example_branch_day_of_week_operator.py
[2025-01-14T13:23:57.675+0000] {logging_mixin.py:190} INFO - [2025-01-14T13:23:57.674+0000] {dag.py:3239} INFO - Sync 1 DAGs
[2025-01-14T13:23:57.721+0000] {logging_mixin.py:190} INFO - [2025-01-14T13:23:57.721+0000] {dag.py:4180} INFO - Setting next_dagrun for example_weekday_branch_operator to 2025-01-13 00:00:00+00:00, run_after=2025-01-14 00:00:00+00:00
[2025-01-14T13:23:57.753+0000] {processor.py:208} INFO - Processing /home/airflow/.local/lib/python3.12/site-packages/airflow/example_dags/example_branch_day_of_week_operator.py took 0.145 seconds
[2025-01-14T13:24:27.840+0000] {processor.py:186} INFO - Started process (PID=3060) to work on /home/airflow/.local/lib/python3.12/site-packages/airflow/example_dags/example_branch_day_of_week_operator.py
[2025-01-14T13:24:27.841+0000] {processor.py:914} INFO - Processing file /home/airflow/.local/lib/python3.12/site-packages/airflow/example_dags/example_branch_day_of_week_operator.py for tasks to queue
[2025-01-14T13:24:27.849+0000] {logging_mixin.py:190} INFO - [2025-01-14T13:24:27.848+0000] {dagbag.py:588} INFO - Filling up the DagBag from /home/airflow/.local/lib/python3.12/site-packages/airflow/example_dags/example_branch_day_of_week_operator.py
[2025-01-14T13:24:27.867+0000] {processor.py:925} INFO - DAG(s) 'example_weekday_branch_operator' retrieved from /home/airflow/.local/lib/python3.12/site-packages/airflow/example_dags/example_branch_day_of_week_operator.py
[2025-01-14T13:24:27.914+0000] {logging_mixin.py:190} INFO - [2025-01-14T13:24:27.913+0000] {dag.py:3239} INFO - Sync 1 DAGs
[2025-01-14T13:24:27.959+0000] {logging_mixin.py:190} INFO - [2025-01-14T13:24:27.959+0000] {dag.py:4180} INFO - Setting next_dagrun for example_weekday_branch_operator to 2025-01-13 00:00:00+00:00, run_after=2025-01-14 00:00:00+00:00
[2025-01-14T13:24:28.007+0000] {processor.py:208} INFO - Processing /home/airflow/.local/lib/python3.12/site-packages/airflow/example_dags/example_branch_day_of_week_operator.py took 0.178 seconds
[2025-01-14T13:24:58.839+0000] {processor.py:186} INFO - Started process (PID=3356) to work on /home/airflow/.local/lib/python3.12/site-packages/airflow/example_dags/example_branch_day_of_week_operator.py
[2025-01-14T13:24:58.841+0000] {processor.py:914} INFO - Processing file /home/airflow/.local/lib/python3.12/site-packages/airflow/example_dags/example_branch_day_of_week_operator.py for tasks to queue
[2025-01-14T13:24:58.845+0000] {logging_mixin.py:190} INFO - [2025-01-14T13:24:58.845+0000] {dagbag.py:588} INFO - Filling up the DagBag from /home/airflow/.local/lib/python3.12/site-packages/airflow/example_dags/example_branch_day_of_week_operator.py
[2025-01-14T13:24:58.861+0000] {processor.py:925} INFO - DAG(s) 'example_weekday_branch_operator' retrieved from /home/airflow/.local/lib/python3.12/site-packages/airflow/example_dags/example_branch_day_of_week_operator.py
[2025-01-14T13:24:58.904+0000] {logging_mixin.py:190} INFO - [2025-01-14T13:24:58.903+0000] {dag.py:3239} INFO - Sync 1 DAGs
[2025-01-14T13:24:58.946+0000] {logging_mixin.py:190} INFO - [2025-01-14T13:24:58.946+0000] {dag.py:4180} INFO - Setting next_dagrun for example_weekday_branch_operator to 2025-01-13 00:00:00+00:00, run_after=2025-01-14 00:00:00+00:00
[2025-01-14T13:24:58.983+0000] {processor.py:208} INFO - Processing /home/airflow/.local/lib/python3.12/site-packages/airflow/example_dags/example_branch_day_of_week_operator.py took 0.164 seconds
[2025-01-14T13:25:29.193+0000] {processor.py:186} INFO - Started process (PID=3651) to work on /home/airflow/.local/lib/python3.12/site-packages/airflow/example_dags/example_branch_day_of_week_operator.py
[2025-01-14T13:25:29.196+0000] {processor.py:914} INFO - Processing file /home/airflow/.local/lib/python3.12/site-packages/airflow/example_dags/example_branch_day_of_week_operator.py for tasks to queue
[2025-01-14T13:25:29.200+0000] {logging_mixin.py:190} INFO - [2025-01-14T13:25:29.200+0000] {dagbag.py:588} INFO - Filling up the DagBag from /home/airflow/.local/lib/python3.12/site-packages/airflow/example_dags/example_branch_day_of_week_operator.py
[2025-01-14T13:25:29.215+0000] {processor.py:925} INFO - DAG(s) 'example_weekday_branch_operator' retrieved from /home/airflow/.local/lib/python3.12/site-packages/airflow/example_dags/example_branch_day_of_week_operator.py
[2025-01-14T13:25:29.268+0000] {logging_mixin.py:190} INFO - [2025-01-14T13:25:29.268+0000] {dag.py:3239} INFO - Sync 1 DAGs
[2025-01-14T13:25:29.331+0000] {logging_mixin.py:190} INFO - [2025-01-14T13:25:29.330+0000] {dag.py:4180} INFO - Setting next_dagrun for example_weekday_branch_operator to 2025-01-13 00:00:00+00:00, run_after=2025-01-14 00:00:00+00:00
[2025-01-14T13:25:29.366+0000] {processor.py:208} INFO - Processing /home/airflow/.local/lib/python3.12/site-packages/airflow/example_dags/example_branch_day_of_week_operator.py took 0.182 seconds
[2025-01-14T13:26:00.252+0000] {processor.py:186} INFO - Started process (PID=3949) to work on /home/airflow/.local/lib/python3.12/site-packages/airflow/example_dags/example_branch_day_of_week_operator.py
[2025-01-14T13:26:00.253+0000] {processor.py:914} INFO - Processing file /home/airflow/.local/lib/python3.12/site-packages/airflow/example_dags/example_branch_day_of_week_operator.py for tasks to queue
[2025-01-14T13:26:00.258+0000] {logging_mixin.py:190} INFO - [2025-01-14T13:26:00.258+0000] {dagbag.py:588} INFO - Filling up the DagBag from /home/airflow/.local/lib/python3.12/site-packages/airflow/example_dags/example_branch_day_of_week_operator.py
[2025-01-14T13:26:00.276+0000] {processor.py:925} INFO - DAG(s) 'example_weekday_branch_operator' retrieved from /home/airflow/.local/lib/python3.12/site-packages/airflow/example_dags/example_branch_day_of_week_operator.py
[2025-01-14T13:26:00.337+0000] {logging_mixin.py:190} INFO - [2025-01-14T13:26:00.337+0000] {dag.py:3239} INFO - Sync 1 DAGs
[2025-01-14T13:26:00.379+0000] {logging_mixin.py:190} INFO - [2025-01-14T13:26:00.378+0000] {dag.py:4180} INFO - Setting next_dagrun for example_weekday_branch_operator to 2025-01-13 00:00:00+00:00, run_after=2025-01-14 00:00:00+00:00
[2025-01-14T13:26:00.412+0000] {processor.py:208} INFO - Processing /home/airflow/.local/lib/python3.12/site-packages/airflow/example_dags/example_branch_day_of_week_operator.py took 0.170 seconds
[2025-01-14T13:26:30.647+0000] {processor.py:186} INFO - Started process (PID=4243) to work on /home/airflow/.local/lib/python3.12/site-packages/airflow/example_dags/example_branch_day_of_week_operator.py
[2025-01-14T13:26:30.649+0000] {processor.py:914} INFO - Processing file /home/airflow/.local/lib/python3.12/site-packages/airflow/example_dags/example_branch_day_of_week_operator.py for tasks to queue
[2025-01-14T13:26:30.658+0000] {logging_mixin.py:190} INFO - [2025-01-14T13:26:30.656+0000] {dagbag.py:588} INFO - Filling up the DagBag from /home/airflow/.local/lib/python3.12/site-packages/airflow/example_dags/example_branch_day_of_week_operator.py
[2025-01-14T13:26:30.683+0000] {processor.py:925} INFO - DAG(s) 'example_weekday_branch_operator' retrieved from /home/airflow/.local/lib/python3.12/site-packages/airflow/example_dags/example_branch_day_of_week_operator.py
[2025-01-14T13:26:30.764+0000] {logging_mixin.py:190} INFO - [2025-01-14T13:26:30.763+0000] {dag.py:3239} INFO - Sync 1 DAGs
[2025-01-14T13:26:30.843+0000] {logging_mixin.py:190} INFO - [2025-01-14T13:26:30.843+0000] {dag.py:4180} INFO - Setting next_dagrun for example_weekday_branch_operator to 2025-01-13 00:00:00+00:00, run_after=2025-01-14 00:00:00+00:00
[2025-01-14T13:26:30.898+0000] {processor.py:208} INFO - Processing /home/airflow/.local/lib/python3.12/site-packages/airflow/example_dags/example_branch_day_of_week_operator.py took 0.261 seconds
[2025-01-14T13:27:01.004+0000] {processor.py:186} INFO - Started process (PID=4539) to work on /home/airflow/.local/lib/python3.12/site-packages/airflow/example_dags/example_branch_day_of_week_operator.py
[2025-01-14T13:27:01.005+0000] {processor.py:914} INFO - Processing file /home/airflow/.local/lib/python3.12/site-packages/airflow/example_dags/example_branch_day_of_week_operator.py for tasks to queue
[2025-01-14T13:27:01.011+0000] {logging_mixin.py:190} INFO - [2025-01-14T13:27:01.010+0000] {dagbag.py:588} INFO - Filling up the DagBag from /home/airflow/.local/lib/python3.12/site-packages/airflow/example_dags/example_branch_day_of_week_operator.py
[2025-01-14T13:27:01.043+0000] {processor.py:925} INFO - DAG(s) 'example_weekday_branch_operator' retrieved from /home/airflow/.local/lib/python3.12/site-packages/airflow/example_dags/example_branch_day_of_week_operator.py
[2025-01-14T13:27:01.089+0000] {logging_mixin.py:190} INFO - [2025-01-14T13:27:01.088+0000] {dag.py:3239} INFO - Sync 1 DAGs
[2025-01-14T13:27:01.136+0000] {logging_mixin.py:190} INFO - [2025-01-14T13:27:01.135+0000] {dag.py:4180} INFO - Setting next_dagrun for example_weekday_branch_operator to 2025-01-13 00:00:00+00:00, run_after=2025-01-14 00:00:00+00:00
[2025-01-14T13:27:01.180+0000] {processor.py:208} INFO - Processing /home/airflow/.local/lib/python3.12/site-packages/airflow/example_dags/example_branch_day_of_week_operator.py took 0.186 seconds
[2025-01-14T13:27:32.216+0000] {processor.py:186} INFO - Started process (PID=4837) to work on /home/airflow/.local/lib/python3.12/site-packages/airflow/example_dags/example_branch_day_of_week_operator.py
[2025-01-14T13:27:32.218+0000] {processor.py:914} INFO - Processing file /home/airflow/.local/lib/python3.12/site-packages/airflow/example_dags/example_branch_day_of_week_operator.py for tasks to queue
[2025-01-14T13:27:32.222+0000] {logging_mixin.py:190} INFO - [2025-01-14T13:27:32.221+0000] {dagbag.py:588} INFO - Filling up the DagBag from /home/airflow/.local/lib/python3.12/site-packages/airflow/example_dags/example_branch_day_of_week_operator.py
[2025-01-14T13:27:32.238+0000] {processor.py:925} INFO - DAG(s) 'example_weekday_branch_operator' retrieved from /home/airflow/.local/lib/python3.12/site-packages/airflow/example_dags/example_branch_day_of_week_operator.py
[2025-01-14T13:27:32.293+0000] {logging_mixin.py:190} INFO - [2025-01-14T13:27:32.292+0000] {dag.py:3239} INFO - Sync 1 DAGs
[2025-01-14T13:27:32.362+0000] {logging_mixin.py:190} INFO - [2025-01-14T13:27:32.362+0000] {dag.py:4180} INFO - Setting next_dagrun for example_weekday_branch_operator to 2025-01-13 00:00:00+00:00, run_after=2025-01-14 00:00:00+00:00
[2025-01-14T13:27:32.416+0000] {processor.py:208} INFO - Processing /home/airflow/.local/lib/python3.12/site-packages/airflow/example_dags/example_branch_day_of_week_operator.py took 0.210 seconds
[2025-01-14T13:28:03.043+0000] {processor.py:186} INFO - Started process (PID=5131) to work on /home/airflow/.local/lib/python3.12/site-packages/airflow/example_dags/example_branch_day_of_week_operator.py
[2025-01-14T13:28:03.045+0000] {processor.py:914} INFO - Processing file /home/airflow/.local/lib/python3.12/site-packages/airflow/example_dags/example_branch_day_of_week_operator.py for tasks to queue
[2025-01-14T13:28:03.052+0000] {logging_mixin.py:190} INFO - [2025-01-14T13:28:03.051+0000] {dagbag.py:588} INFO - Filling up the DagBag from /home/airflow/.local/lib/python3.12/site-packages/airflow/example_dags/example_branch_day_of_week_operator.py
[2025-01-14T13:28:03.071+0000] {processor.py:925} INFO - DAG(s) 'example_weekday_branch_operator' retrieved from /home/airflow/.local/lib/python3.12/site-packages/airflow/example_dags/example_branch_day_of_week_operator.py
[2025-01-14T13:28:03.118+0000] {logging_mixin.py:190} INFO - [2025-01-14T13:28:03.117+0000] {dag.py:3239} INFO - Sync 1 DAGs
[2025-01-14T13:28:03.175+0000] {logging_mixin.py:190} INFO - [2025-01-14T13:28:03.175+0000] {dag.py:4180} INFO - Setting next_dagrun for example_weekday_branch_operator to 2025-01-13 00:00:00+00:00, run_after=2025-01-14 00:00:00+00:00
[2025-01-14T13:28:03.212+0000] {processor.py:208} INFO - Processing /home/airflow/.local/lib/python3.12/site-packages/airflow/example_dags/example_branch_day_of_week_operator.py took 0.178 seconds
[2025-01-14T13:28:34.336+0000] {processor.py:186} INFO - Started process (PID=5429) to work on /home/airflow/.local/lib/python3.12/site-packages/airflow/example_dags/example_branch_day_of_week_operator.py
[2025-01-14T13:28:34.338+0000] {processor.py:914} INFO - Processing file /home/airflow/.local/lib/python3.12/site-packages/airflow/example_dags/example_branch_day_of_week_operator.py for tasks to queue
[2025-01-14T13:28:34.341+0000] {logging_mixin.py:190} INFO - [2025-01-14T13:28:34.341+0000] {dagbag.py:588} INFO - Filling up the DagBag from /home/airflow/.local/lib/python3.12/site-packages/airflow/example_dags/example_branch_day_of_week_operator.py
[2025-01-14T13:28:34.357+0000] {processor.py:925} INFO - DAG(s) 'example_weekday_branch_operator' retrieved from /home/airflow/.local/lib/python3.12/site-packages/airflow/example_dags/example_branch_day_of_week_operator.py
[2025-01-14T13:28:34.390+0000] {logging_mixin.py:190} INFO - [2025-01-14T13:28:34.389+0000] {dag.py:3239} INFO - Sync 1 DAGs
[2025-01-14T13:28:34.430+0000] {logging_mixin.py:190} INFO - [2025-01-14T13:28:34.430+0000] {dag.py:4180} INFO - Setting next_dagrun for example_weekday_branch_operator to 2025-01-13 00:00:00+00:00, run_after=2025-01-14 00:00:00+00:00
[2025-01-14T13:28:34.466+0000] {processor.py:208} INFO - Processing /home/airflow/.local/lib/python3.12/site-packages/airflow/example_dags/example_branch_day_of_week_operator.py took 0.140 seconds
[2025-01-14T13:29:04.675+0000] {processor.py:186} INFO - Started process (PID=5723) to work on /home/airflow/.local/lib/python3.12/site-packages/airflow/example_dags/example_branch_day_of_week_operator.py
[2025-01-14T13:29:04.676+0000] {processor.py:914} INFO - Processing file /home/airflow/.local/lib/python3.12/site-packages/airflow/example_dags/example_branch_day_of_week_operator.py for tasks to queue
[2025-01-14T13:29:04.680+0000] {logging_mixin.py:190} INFO - [2025-01-14T13:29:04.679+0000] {dagbag.py:588} INFO - Filling up the DagBag from /home/airflow/.local/lib/python3.12/site-packages/airflow/example_dags/example_branch_day_of_week_operator.py
[2025-01-14T13:29:04.709+0000] {processor.py:925} INFO - DAG(s) 'example_weekday_branch_operator' retrieved from /home/airflow/.local/lib/python3.12/site-packages/airflow/example_dags/example_branch_day_of_week_operator.py
[2025-01-14T13:29:04.752+0000] {logging_mixin.py:190} INFO - [2025-01-14T13:29:04.752+0000] {dag.py:3239} INFO - Sync 1 DAGs
[2025-01-14T13:29:04.796+0000] {logging_mixin.py:190} INFO - [2025-01-14T13:29:04.796+0000] {dag.py:4180} INFO - Setting next_dagrun for example_weekday_branch_operator to 2025-01-13 00:00:00+00:00, run_after=2025-01-14 00:00:00+00:00
[2025-01-14T13:29:04.832+0000] {processor.py:208} INFO - Processing /home/airflow/.local/lib/python3.12/site-packages/airflow/example_dags/example_branch_day_of_week_operator.py took 0.169 seconds
[2025-01-14T13:29:35.247+0000] {processor.py:186} INFO - Started process (PID=6019) to work on /home/airflow/.local/lib/python3.12/site-packages/airflow/example_dags/example_branch_day_of_week_operator.py
[2025-01-14T13:29:35.249+0000] {processor.py:914} INFO - Processing file /home/airflow/.local/lib/python3.12/site-packages/airflow/example_dags/example_branch_day_of_week_operator.py for tasks to queue
[2025-01-14T13:29:35.254+0000] {logging_mixin.py:190} INFO - [2025-01-14T13:29:35.253+0000] {dagbag.py:588} INFO - Filling up the DagBag from /home/airflow/.local/lib/python3.12/site-packages/airflow/example_dags/example_branch_day_of_week_operator.py
[2025-01-14T13:29:35.271+0000] {processor.py:925} INFO - DAG(s) 'example_weekday_branch_operator' retrieved from /home/airflow/.local/lib/python3.12/site-packages/airflow/example_dags/example_branch_day_of_week_operator.py
[2025-01-14T13:29:35.310+0000] {logging_mixin.py:190} INFO - [2025-01-14T13:29:35.310+0000] {dag.py:3239} INFO - Sync 1 DAGs
[2025-01-14T13:29:35.358+0000] {logging_mixin.py:190} INFO - [2025-01-14T13:29:35.358+0000] {dag.py:4180} INFO - Setting next_dagrun for example_weekday_branch_operator to 2025-01-13 00:00:00+00:00, run_after=2025-01-14 00:00:00+00:00
[2025-01-14T13:29:35.414+0000] {processor.py:208} INFO - Processing /home/airflow/.local/lib/python3.12/site-packages/airflow/example_dags/example_branch_day_of_week_operator.py took 0.177 seconds
[2025-01-14T13:30:05.746+0000] {processor.py:186} INFO - Started process (PID=6315) to work on /home/airflow/.local/lib/python3.12/site-packages/airflow/example_dags/example_branch_day_of_week_operator.py
[2025-01-14T13:30:05.748+0000] {processor.py:914} INFO - Processing file /home/airflow/.local/lib/python3.12/site-packages/airflow/example_dags/example_branch_day_of_week_operator.py for tasks to queue
[2025-01-14T13:30:05.752+0000] {logging_mixin.py:190} INFO - [2025-01-14T13:30:05.752+0000] {dagbag.py:588} INFO - Filling up the DagBag from /home/airflow/.local/lib/python3.12/site-packages/airflow/example_dags/example_branch_day_of_week_operator.py
[2025-01-14T13:30:05.768+0000] {processor.py:925} INFO - DAG(s) 'example_weekday_branch_operator' retrieved from /home/airflow/.local/lib/python3.12/site-packages/airflow/example_dags/example_branch_day_of_week_operator.py
[2025-01-14T13:30:05.807+0000] {logging_mixin.py:190} INFO - [2025-01-14T13:30:05.806+0000] {dag.py:3239} INFO - Sync 1 DAGs
[2025-01-14T13:30:05.852+0000] {logging_mixin.py:190} INFO - [2025-01-14T13:30:05.851+0000] {dag.py:4180} INFO - Setting next_dagrun for example_weekday_branch_operator to 2025-01-13 00:00:00+00:00, run_after=2025-01-14 00:00:00+00:00
[2025-01-14T13:30:05.907+0000] {processor.py:208} INFO - Processing /home/airflow/.local/lib/python3.12/site-packages/airflow/example_dags/example_branch_day_of_week_operator.py took 0.174 seconds
[2025-01-14T13:30:36.421+0000] {processor.py:186} INFO - Started process (PID=6616) to work on /home/airflow/.local/lib/python3.12/site-packages/airflow/example_dags/example_branch_day_of_week_operator.py
[2025-01-14T13:30:36.423+0000] {processor.py:914} INFO - Processing file /home/airflow/.local/lib/python3.12/site-packages/airflow/example_dags/example_branch_day_of_week_operator.py for tasks to queue
[2025-01-14T13:30:36.427+0000] {logging_mixin.py:190} INFO - [2025-01-14T13:30:36.427+0000] {dagbag.py:588} INFO - Filling up the DagBag from /home/airflow/.local/lib/python3.12/site-packages/airflow/example_dags/example_branch_day_of_week_operator.py
[2025-01-14T13:30:36.444+0000] {processor.py:925} INFO - DAG(s) 'example_weekday_branch_operator' retrieved from /home/airflow/.local/lib/python3.12/site-packages/airflow/example_dags/example_branch_day_of_week_operator.py
[2025-01-14T13:30:36.482+0000] {logging_mixin.py:190} INFO - [2025-01-14T13:30:36.482+0000] {dag.py:3239} INFO - Sync 1 DAGs
[2025-01-14T13:30:36.546+0000] {logging_mixin.py:190} INFO - [2025-01-14T13:30:36.545+0000] {dag.py:4180} INFO - Setting next_dagrun for example_weekday_branch_operator to 2025-01-13 00:00:00+00:00, run_after=2025-01-14 00:00:00+00:00
[2025-01-14T13:30:36.597+0000] {processor.py:208} INFO - Processing /home/airflow/.local/lib/python3.12/site-packages/airflow/example_dags/example_branch_day_of_week_operator.py took 0.196 seconds
[2025-01-14T13:31:06.677+0000] {processor.py:186} INFO - Started process (PID=6912) to work on /home/airflow/.local/lib/python3.12/site-packages/airflow/example_dags/example_branch_day_of_week_operator.py
[2025-01-14T13:31:06.679+0000] {processor.py:914} INFO - Processing file /home/airflow/.local/lib/python3.12/site-packages/airflow/example_dags/example_branch_day_of_week_operator.py for tasks to queue
[2025-01-14T13:31:06.683+0000] {logging_mixin.py:190} INFO - [2025-01-14T13:31:06.683+0000] {dagbag.py:588} INFO - Filling up the DagBag from /home/airflow/.local/lib/python3.12/site-packages/airflow/example_dags/example_branch_day_of_week_operator.py
[2025-01-14T13:31:06.701+0000] {processor.py:925} INFO - DAG(s) 'example_weekday_branch_operator' retrieved from /home/airflow/.local/lib/python3.12/site-packages/airflow/example_dags/example_branch_day_of_week_operator.py
[2025-01-14T13:31:06.743+0000] {logging_mixin.py:190} INFO - [2025-01-14T13:31:06.742+0000] {dag.py:3239} INFO - Sync 1 DAGs
[2025-01-14T13:31:06.798+0000] {logging_mixin.py:190} INFO - [2025-01-14T13:31:06.797+0000] {dag.py:4180} INFO - Setting next_dagrun for example_weekday_branch_operator to 2025-01-13 00:00:00+00:00, run_after=2025-01-14 00:00:00+00:00
[2025-01-14T13:31:06.843+0000] {processor.py:208} INFO - Processing /home/airflow/.local/lib/python3.12/site-packages/airflow/example_dags/example_branch_day_of_week_operator.py took 0.186 seconds
[2025-01-14T13:31:37.997+0000] {processor.py:186} INFO - Started process (PID=7223) to work on /home/airflow/.local/lib/python3.12/site-packages/airflow/example_dags/example_branch_day_of_week_operator.py
[2025-01-14T13:31:37.999+0000] {processor.py:914} INFO - Processing file /home/airflow/.local/lib/python3.12/site-packages/airflow/example_dags/example_branch_day_of_week_operator.py for tasks to queue
[2025-01-14T13:31:38.004+0000] {logging_mixin.py:190} INFO - [2025-01-14T13:31:38.003+0000] {dagbag.py:588} INFO - Filling up the DagBag from /home/airflow/.local/lib/python3.12/site-packages/airflow/example_dags/example_branch_day_of_week_operator.py
[2025-01-14T13:31:38.021+0000] {processor.py:925} INFO - DAG(s) 'example_weekday_branch_operator' retrieved from /home/airflow/.local/lib/python3.12/site-packages/airflow/example_dags/example_branch_day_of_week_operator.py
[2025-01-14T13:31:38.063+0000] {logging_mixin.py:190} INFO - [2025-01-14T13:31:38.062+0000] {dag.py:3239} INFO - Sync 1 DAGs
[2025-01-14T13:31:38.109+0000] {logging_mixin.py:190} INFO - [2025-01-14T13:31:38.109+0000] {dag.py:4180} INFO - Setting next_dagrun for example_weekday_branch_operator to 2025-01-13 00:00:00+00:00, run_after=2025-01-14 00:00:00+00:00
[2025-01-14T13:31:38.143+0000] {processor.py:208} INFO - Processing /home/airflow/.local/lib/python3.12/site-packages/airflow/example_dags/example_branch_day_of_week_operator.py took 0.166 seconds
[2025-01-14T13:32:10.845+0000] {processor.py:186} INFO - Started process (PID=7560) to work on /home/airflow/.local/lib/python3.12/site-packages/airflow/example_dags/example_branch_day_of_week_operator.py
[2025-01-14T13:32:10.847+0000] {processor.py:914} INFO - Processing file /home/airflow/.local/lib/python3.12/site-packages/airflow/example_dags/example_branch_day_of_week_operator.py for tasks to queue
[2025-01-14T13:32:10.855+0000] {logging_mixin.py:190} INFO - [2025-01-14T13:32:10.854+0000] {dagbag.py:588} INFO - Filling up the DagBag from /home/airflow/.local/lib/python3.12/site-packages/airflow/example_dags/example_branch_day_of_week_operator.py
[2025-01-14T13:32:10.879+0000] {processor.py:925} INFO - DAG(s) 'example_weekday_branch_operator' retrieved from /home/airflow/.local/lib/python3.12/site-packages/airflow/example_dags/example_branch_day_of_week_operator.py
[2025-01-14T13:32:10.926+0000] {logging_mixin.py:190} INFO - [2025-01-14T13:32:10.925+0000] {dag.py:3239} INFO - Sync 1 DAGs
[2025-01-14T13:32:10.995+0000] {logging_mixin.py:190} INFO - [2025-01-14T13:32:10.994+0000] {dag.py:4180} INFO - Setting next_dagrun for example_weekday_branch_operator to 2025-01-13 00:00:00+00:00, run_after=2025-01-14 00:00:00+00:00
[2025-01-14T13:32:11.049+0000] {processor.py:208} INFO - Processing /home/airflow/.local/lib/python3.12/site-packages/airflow/example_dags/example_branch_day_of_week_operator.py took 0.214 seconds
[2025-01-14T13:32:41.905+0000] {processor.py:186} INFO - Started process (PID=7861) to work on /home/airflow/.local/lib/python3.12/site-packages/airflow/example_dags/example_branch_day_of_week_operator.py
[2025-01-14T13:32:41.908+0000] {processor.py:914} INFO - Processing file /home/airflow/.local/lib/python3.12/site-packages/airflow/example_dags/example_branch_day_of_week_operator.py for tasks to queue
[2025-01-14T13:32:41.913+0000] {logging_mixin.py:190} INFO - [2025-01-14T13:32:41.912+0000] {dagbag.py:588} INFO - Filling up the DagBag from /home/airflow/.local/lib/python3.12/site-packages/airflow/example_dags/example_branch_day_of_week_operator.py
[2025-01-14T13:32:41.948+0000] {processor.py:925} INFO - DAG(s) 'example_weekday_branch_operator' retrieved from /home/airflow/.local/lib/python3.12/site-packages/airflow/example_dags/example_branch_day_of_week_operator.py
[2025-01-14T13:32:42.000+0000] {logging_mixin.py:190} INFO - [2025-01-14T13:32:42.000+0000] {dag.py:3239} INFO - Sync 1 DAGs
[2025-01-14T13:32:42.070+0000] {logging_mixin.py:190} INFO - [2025-01-14T13:32:42.070+0000] {dag.py:4180} INFO - Setting next_dagrun for example_weekday_branch_operator to 2025-01-13 00:00:00+00:00, run_after=2025-01-14 00:00:00+00:00
[2025-01-14T13:32:42.109+0000] {processor.py:208} INFO - Processing /home/airflow/.local/lib/python3.12/site-packages/airflow/example_dags/example_branch_day_of_week_operator.py took 0.222 seconds
[2025-01-14T13:33:12.353+0000] {processor.py:186} INFO - Started process (PID=8171) to work on /home/airflow/.local/lib/python3.12/site-packages/airflow/example_dags/example_branch_day_of_week_operator.py
[2025-01-14T13:33:12.355+0000] {processor.py:914} INFO - Processing file /home/airflow/.local/lib/python3.12/site-packages/airflow/example_dags/example_branch_day_of_week_operator.py for tasks to queue
[2025-01-14T13:33:12.361+0000] {logging_mixin.py:190} INFO - [2025-01-14T13:33:12.361+0000] {dagbag.py:588} INFO - Filling up the DagBag from /home/airflow/.local/lib/python3.12/site-packages/airflow/example_dags/example_branch_day_of_week_operator.py
[2025-01-14T13:33:12.378+0000] {processor.py:925} INFO - DAG(s) 'example_weekday_branch_operator' retrieved from /home/airflow/.local/lib/python3.12/site-packages/airflow/example_dags/example_branch_day_of_week_operator.py
[2025-01-14T13:33:12.416+0000] {logging_mixin.py:190} INFO - [2025-01-14T13:33:12.415+0000] {dag.py:3239} INFO - Sync 1 DAGs
[2025-01-14T13:33:12.472+0000] {logging_mixin.py:190} INFO - [2025-01-14T13:33:12.471+0000] {dag.py:4180} INFO - Setting next_dagrun for example_weekday_branch_operator to 2025-01-13 00:00:00+00:00, run_after=2025-01-14 00:00:00+00:00
[2025-01-14T13:33:12.515+0000] {processor.py:208} INFO - Processing /home/airflow/.local/lib/python3.12/site-packages/airflow/example_dags/example_branch_day_of_week_operator.py took 0.172 seconds
[2025-01-14T13:33:42.969+0000] {processor.py:186} INFO - Started process (PID=8460) to work on /home/airflow/.local/lib/python3.12/site-packages/airflow/example_dags/example_branch_day_of_week_operator.py
[2025-01-14T13:33:42.971+0000] {processor.py:914} INFO - Processing file /home/airflow/.local/lib/python3.12/site-packages/airflow/example_dags/example_branch_day_of_week_operator.py for tasks to queue
[2025-01-14T13:33:42.979+0000] {logging_mixin.py:190} INFO - [2025-01-14T13:33:42.978+0000] {dagbag.py:588} INFO - Filling up the DagBag from /home/airflow/.local/lib/python3.12/site-packages/airflow/example_dags/example_branch_day_of_week_operator.py
[2025-01-14T13:33:43.004+0000] {processor.py:925} INFO - DAG(s) 'example_weekday_branch_operator' retrieved from /home/airflow/.local/lib/python3.12/site-packages/airflow/example_dags/example_branch_day_of_week_operator.py
[2025-01-14T13:33:43.045+0000] {logging_mixin.py:190} INFO - [2025-01-14T13:33:43.045+0000] {dag.py:3239} INFO - Sync 1 DAGs
[2025-01-14T13:33:43.087+0000] {logging_mixin.py:190} INFO - [2025-01-14T13:33:43.087+0000] {dag.py:4180} INFO - Setting next_dagrun for example_weekday_branch_operator to 2025-01-13 00:00:00+00:00, run_after=2025-01-14 00:00:00+00:00
[2025-01-14T13:33:43.133+0000] {processor.py:208} INFO - Processing /home/airflow/.local/lib/python3.12/site-packages/airflow/example_dags/example_branch_day_of_week_operator.py took 0.183 seconds
[2025-01-14T13:34:14.242+0000] {processor.py:186} INFO - Started process (PID=8765) to work on /home/airflow/.local/lib/python3.12/site-packages/airflow/example_dags/example_branch_day_of_week_operator.py
[2025-01-14T13:34:14.243+0000] {processor.py:914} INFO - Processing file /home/airflow/.local/lib/python3.12/site-packages/airflow/example_dags/example_branch_day_of_week_operator.py for tasks to queue
[2025-01-14T13:34:14.247+0000] {logging_mixin.py:190} INFO - [2025-01-14T13:34:14.247+0000] {dagbag.py:588} INFO - Filling up the DagBag from /home/airflow/.local/lib/python3.12/site-packages/airflow/example_dags/example_branch_day_of_week_operator.py
[2025-01-14T13:34:14.263+0000] {processor.py:925} INFO - DAG(s) 'example_weekday_branch_operator' retrieved from /home/airflow/.local/lib/python3.12/site-packages/airflow/example_dags/example_branch_day_of_week_operator.py
[2025-01-14T13:34:14.300+0000] {logging_mixin.py:190} INFO - [2025-01-14T13:34:14.299+0000] {dag.py:3239} INFO - Sync 1 DAGs
[2025-01-14T13:34:14.339+0000] {logging_mixin.py:190} INFO - [2025-01-14T13:34:14.338+0000] {dag.py:4180} INFO - Setting next_dagrun for example_weekday_branch_operator to 2025-01-13 00:00:00+00:00, run_after=2025-01-14 00:00:00+00:00
[2025-01-14T13:34:14.378+0000] {processor.py:208} INFO - Processing /home/airflow/.local/lib/python3.12/site-packages/airflow/example_dags/example_branch_day_of_week_operator.py took 0.146 seconds
[2025-01-14T13:34:45.695+0000] {processor.py:186} INFO - Started process (PID=9069) to work on /home/airflow/.local/lib/python3.12/site-packages/airflow/example_dags/example_branch_day_of_week_operator.py
[2025-01-14T13:34:45.697+0000] {processor.py:914} INFO - Processing file /home/airflow/.local/lib/python3.12/site-packages/airflow/example_dags/example_branch_day_of_week_operator.py for tasks to queue
[2025-01-14T13:34:45.701+0000] {logging_mixin.py:190} INFO - [2025-01-14T13:34:45.700+0000] {dagbag.py:588} INFO - Filling up the DagBag from /home/airflow/.local/lib/python3.12/site-packages/airflow/example_dags/example_branch_day_of_week_operator.py
[2025-01-14T13:34:45.717+0000] {processor.py:925} INFO - DAG(s) 'example_weekday_branch_operator' retrieved from /home/airflow/.local/lib/python3.12/site-packages/airflow/example_dags/example_branch_day_of_week_operator.py
[2025-01-14T13:34:45.748+0000] {logging_mixin.py:190} INFO - [2025-01-14T13:34:45.748+0000] {dag.py:3239} INFO - Sync 1 DAGs
[2025-01-14T13:34:45.791+0000] {logging_mixin.py:190} INFO - [2025-01-14T13:34:45.791+0000] {dag.py:4180} INFO - Setting next_dagrun for example_weekday_branch_operator to 2025-01-13 00:00:00+00:00, run_after=2025-01-14 00:00:00+00:00
[2025-01-14T13:34:45.832+0000] {processor.py:208} INFO - Processing /home/airflow/.local/lib/python3.12/site-packages/airflow/example_dags/example_branch_day_of_week_operator.py took 0.147 seconds
[2025-01-14T13:35:17.125+0000] {processor.py:186} INFO - Started process (PID=9367) to work on /home/airflow/.local/lib/python3.12/site-packages/airflow/example_dags/example_branch_day_of_week_operator.py
[2025-01-14T13:35:17.127+0000] {processor.py:914} INFO - Processing file /home/airflow/.local/lib/python3.12/site-packages/airflow/example_dags/example_branch_day_of_week_operator.py for tasks to queue
[2025-01-14T13:35:17.131+0000] {logging_mixin.py:190} INFO - [2025-01-14T13:35:17.130+0000] {dagbag.py:588} INFO - Filling up the DagBag from /home/airflow/.local/lib/python3.12/site-packages/airflow/example_dags/example_branch_day_of_week_operator.py
[2025-01-14T13:35:17.147+0000] {processor.py:925} INFO - DAG(s) 'example_weekday_branch_operator' retrieved from /home/airflow/.local/lib/python3.12/site-packages/airflow/example_dags/example_branch_day_of_week_operator.py
[2025-01-14T13:35:17.189+0000] {logging_mixin.py:190} INFO - [2025-01-14T13:35:17.189+0000] {dag.py:3239} INFO - Sync 1 DAGs
[2025-01-14T13:35:17.239+0000] {logging_mixin.py:190} INFO - [2025-01-14T13:35:17.238+0000] {dag.py:4180} INFO - Setting next_dagrun for example_weekday_branch_operator to 2025-01-13 00:00:00+00:00, run_after=2025-01-14 00:00:00+00:00
[2025-01-14T13:35:17.280+0000] {processor.py:208} INFO - Processing /home/airflow/.local/lib/python3.12/site-packages/airflow/example_dags/example_branch_day_of_week_operator.py took 0.164 seconds
[2025-01-14T13:35:48.027+0000] {processor.py:186} INFO - Started process (PID=9670) to work on /home/airflow/.local/lib/python3.12/site-packages/airflow/example_dags/example_branch_day_of_week_operator.py
[2025-01-14T13:35:48.029+0000] {processor.py:914} INFO - Processing file /home/airflow/.local/lib/python3.12/site-packages/airflow/example_dags/example_branch_day_of_week_operator.py for tasks to queue
[2025-01-14T13:35:48.037+0000] {logging_mixin.py:190} INFO - [2025-01-14T13:35:48.036+0000] {dagbag.py:588} INFO - Filling up the DagBag from /home/airflow/.local/lib/python3.12/site-packages/airflow/example_dags/example_branch_day_of_week_operator.py
[2025-01-14T13:35:48.057+0000] {processor.py:925} INFO - DAG(s) 'example_weekday_branch_operator' retrieved from /home/airflow/.local/lib/python3.12/site-packages/airflow/example_dags/example_branch_day_of_week_operator.py
[2025-01-14T13:35:48.088+0000] {logging_mixin.py:190} INFO - [2025-01-14T13:35:48.088+0000] {dag.py:3239} INFO - Sync 1 DAGs
[2025-01-14T13:35:48.129+0000] {logging_mixin.py:190} INFO - [2025-01-14T13:35:48.129+0000] {dag.py:4180} INFO - Setting next_dagrun for example_weekday_branch_operator to 2025-01-13 00:00:00+00:00, run_after=2025-01-14 00:00:00+00:00
[2025-01-14T13:35:48.162+0000] {processor.py:208} INFO - Processing /home/airflow/.local/lib/python3.12/site-packages/airflow/example_dags/example_branch_day_of_week_operator.py took 0.148 seconds
[2025-01-14T13:36:18.566+0000] {processor.py:186} INFO - Started process (PID=9981) to work on /home/airflow/.local/lib/python3.12/site-packages/airflow/example_dags/example_branch_day_of_week_operator.py
[2025-01-14T13:36:18.569+0000] {processor.py:914} INFO - Processing file /home/airflow/.local/lib/python3.12/site-packages/airflow/example_dags/example_branch_day_of_week_operator.py for tasks to queue
[2025-01-14T13:36:18.575+0000] {logging_mixin.py:190} INFO - [2025-01-14T13:36:18.575+0000] {dagbag.py:588} INFO - Filling up the DagBag from /home/airflow/.local/lib/python3.12/site-packages/airflow/example_dags/example_branch_day_of_week_operator.py
[2025-01-14T13:36:18.596+0000] {processor.py:925} INFO - DAG(s) 'example_weekday_branch_operator' retrieved from /home/airflow/.local/lib/python3.12/site-packages/airflow/example_dags/example_branch_day_of_week_operator.py
[2025-01-14T13:36:18.631+0000] {logging_mixin.py:190} INFO - [2025-01-14T13:36:18.631+0000] {dag.py:3239} INFO - Sync 1 DAGs
[2025-01-14T13:36:18.671+0000] {logging_mixin.py:190} INFO - [2025-01-14T13:36:18.671+0000] {dag.py:4180} INFO - Setting next_dagrun for example_weekday_branch_operator to 2025-01-13 00:00:00+00:00, run_after=2025-01-14 00:00:00+00:00
[2025-01-14T13:36:18.701+0000] {processor.py:208} INFO - Processing /home/airflow/.local/lib/python3.12/site-packages/airflow/example_dags/example_branch_day_of_week_operator.py took 0.155 seconds
[2025-01-14T13:36:49.672+0000] {processor.py:186} INFO - Started process (PID=10277) to work on /home/airflow/.local/lib/python3.12/site-packages/airflow/example_dags/example_branch_day_of_week_operator.py
[2025-01-14T13:36:49.675+0000] {processor.py:914} INFO - Processing file /home/airflow/.local/lib/python3.12/site-packages/airflow/example_dags/example_branch_day_of_week_operator.py for tasks to queue
[2025-01-14T13:36:49.683+0000] {logging_mixin.py:190} INFO - [2025-01-14T13:36:49.682+0000] {dagbag.py:588} INFO - Filling up the DagBag from /home/airflow/.local/lib/python3.12/site-packages/airflow/example_dags/example_branch_day_of_week_operator.py
[2025-01-14T13:36:49.702+0000] {processor.py:925} INFO - DAG(s) 'example_weekday_branch_operator' retrieved from /home/airflow/.local/lib/python3.12/site-packages/airflow/example_dags/example_branch_day_of_week_operator.py
[2025-01-14T13:36:49.748+0000] {logging_mixin.py:190} INFO - [2025-01-14T13:36:49.748+0000] {dag.py:3239} INFO - Sync 1 DAGs
[2025-01-14T13:36:49.820+0000] {logging_mixin.py:190} INFO - [2025-01-14T13:36:49.820+0000] {dag.py:4180} INFO - Setting next_dagrun for example_weekday_branch_operator to 2025-01-13 00:00:00+00:00, run_after=2025-01-14 00:00:00+00:00
[2025-01-14T13:36:49.855+0000] {processor.py:208} INFO - Processing /home/airflow/.local/lib/python3.12/site-packages/airflow/example_dags/example_branch_day_of_week_operator.py took 0.201 seconds
[2025-01-14T13:37:20.062+0000] {processor.py:186} INFO - Started process (PID=10585) to work on /home/airflow/.local/lib/python3.12/site-packages/airflow/example_dags/example_branch_day_of_week_operator.py
[2025-01-14T13:37:20.066+0000] {processor.py:914} INFO - Processing file /home/airflow/.local/lib/python3.12/site-packages/airflow/example_dags/example_branch_day_of_week_operator.py for tasks to queue
[2025-01-14T13:37:20.069+0000] {logging_mixin.py:190} INFO - [2025-01-14T13:37:20.069+0000] {dagbag.py:588} INFO - Filling up the DagBag from /home/airflow/.local/lib/python3.12/site-packages/airflow/example_dags/example_branch_day_of_week_operator.py
[2025-01-14T13:37:20.089+0000] {processor.py:925} INFO - DAG(s) 'example_weekday_branch_operator' retrieved from /home/airflow/.local/lib/python3.12/site-packages/airflow/example_dags/example_branch_day_of_week_operator.py
[2025-01-14T13:37:20.124+0000] {logging_mixin.py:190} INFO - [2025-01-14T13:37:20.124+0000] {dag.py:3239} INFO - Sync 1 DAGs
[2025-01-14T13:37:20.174+0000] {logging_mixin.py:190} INFO - [2025-01-14T13:37:20.174+0000] {dag.py:4180} INFO - Setting next_dagrun for example_weekday_branch_operator to 2025-01-13 00:00:00+00:00, run_after=2025-01-14 00:00:00+00:00
[2025-01-14T13:37:20.213+0000] {processor.py:208} INFO - Processing /home/airflow/.local/lib/python3.12/site-packages/airflow/example_dags/example_branch_day_of_week_operator.py took 0.165 seconds
[2025-01-14T13:37:50.348+0000] {processor.py:186} INFO - Started process (PID=10883) to work on /home/airflow/.local/lib/python3.12/site-packages/airflow/example_dags/example_branch_day_of_week_operator.py
[2025-01-14T13:37:50.350+0000] {processor.py:914} INFO - Processing file /home/airflow/.local/lib/python3.12/site-packages/airflow/example_dags/example_branch_day_of_week_operator.py for tasks to queue
[2025-01-14T13:37:50.354+0000] {logging_mixin.py:190} INFO - [2025-01-14T13:37:50.354+0000] {dagbag.py:588} INFO - Filling up the DagBag from /home/airflow/.local/lib/python3.12/site-packages/airflow/example_dags/example_branch_day_of_week_operator.py
[2025-01-14T13:37:50.378+0000] {processor.py:925} INFO - DAG(s) 'example_weekday_branch_operator' retrieved from /home/airflow/.local/lib/python3.12/site-packages/airflow/example_dags/example_branch_day_of_week_operator.py
[2025-01-14T13:37:50.412+0000] {logging_mixin.py:190} INFO - [2025-01-14T13:37:50.412+0000] {dag.py:3239} INFO - Sync 1 DAGs
[2025-01-14T13:37:50.452+0000] {logging_mixin.py:190} INFO - [2025-01-14T13:37:50.452+0000] {dag.py:4180} INFO - Setting next_dagrun for example_weekday_branch_operator to 2025-01-13 00:00:00+00:00, run_after=2025-01-14 00:00:00+00:00
[2025-01-14T13:37:50.486+0000] {processor.py:208} INFO - Processing /home/airflow/.local/lib/python3.12/site-packages/airflow/example_dags/example_branch_day_of_week_operator.py took 0.148 seconds
[2025-01-14T13:38:20.636+0000] {processor.py:186} INFO - Started process (PID=11196) to work on /home/airflow/.local/lib/python3.12/site-packages/airflow/example_dags/example_branch_day_of_week_operator.py
[2025-01-14T13:38:20.638+0000] {processor.py:914} INFO - Processing file /home/airflow/.local/lib/python3.12/site-packages/airflow/example_dags/example_branch_day_of_week_operator.py for tasks to queue
[2025-01-14T13:38:20.646+0000] {logging_mixin.py:190} INFO - [2025-01-14T13:38:20.645+0000] {dagbag.py:588} INFO - Filling up the DagBag from /home/airflow/.local/lib/python3.12/site-packages/airflow/example_dags/example_branch_day_of_week_operator.py
[2025-01-14T13:38:20.663+0000] {processor.py:925} INFO - DAG(s) 'example_weekday_branch_operator' retrieved from /home/airflow/.local/lib/python3.12/site-packages/airflow/example_dags/example_branch_day_of_week_operator.py
[2025-01-14T13:38:20.698+0000] {logging_mixin.py:190} INFO - [2025-01-14T13:38:20.697+0000] {dag.py:3239} INFO - Sync 1 DAGs
[2025-01-14T13:38:20.740+0000] {logging_mixin.py:190} INFO - [2025-01-14T13:38:20.740+0000] {dag.py:4180} INFO - Setting next_dagrun for example_weekday_branch_operator to 2025-01-13 00:00:00+00:00, run_after=2025-01-14 00:00:00+00:00
[2025-01-14T13:38:20.783+0000] {processor.py:208} INFO - Processing /home/airflow/.local/lib/python3.12/site-packages/airflow/example_dags/example_branch_day_of_week_operator.py took 0.156 seconds
[2025-01-14T13:38:51.354+0000] {processor.py:186} INFO - Started process (PID=11497) to work on /home/airflow/.local/lib/python3.12/site-packages/airflow/example_dags/example_branch_day_of_week_operator.py
[2025-01-14T13:38:51.356+0000] {processor.py:914} INFO - Processing file /home/airflow/.local/lib/python3.12/site-packages/airflow/example_dags/example_branch_day_of_week_operator.py for tasks to queue
[2025-01-14T13:38:51.364+0000] {logging_mixin.py:190} INFO - [2025-01-14T13:38:51.363+0000] {dagbag.py:588} INFO - Filling up the DagBag from /home/airflow/.local/lib/python3.12/site-packages/airflow/example_dags/example_branch_day_of_week_operator.py
[2025-01-14T13:38:51.381+0000] {processor.py:925} INFO - DAG(s) 'example_weekday_branch_operator' retrieved from /home/airflow/.local/lib/python3.12/site-packages/airflow/example_dags/example_branch_day_of_week_operator.py
[2025-01-14T13:38:51.421+0000] {logging_mixin.py:190} INFO - [2025-01-14T13:38:51.420+0000] {dag.py:3239} INFO - Sync 1 DAGs
[2025-01-14T13:38:51.463+0000] {logging_mixin.py:190} INFO - [2025-01-14T13:38:51.462+0000] {dag.py:4180} INFO - Setting next_dagrun for example_weekday_branch_operator to 2025-01-13 00:00:00+00:00, run_after=2025-01-14 00:00:00+00:00
[2025-01-14T13:38:51.502+0000] {processor.py:208} INFO - Processing /home/airflow/.local/lib/python3.12/site-packages/airflow/example_dags/example_branch_day_of_week_operator.py took 0.159 seconds
[2025-01-14T13:39:21.866+0000] {processor.py:186} INFO - Started process (PID=11810) to work on /home/airflow/.local/lib/python3.12/site-packages/airflow/example_dags/example_branch_day_of_week_operator.py
[2025-01-14T13:39:21.869+0000] {processor.py:914} INFO - Processing file /home/airflow/.local/lib/python3.12/site-packages/airflow/example_dags/example_branch_day_of_week_operator.py for tasks to queue
[2025-01-14T13:39:21.877+0000] {logging_mixin.py:190} INFO - [2025-01-14T13:39:21.876+0000] {dagbag.py:588} INFO - Filling up the DagBag from /home/airflow/.local/lib/python3.12/site-packages/airflow/example_dags/example_branch_day_of_week_operator.py
[2025-01-14T13:39:21.897+0000] {processor.py:925} INFO - DAG(s) 'example_weekday_branch_operator' retrieved from /home/airflow/.local/lib/python3.12/site-packages/airflow/example_dags/example_branch_day_of_week_operator.py
[2025-01-14T13:39:21.941+0000] {logging_mixin.py:190} INFO - [2025-01-14T13:39:21.940+0000] {dag.py:3239} INFO - Sync 1 DAGs
[2025-01-14T13:39:22.004+0000] {logging_mixin.py:190} INFO - [2025-01-14T13:39:22.004+0000] {dag.py:4180} INFO - Setting next_dagrun for example_weekday_branch_operator to 2025-01-13 00:00:00+00:00, run_after=2025-01-14 00:00:00+00:00
[2025-01-14T13:39:22.048+0000] {processor.py:208} INFO - Processing /home/airflow/.local/lib/python3.12/site-packages/airflow/example_dags/example_branch_day_of_week_operator.py took 0.195 seconds
[2025-01-14T13:39:52.180+0000] {processor.py:186} INFO - Started process (PID=12111) to work on /home/airflow/.local/lib/python3.12/site-packages/airflow/example_dags/example_branch_day_of_week_operator.py
[2025-01-14T13:39:52.183+0000] {processor.py:914} INFO - Processing file /home/airflow/.local/lib/python3.12/site-packages/airflow/example_dags/example_branch_day_of_week_operator.py for tasks to queue
[2025-01-14T13:39:52.190+0000] {logging_mixin.py:190} INFO - [2025-01-14T13:39:52.189+0000] {dagbag.py:588} INFO - Filling up the DagBag from /home/airflow/.local/lib/python3.12/site-packages/airflow/example_dags/example_branch_day_of_week_operator.py
[2025-01-14T13:39:52.207+0000] {processor.py:925} INFO - DAG(s) 'example_weekday_branch_operator' retrieved from /home/airflow/.local/lib/python3.12/site-packages/airflow/example_dags/example_branch_day_of_week_operator.py
[2025-01-14T13:39:52.251+0000] {logging_mixin.py:190} INFO - [2025-01-14T13:39:52.251+0000] {dag.py:3239} INFO - Sync 1 DAGs
[2025-01-14T13:39:52.289+0000] {logging_mixin.py:190} INFO - [2025-01-14T13:39:52.289+0000] {dag.py:4180} INFO - Setting next_dagrun for example_weekday_branch_operator to 2025-01-13 00:00:00+00:00, run_after=2025-01-14 00:00:00+00:00
[2025-01-14T13:39:52.325+0000] {processor.py:208} INFO - Processing /home/airflow/.local/lib/python3.12/site-packages/airflow/example_dags/example_branch_day_of_week_operator.py took 0.155 seconds
[2025-01-14T13:40:22.689+0000] {processor.py:186} INFO - Started process (PID=12424) to work on /home/airflow/.local/lib/python3.12/site-packages/airflow/example_dags/example_branch_day_of_week_operator.py
[2025-01-14T13:40:22.691+0000] {processor.py:914} INFO - Processing file /home/airflow/.local/lib/python3.12/site-packages/airflow/example_dags/example_branch_day_of_week_operator.py for tasks to queue
[2025-01-14T13:40:22.695+0000] {logging_mixin.py:190} INFO - [2025-01-14T13:40:22.695+0000] {dagbag.py:588} INFO - Filling up the DagBag from /home/airflow/.local/lib/python3.12/site-packages/airflow/example_dags/example_branch_day_of_week_operator.py
[2025-01-14T13:40:22.711+0000] {processor.py:925} INFO - DAG(s) 'example_weekday_branch_operator' retrieved from /home/airflow/.local/lib/python3.12/site-packages/airflow/example_dags/example_branch_day_of_week_operator.py
[2025-01-14T13:40:22.744+0000] {logging_mixin.py:190} INFO - [2025-01-14T13:40:22.744+0000] {dag.py:3239} INFO - Sync 1 DAGs
[2025-01-14T13:40:22.780+0000] {logging_mixin.py:190} INFO - [2025-01-14T13:40:22.780+0000] {dag.py:4180} INFO - Setting next_dagrun for example_weekday_branch_operator to 2025-01-13 00:00:00+00:00, run_after=2025-01-14 00:00:00+00:00
[2025-01-14T13:40:22.812+0000] {processor.py:208} INFO - Processing /home/airflow/.local/lib/python3.12/site-packages/airflow/example_dags/example_branch_day_of_week_operator.py took 0.133 seconds
[2025-01-14T13:40:53.553+0000] {processor.py:186} INFO - Started process (PID=12725) to work on /home/airflow/.local/lib/python3.12/site-packages/airflow/example_dags/example_branch_day_of_week_operator.py
[2025-01-14T13:40:53.555+0000] {processor.py:914} INFO - Processing file /home/airflow/.local/lib/python3.12/site-packages/airflow/example_dags/example_branch_day_of_week_operator.py for tasks to queue
[2025-01-14T13:40:53.563+0000] {logging_mixin.py:190} INFO - [2025-01-14T13:40:53.562+0000] {dagbag.py:588} INFO - Filling up the DagBag from /home/airflow/.local/lib/python3.12/site-packages/airflow/example_dags/example_branch_day_of_week_operator.py
[2025-01-14T13:40:53.580+0000] {processor.py:925} INFO - DAG(s) 'example_weekday_branch_operator' retrieved from /home/airflow/.local/lib/python3.12/site-packages/airflow/example_dags/example_branch_day_of_week_operator.py
[2025-01-14T13:40:53.613+0000] {logging_mixin.py:190} INFO - [2025-01-14T13:40:53.612+0000] {dag.py:3239} INFO - Sync 1 DAGs
[2025-01-14T13:40:53.654+0000] {logging_mixin.py:190} INFO - [2025-01-14T13:40:53.654+0000] {dag.py:4180} INFO - Setting next_dagrun for example_weekday_branch_operator to 2025-01-13 00:00:00+00:00, run_after=2025-01-14 00:00:00+00:00
[2025-01-14T13:40:53.686+0000] {processor.py:208} INFO - Processing /home/airflow/.local/lib/python3.12/site-packages/airflow/example_dags/example_branch_day_of_week_operator.py took 0.144 seconds
[2025-01-14T13:41:23.895+0000] {processor.py:186} INFO - Started process (PID=13038) to work on /home/airflow/.local/lib/python3.12/site-packages/airflow/example_dags/example_branch_day_of_week_operator.py
[2025-01-14T13:41:23.898+0000] {processor.py:914} INFO - Processing file /home/airflow/.local/lib/python3.12/site-packages/airflow/example_dags/example_branch_day_of_week_operator.py for tasks to queue
[2025-01-14T13:41:23.902+0000] {logging_mixin.py:190} INFO - [2025-01-14T13:41:23.902+0000] {dagbag.py:588} INFO - Filling up the DagBag from /home/airflow/.local/lib/python3.12/site-packages/airflow/example_dags/example_branch_day_of_week_operator.py
[2025-01-14T13:41:23.918+0000] {processor.py:925} INFO - DAG(s) 'example_weekday_branch_operator' retrieved from /home/airflow/.local/lib/python3.12/site-packages/airflow/example_dags/example_branch_day_of_week_operator.py
[2025-01-14T13:41:23.962+0000] {logging_mixin.py:190} INFO - [2025-01-14T13:41:23.962+0000] {dag.py:3239} INFO - Sync 1 DAGs
[2025-01-14T13:41:24.001+0000] {logging_mixin.py:190} INFO - [2025-01-14T13:41:24.000+0000] {dag.py:4180} INFO - Setting next_dagrun for example_weekday_branch_operator to 2025-01-13 00:00:00+00:00, run_after=2025-01-14 00:00:00+00:00
[2025-01-14T13:41:24.033+0000] {processor.py:208} INFO - Processing /home/airflow/.local/lib/python3.12/site-packages/airflow/example_dags/example_branch_day_of_week_operator.py took 0.147 seconds
[2025-01-14T13:41:54.368+0000] {processor.py:186} INFO - Started process (PID=13339) to work on /home/airflow/.local/lib/python3.12/site-packages/airflow/example_dags/example_branch_day_of_week_operator.py
[2025-01-14T13:41:54.372+0000] {processor.py:914} INFO - Processing file /home/airflow/.local/lib/python3.12/site-packages/airflow/example_dags/example_branch_day_of_week_operator.py for tasks to queue
[2025-01-14T13:41:54.379+0000] {logging_mixin.py:190} INFO - [2025-01-14T13:41:54.378+0000] {dagbag.py:588} INFO - Filling up the DagBag from /home/airflow/.local/lib/python3.12/site-packages/airflow/example_dags/example_branch_day_of_week_operator.py
[2025-01-14T13:41:54.398+0000] {processor.py:925} INFO - DAG(s) 'example_weekday_branch_operator' retrieved from /home/airflow/.local/lib/python3.12/site-packages/airflow/example_dags/example_branch_day_of_week_operator.py
[2025-01-14T13:41:54.448+0000] {logging_mixin.py:190} INFO - [2025-01-14T13:41:54.447+0000] {dag.py:3239} INFO - Sync 1 DAGs
[2025-01-14T13:41:54.488+0000] {logging_mixin.py:190} INFO - [2025-01-14T13:41:54.488+0000] {dag.py:4180} INFO - Setting next_dagrun for example_weekday_branch_operator to 2025-01-13 00:00:00+00:00, run_after=2025-01-14 00:00:00+00:00
[2025-01-14T13:41:54.524+0000] {processor.py:208} INFO - Processing /home/airflow/.local/lib/python3.12/site-packages/airflow/example_dags/example_branch_day_of_week_operator.py took 0.169 seconds
[2025-01-14T13:42:24.847+0000] {processor.py:186} INFO - Started process (PID=13658) to work on /home/airflow/.local/lib/python3.12/site-packages/airflow/example_dags/example_branch_day_of_week_operator.py
[2025-01-14T13:42:24.849+0000] {processor.py:914} INFO - Processing file /home/airflow/.local/lib/python3.12/site-packages/airflow/example_dags/example_branch_day_of_week_operator.py for tasks to queue
[2025-01-14T13:42:24.857+0000] {logging_mixin.py:190} INFO - [2025-01-14T13:42:24.856+0000] {dagbag.py:588} INFO - Filling up the DagBag from /home/airflow/.local/lib/python3.12/site-packages/airflow/example_dags/example_branch_day_of_week_operator.py
[2025-01-14T13:42:24.882+0000] {processor.py:925} INFO - DAG(s) 'example_weekday_branch_operator' retrieved from /home/airflow/.local/lib/python3.12/site-packages/airflow/example_dags/example_branch_day_of_week_operator.py
[2025-01-14T13:42:24.913+0000] {logging_mixin.py:190} INFO - [2025-01-14T13:42:24.913+0000] {dag.py:3239} INFO - Sync 1 DAGs
[2025-01-14T13:42:24.955+0000] {logging_mixin.py:190} INFO - [2025-01-14T13:42:24.955+0000] {dag.py:4180} INFO - Setting next_dagrun for example_weekday_branch_operator to 2025-01-13 00:00:00+00:00, run_after=2025-01-14 00:00:00+00:00
[2025-01-14T13:42:24.988+0000] {processor.py:208} INFO - Processing /home/airflow/.local/lib/python3.12/site-packages/airflow/example_dags/example_branch_day_of_week_operator.py took 0.159 seconds
[2025-01-14T13:42:55.187+0000] {processor.py:186} INFO - Started process (PID=13959) to work on /home/airflow/.local/lib/python3.12/site-packages/airflow/example_dags/example_branch_day_of_week_operator.py
[2025-01-14T13:42:55.190+0000] {processor.py:914} INFO - Processing file /home/airflow/.local/lib/python3.12/site-packages/airflow/example_dags/example_branch_day_of_week_operator.py for tasks to queue
[2025-01-14T13:42:55.197+0000] {logging_mixin.py:190} INFO - [2025-01-14T13:42:55.197+0000] {dagbag.py:588} INFO - Filling up the DagBag from /home/airflow/.local/lib/python3.12/site-packages/airflow/example_dags/example_branch_day_of_week_operator.py
[2025-01-14T13:42:55.219+0000] {processor.py:925} INFO - DAG(s) 'example_weekday_branch_operator' retrieved from /home/airflow/.local/lib/python3.12/site-packages/airflow/example_dags/example_branch_day_of_week_operator.py
[2025-01-14T13:42:55.251+0000] {logging_mixin.py:190} INFO - [2025-01-14T13:42:55.251+0000] {dag.py:3239} INFO - Sync 1 DAGs
[2025-01-14T13:42:55.288+0000] {logging_mixin.py:190} INFO - [2025-01-14T13:42:55.288+0000] {dag.py:4180} INFO - Setting next_dagrun for example_weekday_branch_operator to 2025-01-13 00:00:00+00:00, run_after=2025-01-14 00:00:00+00:00
[2025-01-14T13:42:55.325+0000] {processor.py:208} INFO - Processing /home/airflow/.local/lib/python3.12/site-packages/airflow/example_dags/example_branch_day_of_week_operator.py took 0.147 seconds
[2025-01-14T13:43:25.641+0000] {processor.py:186} INFO - Started process (PID=14272) to work on /home/airflow/.local/lib/python3.12/site-packages/airflow/example_dags/example_branch_day_of_week_operator.py
[2025-01-14T13:43:25.643+0000] {processor.py:914} INFO - Processing file /home/airflow/.local/lib/python3.12/site-packages/airflow/example_dags/example_branch_day_of_week_operator.py for tasks to queue
[2025-01-14T13:43:25.648+0000] {logging_mixin.py:190} INFO - [2025-01-14T13:43:25.647+0000] {dagbag.py:588} INFO - Filling up the DagBag from /home/airflow/.local/lib/python3.12/site-packages/airflow/example_dags/example_branch_day_of_week_operator.py
[2025-01-14T13:43:25.664+0000] {processor.py:925} INFO - DAG(s) 'example_weekday_branch_operator' retrieved from /home/airflow/.local/lib/python3.12/site-packages/airflow/example_dags/example_branch_day_of_week_operator.py
[2025-01-14T13:43:25.705+0000] {logging_mixin.py:190} INFO - [2025-01-14T13:43:25.705+0000] {dag.py:3239} INFO - Sync 1 DAGs
[2025-01-14T13:43:25.742+0000] {logging_mixin.py:190} INFO - [2025-01-14T13:43:25.741+0000] {dag.py:4180} INFO - Setting next_dagrun for example_weekday_branch_operator to 2025-01-13 00:00:00+00:00, run_after=2025-01-14 00:00:00+00:00
[2025-01-14T13:43:25.781+0000] {processor.py:208} INFO - Processing /home/airflow/.local/lib/python3.12/site-packages/airflow/example_dags/example_branch_day_of_week_operator.py took 0.152 seconds
[2025-01-14T13:43:55.964+0000] {processor.py:186} INFO - Started process (PID=14573) to work on /home/airflow/.local/lib/python3.12/site-packages/airflow/example_dags/example_branch_day_of_week_operator.py
[2025-01-14T13:43:55.966+0000] {processor.py:914} INFO - Processing file /home/airflow/.local/lib/python3.12/site-packages/airflow/example_dags/example_branch_day_of_week_operator.py for tasks to queue
[2025-01-14T13:43:55.970+0000] {logging_mixin.py:190} INFO - [2025-01-14T13:43:55.969+0000] {dagbag.py:588} INFO - Filling up the DagBag from /home/airflow/.local/lib/python3.12/site-packages/airflow/example_dags/example_branch_day_of_week_operator.py
[2025-01-14T13:43:55.986+0000] {processor.py:925} INFO - DAG(s) 'example_weekday_branch_operator' retrieved from /home/airflow/.local/lib/python3.12/site-packages/airflow/example_dags/example_branch_day_of_week_operator.py
[2025-01-14T13:43:56.026+0000] {logging_mixin.py:190} INFO - [2025-01-14T13:43:56.025+0000] {dag.py:3239} INFO - Sync 1 DAGs
[2025-01-14T13:43:56.067+0000] {logging_mixin.py:190} INFO - [2025-01-14T13:43:56.067+0000] {dag.py:4180} INFO - Setting next_dagrun for example_weekday_branch_operator to 2025-01-13 00:00:00+00:00, run_after=2025-01-14 00:00:00+00:00
[2025-01-14T13:43:56.096+0000] {processor.py:208} INFO - Processing /home/airflow/.local/lib/python3.12/site-packages/airflow/example_dags/example_branch_day_of_week_operator.py took 0.144 seconds
[2025-01-14T13:44:26.546+0000] {processor.py:186} INFO - Started process (PID=14886) to work on /home/airflow/.local/lib/python3.12/site-packages/airflow/example_dags/example_branch_day_of_week_operator.py
[2025-01-14T13:44:26.549+0000] {processor.py:914} INFO - Processing file /home/airflow/.local/lib/python3.12/site-packages/airflow/example_dags/example_branch_day_of_week_operator.py for tasks to queue
[2025-01-14T13:44:26.557+0000] {logging_mixin.py:190} INFO - [2025-01-14T13:44:26.556+0000] {dagbag.py:588} INFO - Filling up the DagBag from /home/airflow/.local/lib/python3.12/site-packages/airflow/example_dags/example_branch_day_of_week_operator.py
[2025-01-14T13:44:26.578+0000] {processor.py:925} INFO - DAG(s) 'example_weekday_branch_operator' retrieved from /home/airflow/.local/lib/python3.12/site-packages/airflow/example_dags/example_branch_day_of_week_operator.py
[2025-01-14T13:44:26.617+0000] {logging_mixin.py:190} INFO - [2025-01-14T13:44:26.616+0000] {dag.py:3239} INFO - Sync 1 DAGs
[2025-01-14T13:44:26.670+0000] {logging_mixin.py:190} INFO - [2025-01-14T13:44:26.669+0000] {dag.py:4180} INFO - Setting next_dagrun for example_weekday_branch_operator to 2025-01-13 00:00:00+00:00, run_after=2025-01-14 00:00:00+00:00
[2025-01-14T13:44:26.711+0000] {processor.py:208} INFO - Processing /home/airflow/.local/lib/python3.12/site-packages/airflow/example_dags/example_branch_day_of_week_operator.py took 0.174 seconds
[2025-01-14T13:44:56.828+0000] {processor.py:186} INFO - Started process (PID=15187) to work on /home/airflow/.local/lib/python3.12/site-packages/airflow/example_dags/example_branch_day_of_week_operator.py
[2025-01-14T13:44:56.831+0000] {processor.py:914} INFO - Processing file /home/airflow/.local/lib/python3.12/site-packages/airflow/example_dags/example_branch_day_of_week_operator.py for tasks to queue
[2025-01-14T13:44:56.834+0000] {logging_mixin.py:190} INFO - [2025-01-14T13:44:56.834+0000] {dagbag.py:588} INFO - Filling up the DagBag from /home/airflow/.local/lib/python3.12/site-packages/airflow/example_dags/example_branch_day_of_week_operator.py
[2025-01-14T13:44:56.855+0000] {processor.py:925} INFO - DAG(s) 'example_weekday_branch_operator' retrieved from /home/airflow/.local/lib/python3.12/site-packages/airflow/example_dags/example_branch_day_of_week_operator.py
[2025-01-14T13:44:56.902+0000] {logging_mixin.py:190} INFO - [2025-01-14T13:44:56.902+0000] {dag.py:3239} INFO - Sync 1 DAGs
[2025-01-14T13:44:56.941+0000] {logging_mixin.py:190} INFO - [2025-01-14T13:44:56.940+0000] {dag.py:4180} INFO - Setting next_dagrun for example_weekday_branch_operator to 2025-01-13 00:00:00+00:00, run_after=2025-01-14 00:00:00+00:00
[2025-01-14T13:44:56.975+0000] {processor.py:208} INFO - Processing /home/airflow/.local/lib/python3.12/site-packages/airflow/example_dags/example_branch_day_of_week_operator.py took 0.159 seconds
[2025-01-14T13:45:27.487+0000] {processor.py:186} INFO - Started process (PID=15500) to work on /home/airflow/.local/lib/python3.12/site-packages/airflow/example_dags/example_branch_day_of_week_operator.py
[2025-01-14T13:45:27.489+0000] {processor.py:914} INFO - Processing file /home/airflow/.local/lib/python3.12/site-packages/airflow/example_dags/example_branch_day_of_week_operator.py for tasks to queue
[2025-01-14T13:45:27.493+0000] {logging_mixin.py:190} INFO - [2025-01-14T13:45:27.492+0000] {dagbag.py:588} INFO - Filling up the DagBag from /home/airflow/.local/lib/python3.12/site-packages/airflow/example_dags/example_branch_day_of_week_operator.py
[2025-01-14T13:45:27.508+0000] {processor.py:925} INFO - DAG(s) 'example_weekday_branch_operator' retrieved from /home/airflow/.local/lib/python3.12/site-packages/airflow/example_dags/example_branch_day_of_week_operator.py
[2025-01-14T13:45:27.548+0000] {logging_mixin.py:190} INFO - [2025-01-14T13:45:27.547+0000] {dag.py:3239} INFO - Sync 1 DAGs
[2025-01-14T13:45:27.594+0000] {logging_mixin.py:190} INFO - [2025-01-14T13:45:27.593+0000] {dag.py:4180} INFO - Setting next_dagrun for example_weekday_branch_operator to 2025-01-13 00:00:00+00:00, run_after=2025-01-14 00:00:00+00:00
[2025-01-14T13:45:27.639+0000] {processor.py:208} INFO - Processing /home/airflow/.local/lib/python3.12/site-packages/airflow/example_dags/example_branch_day_of_week_operator.py took 0.163 seconds
[2025-01-14T13:45:58.329+0000] {processor.py:186} INFO - Started process (PID=15801) to work on /home/airflow/.local/lib/python3.12/site-packages/airflow/example_dags/example_branch_day_of_week_operator.py
[2025-01-14T13:45:58.332+0000] {processor.py:914} INFO - Processing file /home/airflow/.local/lib/python3.12/site-packages/airflow/example_dags/example_branch_day_of_week_operator.py for tasks to queue
[2025-01-14T13:45:58.339+0000] {logging_mixin.py:190} INFO - [2025-01-14T13:45:58.338+0000] {dagbag.py:588} INFO - Filling up the DagBag from /home/airflow/.local/lib/python3.12/site-packages/airflow/example_dags/example_branch_day_of_week_operator.py
[2025-01-14T13:45:58.365+0000] {processor.py:925} INFO - DAG(s) 'example_weekday_branch_operator' retrieved from /home/airflow/.local/lib/python3.12/site-packages/airflow/example_dags/example_branch_day_of_week_operator.py
[2025-01-14T13:45:58.403+0000] {logging_mixin.py:190} INFO - [2025-01-14T13:45:58.403+0000] {dag.py:3239} INFO - Sync 1 DAGs
[2025-01-14T13:45:58.443+0000] {logging_mixin.py:190} INFO - [2025-01-14T13:45:58.443+0000] {dag.py:4180} INFO - Setting next_dagrun for example_weekday_branch_operator to 2025-01-13 00:00:00+00:00, run_after=2025-01-14 00:00:00+00:00
[2025-01-14T13:45:58.478+0000] {processor.py:208} INFO - Processing /home/airflow/.local/lib/python3.12/site-packages/airflow/example_dags/example_branch_day_of_week_operator.py took 0.160 seconds
[2025-01-14T13:46:29.581+0000] {processor.py:186} INFO - Started process (PID=16109) to work on /home/airflow/.local/lib/python3.12/site-packages/airflow/example_dags/example_branch_day_of_week_operator.py
[2025-01-14T13:46:29.582+0000] {processor.py:914} INFO - Processing file /home/airflow/.local/lib/python3.12/site-packages/airflow/example_dags/example_branch_day_of_week_operator.py for tasks to queue
[2025-01-14T13:46:29.587+0000] {logging_mixin.py:190} INFO - [2025-01-14T13:46:29.586+0000] {dagbag.py:588} INFO - Filling up the DagBag from /home/airflow/.local/lib/python3.12/site-packages/airflow/example_dags/example_branch_day_of_week_operator.py
[2025-01-14T13:46:29.602+0000] {processor.py:925} INFO - DAG(s) 'example_weekday_branch_operator' retrieved from /home/airflow/.local/lib/python3.12/site-packages/airflow/example_dags/example_branch_day_of_week_operator.py
[2025-01-14T13:46:29.643+0000] {logging_mixin.py:190} INFO - [2025-01-14T13:46:29.642+0000] {dag.py:3239} INFO - Sync 1 DAGs
[2025-01-14T13:46:29.687+0000] {logging_mixin.py:190} INFO - [2025-01-14T13:46:29.686+0000] {dag.py:4180} INFO - Setting next_dagrun for example_weekday_branch_operator to 2025-01-13 00:00:00+00:00, run_after=2025-01-14 00:00:00+00:00
[2025-01-14T13:46:29.718+0000] {processor.py:208} INFO - Processing /home/airflow/.local/lib/python3.12/site-packages/airflow/example_dags/example_branch_day_of_week_operator.py took 0.151 seconds
[2025-01-14T13:47:00.209+0000] {processor.py:186} INFO - Started process (PID=16410) to work on /home/airflow/.local/lib/python3.12/site-packages/airflow/example_dags/example_branch_day_of_week_operator.py
[2025-01-14T13:47:00.211+0000] {processor.py:914} INFO - Processing file /home/airflow/.local/lib/python3.12/site-packages/airflow/example_dags/example_branch_day_of_week_operator.py for tasks to queue
[2025-01-14T13:47:00.219+0000] {logging_mixin.py:190} INFO - [2025-01-14T13:47:00.218+0000] {dagbag.py:588} INFO - Filling up the DagBag from /home/airflow/.local/lib/python3.12/site-packages/airflow/example_dags/example_branch_day_of_week_operator.py
[2025-01-14T13:47:00.239+0000] {processor.py:925} INFO - DAG(s) 'example_weekday_branch_operator' retrieved from /home/airflow/.local/lib/python3.12/site-packages/airflow/example_dags/example_branch_day_of_week_operator.py
[2025-01-14T13:47:00.278+0000] {logging_mixin.py:190} INFO - [2025-01-14T13:47:00.277+0000] {dag.py:3239} INFO - Sync 1 DAGs
[2025-01-14T13:47:00.568+0000] {logging_mixin.py:190} INFO - [2025-01-14T13:47:00.568+0000] {dag.py:4180} INFO - Setting next_dagrun for example_weekday_branch_operator to 2025-01-13 00:00:00+00:00, run_after=2025-01-14 00:00:00+00:00
[2025-01-14T13:47:00.609+0000] {processor.py:208} INFO - Processing /home/airflow/.local/lib/python3.12/site-packages/airflow/example_dags/example_branch_day_of_week_operator.py took 0.409 seconds
[2025-01-14T13:47:30.740+0000] {processor.py:186} INFO - Started process (PID=16723) to work on /home/airflow/.local/lib/python3.12/site-packages/airflow/example_dags/example_branch_day_of_week_operator.py
[2025-01-14T13:47:30.742+0000] {processor.py:914} INFO - Processing file /home/airflow/.local/lib/python3.12/site-packages/airflow/example_dags/example_branch_day_of_week_operator.py for tasks to queue
[2025-01-14T13:47:30.746+0000] {logging_mixin.py:190} INFO - [2025-01-14T13:47:30.745+0000] {dagbag.py:588} INFO - Filling up the DagBag from /home/airflow/.local/lib/python3.12/site-packages/airflow/example_dags/example_branch_day_of_week_operator.py
[2025-01-14T13:47:30.761+0000] {processor.py:925} INFO - DAG(s) 'example_weekday_branch_operator' retrieved from /home/airflow/.local/lib/python3.12/site-packages/airflow/example_dags/example_branch_day_of_week_operator.py
[2025-01-14T13:47:30.802+0000] {logging_mixin.py:190} INFO - [2025-01-14T13:47:30.802+0000] {dag.py:3239} INFO - Sync 1 DAGs
[2025-01-14T13:47:30.842+0000] {logging_mixin.py:190} INFO - [2025-01-14T13:47:30.842+0000] {dag.py:4180} INFO - Setting next_dagrun for example_weekday_branch_operator to 2025-01-13 00:00:00+00:00, run_after=2025-01-14 00:00:00+00:00
[2025-01-14T13:47:31.102+0000] {processor.py:208} INFO - Processing /home/airflow/.local/lib/python3.12/site-packages/airflow/example_dags/example_branch_day_of_week_operator.py took 0.372 seconds
[2025-01-14T13:48:01.889+0000] {processor.py:186} INFO - Started process (PID=17018) to work on /home/airflow/.local/lib/python3.12/site-packages/airflow/example_dags/example_branch_day_of_week_operator.py
[2025-01-14T13:48:01.892+0000] {processor.py:914} INFO - Processing file /home/airflow/.local/lib/python3.12/site-packages/airflow/example_dags/example_branch_day_of_week_operator.py for tasks to queue
[2025-01-14T13:48:01.899+0000] {logging_mixin.py:190} INFO - [2025-01-14T13:48:01.898+0000] {dagbag.py:588} INFO - Filling up the DagBag from /home/airflow/.local/lib/python3.12/site-packages/airflow/example_dags/example_branch_day_of_week_operator.py
[2025-01-14T13:48:01.922+0000] {processor.py:925} INFO - DAG(s) 'example_weekday_branch_operator' retrieved from /home/airflow/.local/lib/python3.12/site-packages/airflow/example_dags/example_branch_day_of_week_operator.py
[2025-01-14T13:48:01.972+0000] {logging_mixin.py:190} INFO - [2025-01-14T13:48:01.971+0000] {dag.py:3239} INFO - Sync 1 DAGs
[2025-01-14T13:48:02.046+0000] {logging_mixin.py:190} INFO - [2025-01-14T13:48:02.046+0000] {dag.py:4180} INFO - Setting next_dagrun for example_weekday_branch_operator to 2025-01-13 00:00:00+00:00, run_after=2025-01-14 00:00:00+00:00
[2025-01-14T13:48:02.390+0000] {processor.py:208} INFO - Processing /home/airflow/.local/lib/python3.12/site-packages/airflow/example_dags/example_branch_day_of_week_operator.py took 0.520 seconds
[2025-01-14T13:48:33.276+0000] {processor.py:186} INFO - Started process (PID=17332) to work on /home/airflow/.local/lib/python3.12/site-packages/airflow/example_dags/example_branch_day_of_week_operator.py
[2025-01-14T13:48:33.278+0000] {processor.py:914} INFO - Processing file /home/airflow/.local/lib/python3.12/site-packages/airflow/example_dags/example_branch_day_of_week_operator.py for tasks to queue
[2025-01-14T13:48:33.282+0000] {logging_mixin.py:190} INFO - [2025-01-14T13:48:33.281+0000] {dagbag.py:588} INFO - Filling up the DagBag from /home/airflow/.local/lib/python3.12/site-packages/airflow/example_dags/example_branch_day_of_week_operator.py
[2025-01-14T13:48:33.307+0000] {processor.py:925} INFO - DAG(s) 'example_weekday_branch_operator' retrieved from /home/airflow/.local/lib/python3.12/site-packages/airflow/example_dags/example_branch_day_of_week_operator.py
[2025-01-14T13:48:33.349+0000] {logging_mixin.py:190} INFO - [2025-01-14T13:48:33.349+0000] {dag.py:3239} INFO - Sync 1 DAGs
[2025-01-14T13:48:33.394+0000] {logging_mixin.py:190} INFO - [2025-01-14T13:48:33.394+0000] {dag.py:4180} INFO - Setting next_dagrun for example_weekday_branch_operator to 2025-01-13 00:00:00+00:00, run_after=2025-01-14 00:00:00+00:00
[2025-01-14T13:48:33.428+0000] {processor.py:208} INFO - Processing /home/airflow/.local/lib/python3.12/site-packages/airflow/example_dags/example_branch_day_of_week_operator.py took 0.161 seconds
[2025-01-14T13:49:03.874+0000] {processor.py:186} INFO - Started process (PID=17635) to work on /home/airflow/.local/lib/python3.12/site-packages/airflow/example_dags/example_branch_day_of_week_operator.py
[2025-01-14T13:49:03.876+0000] {processor.py:914} INFO - Processing file /home/airflow/.local/lib/python3.12/site-packages/airflow/example_dags/example_branch_day_of_week_operator.py for tasks to queue
[2025-01-14T13:49:03.880+0000] {logging_mixin.py:190} INFO - [2025-01-14T13:49:03.880+0000] {dagbag.py:588} INFO - Filling up the DagBag from /home/airflow/.local/lib/python3.12/site-packages/airflow/example_dags/example_branch_day_of_week_operator.py
[2025-01-14T13:49:03.897+0000] {processor.py:925} INFO - DAG(s) 'example_weekday_branch_operator' retrieved from /home/airflow/.local/lib/python3.12/site-packages/airflow/example_dags/example_branch_day_of_week_operator.py
[2025-01-14T13:49:03.953+0000] {logging_mixin.py:190} INFO - [2025-01-14T13:49:03.952+0000] {dag.py:3239} INFO - Sync 1 DAGs
[2025-01-14T13:49:04.022+0000] {logging_mixin.py:190} INFO - [2025-01-14T13:49:04.021+0000] {dag.py:4180} INFO - Setting next_dagrun for example_weekday_branch_operator to 2025-01-13 00:00:00+00:00, run_after=2025-01-14 00:00:00+00:00
[2025-01-14T13:49:04.066+0000] {processor.py:208} INFO - Processing /home/airflow/.local/lib/python3.12/site-packages/airflow/example_dags/example_branch_day_of_week_operator.py took 0.204 seconds
[2025-01-14T13:49:34.435+0000] {processor.py:186} INFO - Started process (PID=17941) to work on /home/airflow/.local/lib/python3.12/site-packages/airflow/example_dags/example_branch_day_of_week_operator.py
[2025-01-14T13:49:34.438+0000] {processor.py:914} INFO - Processing file /home/airflow/.local/lib/python3.12/site-packages/airflow/example_dags/example_branch_day_of_week_operator.py for tasks to queue
[2025-01-14T13:49:34.442+0000] {logging_mixin.py:190} INFO - [2025-01-14T13:49:34.441+0000] {dagbag.py:588} INFO - Filling up the DagBag from /home/airflow/.local/lib/python3.12/site-packages/airflow/example_dags/example_branch_day_of_week_operator.py
[2025-01-14T13:49:34.458+0000] {processor.py:925} INFO - DAG(s) 'example_weekday_branch_operator' retrieved from /home/airflow/.local/lib/python3.12/site-packages/airflow/example_dags/example_branch_day_of_week_operator.py
[2025-01-14T13:49:34.498+0000] {logging_mixin.py:190} INFO - [2025-01-14T13:49:34.497+0000] {dag.py:3239} INFO - Sync 1 DAGs
[2025-01-14T13:49:34.540+0000] {logging_mixin.py:190} INFO - [2025-01-14T13:49:34.540+0000] {dag.py:4180} INFO - Setting next_dagrun for example_weekday_branch_operator to 2025-01-13 00:00:00+00:00, run_after=2025-01-14 00:00:00+00:00
[2025-01-14T13:49:34.571+0000] {processor.py:208} INFO - Processing /home/airflow/.local/lib/python3.12/site-packages/airflow/example_dags/example_branch_day_of_week_operator.py took 0.146 seconds
[2025-01-14T13:50:05.124+0000] {processor.py:186} INFO - Started process (PID=18249) to work on /home/airflow/.local/lib/python3.12/site-packages/airflow/example_dags/example_branch_day_of_week_operator.py
[2025-01-14T13:50:05.126+0000] {processor.py:914} INFO - Processing file /home/airflow/.local/lib/python3.12/site-packages/airflow/example_dags/example_branch_day_of_week_operator.py for tasks to queue
[2025-01-14T13:50:05.129+0000] {logging_mixin.py:190} INFO - [2025-01-14T13:50:05.129+0000] {dagbag.py:588} INFO - Filling up the DagBag from /home/airflow/.local/lib/python3.12/site-packages/airflow/example_dags/example_branch_day_of_week_operator.py
[2025-01-14T13:50:05.162+0000] {processor.py:925} INFO - DAG(s) 'example_weekday_branch_operator' retrieved from /home/airflow/.local/lib/python3.12/site-packages/airflow/example_dags/example_branch_day_of_week_operator.py
[2025-01-14T13:50:05.227+0000] {logging_mixin.py:190} INFO - [2025-01-14T13:50:05.226+0000] {dag.py:3239} INFO - Sync 1 DAGs
[2025-01-14T13:50:05.301+0000] {logging_mixin.py:190} INFO - [2025-01-14T13:50:05.300+0000] {dag.py:4180} INFO - Setting next_dagrun for example_weekday_branch_operator to 2025-01-13 00:00:00+00:00, run_after=2025-01-14 00:00:00+00:00
[2025-01-14T13:50:05.352+0000] {processor.py:208} INFO - Processing /home/airflow/.local/lib/python3.12/site-packages/airflow/example_dags/example_branch_day_of_week_operator.py took 0.237 seconds
[2025-01-14T13:50:35.830+0000] {processor.py:186} INFO - Started process (PID=18555) to work on /home/airflow/.local/lib/python3.12/site-packages/airflow/example_dags/example_branch_day_of_week_operator.py
[2025-01-14T13:50:35.832+0000] {processor.py:914} INFO - Processing file /home/airflow/.local/lib/python3.12/site-packages/airflow/example_dags/example_branch_day_of_week_operator.py for tasks to queue
[2025-01-14T13:50:35.840+0000] {logging_mixin.py:190} INFO - [2025-01-14T13:50:35.839+0000] {dagbag.py:588} INFO - Filling up the DagBag from /home/airflow/.local/lib/python3.12/site-packages/airflow/example_dags/example_branch_day_of_week_operator.py
[2025-01-14T13:50:35.865+0000] {processor.py:925} INFO - DAG(s) 'example_weekday_branch_operator' retrieved from /home/airflow/.local/lib/python3.12/site-packages/airflow/example_dags/example_branch_day_of_week_operator.py
[2025-01-14T13:50:35.903+0000] {logging_mixin.py:190} INFO - [2025-01-14T13:50:35.903+0000] {dag.py:3239} INFO - Sync 1 DAGs
[2025-01-14T13:50:35.963+0000] {logging_mixin.py:190} INFO - [2025-01-14T13:50:35.963+0000] {dag.py:4180} INFO - Setting next_dagrun for example_weekday_branch_operator to 2025-01-13 00:00:00+00:00, run_after=2025-01-14 00:00:00+00:00
[2025-01-14T13:50:36.009+0000] {processor.py:208} INFO - Processing /home/airflow/.local/lib/python3.12/site-packages/airflow/example_dags/example_branch_day_of_week_operator.py took 0.189 seconds
[2025-01-14T13:51:06.361+0000] {processor.py:186} INFO - Started process (PID=18866) to work on /home/airflow/.local/lib/python3.12/site-packages/airflow/example_dags/example_branch_day_of_week_operator.py
[2025-01-14T13:51:06.364+0000] {processor.py:914} INFO - Processing file /home/airflow/.local/lib/python3.12/site-packages/airflow/example_dags/example_branch_day_of_week_operator.py for tasks to queue
[2025-01-14T13:51:06.371+0000] {logging_mixin.py:190} INFO - [2025-01-14T13:51:06.370+0000] {dagbag.py:588} INFO - Filling up the DagBag from /home/airflow/.local/lib/python3.12/site-packages/airflow/example_dags/example_branch_day_of_week_operator.py
[2025-01-14T13:51:06.397+0000] {processor.py:925} INFO - DAG(s) 'example_weekday_branch_operator' retrieved from /home/airflow/.local/lib/python3.12/site-packages/airflow/example_dags/example_branch_day_of_week_operator.py
[2025-01-14T13:51:06.445+0000] {logging_mixin.py:190} INFO - [2025-01-14T13:51:06.444+0000] {dag.py:3239} INFO - Sync 1 DAGs
[2025-01-14T13:51:06.500+0000] {logging_mixin.py:190} INFO - [2025-01-14T13:51:06.499+0000] {dag.py:4180} INFO - Setting next_dagrun for example_weekday_branch_operator to 2025-01-13 00:00:00+00:00, run_after=2025-01-14 00:00:00+00:00
[2025-01-14T13:51:06.550+0000] {processor.py:208} INFO - Processing /home/airflow/.local/lib/python3.12/site-packages/airflow/example_dags/example_branch_day_of_week_operator.py took 0.207 seconds
[2025-01-14T13:51:36.870+0000] {processor.py:186} INFO - Started process (PID=19169) to work on /home/airflow/.local/lib/python3.12/site-packages/airflow/example_dags/example_branch_day_of_week_operator.py
[2025-01-14T13:51:36.873+0000] {processor.py:914} INFO - Processing file /home/airflow/.local/lib/python3.12/site-packages/airflow/example_dags/example_branch_day_of_week_operator.py for tasks to queue
[2025-01-14T13:51:36.879+0000] {logging_mixin.py:190} INFO - [2025-01-14T13:51:36.878+0000] {dagbag.py:588} INFO - Filling up the DagBag from /home/airflow/.local/lib/python3.12/site-packages/airflow/example_dags/example_branch_day_of_week_operator.py
[2025-01-14T13:51:36.898+0000] {processor.py:925} INFO - DAG(s) 'example_weekday_branch_operator' retrieved from /home/airflow/.local/lib/python3.12/site-packages/airflow/example_dags/example_branch_day_of_week_operator.py
[2025-01-14T13:51:36.946+0000] {logging_mixin.py:190} INFO - [2025-01-14T13:51:36.946+0000] {dag.py:3239} INFO - Sync 1 DAGs
[2025-01-14T13:51:37.015+0000] {logging_mixin.py:190} INFO - [2025-01-14T13:51:37.015+0000] {dag.py:4180} INFO - Setting next_dagrun for example_weekday_branch_operator to 2025-01-13 00:00:00+00:00, run_after=2025-01-14 00:00:00+00:00
[2025-01-14T13:51:37.051+0000] {processor.py:208} INFO - Processing /home/airflow/.local/lib/python3.12/site-packages/airflow/example_dags/example_branch_day_of_week_operator.py took 0.191 seconds
[2025-01-14T13:52:08.115+0000] {processor.py:186} INFO - Started process (PID=19480) to work on /home/airflow/.local/lib/python3.12/site-packages/airflow/example_dags/example_branch_day_of_week_operator.py
[2025-01-14T13:52:08.117+0000] {processor.py:914} INFO - Processing file /home/airflow/.local/lib/python3.12/site-packages/airflow/example_dags/example_branch_day_of_week_operator.py for tasks to queue
[2025-01-14T13:52:08.122+0000] {logging_mixin.py:190} INFO - [2025-01-14T13:52:08.121+0000] {dagbag.py:588} INFO - Filling up the DagBag from /home/airflow/.local/lib/python3.12/site-packages/airflow/example_dags/example_branch_day_of_week_operator.py
[2025-01-14T13:52:08.139+0000] {processor.py:925} INFO - DAG(s) 'example_weekday_branch_operator' retrieved from /home/airflow/.local/lib/python3.12/site-packages/airflow/example_dags/example_branch_day_of_week_operator.py
[2025-01-14T13:52:08.186+0000] {logging_mixin.py:190} INFO - [2025-01-14T13:52:08.185+0000] {dag.py:3239} INFO - Sync 1 DAGs
[2025-01-14T13:52:08.238+0000] {logging_mixin.py:190} INFO - [2025-01-14T13:52:08.238+0000] {dag.py:4180} INFO - Setting next_dagrun for example_weekday_branch_operator to 2025-01-13 00:00:00+00:00, run_after=2025-01-14 00:00:00+00:00
[2025-01-14T13:52:08.270+0000] {processor.py:208} INFO - Processing /home/airflow/.local/lib/python3.12/site-packages/airflow/example_dags/example_branch_day_of_week_operator.py took 0.166 seconds
[2025-01-14T13:52:38.763+0000] {processor.py:186} INFO - Started process (PID=19773) to work on /home/airflow/.local/lib/python3.12/site-packages/airflow/example_dags/example_branch_day_of_week_operator.py
[2025-01-14T13:52:38.764+0000] {processor.py:914} INFO - Processing file /home/airflow/.local/lib/python3.12/site-packages/airflow/example_dags/example_branch_day_of_week_operator.py for tasks to queue
[2025-01-14T13:52:38.768+0000] {logging_mixin.py:190} INFO - [2025-01-14T13:52:38.768+0000] {dagbag.py:588} INFO - Filling up the DagBag from /home/airflow/.local/lib/python3.12/site-packages/airflow/example_dags/example_branch_day_of_week_operator.py
[2025-01-14T13:52:38.784+0000] {processor.py:925} INFO - DAG(s) 'example_weekday_branch_operator' retrieved from /home/airflow/.local/lib/python3.12/site-packages/airflow/example_dags/example_branch_day_of_week_operator.py
[2025-01-14T13:52:38.832+0000] {logging_mixin.py:190} INFO - [2025-01-14T13:52:38.832+0000] {dag.py:3239} INFO - Sync 1 DAGs
[2025-01-14T13:52:38.878+0000] {logging_mixin.py:190} INFO - [2025-01-14T13:52:38.878+0000] {dag.py:4180} INFO - Setting next_dagrun for example_weekday_branch_operator to 2025-01-13 00:00:00+00:00, run_after=2025-01-14 00:00:00+00:00
[2025-01-14T13:52:38.922+0000] {processor.py:208} INFO - Processing /home/airflow/.local/lib/python3.12/site-packages/airflow/example_dags/example_branch_day_of_week_operator.py took 0.169 seconds
[2025-01-14T13:53:09.254+0000] {processor.py:186} INFO - Started process (PID=20086) to work on /home/airflow/.local/lib/python3.12/site-packages/airflow/example_dags/example_branch_day_of_week_operator.py
[2025-01-14T13:53:09.256+0000] {processor.py:914} INFO - Processing file /home/airflow/.local/lib/python3.12/site-packages/airflow/example_dags/example_branch_day_of_week_operator.py for tasks to queue
[2025-01-14T13:53:09.264+0000] {logging_mixin.py:190} INFO - [2025-01-14T13:53:09.263+0000] {dagbag.py:588} INFO - Filling up the DagBag from /home/airflow/.local/lib/python3.12/site-packages/airflow/example_dags/example_branch_day_of_week_operator.py
[2025-01-14T13:53:09.289+0000] {processor.py:925} INFO - DAG(s) 'example_weekday_branch_operator' retrieved from /home/airflow/.local/lib/python3.12/site-packages/airflow/example_dags/example_branch_day_of_week_operator.py
[2025-01-14T13:53:09.332+0000] {logging_mixin.py:190} INFO - [2025-01-14T13:53:09.331+0000] {dag.py:3239} INFO - Sync 1 DAGs
[2025-01-14T13:53:09.378+0000] {logging_mixin.py:190} INFO - [2025-01-14T13:53:09.377+0000] {dag.py:4180} INFO - Setting next_dagrun for example_weekday_branch_operator to 2025-01-13 00:00:00+00:00, run_after=2025-01-14 00:00:00+00:00
[2025-01-14T13:53:09.434+0000] {processor.py:208} INFO - Processing /home/airflow/.local/lib/python3.12/site-packages/airflow/example_dags/example_branch_day_of_week_operator.py took 0.189 seconds
[2025-01-14T13:53:40.187+0000] {processor.py:186} INFO - Started process (PID=20387) to work on /home/airflow/.local/lib/python3.12/site-packages/airflow/example_dags/example_branch_day_of_week_operator.py
[2025-01-14T13:53:40.190+0000] {processor.py:914} INFO - Processing file /home/airflow/.local/lib/python3.12/site-packages/airflow/example_dags/example_branch_day_of_week_operator.py for tasks to queue
[2025-01-14T13:53:40.197+0000] {logging_mixin.py:190} INFO - [2025-01-14T13:53:40.196+0000] {dagbag.py:588} INFO - Filling up the DagBag from /home/airflow/.local/lib/python3.12/site-packages/airflow/example_dags/example_branch_day_of_week_operator.py
[2025-01-14T13:53:40.213+0000] {processor.py:925} INFO - DAG(s) 'example_weekday_branch_operator' retrieved from /home/airflow/.local/lib/python3.12/site-packages/airflow/example_dags/example_branch_day_of_week_operator.py
[2025-01-14T13:53:40.256+0000] {logging_mixin.py:190} INFO - [2025-01-14T13:53:40.256+0000] {dag.py:3239} INFO - Sync 1 DAGs
[2025-01-14T13:53:40.309+0000] {logging_mixin.py:190} INFO - [2025-01-14T13:53:40.309+0000] {dag.py:4180} INFO - Setting next_dagrun for example_weekday_branch_operator to 2025-01-13 00:00:00+00:00, run_after=2025-01-14 00:00:00+00:00
[2025-01-14T13:53:40.349+0000] {processor.py:208} INFO - Processing /home/airflow/.local/lib/python3.12/site-packages/airflow/example_dags/example_branch_day_of_week_operator.py took 0.182 seconds
[2025-01-14T13:54:11.053+0000] {processor.py:186} INFO - Started process (PID=20700) to work on /home/airflow/.local/lib/python3.12/site-packages/airflow/example_dags/example_branch_day_of_week_operator.py
[2025-01-14T13:54:11.055+0000] {processor.py:914} INFO - Processing file /home/airflow/.local/lib/python3.12/site-packages/airflow/example_dags/example_branch_day_of_week_operator.py for tasks to queue
[2025-01-14T13:54:11.059+0000] {logging_mixin.py:190} INFO - [2025-01-14T13:54:11.058+0000] {dagbag.py:588} INFO - Filling up the DagBag from /home/airflow/.local/lib/python3.12/site-packages/airflow/example_dags/example_branch_day_of_week_operator.py
[2025-01-14T13:54:11.077+0000] {processor.py:925} INFO - DAG(s) 'example_weekday_branch_operator' retrieved from /home/airflow/.local/lib/python3.12/site-packages/airflow/example_dags/example_branch_day_of_week_operator.py
[2025-01-14T13:54:11.129+0000] {logging_mixin.py:190} INFO - [2025-01-14T13:54:11.128+0000] {dag.py:3239} INFO - Sync 1 DAGs
[2025-01-14T13:54:11.179+0000] {logging_mixin.py:190} INFO - [2025-01-14T13:54:11.179+0000] {dag.py:4180} INFO - Setting next_dagrun for example_weekday_branch_operator to 2025-01-13 00:00:00+00:00, run_after=2025-01-14 00:00:00+00:00
[2025-01-14T13:54:11.232+0000] {processor.py:208} INFO - Processing /home/airflow/.local/lib/python3.12/site-packages/airflow/example_dags/example_branch_day_of_week_operator.py took 0.188 seconds
[2025-01-14T13:54:42.143+0000] {processor.py:186} INFO - Started process (PID=21001) to work on /home/airflow/.local/lib/python3.12/site-packages/airflow/example_dags/example_branch_day_of_week_operator.py
[2025-01-14T13:54:42.145+0000] {processor.py:914} INFO - Processing file /home/airflow/.local/lib/python3.12/site-packages/airflow/example_dags/example_branch_day_of_week_operator.py for tasks to queue
[2025-01-14T13:54:42.151+0000] {logging_mixin.py:190} INFO - [2025-01-14T13:54:42.150+0000] {dagbag.py:588} INFO - Filling up the DagBag from /home/airflow/.local/lib/python3.12/site-packages/airflow/example_dags/example_branch_day_of_week_operator.py
[2025-01-14T13:54:42.174+0000] {processor.py:925} INFO - DAG(s) 'example_weekday_branch_operator' retrieved from /home/airflow/.local/lib/python3.12/site-packages/airflow/example_dags/example_branch_day_of_week_operator.py
[2025-01-14T13:54:42.215+0000] {logging_mixin.py:190} INFO - [2025-01-14T13:54:42.214+0000] {dag.py:3239} INFO - Sync 1 DAGs
[2025-01-14T13:54:42.262+0000] {logging_mixin.py:190} INFO - [2025-01-14T13:54:42.262+0000] {dag.py:4180} INFO - Setting next_dagrun for example_weekday_branch_operator to 2025-01-13 00:00:00+00:00, run_after=2025-01-14 00:00:00+00:00
[2025-01-14T13:54:42.294+0000] {processor.py:208} INFO - Processing /home/airflow/.local/lib/python3.12/site-packages/airflow/example_dags/example_branch_day_of_week_operator.py took 0.166 seconds
[2025-01-14T13:55:12.494+0000] {processor.py:186} INFO - Started process (PID=21314) to work on /home/airflow/.local/lib/python3.12/site-packages/airflow/example_dags/example_branch_day_of_week_operator.py
[2025-01-14T13:55:12.496+0000] {processor.py:914} INFO - Processing file /home/airflow/.local/lib/python3.12/site-packages/airflow/example_dags/example_branch_day_of_week_operator.py for tasks to queue
[2025-01-14T13:55:12.500+0000] {logging_mixin.py:190} INFO - [2025-01-14T13:55:12.499+0000] {dagbag.py:588} INFO - Filling up the DagBag from /home/airflow/.local/lib/python3.12/site-packages/airflow/example_dags/example_branch_day_of_week_operator.py
[2025-01-14T13:55:12.521+0000] {processor.py:925} INFO - DAG(s) 'example_weekday_branch_operator' retrieved from /home/airflow/.local/lib/python3.12/site-packages/airflow/example_dags/example_branch_day_of_week_operator.py
[2025-01-14T13:55:12.559+0000] {logging_mixin.py:190} INFO - [2025-01-14T13:55:12.559+0000] {dag.py:3239} INFO - Sync 1 DAGs
[2025-01-14T13:55:12.614+0000] {logging_mixin.py:190} INFO - [2025-01-14T13:55:12.613+0000] {dag.py:4180} INFO - Setting next_dagrun for example_weekday_branch_operator to 2025-01-13 00:00:00+00:00, run_after=2025-01-14 00:00:00+00:00
[2025-01-14T13:55:12.654+0000] {processor.py:208} INFO - Processing /home/airflow/.local/lib/python3.12/site-packages/airflow/example_dags/example_branch_day_of_week_operator.py took 0.172 seconds
[2025-01-14T13:55:43.025+0000] {processor.py:186} INFO - Started process (PID=21613) to work on /home/airflow/.local/lib/python3.12/site-packages/airflow/example_dags/example_branch_day_of_week_operator.py
[2025-01-14T13:55:43.027+0000] {processor.py:914} INFO - Processing file /home/airflow/.local/lib/python3.12/site-packages/airflow/example_dags/example_branch_day_of_week_operator.py for tasks to queue
[2025-01-14T13:55:43.033+0000] {logging_mixin.py:190} INFO - [2025-01-14T13:55:43.032+0000] {dagbag.py:588} INFO - Filling up the DagBag from /home/airflow/.local/lib/python3.12/site-packages/airflow/example_dags/example_branch_day_of_week_operator.py
[2025-01-14T13:55:43.057+0000] {processor.py:925} INFO - DAG(s) 'example_weekday_branch_operator' retrieved from /home/airflow/.local/lib/python3.12/site-packages/airflow/example_dags/example_branch_day_of_week_operator.py
[2025-01-14T13:55:43.102+0000] {logging_mixin.py:190} INFO - [2025-01-14T13:55:43.101+0000] {dag.py:3239} INFO - Sync 1 DAGs
[2025-01-14T13:55:43.175+0000] {logging_mixin.py:190} INFO - [2025-01-14T13:55:43.174+0000] {dag.py:4180} INFO - Setting next_dagrun for example_weekday_branch_operator to 2025-01-13 00:00:00+00:00, run_after=2025-01-14 00:00:00+00:00
[2025-01-14T13:55:43.209+0000] {processor.py:208} INFO - Processing /home/airflow/.local/lib/python3.12/site-packages/airflow/example_dags/example_branch_day_of_week_operator.py took 0.194 seconds
[2025-01-14T13:56:13.396+0000] {processor.py:186} INFO - Started process (PID=21896) to work on /home/airflow/.local/lib/python3.12/site-packages/airflow/example_dags/example_branch_day_of_week_operator.py
[2025-01-14T13:56:13.399+0000] {processor.py:914} INFO - Processing file /home/airflow/.local/lib/python3.12/site-packages/airflow/example_dags/example_branch_day_of_week_operator.py for tasks to queue
[2025-01-14T13:56:13.406+0000] {logging_mixin.py:190} INFO - [2025-01-14T13:56:13.405+0000] {dagbag.py:588} INFO - Filling up the DagBag from /home/airflow/.local/lib/python3.12/site-packages/airflow/example_dags/example_branch_day_of_week_operator.py
[2025-01-14T13:56:13.438+0000] {processor.py:925} INFO - DAG(s) 'example_weekday_branch_operator' retrieved from /home/airflow/.local/lib/python3.12/site-packages/airflow/example_dags/example_branch_day_of_week_operator.py
[2025-01-14T13:56:13.477+0000] {logging_mixin.py:190} INFO - [2025-01-14T13:56:13.477+0000] {dag.py:3239} INFO - Sync 1 DAGs
[2025-01-14T13:56:13.535+0000] {logging_mixin.py:190} INFO - [2025-01-14T13:56:13.535+0000] {dag.py:4180} INFO - Setting next_dagrun for example_weekday_branch_operator to 2025-01-13 00:00:00+00:00, run_after=2025-01-14 00:00:00+00:00
[2025-01-14T13:56:13.578+0000] {processor.py:208} INFO - Processing /home/airflow/.local/lib/python3.12/site-packages/airflow/example_dags/example_branch_day_of_week_operator.py took 0.202 seconds
[2025-01-14T13:56:44.140+0000] {processor.py:186} INFO - Started process (PID=22197) to work on /home/airflow/.local/lib/python3.12/site-packages/airflow/example_dags/example_branch_day_of_week_operator.py
[2025-01-14T13:56:44.142+0000] {processor.py:914} INFO - Processing file /home/airflow/.local/lib/python3.12/site-packages/airflow/example_dags/example_branch_day_of_week_operator.py for tasks to queue
[2025-01-14T13:56:44.146+0000] {logging_mixin.py:190} INFO - [2025-01-14T13:56:44.145+0000] {dagbag.py:588} INFO - Filling up the DagBag from /home/airflow/.local/lib/python3.12/site-packages/airflow/example_dags/example_branch_day_of_week_operator.py
[2025-01-14T13:56:44.165+0000] {processor.py:925} INFO - DAG(s) 'example_weekday_branch_operator' retrieved from /home/airflow/.local/lib/python3.12/site-packages/airflow/example_dags/example_branch_day_of_week_operator.py
[2025-01-14T13:56:44.210+0000] {logging_mixin.py:190} INFO - [2025-01-14T13:56:44.209+0000] {dag.py:3239} INFO - Sync 1 DAGs
[2025-01-14T13:56:44.280+0000] {logging_mixin.py:190} INFO - [2025-01-14T13:56:44.280+0000] {dag.py:4180} INFO - Setting next_dagrun for example_weekday_branch_operator to 2025-01-13 00:00:00+00:00, run_after=2025-01-14 00:00:00+00:00
[2025-01-14T13:56:44.314+0000] {processor.py:208} INFO - Processing /home/airflow/.local/lib/python3.12/site-packages/airflow/example_dags/example_branch_day_of_week_operator.py took 0.184 seconds
[2025-01-14T13:57:15.079+0000] {processor.py:186} INFO - Started process (PID=22500) to work on /home/airflow/.local/lib/python3.12/site-packages/airflow/example_dags/example_branch_day_of_week_operator.py
[2025-01-14T13:57:15.080+0000] {processor.py:914} INFO - Processing file /home/airflow/.local/lib/python3.12/site-packages/airflow/example_dags/example_branch_day_of_week_operator.py for tasks to queue
[2025-01-14T13:57:15.084+0000] {logging_mixin.py:190} INFO - [2025-01-14T13:57:15.084+0000] {dagbag.py:588} INFO - Filling up the DagBag from /home/airflow/.local/lib/python3.12/site-packages/airflow/example_dags/example_branch_day_of_week_operator.py
[2025-01-14T13:57:15.100+0000] {processor.py:925} INFO - DAG(s) 'example_weekday_branch_operator' retrieved from /home/airflow/.local/lib/python3.12/site-packages/airflow/example_dags/example_branch_day_of_week_operator.py
[2025-01-14T13:57:15.140+0000] {logging_mixin.py:190} INFO - [2025-01-14T13:57:15.140+0000] {dag.py:3239} INFO - Sync 1 DAGs
[2025-01-14T13:57:15.193+0000] {logging_mixin.py:190} INFO - [2025-01-14T13:57:15.192+0000] {dag.py:4180} INFO - Setting next_dagrun for example_weekday_branch_operator to 2025-01-13 00:00:00+00:00, run_after=2025-01-14 00:00:00+00:00
[2025-01-14T13:57:15.232+0000] {processor.py:208} INFO - Processing /home/airflow/.local/lib/python3.12/site-packages/airflow/example_dags/example_branch_day_of_week_operator.py took 0.163 seconds
[2025-01-14T13:57:45.513+0000] {processor.py:186} INFO - Started process (PID=22791) to work on /home/airflow/.local/lib/python3.12/site-packages/airflow/example_dags/example_branch_day_of_week_operator.py
[2025-01-14T13:57:45.515+0000] {processor.py:914} INFO - Processing file /home/airflow/.local/lib/python3.12/site-packages/airflow/example_dags/example_branch_day_of_week_operator.py for tasks to queue
[2025-01-14T13:57:45.520+0000] {logging_mixin.py:190} INFO - [2025-01-14T13:57:45.519+0000] {dagbag.py:588} INFO - Filling up the DagBag from /home/airflow/.local/lib/python3.12/site-packages/airflow/example_dags/example_branch_day_of_week_operator.py
[2025-01-14T13:57:45.536+0000] {processor.py:925} INFO - DAG(s) 'example_weekday_branch_operator' retrieved from /home/airflow/.local/lib/python3.12/site-packages/airflow/example_dags/example_branch_day_of_week_operator.py
[2025-01-14T13:57:45.580+0000] {logging_mixin.py:190} INFO - [2025-01-14T13:57:45.580+0000] {dag.py:3239} INFO - Sync 1 DAGs
[2025-01-14T13:57:45.624+0000] {logging_mixin.py:190} INFO - [2025-01-14T13:57:45.624+0000] {dag.py:4180} INFO - Setting next_dagrun for example_weekday_branch_operator to 2025-01-13 00:00:00+00:00, run_after=2025-01-14 00:00:00+00:00
[2025-01-14T13:57:45.660+0000] {processor.py:208} INFO - Processing /home/airflow/.local/lib/python3.12/site-packages/airflow/example_dags/example_branch_day_of_week_operator.py took 0.156 seconds
[2025-01-14T13:58:15.968+0000] {processor.py:186} INFO - Started process (PID=23104) to work on /home/airflow/.local/lib/python3.12/site-packages/airflow/example_dags/example_branch_day_of_week_operator.py
[2025-01-14T13:58:15.971+0000] {processor.py:914} INFO - Processing file /home/airflow/.local/lib/python3.12/site-packages/airflow/example_dags/example_branch_day_of_week_operator.py for tasks to queue
[2025-01-14T13:58:15.978+0000] {logging_mixin.py:190} INFO - [2025-01-14T13:58:15.977+0000] {dagbag.py:588} INFO - Filling up the DagBag from /home/airflow/.local/lib/python3.12/site-packages/airflow/example_dags/example_branch_day_of_week_operator.py
[2025-01-14T13:58:15.995+0000] {processor.py:925} INFO - DAG(s) 'example_weekday_branch_operator' retrieved from /home/airflow/.local/lib/python3.12/site-packages/airflow/example_dags/example_branch_day_of_week_operator.py
[2025-01-14T13:58:16.027+0000] {logging_mixin.py:190} INFO - [2025-01-14T13:58:16.027+0000] {dag.py:3239} INFO - Sync 1 DAGs
[2025-01-14T13:58:16.064+0000] {logging_mixin.py:190} INFO - [2025-01-14T13:58:16.063+0000] {dag.py:4180} INFO - Setting next_dagrun for example_weekday_branch_operator to 2025-01-13 00:00:00+00:00, run_after=2025-01-14 00:00:00+00:00
[2025-01-14T13:58:16.095+0000] {processor.py:208} INFO - Processing /home/airflow/.local/lib/python3.12/site-packages/airflow/example_dags/example_branch_day_of_week_operator.py took 0.136 seconds
[2025-01-14T13:58:46.221+0000] {processor.py:186} INFO - Started process (PID=23400) to work on /home/airflow/.local/lib/python3.12/site-packages/airflow/example_dags/example_branch_day_of_week_operator.py
[2025-01-14T13:58:46.223+0000] {processor.py:914} INFO - Processing file /home/airflow/.local/lib/python3.12/site-packages/airflow/example_dags/example_branch_day_of_week_operator.py for tasks to queue
[2025-01-14T13:58:46.229+0000] {logging_mixin.py:190} INFO - [2025-01-14T13:58:46.229+0000] {dagbag.py:588} INFO - Filling up the DagBag from /home/airflow/.local/lib/python3.12/site-packages/airflow/example_dags/example_branch_day_of_week_operator.py
[2025-01-14T13:58:46.246+0000] {processor.py:925} INFO - DAG(s) 'example_weekday_branch_operator' retrieved from /home/airflow/.local/lib/python3.12/site-packages/airflow/example_dags/example_branch_day_of_week_operator.py
[2025-01-14T13:58:46.292+0000] {logging_mixin.py:190} INFO - [2025-01-14T13:58:46.292+0000] {dag.py:3239} INFO - Sync 1 DAGs
[2025-01-14T13:58:46.352+0000] {logging_mixin.py:190} INFO - [2025-01-14T13:58:46.351+0000] {dag.py:4180} INFO - Setting next_dagrun for example_weekday_branch_operator to 2025-01-13 00:00:00+00:00, run_after=2025-01-14 00:00:00+00:00
[2025-01-14T13:58:46.397+0000] {processor.py:208} INFO - Processing /home/airflow/.local/lib/python3.12/site-packages/airflow/example_dags/example_branch_day_of_week_operator.py took 0.186 seconds
[2025-01-14T13:59:17.075+0000] {processor.py:186} INFO - Started process (PID=23703) to work on /home/airflow/.local/lib/python3.12/site-packages/airflow/example_dags/example_branch_day_of_week_operator.py
[2025-01-14T13:59:17.077+0000] {processor.py:914} INFO - Processing file /home/airflow/.local/lib/python3.12/site-packages/airflow/example_dags/example_branch_day_of_week_operator.py for tasks to queue
[2025-01-14T13:59:17.081+0000] {logging_mixin.py:190} INFO - [2025-01-14T13:59:17.080+0000] {dagbag.py:588} INFO - Filling up the DagBag from /home/airflow/.local/lib/python3.12/site-packages/airflow/example_dags/example_branch_day_of_week_operator.py
[2025-01-14T13:59:17.105+0000] {processor.py:925} INFO - DAG(s) 'example_weekday_branch_operator' retrieved from /home/airflow/.local/lib/python3.12/site-packages/airflow/example_dags/example_branch_day_of_week_operator.py
[2025-01-14T13:59:17.150+0000] {logging_mixin.py:190} INFO - [2025-01-14T13:59:17.150+0000] {dag.py:3239} INFO - Sync 1 DAGs
[2025-01-14T13:59:17.204+0000] {logging_mixin.py:190} INFO - [2025-01-14T13:59:17.204+0000] {dag.py:4180} INFO - Setting next_dagrun for example_weekday_branch_operator to 2025-01-13 00:00:00+00:00, run_after=2025-01-14 00:00:00+00:00
[2025-01-14T13:59:17.252+0000] {processor.py:208} INFO - Processing /home/airflow/.local/lib/python3.12/site-packages/airflow/example_dags/example_branch_day_of_week_operator.py took 0.197 seconds
[2025-01-14T13:59:47.409+0000] {processor.py:186} INFO - Started process (PID=23999) to work on /home/airflow/.local/lib/python3.12/site-packages/airflow/example_dags/example_branch_day_of_week_operator.py
[2025-01-14T13:59:47.411+0000] {processor.py:914} INFO - Processing file /home/airflow/.local/lib/python3.12/site-packages/airflow/example_dags/example_branch_day_of_week_operator.py for tasks to queue
[2025-01-14T13:59:47.415+0000] {logging_mixin.py:190} INFO - [2025-01-14T13:59:47.415+0000] {dagbag.py:588} INFO - Filling up the DagBag from /home/airflow/.local/lib/python3.12/site-packages/airflow/example_dags/example_branch_day_of_week_operator.py
[2025-01-14T13:59:47.431+0000] {processor.py:925} INFO - DAG(s) 'example_weekday_branch_operator' retrieved from /home/airflow/.local/lib/python3.12/site-packages/airflow/example_dags/example_branch_day_of_week_operator.py
[2025-01-14T13:59:47.466+0000] {logging_mixin.py:190} INFO - [2025-01-14T13:59:47.465+0000] {dag.py:3239} INFO - Sync 1 DAGs
[2025-01-14T13:59:47.508+0000] {logging_mixin.py:190} INFO - [2025-01-14T13:59:47.508+0000] {dag.py:4180} INFO - Setting next_dagrun for example_weekday_branch_operator to 2025-01-13 00:00:00+00:00, run_after=2025-01-14 00:00:00+00:00
[2025-01-14T13:59:47.539+0000] {processor.py:208} INFO - Processing /home/airflow/.local/lib/python3.12/site-packages/airflow/example_dags/example_branch_day_of_week_operator.py took 0.149 seconds
[2025-01-14T14:00:17.978+0000] {processor.py:186} INFO - Started process (PID=24302) to work on /home/airflow/.local/lib/python3.12/site-packages/airflow/example_dags/example_branch_day_of_week_operator.py
[2025-01-14T14:00:17.980+0000] {processor.py:914} INFO - Processing file /home/airflow/.local/lib/python3.12/site-packages/airflow/example_dags/example_branch_day_of_week_operator.py for tasks to queue
[2025-01-14T14:00:17.987+0000] {logging_mixin.py:190} INFO - [2025-01-14T14:00:17.986+0000] {dagbag.py:588} INFO - Filling up the DagBag from /home/airflow/.local/lib/python3.12/site-packages/airflow/example_dags/example_branch_day_of_week_operator.py
[2025-01-14T14:00:18.009+0000] {processor.py:925} INFO - DAG(s) 'example_weekday_branch_operator' retrieved from /home/airflow/.local/lib/python3.12/site-packages/airflow/example_dags/example_branch_day_of_week_operator.py
[2025-01-14T14:00:18.051+0000] {logging_mixin.py:190} INFO - [2025-01-14T14:00:18.051+0000] {dag.py:3239} INFO - Sync 1 DAGs
[2025-01-14T14:00:18.098+0000] {logging_mixin.py:190} INFO - [2025-01-14T14:00:18.098+0000] {dag.py:4180} INFO - Setting next_dagrun for example_weekday_branch_operator to 2025-01-13 00:00:00+00:00, run_after=2025-01-14 00:00:00+00:00
[2025-01-14T14:00:18.137+0000] {processor.py:208} INFO - Processing /home/airflow/.local/lib/python3.12/site-packages/airflow/example_dags/example_branch_day_of_week_operator.py took 0.169 seconds
[2025-01-14T14:00:48.620+0000] {processor.py:186} INFO - Started process (PID=24605) to work on /home/airflow/.local/lib/python3.12/site-packages/airflow/example_dags/example_branch_day_of_week_operator.py
[2025-01-14T14:00:48.622+0000] {processor.py:914} INFO - Processing file /home/airflow/.local/lib/python3.12/site-packages/airflow/example_dags/example_branch_day_of_week_operator.py for tasks to queue
[2025-01-14T14:00:48.630+0000] {logging_mixin.py:190} INFO - [2025-01-14T14:00:48.629+0000] {dagbag.py:588} INFO - Filling up the DagBag from /home/airflow/.local/lib/python3.12/site-packages/airflow/example_dags/example_branch_day_of_week_operator.py
[2025-01-14T14:00:48.647+0000] {processor.py:925} INFO - DAG(s) 'example_weekday_branch_operator' retrieved from /home/airflow/.local/lib/python3.12/site-packages/airflow/example_dags/example_branch_day_of_week_operator.py
[2025-01-14T14:00:48.680+0000] {logging_mixin.py:190} INFO - [2025-01-14T14:00:48.680+0000] {dag.py:3239} INFO - Sync 1 DAGs
[2025-01-14T14:00:48.717+0000] {logging_mixin.py:190} INFO - [2025-01-14T14:00:48.716+0000] {dag.py:4180} INFO - Setting next_dagrun for example_weekday_branch_operator to 2025-01-13 00:00:00+00:00, run_after=2025-01-14 00:00:00+00:00
[2025-01-14T14:00:48.746+0000] {processor.py:208} INFO - Processing /home/airflow/.local/lib/python3.12/site-packages/airflow/example_dags/example_branch_day_of_week_operator.py took 0.137 seconds
[2025-01-14T14:01:18.818+0000] {processor.py:186} INFO - Started process (PID=24916) to work on /home/airflow/.local/lib/python3.12/site-packages/airflow/example_dags/example_branch_day_of_week_operator.py
[2025-01-14T14:01:18.820+0000] {processor.py:914} INFO - Processing file /home/airflow/.local/lib/python3.12/site-packages/airflow/example_dags/example_branch_day_of_week_operator.py for tasks to queue
[2025-01-14T14:01:18.825+0000] {logging_mixin.py:190} INFO - [2025-01-14T14:01:18.824+0000] {dagbag.py:588} INFO - Filling up the DagBag from /home/airflow/.local/lib/python3.12/site-packages/airflow/example_dags/example_branch_day_of_week_operator.py
[2025-01-14T14:01:18.841+0000] {processor.py:925} INFO - DAG(s) 'example_weekday_branch_operator' retrieved from /home/airflow/.local/lib/python3.12/site-packages/airflow/example_dags/example_branch_day_of_week_operator.py
[2025-01-14T14:01:18.883+0000] {logging_mixin.py:190} INFO - [2025-01-14T14:01:18.883+0000] {dag.py:3239} INFO - Sync 1 DAGs
[2025-01-14T14:01:18.936+0000] {logging_mixin.py:190} INFO - [2025-01-14T14:01:18.936+0000] {dag.py:4180} INFO - Setting next_dagrun for example_weekday_branch_operator to 2025-01-13 00:00:00+00:00, run_after=2025-01-14 00:00:00+00:00
[2025-01-14T14:01:18.971+0000] {processor.py:208} INFO - Processing /home/airflow/.local/lib/python3.12/site-packages/airflow/example_dags/example_branch_day_of_week_operator.py took 0.168 seconds
[2025-01-14T14:01:49.801+0000] {processor.py:186} INFO - Started process (PID=25217) to work on /home/airflow/.local/lib/python3.12/site-packages/airflow/example_dags/example_branch_day_of_week_operator.py
[2025-01-14T14:01:49.803+0000] {processor.py:914} INFO - Processing file /home/airflow/.local/lib/python3.12/site-packages/airflow/example_dags/example_branch_day_of_week_operator.py for tasks to queue
[2025-01-14T14:01:49.811+0000] {logging_mixin.py:190} INFO - [2025-01-14T14:01:49.810+0000] {dagbag.py:588} INFO - Filling up the DagBag from /home/airflow/.local/lib/python3.12/site-packages/airflow/example_dags/example_branch_day_of_week_operator.py
[2025-01-14T14:01:49.831+0000] {processor.py:925} INFO - DAG(s) 'example_weekday_branch_operator' retrieved from /home/airflow/.local/lib/python3.12/site-packages/airflow/example_dags/example_branch_day_of_week_operator.py
[2025-01-14T14:01:49.874+0000] {logging_mixin.py:190} INFO - [2025-01-14T14:01:49.874+0000] {dag.py:3239} INFO - Sync 1 DAGs
[2025-01-14T14:01:49.912+0000] {logging_mixin.py:190} INFO - [2025-01-14T14:01:49.912+0000] {dag.py:4180} INFO - Setting next_dagrun for example_weekday_branch_operator to 2025-01-13 00:00:00+00:00, run_after=2025-01-14 00:00:00+00:00
[2025-01-14T14:01:49.950+0000] {processor.py:208} INFO - Processing /home/airflow/.local/lib/python3.12/site-packages/airflow/example_dags/example_branch_day_of_week_operator.py took 0.159 seconds
[2025-01-14T14:02:20.372+0000] {processor.py:186} INFO - Started process (PID=25531) to work on /home/airflow/.local/lib/python3.12/site-packages/airflow/example_dags/example_branch_day_of_week_operator.py
[2025-01-14T14:02:20.375+0000] {processor.py:914} INFO - Processing file /home/airflow/.local/lib/python3.12/site-packages/airflow/example_dags/example_branch_day_of_week_operator.py for tasks to queue
[2025-01-14T14:02:20.383+0000] {logging_mixin.py:190} INFO - [2025-01-14T14:02:20.382+0000] {dagbag.py:588} INFO - Filling up the DagBag from /home/airflow/.local/lib/python3.12/site-packages/airflow/example_dags/example_branch_day_of_week_operator.py
[2025-01-14T14:02:20.410+0000] {processor.py:925} INFO - DAG(s) 'example_weekday_branch_operator' retrieved from /home/airflow/.local/lib/python3.12/site-packages/airflow/example_dags/example_branch_day_of_week_operator.py
[2025-01-14T14:02:20.448+0000] {logging_mixin.py:190} INFO - [2025-01-14T14:02:20.447+0000] {dag.py:3239} INFO - Sync 1 DAGs
[2025-01-14T14:02:20.486+0000] {logging_mixin.py:190} INFO - [2025-01-14T14:02:20.486+0000] {dag.py:4180} INFO - Setting next_dagrun for example_weekday_branch_operator to 2025-01-13 00:00:00+00:00, run_after=2025-01-14 00:00:00+00:00
[2025-01-14T14:02:20.518+0000] {processor.py:208} INFO - Processing /home/airflow/.local/lib/python3.12/site-packages/airflow/example_dags/example_branch_day_of_week_operator.py took 0.165 seconds
[2025-01-14T14:02:50.615+0000] {processor.py:186} INFO - Started process (PID=25830) to work on /home/airflow/.local/lib/python3.12/site-packages/airflow/example_dags/example_branch_day_of_week_operator.py
[2025-01-14T14:02:50.617+0000] {processor.py:914} INFO - Processing file /home/airflow/.local/lib/python3.12/site-packages/airflow/example_dags/example_branch_day_of_week_operator.py for tasks to queue
[2025-01-14T14:02:50.621+0000] {logging_mixin.py:190} INFO - [2025-01-14T14:02:50.621+0000] {dagbag.py:588} INFO - Filling up the DagBag from /home/airflow/.local/lib/python3.12/site-packages/airflow/example_dags/example_branch_day_of_week_operator.py
[2025-01-14T14:02:50.638+0000] {processor.py:925} INFO - DAG(s) 'example_weekday_branch_operator' retrieved from /home/airflow/.local/lib/python3.12/site-packages/airflow/example_dags/example_branch_day_of_week_operator.py
[2025-01-14T14:02:50.679+0000] {logging_mixin.py:190} INFO - [2025-01-14T14:02:50.678+0000] {dag.py:3239} INFO - Sync 1 DAGs
[2025-01-14T14:02:50.725+0000] {logging_mixin.py:190} INFO - [2025-01-14T14:02:50.725+0000] {dag.py:4180} INFO - Setting next_dagrun for example_weekday_branch_operator to 2025-01-13 00:00:00+00:00, run_after=2025-01-14 00:00:00+00:00
[2025-01-14T14:02:50.760+0000] {processor.py:208} INFO - Processing /home/airflow/.local/lib/python3.12/site-packages/airflow/example_dags/example_branch_day_of_week_operator.py took 0.155 seconds
[2025-01-14T14:03:21.194+0000] {processor.py:186} INFO - Started process (PID=26143) to work on /home/airflow/.local/lib/python3.12/site-packages/airflow/example_dags/example_branch_day_of_week_operator.py
[2025-01-14T14:03:21.196+0000] {processor.py:914} INFO - Processing file /home/airflow/.local/lib/python3.12/site-packages/airflow/example_dags/example_branch_day_of_week_operator.py for tasks to queue
[2025-01-14T14:03:21.204+0000] {logging_mixin.py:190} INFO - [2025-01-14T14:03:21.203+0000] {dagbag.py:588} INFO - Filling up the DagBag from /home/airflow/.local/lib/python3.12/site-packages/airflow/example_dags/example_branch_day_of_week_operator.py
[2025-01-14T14:03:21.223+0000] {processor.py:925} INFO - DAG(s) 'example_weekday_branch_operator' retrieved from /home/airflow/.local/lib/python3.12/site-packages/airflow/example_dags/example_branch_day_of_week_operator.py
[2025-01-14T14:03:21.274+0000] {logging_mixin.py:190} INFO - [2025-01-14T14:03:21.274+0000] {dag.py:3239} INFO - Sync 1 DAGs
[2025-01-14T14:03:21.335+0000] {logging_mixin.py:190} INFO - [2025-01-14T14:03:21.335+0000] {dag.py:4180} INFO - Setting next_dagrun for example_weekday_branch_operator to 2025-01-13 00:00:00+00:00, run_after=2025-01-14 00:00:00+00:00
[2025-01-14T14:03:21.380+0000] {processor.py:208} INFO - Processing /home/airflow/.local/lib/python3.12/site-packages/airflow/example_dags/example_branch_day_of_week_operator.py took 0.196 seconds
[2025-01-14T14:03:51.737+0000] {processor.py:186} INFO - Started process (PID=26443) to work on /home/airflow/.local/lib/python3.12/site-packages/airflow/example_dags/example_branch_day_of_week_operator.py
[2025-01-14T14:03:51.740+0000] {processor.py:914} INFO - Processing file /home/airflow/.local/lib/python3.12/site-packages/airflow/example_dags/example_branch_day_of_week_operator.py for tasks to queue
[2025-01-14T14:03:51.744+0000] {logging_mixin.py:190} INFO - [2025-01-14T14:03:51.743+0000] {dagbag.py:588} INFO - Filling up the DagBag from /home/airflow/.local/lib/python3.12/site-packages/airflow/example_dags/example_branch_day_of_week_operator.py
[2025-01-14T14:03:51.761+0000] {processor.py:925} INFO - DAG(s) 'example_weekday_branch_operator' retrieved from /home/airflow/.local/lib/python3.12/site-packages/airflow/example_dags/example_branch_day_of_week_operator.py
[2025-01-14T14:03:51.806+0000] {logging_mixin.py:190} INFO - [2025-01-14T14:03:51.805+0000] {dag.py:3239} INFO - Sync 1 DAGs
[2025-01-14T14:03:51.860+0000] {logging_mixin.py:190} INFO - [2025-01-14T14:03:51.859+0000] {dag.py:4180} INFO - Setting next_dagrun for example_weekday_branch_operator to 2025-01-13 00:00:00+00:00, run_after=2025-01-14 00:00:00+00:00
[2025-01-14T14:03:51.911+0000] {processor.py:208} INFO - Processing /home/airflow/.local/lib/python3.12/site-packages/airflow/example_dags/example_branch_day_of_week_operator.py took 0.195 seconds
[2025-01-14T14:04:22.521+0000] {processor.py:186} INFO - Started process (PID=26756) to work on /home/airflow/.local/lib/python3.12/site-packages/airflow/example_dags/example_branch_day_of_week_operator.py
[2025-01-14T14:04:22.523+0000] {processor.py:914} INFO - Processing file /home/airflow/.local/lib/python3.12/site-packages/airflow/example_dags/example_branch_day_of_week_operator.py for tasks to queue
[2025-01-14T14:04:22.529+0000] {logging_mixin.py:190} INFO - [2025-01-14T14:04:22.528+0000] {dagbag.py:588} INFO - Filling up the DagBag from /home/airflow/.local/lib/python3.12/site-packages/airflow/example_dags/example_branch_day_of_week_operator.py
[2025-01-14T14:04:22.550+0000] {processor.py:925} INFO - DAG(s) 'example_weekday_branch_operator' retrieved from /home/airflow/.local/lib/python3.12/site-packages/airflow/example_dags/example_branch_day_of_week_operator.py
[2025-01-14T14:04:22.592+0000] {logging_mixin.py:190} INFO - [2025-01-14T14:04:22.592+0000] {dag.py:3239} INFO - Sync 1 DAGs
[2025-01-14T14:04:22.637+0000] {logging_mixin.py:190} INFO - [2025-01-14T14:04:22.637+0000] {dag.py:4180} INFO - Setting next_dagrun for example_weekday_branch_operator to 2025-01-13 00:00:00+00:00, run_after=2025-01-14 00:00:00+00:00
[2025-01-14T14:04:22.674+0000] {processor.py:208} INFO - Processing /home/airflow/.local/lib/python3.12/site-packages/airflow/example_dags/example_branch_day_of_week_operator.py took 0.164 seconds
[2025-01-14T14:04:53.104+0000] {processor.py:186} INFO - Started process (PID=27059) to work on /home/airflow/.local/lib/python3.12/site-packages/airflow/example_dags/example_branch_day_of_week_operator.py
[2025-01-14T14:04:53.106+0000] {processor.py:914} INFO - Processing file /home/airflow/.local/lib/python3.12/site-packages/airflow/example_dags/example_branch_day_of_week_operator.py for tasks to queue
[2025-01-14T14:04:53.110+0000] {logging_mixin.py:190} INFO - [2025-01-14T14:04:53.109+0000] {dagbag.py:588} INFO - Filling up the DagBag from /home/airflow/.local/lib/python3.12/site-packages/airflow/example_dags/example_branch_day_of_week_operator.py
[2025-01-14T14:04:53.126+0000] {processor.py:925} INFO - DAG(s) 'example_weekday_branch_operator' retrieved from /home/airflow/.local/lib/python3.12/site-packages/airflow/example_dags/example_branch_day_of_week_operator.py
[2025-01-14T14:04:53.165+0000] {logging_mixin.py:190} INFO - [2025-01-14T14:04:53.165+0000] {dag.py:3239} INFO - Sync 1 DAGs
[2025-01-14T14:04:53.203+0000] {logging_mixin.py:190} INFO - [2025-01-14T14:04:53.202+0000] {dag.py:4180} INFO - Setting next_dagrun for example_weekday_branch_operator to 2025-01-13 00:00:00+00:00, run_after=2025-01-14 00:00:00+00:00
[2025-01-14T14:04:53.245+0000] {processor.py:208} INFO - Processing /home/airflow/.local/lib/python3.12/site-packages/airflow/example_dags/example_branch_day_of_week_operator.py took 0.150 seconds
[2025-01-14T14:05:23.571+0000] {processor.py:186} INFO - Started process (PID=27370) to work on /home/airflow/.local/lib/python3.12/site-packages/airflow/example_dags/example_branch_day_of_week_operator.py
[2025-01-14T14:05:23.573+0000] {processor.py:914} INFO - Processing file /home/airflow/.local/lib/python3.12/site-packages/airflow/example_dags/example_branch_day_of_week_operator.py for tasks to queue
[2025-01-14T14:05:23.577+0000] {logging_mixin.py:190} INFO - [2025-01-14T14:05:23.576+0000] {dagbag.py:588} INFO - Filling up the DagBag from /home/airflow/.local/lib/python3.12/site-packages/airflow/example_dags/example_branch_day_of_week_operator.py
[2025-01-14T14:05:23.597+0000] {processor.py:925} INFO - DAG(s) 'example_weekday_branch_operator' retrieved from /home/airflow/.local/lib/python3.12/site-packages/airflow/example_dags/example_branch_day_of_week_operator.py
[2025-01-14T14:05:23.644+0000] {logging_mixin.py:190} INFO - [2025-01-14T14:05:23.643+0000] {dag.py:3239} INFO - Sync 1 DAGs
[2025-01-14T14:05:23.698+0000] {logging_mixin.py:190} INFO - [2025-01-14T14:05:23.697+0000] {dag.py:4180} INFO - Setting next_dagrun for example_weekday_branch_operator to 2025-01-13 00:00:00+00:00, run_after=2025-01-14 00:00:00+00:00
[2025-01-14T14:05:23.730+0000] {processor.py:208} INFO - Processing /home/airflow/.local/lib/python3.12/site-packages/airflow/example_dags/example_branch_day_of_week_operator.py took 0.180 seconds
[2025-01-14T14:05:53.941+0000] {processor.py:186} INFO - Started process (PID=27671) to work on /home/airflow/.local/lib/python3.12/site-packages/airflow/example_dags/example_branch_day_of_week_operator.py
[2025-01-14T14:05:53.942+0000] {processor.py:914} INFO - Processing file /home/airflow/.local/lib/python3.12/site-packages/airflow/example_dags/example_branch_day_of_week_operator.py for tasks to queue
[2025-01-14T14:05:53.946+0000] {logging_mixin.py:190} INFO - [2025-01-14T14:05:53.945+0000] {dagbag.py:588} INFO - Filling up the DagBag from /home/airflow/.local/lib/python3.12/site-packages/airflow/example_dags/example_branch_day_of_week_operator.py
[2025-01-14T14:05:53.977+0000] {processor.py:925} INFO - DAG(s) 'example_weekday_branch_operator' retrieved from /home/airflow/.local/lib/python3.12/site-packages/airflow/example_dags/example_branch_day_of_week_operator.py
[2025-01-14T14:05:54.028+0000] {logging_mixin.py:190} INFO - [2025-01-14T14:05:54.028+0000] {dag.py:3239} INFO - Sync 1 DAGs
[2025-01-14T14:05:54.096+0000] {logging_mixin.py:190} INFO - [2025-01-14T14:05:54.095+0000] {dag.py:4180} INFO - Setting next_dagrun for example_weekday_branch_operator to 2025-01-13 00:00:00+00:00, run_after=2025-01-14 00:00:00+00:00
[2025-01-14T14:05:54.146+0000] {processor.py:208} INFO - Processing /home/airflow/.local/lib/python3.12/site-packages/airflow/example_dags/example_branch_day_of_week_operator.py took 0.217 seconds
[2025-01-14T14:06:24.666+0000] {processor.py:186} INFO - Started process (PID=27984) to work on /home/airflow/.local/lib/python3.12/site-packages/airflow/example_dags/example_branch_day_of_week_operator.py
[2025-01-14T14:06:24.668+0000] {processor.py:914} INFO - Processing file /home/airflow/.local/lib/python3.12/site-packages/airflow/example_dags/example_branch_day_of_week_operator.py for tasks to queue
[2025-01-14T14:06:24.674+0000] {logging_mixin.py:190} INFO - [2025-01-14T14:06:24.673+0000] {dagbag.py:588} INFO - Filling up the DagBag from /home/airflow/.local/lib/python3.12/site-packages/airflow/example_dags/example_branch_day_of_week_operator.py
[2025-01-14T14:06:24.700+0000] {processor.py:925} INFO - DAG(s) 'example_weekday_branch_operator' retrieved from /home/airflow/.local/lib/python3.12/site-packages/airflow/example_dags/example_branch_day_of_week_operator.py
[2025-01-14T14:06:24.742+0000] {logging_mixin.py:190} INFO - [2025-01-14T14:06:24.741+0000] {dag.py:3239} INFO - Sync 1 DAGs
[2025-01-14T14:06:24.781+0000] {logging_mixin.py:190} INFO - [2025-01-14T14:06:24.780+0000] {dag.py:4180} INFO - Setting next_dagrun for example_weekday_branch_operator to 2025-01-13 00:00:00+00:00, run_after=2025-01-14 00:00:00+00:00
[2025-01-14T14:06:24.815+0000] {processor.py:208} INFO - Processing /home/airflow/.local/lib/python3.12/site-packages/airflow/example_dags/example_branch_day_of_week_operator.py took 0.169 seconds
[2025-01-14T14:06:55.368+0000] {processor.py:186} INFO - Started process (PID=28285) to work on /home/airflow/.local/lib/python3.12/site-packages/airflow/example_dags/example_branch_day_of_week_operator.py
[2025-01-14T14:06:55.369+0000] {processor.py:914} INFO - Processing file /home/airflow/.local/lib/python3.12/site-packages/airflow/example_dags/example_branch_day_of_week_operator.py for tasks to queue
[2025-01-14T14:06:55.373+0000] {logging_mixin.py:190} INFO - [2025-01-14T14:06:55.373+0000] {dagbag.py:588} INFO - Filling up the DagBag from /home/airflow/.local/lib/python3.12/site-packages/airflow/example_dags/example_branch_day_of_week_operator.py
[2025-01-14T14:06:55.391+0000] {processor.py:925} INFO - DAG(s) 'example_weekday_branch_operator' retrieved from /home/airflow/.local/lib/python3.12/site-packages/airflow/example_dags/example_branch_day_of_week_operator.py
[2025-01-14T14:06:55.442+0000] {logging_mixin.py:190} INFO - [2025-01-14T14:06:55.441+0000] {dag.py:3239} INFO - Sync 1 DAGs
[2025-01-14T14:06:55.482+0000] {logging_mixin.py:190} INFO - [2025-01-14T14:06:55.482+0000] {dag.py:4180} INFO - Setting next_dagrun for example_weekday_branch_operator to 2025-01-13 00:00:00+00:00, run_after=2025-01-14 00:00:00+00:00
[2025-01-14T14:06:55.518+0000] {processor.py:208} INFO - Processing /home/airflow/.local/lib/python3.12/site-packages/airflow/example_dags/example_branch_day_of_week_operator.py took 0.164 seconds
[2025-01-14T14:07:26.570+0000] {processor.py:186} INFO - Started process (PID=28600) to work on /home/airflow/.local/lib/python3.12/site-packages/airflow/example_dags/example_branch_day_of_week_operator.py
[2025-01-14T14:07:26.572+0000] {processor.py:914} INFO - Processing file /home/airflow/.local/lib/python3.12/site-packages/airflow/example_dags/example_branch_day_of_week_operator.py for tasks to queue
[2025-01-14T14:07:26.579+0000] {logging_mixin.py:190} INFO - [2025-01-14T14:07:26.578+0000] {dagbag.py:588} INFO - Filling up the DagBag from /home/airflow/.local/lib/python3.12/site-packages/airflow/example_dags/example_branch_day_of_week_operator.py
[2025-01-14T14:07:26.598+0000] {processor.py:925} INFO - DAG(s) 'example_weekday_branch_operator' retrieved from /home/airflow/.local/lib/python3.12/site-packages/airflow/example_dags/example_branch_day_of_week_operator.py
[2025-01-14T14:07:26.645+0000] {logging_mixin.py:190} INFO - [2025-01-14T14:07:26.645+0000] {dag.py:3239} INFO - Sync 1 DAGs
[2025-01-14T14:07:26.681+0000] {logging_mixin.py:190} INFO - [2025-01-14T14:07:26.681+0000] {dag.py:4180} INFO - Setting next_dagrun for example_weekday_branch_operator to 2025-01-13 00:00:00+00:00, run_after=2025-01-14 00:00:00+00:00
[2025-01-14T14:07:26.715+0000] {processor.py:208} INFO - Processing /home/airflow/.local/lib/python3.12/site-packages/airflow/example_dags/example_branch_day_of_week_operator.py took 0.154 seconds
[2025-01-14T14:07:57.227+0000] {processor.py:186} INFO - Started process (PID=28901) to work on /home/airflow/.local/lib/python3.12/site-packages/airflow/example_dags/example_branch_day_of_week_operator.py
[2025-01-14T14:07:57.229+0000] {processor.py:914} INFO - Processing file /home/airflow/.local/lib/python3.12/site-packages/airflow/example_dags/example_branch_day_of_week_operator.py for tasks to queue
[2025-01-14T14:07:57.233+0000] {logging_mixin.py:190} INFO - [2025-01-14T14:07:57.232+0000] {dagbag.py:588} INFO - Filling up the DagBag from /home/airflow/.local/lib/python3.12/site-packages/airflow/example_dags/example_branch_day_of_week_operator.py
[2025-01-14T14:07:57.249+0000] {processor.py:925} INFO - DAG(s) 'example_weekday_branch_operator' retrieved from /home/airflow/.local/lib/python3.12/site-packages/airflow/example_dags/example_branch_day_of_week_operator.py
[2025-01-14T14:07:57.296+0000] {logging_mixin.py:190} INFO - [2025-01-14T14:07:57.295+0000] {dag.py:3239} INFO - Sync 1 DAGs
[2025-01-14T14:07:57.334+0000] {logging_mixin.py:190} INFO - [2025-01-14T14:07:57.334+0000] {dag.py:4180} INFO - Setting next_dagrun for example_weekday_branch_operator to 2025-01-13 00:00:00+00:00, run_after=2025-01-14 00:00:00+00:00
[2025-01-14T14:07:57.369+0000] {processor.py:208} INFO - Processing /home/airflow/.local/lib/python3.12/site-packages/airflow/example_dags/example_branch_day_of_week_operator.py took 0.156 seconds
[2025-01-14T14:08:27.792+0000] {processor.py:186} INFO - Started process (PID=29212) to work on /home/airflow/.local/lib/python3.12/site-packages/airflow/example_dags/example_branch_day_of_week_operator.py
[2025-01-14T14:08:27.794+0000] {processor.py:914} INFO - Processing file /home/airflow/.local/lib/python3.12/site-packages/airflow/example_dags/example_branch_day_of_week_operator.py for tasks to queue
[2025-01-14T14:08:27.798+0000] {logging_mixin.py:190} INFO - [2025-01-14T14:08:27.797+0000] {dagbag.py:588} INFO - Filling up the DagBag from /home/airflow/.local/lib/python3.12/site-packages/airflow/example_dags/example_branch_day_of_week_operator.py
[2025-01-14T14:08:27.813+0000] {processor.py:925} INFO - DAG(s) 'example_weekday_branch_operator' retrieved from /home/airflow/.local/lib/python3.12/site-packages/airflow/example_dags/example_branch_day_of_week_operator.py
[2025-01-14T14:08:27.853+0000] {logging_mixin.py:190} INFO - [2025-01-14T14:08:27.852+0000] {dag.py:3239} INFO - Sync 1 DAGs
[2025-01-14T14:08:27.889+0000] {logging_mixin.py:190} INFO - [2025-01-14T14:08:27.888+0000] {dag.py:4180} INFO - Setting next_dagrun for example_weekday_branch_operator to 2025-01-13 00:00:00+00:00, run_after=2025-01-14 00:00:00+00:00
[2025-01-14T14:08:27.918+0000] {processor.py:208} INFO - Processing /home/airflow/.local/lib/python3.12/site-packages/airflow/example_dags/example_branch_day_of_week_operator.py took 0.134 seconds
[2025-01-14T14:08:59.049+0000] {processor.py:186} INFO - Started process (PID=29509) to work on /home/airflow/.local/lib/python3.12/site-packages/airflow/example_dags/example_branch_day_of_week_operator.py
[2025-01-14T14:08:59.051+0000] {processor.py:914} INFO - Processing file /home/airflow/.local/lib/python3.12/site-packages/airflow/example_dags/example_branch_day_of_week_operator.py for tasks to queue
[2025-01-14T14:08:59.056+0000] {logging_mixin.py:190} INFO - [2025-01-14T14:08:59.055+0000] {dagbag.py:588} INFO - Filling up the DagBag from /home/airflow/.local/lib/python3.12/site-packages/airflow/example_dags/example_branch_day_of_week_operator.py
[2025-01-14T14:08:59.071+0000] {processor.py:925} INFO - DAG(s) 'example_weekday_branch_operator' retrieved from /home/airflow/.local/lib/python3.12/site-packages/airflow/example_dags/example_branch_day_of_week_operator.py
[2025-01-14T14:08:59.111+0000] {logging_mixin.py:190} INFO - [2025-01-14T14:08:59.111+0000] {dag.py:3239} INFO - Sync 1 DAGs
[2025-01-14T14:08:59.153+0000] {logging_mixin.py:190} INFO - [2025-01-14T14:08:59.153+0000] {dag.py:4180} INFO - Setting next_dagrun for example_weekday_branch_operator to 2025-01-13 00:00:00+00:00, run_after=2025-01-14 00:00:00+00:00
[2025-01-14T14:08:59.189+0000] {processor.py:208} INFO - Processing /home/airflow/.local/lib/python3.12/site-packages/airflow/example_dags/example_branch_day_of_week_operator.py took 0.158 seconds
[2025-01-14T14:09:30.131+0000] {processor.py:186} INFO - Started process (PID=29819) to work on /home/airflow/.local/lib/python3.12/site-packages/airflow/example_dags/example_branch_day_of_week_operator.py
[2025-01-14T14:09:30.134+0000] {processor.py:914} INFO - Processing file /home/airflow/.local/lib/python3.12/site-packages/airflow/example_dags/example_branch_day_of_week_operator.py for tasks to queue
[2025-01-14T14:09:30.141+0000] {logging_mixin.py:190} INFO - [2025-01-14T14:09:30.140+0000] {dagbag.py:588} INFO - Filling up the DagBag from /home/airflow/.local/lib/python3.12/site-packages/airflow/example_dags/example_branch_day_of_week_operator.py
[2025-01-14T14:09:30.175+0000] {processor.py:925} INFO - DAG(s) 'example_weekday_branch_operator' retrieved from /home/airflow/.local/lib/python3.12/site-packages/airflow/example_dags/example_branch_day_of_week_operator.py
[2025-01-14T14:09:30.226+0000] {logging_mixin.py:190} INFO - [2025-01-14T14:09:30.225+0000] {dag.py:3239} INFO - Sync 1 DAGs
[2025-01-14T14:09:30.305+0000] {logging_mixin.py:190} INFO - [2025-01-14T14:09:30.304+0000] {dag.py:4180} INFO - Setting next_dagrun for example_weekday_branch_operator to 2025-01-13 00:00:00+00:00, run_after=2025-01-14 00:00:00+00:00
[2025-01-14T14:09:30.352+0000] {processor.py:208} INFO - Processing /home/airflow/.local/lib/python3.12/site-packages/airflow/example_dags/example_branch_day_of_week_operator.py took 0.243 seconds
[2025-01-14T14:10:00.816+0000] {processor.py:186} INFO - Started process (PID=30119) to work on /home/airflow/.local/lib/python3.12/site-packages/airflow/example_dags/example_branch_day_of_week_operator.py
[2025-01-14T14:10:00.819+0000] {processor.py:914} INFO - Processing file /home/airflow/.local/lib/python3.12/site-packages/airflow/example_dags/example_branch_day_of_week_operator.py for tasks to queue
[2025-01-14T14:10:00.827+0000] {logging_mixin.py:190} INFO - [2025-01-14T14:10:00.826+0000] {dagbag.py:588} INFO - Filling up the DagBag from /home/airflow/.local/lib/python3.12/site-packages/airflow/example_dags/example_branch_day_of_week_operator.py
[2025-01-14T14:10:00.858+0000] {processor.py:925} INFO - DAG(s) 'example_weekday_branch_operator' retrieved from /home/airflow/.local/lib/python3.12/site-packages/airflow/example_dags/example_branch_day_of_week_operator.py
[2025-01-14T14:10:00.920+0000] {logging_mixin.py:190} INFO - [2025-01-14T14:10:00.919+0000] {dag.py:3239} INFO - Sync 1 DAGs
[2025-01-14T14:10:00.987+0000] {logging_mixin.py:190} INFO - [2025-01-14T14:10:00.987+0000] {dag.py:4180} INFO - Setting next_dagrun for example_weekday_branch_operator to 2025-01-13 00:00:00+00:00, run_after=2025-01-14 00:00:00+00:00
[2025-01-14T14:10:01.034+0000] {processor.py:208} INFO - Processing /home/airflow/.local/lib/python3.12/site-packages/airflow/example_dags/example_branch_day_of_week_operator.py took 0.237 seconds
[2025-01-14T14:10:31.116+0000] {processor.py:186} INFO - Started process (PID=30428) to work on /home/airflow/.local/lib/python3.12/site-packages/airflow/example_dags/example_branch_day_of_week_operator.py
[2025-01-14T14:10:31.118+0000] {processor.py:914} INFO - Processing file /home/airflow/.local/lib/python3.12/site-packages/airflow/example_dags/example_branch_day_of_week_operator.py for tasks to queue
[2025-01-14T14:10:31.123+0000] {logging_mixin.py:190} INFO - [2025-01-14T14:10:31.122+0000] {dagbag.py:588} INFO - Filling up the DagBag from /home/airflow/.local/lib/python3.12/site-packages/airflow/example_dags/example_branch_day_of_week_operator.py
[2025-01-14T14:10:31.143+0000] {processor.py:925} INFO - DAG(s) 'example_weekday_branch_operator' retrieved from /home/airflow/.local/lib/python3.12/site-packages/airflow/example_dags/example_branch_day_of_week_operator.py
[2025-01-14T14:10:31.176+0000] {logging_mixin.py:190} INFO - [2025-01-14T14:10:31.176+0000] {dag.py:3239} INFO - Sync 1 DAGs
[2025-01-14T14:10:31.213+0000] {logging_mixin.py:190} INFO - [2025-01-14T14:10:31.213+0000] {dag.py:4180} INFO - Setting next_dagrun for example_weekday_branch_operator to 2025-01-13 00:00:00+00:00, run_after=2025-01-14 00:00:00+00:00
[2025-01-14T14:10:31.246+0000] {processor.py:208} INFO - Processing /home/airflow/.local/lib/python3.12/site-packages/airflow/example_dags/example_branch_day_of_week_operator.py took 0.139 seconds
[2025-01-14T14:11:01.596+0000] {processor.py:186} INFO - Started process (PID=30728) to work on /home/airflow/.local/lib/python3.12/site-packages/airflow/example_dags/example_branch_day_of_week_operator.py
[2025-01-14T14:11:01.598+0000] {processor.py:914} INFO - Processing file /home/airflow/.local/lib/python3.12/site-packages/airflow/example_dags/example_branch_day_of_week_operator.py for tasks to queue
[2025-01-14T14:11:01.605+0000] {logging_mixin.py:190} INFO - [2025-01-14T14:11:01.605+0000] {dagbag.py:588} INFO - Filling up the DagBag from /home/airflow/.local/lib/python3.12/site-packages/airflow/example_dags/example_branch_day_of_week_operator.py
[2025-01-14T14:11:01.622+0000] {processor.py:925} INFO - DAG(s) 'example_weekday_branch_operator' retrieved from /home/airflow/.local/lib/python3.12/site-packages/airflow/example_dags/example_branch_day_of_week_operator.py
[2025-01-14T14:11:01.655+0000] {logging_mixin.py:190} INFO - [2025-01-14T14:11:01.654+0000] {dag.py:3239} INFO - Sync 1 DAGs
[2025-01-14T14:11:01.717+0000] {logging_mixin.py:190} INFO - [2025-01-14T14:11:01.717+0000] {dag.py:4180} INFO - Setting next_dagrun for example_weekday_branch_operator to 2025-01-13 00:00:00+00:00, run_after=2025-01-14 00:00:00+00:00
[2025-01-14T14:11:01.755+0000] {processor.py:208} INFO - Processing /home/airflow/.local/lib/python3.12/site-packages/airflow/example_dags/example_branch_day_of_week_operator.py took 0.178 seconds
[2025-01-14T14:11:32.409+0000] {processor.py:186} INFO - Started process (PID=31040) to work on /home/airflow/.local/lib/python3.12/site-packages/airflow/example_dags/example_branch_day_of_week_operator.py
[2025-01-14T14:11:32.411+0000] {processor.py:914} INFO - Processing file /home/airflow/.local/lib/python3.12/site-packages/airflow/example_dags/example_branch_day_of_week_operator.py for tasks to queue
[2025-01-14T14:11:32.420+0000] {logging_mixin.py:190} INFO - [2025-01-14T14:11:32.419+0000] {dagbag.py:588} INFO - Filling up the DagBag from /home/airflow/.local/lib/python3.12/site-packages/airflow/example_dags/example_branch_day_of_week_operator.py
[2025-01-14T14:11:32.442+0000] {processor.py:925} INFO - DAG(s) 'example_weekday_branch_operator' retrieved from /home/airflow/.local/lib/python3.12/site-packages/airflow/example_dags/example_branch_day_of_week_operator.py
[2025-01-14T14:11:32.484+0000] {logging_mixin.py:190} INFO - [2025-01-14T14:11:32.483+0000] {dag.py:3239} INFO - Sync 1 DAGs
[2025-01-14T14:11:32.528+0000] {logging_mixin.py:190} INFO - [2025-01-14T14:11:32.528+0000] {dag.py:4180} INFO - Setting next_dagrun for example_weekday_branch_operator to 2025-01-13 00:00:00+00:00, run_after=2025-01-14 00:00:00+00:00
[2025-01-14T14:11:32.566+0000] {processor.py:208} INFO - Processing /home/airflow/.local/lib/python3.12/site-packages/airflow/example_dags/example_branch_day_of_week_operator.py took 0.166 seconds
[2025-01-14T14:12:02.865+0000] {processor.py:186} INFO - Started process (PID=31349) to work on /home/airflow/.local/lib/python3.12/site-packages/airflow/example_dags/example_branch_day_of_week_operator.py
[2025-01-14T14:12:02.867+0000] {processor.py:914} INFO - Processing file /home/airflow/.local/lib/python3.12/site-packages/airflow/example_dags/example_branch_day_of_week_operator.py for tasks to queue
[2025-01-14T14:12:02.871+0000] {logging_mixin.py:190} INFO - [2025-01-14T14:12:02.870+0000] {dagbag.py:588} INFO - Filling up the DagBag from /home/airflow/.local/lib/python3.12/site-packages/airflow/example_dags/example_branch_day_of_week_operator.py
[2025-01-14T14:12:02.886+0000] {processor.py:925} INFO - DAG(s) 'example_weekday_branch_operator' retrieved from /home/airflow/.local/lib/python3.12/site-packages/airflow/example_dags/example_branch_day_of_week_operator.py
[2025-01-14T14:12:02.925+0000] {logging_mixin.py:190} INFO - [2025-01-14T14:12:02.924+0000] {dag.py:3239} INFO - Sync 1 DAGs
[2025-01-14T14:12:02.961+0000] {logging_mixin.py:190} INFO - [2025-01-14T14:12:02.961+0000] {dag.py:4180} INFO - Setting next_dagrun for example_weekday_branch_operator to 2025-01-13 00:00:00+00:00, run_after=2025-01-14 00:00:00+00:00
[2025-01-14T14:12:02.995+0000] {processor.py:208} INFO - Processing /home/airflow/.local/lib/python3.12/site-packages/airflow/example_dags/example_branch_day_of_week_operator.py took 0.139 seconds
[2025-01-14T14:12:33.703+0000] {processor.py:186} INFO - Started process (PID=31654) to work on /home/airflow/.local/lib/python3.12/site-packages/airflow/example_dags/example_branch_day_of_week_operator.py
[2025-01-14T14:12:33.706+0000] {processor.py:914} INFO - Processing file /home/airflow/.local/lib/python3.12/site-packages/airflow/example_dags/example_branch_day_of_week_operator.py for tasks to queue
[2025-01-14T14:12:33.718+0000] {logging_mixin.py:190} INFO - [2025-01-14T14:12:33.716+0000] {dagbag.py:588} INFO - Filling up the DagBag from /home/airflow/.local/lib/python3.12/site-packages/airflow/example_dags/example_branch_day_of_week_operator.py
[2025-01-14T14:12:33.753+0000] {processor.py:925} INFO - DAG(s) 'example_weekday_branch_operator' retrieved from /home/airflow/.local/lib/python3.12/site-packages/airflow/example_dags/example_branch_day_of_week_operator.py
[2025-01-14T14:12:33.810+0000] {logging_mixin.py:190} INFO - [2025-01-14T14:12:33.809+0000] {dag.py:3239} INFO - Sync 1 DAGs
[2025-01-14T14:12:33.893+0000] {logging_mixin.py:190} INFO - [2025-01-14T14:12:33.892+0000] {dag.py:4180} INFO - Setting next_dagrun for example_weekday_branch_operator to 2025-01-13 00:00:00+00:00, run_after=2025-01-14 00:00:00+00:00
[2025-01-14T14:12:33.941+0000] {processor.py:208} INFO - Processing /home/airflow/.local/lib/python3.12/site-packages/airflow/example_dags/example_branch_day_of_week_operator.py took 0.259 seconds
[2025-01-14T14:13:04.098+0000] {processor.py:186} INFO - Started process (PID=31962) to work on /home/airflow/.local/lib/python3.12/site-packages/airflow/example_dags/example_branch_day_of_week_operator.py
[2025-01-14T14:13:04.099+0000] {processor.py:914} INFO - Processing file /home/airflow/.local/lib/python3.12/site-packages/airflow/example_dags/example_branch_day_of_week_operator.py for tasks to queue
[2025-01-14T14:13:04.105+0000] {logging_mixin.py:190} INFO - [2025-01-14T14:13:04.104+0000] {dagbag.py:588} INFO - Filling up the DagBag from /home/airflow/.local/lib/python3.12/site-packages/airflow/example_dags/example_branch_day_of_week_operator.py
[2025-01-14T14:13:04.126+0000] {processor.py:925} INFO - DAG(s) 'example_weekday_branch_operator' retrieved from /home/airflow/.local/lib/python3.12/site-packages/airflow/example_dags/example_branch_day_of_week_operator.py
[2025-01-14T14:13:04.169+0000] {logging_mixin.py:190} INFO - [2025-01-14T14:13:04.168+0000] {dag.py:3239} INFO - Sync 1 DAGs
[2025-01-14T14:13:04.214+0000] {logging_mixin.py:190} INFO - [2025-01-14T14:13:04.214+0000] {dag.py:4180} INFO - Setting next_dagrun for example_weekday_branch_operator to 2025-01-13 00:00:00+00:00, run_after=2025-01-14 00:00:00+00:00
[2025-01-14T14:13:04.252+0000] {processor.py:208} INFO - Processing /home/airflow/.local/lib/python3.12/site-packages/airflow/example_dags/example_branch_day_of_week_operator.py took 0.164 seconds
[2025-01-14T14:13:34.425+0000] {processor.py:186} INFO - Started process (PID=32268) to work on /home/airflow/.local/lib/python3.12/site-packages/airflow/example_dags/example_branch_day_of_week_operator.py
[2025-01-14T14:13:34.427+0000] {processor.py:914} INFO - Processing file /home/airflow/.local/lib/python3.12/site-packages/airflow/example_dags/example_branch_day_of_week_operator.py for tasks to queue
[2025-01-14T14:13:34.435+0000] {logging_mixin.py:190} INFO - [2025-01-14T14:13:34.434+0000] {dagbag.py:588} INFO - Filling up the DagBag from /home/airflow/.local/lib/python3.12/site-packages/airflow/example_dags/example_branch_day_of_week_operator.py
[2025-01-14T14:13:34.466+0000] {processor.py:925} INFO - DAG(s) 'example_weekday_branch_operator' retrieved from /home/airflow/.local/lib/python3.12/site-packages/airflow/example_dags/example_branch_day_of_week_operator.py
[2025-01-14T14:13:34.509+0000] {logging_mixin.py:190} INFO - [2025-01-14T14:13:34.509+0000] {dag.py:3239} INFO - Sync 1 DAGs
[2025-01-14T14:13:34.563+0000] {logging_mixin.py:190} INFO - [2025-01-14T14:13:34.562+0000] {dag.py:4180} INFO - Setting next_dagrun for example_weekday_branch_operator to 2025-01-13 00:00:00+00:00, run_after=2025-01-14 00:00:00+00:00
[2025-01-14T14:13:34.597+0000] {processor.py:208} INFO - Processing /home/airflow/.local/lib/python3.12/site-packages/airflow/example_dags/example_branch_day_of_week_operator.py took 0.182 seconds
[2025-01-14T14:14:05.211+0000] {processor.py:186} INFO - Started process (PID=32580) to work on /home/airflow/.local/lib/python3.12/site-packages/airflow/example_dags/example_branch_day_of_week_operator.py
[2025-01-14T14:14:05.213+0000] {processor.py:914} INFO - Processing file /home/airflow/.local/lib/python3.12/site-packages/airflow/example_dags/example_branch_day_of_week_operator.py for tasks to queue
[2025-01-14T14:14:05.217+0000] {logging_mixin.py:190} INFO - [2025-01-14T14:14:05.216+0000] {dagbag.py:588} INFO - Filling up the DagBag from /home/airflow/.local/lib/python3.12/site-packages/airflow/example_dags/example_branch_day_of_week_operator.py
[2025-01-14T14:14:05.245+0000] {processor.py:925} INFO - DAG(s) 'example_weekday_branch_operator' retrieved from /home/airflow/.local/lib/python3.12/site-packages/airflow/example_dags/example_branch_day_of_week_operator.py
[2025-01-14T14:14:05.297+0000] {logging_mixin.py:190} INFO - [2025-01-14T14:14:05.296+0000] {dag.py:3239} INFO - Sync 1 DAGs
[2025-01-14T14:14:05.349+0000] {logging_mixin.py:190} INFO - [2025-01-14T14:14:05.349+0000] {dag.py:4180} INFO - Setting next_dagrun for example_weekday_branch_operator to 2025-01-13 00:00:00+00:00, run_after=2025-01-14 00:00:00+00:00
[2025-01-14T14:14:05.388+0000] {processor.py:208} INFO - Processing /home/airflow/.local/lib/python3.12/site-packages/airflow/example_dags/example_branch_day_of_week_operator.py took 0.187 seconds
[2025-01-14T14:14:35.579+0000] {processor.py:186} INFO - Started process (PID=32884) to work on /home/airflow/.local/lib/python3.12/site-packages/airflow/example_dags/example_branch_day_of_week_operator.py
[2025-01-14T14:14:35.580+0000] {processor.py:914} INFO - Processing file /home/airflow/.local/lib/python3.12/site-packages/airflow/example_dags/example_branch_day_of_week_operator.py for tasks to queue
[2025-01-14T14:14:35.584+0000] {logging_mixin.py:190} INFO - [2025-01-14T14:14:35.584+0000] {dagbag.py:588} INFO - Filling up the DagBag from /home/airflow/.local/lib/python3.12/site-packages/airflow/example_dags/example_branch_day_of_week_operator.py
[2025-01-14T14:14:35.600+0000] {processor.py:925} INFO - DAG(s) 'example_weekday_branch_operator' retrieved from /home/airflow/.local/lib/python3.12/site-packages/airflow/example_dags/example_branch_day_of_week_operator.py
[2025-01-14T14:14:35.633+0000] {logging_mixin.py:190} INFO - [2025-01-14T14:14:35.632+0000] {dag.py:3239} INFO - Sync 1 DAGs
[2025-01-14T14:14:35.671+0000] {logging_mixin.py:190} INFO - [2025-01-14T14:14:35.671+0000] {dag.py:4180} INFO - Setting next_dagrun for example_weekday_branch_operator to 2025-01-13 00:00:00+00:00, run_after=2025-01-14 00:00:00+00:00
[2025-01-14T14:14:35.702+0000] {processor.py:208} INFO - Processing /home/airflow/.local/lib/python3.12/site-packages/airflow/example_dags/example_branch_day_of_week_operator.py took 0.133 seconds
[2025-01-14T14:15:05.970+0000] {processor.py:186} INFO - Started process (PID=33195) to work on /home/airflow/.local/lib/python3.12/site-packages/airflow/example_dags/example_branch_day_of_week_operator.py
[2025-01-14T14:15:05.972+0000] {processor.py:914} INFO - Processing file /home/airflow/.local/lib/python3.12/site-packages/airflow/example_dags/example_branch_day_of_week_operator.py for tasks to queue
[2025-01-14T14:15:05.976+0000] {logging_mixin.py:190} INFO - [2025-01-14T14:15:05.975+0000] {dagbag.py:588} INFO - Filling up the DagBag from /home/airflow/.local/lib/python3.12/site-packages/airflow/example_dags/example_branch_day_of_week_operator.py
[2025-01-14T14:15:05.992+0000] {processor.py:925} INFO - DAG(s) 'example_weekday_branch_operator' retrieved from /home/airflow/.local/lib/python3.12/site-packages/airflow/example_dags/example_branch_day_of_week_operator.py
[2025-01-14T14:15:06.040+0000] {logging_mixin.py:190} INFO - [2025-01-14T14:15:06.039+0000] {dag.py:3239} INFO - Sync 1 DAGs
[2025-01-14T14:15:06.097+0000] {logging_mixin.py:190} INFO - [2025-01-14T14:15:06.097+0000] {dag.py:4180} INFO - Setting next_dagrun for example_weekday_branch_operator to 2025-01-13 00:00:00+00:00, run_after=2025-01-14 00:00:00+00:00
[2025-01-14T14:15:06.141+0000] {processor.py:208} INFO - Processing /home/airflow/.local/lib/python3.12/site-packages/airflow/example_dags/example_branch_day_of_week_operator.py took 0.180 seconds
[2025-01-14T14:15:36.260+0000] {processor.py:186} INFO - Started process (PID=33498) to work on /home/airflow/.local/lib/python3.12/site-packages/airflow/example_dags/example_branch_day_of_week_operator.py
[2025-01-14T14:15:36.263+0000] {processor.py:914} INFO - Processing file /home/airflow/.local/lib/python3.12/site-packages/airflow/example_dags/example_branch_day_of_week_operator.py for tasks to queue
[2025-01-14T14:15:36.268+0000] {logging_mixin.py:190} INFO - [2025-01-14T14:15:36.268+0000] {dagbag.py:588} INFO - Filling up the DagBag from /home/airflow/.local/lib/python3.12/site-packages/airflow/example_dags/example_branch_day_of_week_operator.py
[2025-01-14T14:15:36.284+0000] {processor.py:925} INFO - DAG(s) 'example_weekday_branch_operator' retrieved from /home/airflow/.local/lib/python3.12/site-packages/airflow/example_dags/example_branch_day_of_week_operator.py
[2025-01-14T14:15:36.320+0000] {logging_mixin.py:190} INFO - [2025-01-14T14:15:36.320+0000] {dag.py:3239} INFO - Sync 1 DAGs
[2025-01-14T14:15:36.358+0000] {logging_mixin.py:190} INFO - [2025-01-14T14:15:36.357+0000] {dag.py:4180} INFO - Setting next_dagrun for example_weekday_branch_operator to 2025-01-13 00:00:00+00:00, run_after=2025-01-14 00:00:00+00:00
[2025-01-14T14:15:36.390+0000] {processor.py:208} INFO - Processing /home/airflow/.local/lib/python3.12/site-packages/airflow/example_dags/example_branch_day_of_week_operator.py took 0.139 seconds
[2025-01-14T14:16:07.169+0000] {processor.py:186} INFO - Started process (PID=33809) to work on /home/airflow/.local/lib/python3.12/site-packages/airflow/example_dags/example_branch_day_of_week_operator.py
[2025-01-14T14:16:07.171+0000] {processor.py:914} INFO - Processing file /home/airflow/.local/lib/python3.12/site-packages/airflow/example_dags/example_branch_day_of_week_operator.py for tasks to queue
[2025-01-14T14:16:07.178+0000] {logging_mixin.py:190} INFO - [2025-01-14T14:16:07.176+0000] {dagbag.py:588} INFO - Filling up the DagBag from /home/airflow/.local/lib/python3.12/site-packages/airflow/example_dags/example_branch_day_of_week_operator.py
[2025-01-14T14:16:07.202+0000] {processor.py:925} INFO - DAG(s) 'example_weekday_branch_operator' retrieved from /home/airflow/.local/lib/python3.12/site-packages/airflow/example_dags/example_branch_day_of_week_operator.py
[2025-01-14T14:16:07.254+0000] {logging_mixin.py:190} INFO - [2025-01-14T14:16:07.253+0000] {dag.py:3239} INFO - Sync 1 DAGs
[2025-01-14T14:16:07.291+0000] {logging_mixin.py:190} INFO - [2025-01-14T14:16:07.290+0000] {dag.py:4180} INFO - Setting next_dagrun for example_weekday_branch_operator to 2025-01-13 00:00:00+00:00, run_after=2025-01-14 00:00:00+00:00
[2025-01-14T14:16:07.323+0000] {processor.py:208} INFO - Processing /home/airflow/.local/lib/python3.12/site-packages/airflow/example_dags/example_branch_day_of_week_operator.py took 0.165 seconds
[2025-01-14T14:16:38.571+0000] {processor.py:186} INFO - Started process (PID=34110) to work on /home/airflow/.local/lib/python3.12/site-packages/airflow/example_dags/example_branch_day_of_week_operator.py
[2025-01-14T14:16:38.573+0000] {processor.py:914} INFO - Processing file /home/airflow/.local/lib/python3.12/site-packages/airflow/example_dags/example_branch_day_of_week_operator.py for tasks to queue
[2025-01-14T14:16:38.579+0000] {logging_mixin.py:190} INFO - [2025-01-14T14:16:38.578+0000] {dagbag.py:588} INFO - Filling up the DagBag from /home/airflow/.local/lib/python3.12/site-packages/airflow/example_dags/example_branch_day_of_week_operator.py
[2025-01-14T14:16:38.613+0000] {processor.py:925} INFO - DAG(s) 'example_weekday_branch_operator' retrieved from /home/airflow/.local/lib/python3.12/site-packages/airflow/example_dags/example_branch_day_of_week_operator.py
[2025-01-14T14:16:38.666+0000] {logging_mixin.py:190} INFO - [2025-01-14T14:16:38.665+0000] {dag.py:3239} INFO - Sync 1 DAGs
[2025-01-14T14:16:38.708+0000] {logging_mixin.py:190} INFO - [2025-01-14T14:16:38.707+0000] {dag.py:4180} INFO - Setting next_dagrun for example_weekday_branch_operator to 2025-01-13 00:00:00+00:00, run_after=2025-01-14 00:00:00+00:00
[2025-01-14T14:16:38.750+0000] {processor.py:208} INFO - Processing /home/airflow/.local/lib/python3.12/site-packages/airflow/example_dags/example_branch_day_of_week_operator.py took 0.199 seconds
[2025-01-14T14:17:09.976+0000] {processor.py:186} INFO - Started process (PID=34414) to work on /home/airflow/.local/lib/python3.12/site-packages/airflow/example_dags/example_branch_day_of_week_operator.py
[2025-01-14T14:17:09.978+0000] {processor.py:914} INFO - Processing file /home/airflow/.local/lib/python3.12/site-packages/airflow/example_dags/example_branch_day_of_week_operator.py for tasks to queue
[2025-01-14T14:17:09.986+0000] {logging_mixin.py:190} INFO - [2025-01-14T14:17:09.985+0000] {dagbag.py:588} INFO - Filling up the DagBag from /home/airflow/.local/lib/python3.12/site-packages/airflow/example_dags/example_branch_day_of_week_operator.py
[2025-01-14T14:17:10.005+0000] {processor.py:925} INFO - DAG(s) 'example_weekday_branch_operator' retrieved from /home/airflow/.local/lib/python3.12/site-packages/airflow/example_dags/example_branch_day_of_week_operator.py
[2025-01-14T14:17:10.048+0000] {logging_mixin.py:190} INFO - [2025-01-14T14:17:10.047+0000] {dag.py:3239} INFO - Sync 1 DAGs
[2025-01-14T14:17:10.091+0000] {logging_mixin.py:190} INFO - [2025-01-14T14:17:10.091+0000] {dag.py:4180} INFO - Setting next_dagrun for example_weekday_branch_operator to 2025-01-13 00:00:00+00:00, run_after=2025-01-14 00:00:00+00:00
[2025-01-14T14:17:10.126+0000] {processor.py:208} INFO - Processing /home/airflow/.local/lib/python3.12/site-packages/airflow/example_dags/example_branch_day_of_week_operator.py took 0.159 seconds
[2025-01-14T14:17:41.190+0000] {processor.py:186} INFO - Started process (PID=34713) to work on /home/airflow/.local/lib/python3.12/site-packages/airflow/example_dags/example_branch_day_of_week_operator.py
[2025-01-14T14:17:41.192+0000] {processor.py:914} INFO - Processing file /home/airflow/.local/lib/python3.12/site-packages/airflow/example_dags/example_branch_day_of_week_operator.py for tasks to queue
[2025-01-14T14:17:41.200+0000] {logging_mixin.py:190} INFO - [2025-01-14T14:17:41.199+0000] {dagbag.py:588} INFO - Filling up the DagBag from /home/airflow/.local/lib/python3.12/site-packages/airflow/example_dags/example_branch_day_of_week_operator.py
[2025-01-14T14:17:41.217+0000] {processor.py:925} INFO - DAG(s) 'example_weekday_branch_operator' retrieved from /home/airflow/.local/lib/python3.12/site-packages/airflow/example_dags/example_branch_day_of_week_operator.py
[2025-01-14T14:17:41.256+0000] {logging_mixin.py:190} INFO - [2025-01-14T14:17:41.256+0000] {dag.py:3239} INFO - Sync 1 DAGs
[2025-01-14T14:17:41.303+0000] {logging_mixin.py:190} INFO - [2025-01-14T14:17:41.302+0000] {dag.py:4180} INFO - Setting next_dagrun for example_weekday_branch_operator to 2025-01-13 00:00:00+00:00, run_after=2025-01-14 00:00:00+00:00
[2025-01-14T14:17:41.343+0000] {processor.py:208} INFO - Processing /home/airflow/.local/lib/python3.12/site-packages/airflow/example_dags/example_branch_day_of_week_operator.py took 0.170 seconds
[2025-01-14T14:18:12.767+0000] {processor.py:186} INFO - Started process (PID=35026) to work on /home/airflow/.local/lib/python3.12/site-packages/airflow/example_dags/example_branch_day_of_week_operator.py
[2025-01-14T14:18:12.769+0000] {processor.py:914} INFO - Processing file /home/airflow/.local/lib/python3.12/site-packages/airflow/example_dags/example_branch_day_of_week_operator.py for tasks to queue
[2025-01-14T14:18:12.777+0000] {logging_mixin.py:190} INFO - [2025-01-14T14:18:12.776+0000] {dagbag.py:588} INFO - Filling up the DagBag from /home/airflow/.local/lib/python3.12/site-packages/airflow/example_dags/example_branch_day_of_week_operator.py
[2025-01-14T14:18:12.807+0000] {processor.py:925} INFO - DAG(s) 'example_weekday_branch_operator' retrieved from /home/airflow/.local/lib/python3.12/site-packages/airflow/example_dags/example_branch_day_of_week_operator.py
[2025-01-14T14:18:12.850+0000] {logging_mixin.py:190} INFO - [2025-01-14T14:18:12.849+0000] {dag.py:3239} INFO - Sync 1 DAGs
[2025-01-14T14:18:12.900+0000] {logging_mixin.py:190} INFO - [2025-01-14T14:18:12.899+0000] {dag.py:4180} INFO - Setting next_dagrun for example_weekday_branch_operator to 2025-01-13 00:00:00+00:00, run_after=2025-01-14 00:00:00+00:00
[2025-01-14T14:18:12.939+0000] {processor.py:208} INFO - Processing /home/airflow/.local/lib/python3.12/site-packages/airflow/example_dags/example_branch_day_of_week_operator.py took 0.181 seconds
[2025-01-14T14:18:44.194+0000] {processor.py:186} INFO - Started process (PID=35329) to work on /home/airflow/.local/lib/python3.12/site-packages/airflow/example_dags/example_branch_day_of_week_operator.py
[2025-01-14T14:18:44.196+0000] {processor.py:914} INFO - Processing file /home/airflow/.local/lib/python3.12/site-packages/airflow/example_dags/example_branch_day_of_week_operator.py for tasks to queue
[2025-01-14T14:18:44.202+0000] {logging_mixin.py:190} INFO - [2025-01-14T14:18:44.201+0000] {dagbag.py:588} INFO - Filling up the DagBag from /home/airflow/.local/lib/python3.12/site-packages/airflow/example_dags/example_branch_day_of_week_operator.py
[2025-01-14T14:18:44.224+0000] {processor.py:925} INFO - DAG(s) 'example_weekday_branch_operator' retrieved from /home/airflow/.local/lib/python3.12/site-packages/airflow/example_dags/example_branch_day_of_week_operator.py
[2025-01-14T14:18:44.262+0000] {logging_mixin.py:190} INFO - [2025-01-14T14:18:44.261+0000] {dag.py:3239} INFO - Sync 1 DAGs
[2025-01-14T14:18:44.300+0000] {logging_mixin.py:190} INFO - [2025-01-14T14:18:44.300+0000] {dag.py:4180} INFO - Setting next_dagrun for example_weekday_branch_operator to 2025-01-13 00:00:00+00:00, run_after=2025-01-14 00:00:00+00:00
[2025-01-14T14:18:44.333+0000] {processor.py:208} INFO - Processing /home/airflow/.local/lib/python3.12/site-packages/airflow/example_dags/example_branch_day_of_week_operator.py took 0.148 seconds
[2025-01-14T14:19:15.842+0000] {processor.py:186} INFO - Started process (PID=35645) to work on /home/airflow/.local/lib/python3.12/site-packages/airflow/example_dags/example_branch_day_of_week_operator.py
[2025-01-14T14:19:15.844+0000] {processor.py:914} INFO - Processing file /home/airflow/.local/lib/python3.12/site-packages/airflow/example_dags/example_branch_day_of_week_operator.py for tasks to queue
[2025-01-14T14:19:15.848+0000] {logging_mixin.py:190} INFO - [2025-01-14T14:19:15.847+0000] {dagbag.py:588} INFO - Filling up the DagBag from /home/airflow/.local/lib/python3.12/site-packages/airflow/example_dags/example_branch_day_of_week_operator.py
[2025-01-14T14:19:15.870+0000] {processor.py:925} INFO - DAG(s) 'example_weekday_branch_operator' retrieved from /home/airflow/.local/lib/python3.12/site-packages/airflow/example_dags/example_branch_day_of_week_operator.py
[2025-01-14T14:19:15.908+0000] {logging_mixin.py:190} INFO - [2025-01-14T14:19:15.907+0000] {dag.py:3239} INFO - Sync 1 DAGs
[2025-01-14T14:19:15.972+0000] {logging_mixin.py:190} INFO - [2025-01-14T14:19:15.972+0000] {dag.py:4180} INFO - Setting next_dagrun for example_weekday_branch_operator to 2025-01-13 00:00:00+00:00, run_after=2025-01-14 00:00:00+00:00
[2025-01-14T14:19:16.008+0000] {processor.py:208} INFO - Processing /home/airflow/.local/lib/python3.12/site-packages/airflow/example_dags/example_branch_day_of_week_operator.py took 0.176 seconds
[2025-01-14T14:19:46.851+0000] {processor.py:186} INFO - Started process (PID=35946) to work on /home/airflow/.local/lib/python3.12/site-packages/airflow/example_dags/example_branch_day_of_week_operator.py
[2025-01-14T14:19:46.853+0000] {processor.py:914} INFO - Processing file /home/airflow/.local/lib/python3.12/site-packages/airflow/example_dags/example_branch_day_of_week_operator.py for tasks to queue
[2025-01-14T14:19:46.860+0000] {logging_mixin.py:190} INFO - [2025-01-14T14:19:46.859+0000] {dagbag.py:588} INFO - Filling up the DagBag from /home/airflow/.local/lib/python3.12/site-packages/airflow/example_dags/example_branch_day_of_week_operator.py
[2025-01-14T14:19:46.887+0000] {processor.py:925} INFO - DAG(s) 'example_weekday_branch_operator' retrieved from /home/airflow/.local/lib/python3.12/site-packages/airflow/example_dags/example_branch_day_of_week_operator.py
[2025-01-14T14:19:46.938+0000] {logging_mixin.py:190} INFO - [2025-01-14T14:19:46.937+0000] {dag.py:3239} INFO - Sync 1 DAGs
[2025-01-14T14:19:46.999+0000] {logging_mixin.py:190} INFO - [2025-01-14T14:19:46.998+0000] {dag.py:4180} INFO - Setting next_dagrun for example_weekday_branch_operator to 2025-01-13 00:00:00+00:00, run_after=2025-01-14 00:00:00+00:00
[2025-01-14T14:19:47.036+0000] {processor.py:208} INFO - Processing /home/airflow/.local/lib/python3.12/site-packages/airflow/example_dags/example_branch_day_of_week_operator.py took 0.195 seconds
[2025-01-14T14:20:17.290+0000] {processor.py:186} INFO - Started process (PID=36239) to work on /home/airflow/.local/lib/python3.12/site-packages/airflow/example_dags/example_branch_day_of_week_operator.py
[2025-01-14T14:20:17.292+0000] {processor.py:914} INFO - Processing file /home/airflow/.local/lib/python3.12/site-packages/airflow/example_dags/example_branch_day_of_week_operator.py for tasks to queue
[2025-01-14T14:20:17.295+0000] {logging_mixin.py:190} INFO - [2025-01-14T14:20:17.295+0000] {dagbag.py:588} INFO - Filling up the DagBag from /home/airflow/.local/lib/python3.12/site-packages/airflow/example_dags/example_branch_day_of_week_operator.py
[2025-01-14T14:20:17.312+0000] {processor.py:925} INFO - DAG(s) 'example_weekday_branch_operator' retrieved from /home/airflow/.local/lib/python3.12/site-packages/airflow/example_dags/example_branch_day_of_week_operator.py
[2025-01-14T14:20:17.355+0000] {logging_mixin.py:190} INFO - [2025-01-14T14:20:17.354+0000] {dag.py:3239} INFO - Sync 1 DAGs
[2025-01-14T14:20:17.392+0000] {logging_mixin.py:190} INFO - [2025-01-14T14:20:17.391+0000] {dag.py:4180} INFO - Setting next_dagrun for example_weekday_branch_operator to 2025-01-13 00:00:00+00:00, run_after=2025-01-14 00:00:00+00:00
[2025-01-14T14:20:17.439+0000] {processor.py:208} INFO - Processing /home/airflow/.local/lib/python3.12/site-packages/airflow/example_dags/example_branch_day_of_week_operator.py took 0.159 seconds
[2025-01-14T14:20:47.631+0000] {processor.py:186} INFO - Started process (PID=36536) to work on /home/airflow/.local/lib/python3.12/site-packages/airflow/example_dags/example_branch_day_of_week_operator.py
[2025-01-14T14:20:47.634+0000] {processor.py:914} INFO - Processing file /home/airflow/.local/lib/python3.12/site-packages/airflow/example_dags/example_branch_day_of_week_operator.py for tasks to queue
[2025-01-14T14:20:47.641+0000] {logging_mixin.py:190} INFO - [2025-01-14T14:20:47.640+0000] {dagbag.py:588} INFO - Filling up the DagBag from /home/airflow/.local/lib/python3.12/site-packages/airflow/example_dags/example_branch_day_of_week_operator.py
[2025-01-14T14:20:47.663+0000] {processor.py:925} INFO - DAG(s) 'example_weekday_branch_operator' retrieved from /home/airflow/.local/lib/python3.12/site-packages/airflow/example_dags/example_branch_day_of_week_operator.py
[2025-01-14T14:20:47.707+0000] {logging_mixin.py:190} INFO - [2025-01-14T14:20:47.707+0000] {dag.py:3239} INFO - Sync 1 DAGs
[2025-01-14T14:20:47.772+0000] {logging_mixin.py:190} INFO - [2025-01-14T14:20:47.772+0000] {dag.py:4180} INFO - Setting next_dagrun for example_weekday_branch_operator to 2025-01-13 00:00:00+00:00, run_after=2025-01-14 00:00:00+00:00
[2025-01-14T14:20:47.810+0000] {processor.py:208} INFO - Processing /home/airflow/.local/lib/python3.12/site-packages/airflow/example_dags/example_branch_day_of_week_operator.py took 0.193 seconds
[2025-01-14T14:21:18.194+0000] {processor.py:186} INFO - Started process (PID=36851) to work on /home/airflow/.local/lib/python3.12/site-packages/airflow/example_dags/example_branch_day_of_week_operator.py
[2025-01-14T14:21:18.197+0000] {processor.py:914} INFO - Processing file /home/airflow/.local/lib/python3.12/site-packages/airflow/example_dags/example_branch_day_of_week_operator.py for tasks to queue
[2025-01-14T14:21:18.201+0000] {logging_mixin.py:190} INFO - [2025-01-14T14:21:18.200+0000] {dagbag.py:588} INFO - Filling up the DagBag from /home/airflow/.local/lib/python3.12/site-packages/airflow/example_dags/example_branch_day_of_week_operator.py
[2025-01-14T14:21:18.216+0000] {processor.py:925} INFO - DAG(s) 'example_weekday_branch_operator' retrieved from /home/airflow/.local/lib/python3.12/site-packages/airflow/example_dags/example_branch_day_of_week_operator.py
[2025-01-14T14:21:18.257+0000] {logging_mixin.py:190} INFO - [2025-01-14T14:21:18.256+0000] {dag.py:3239} INFO - Sync 1 DAGs
[2025-01-14T14:21:18.307+0000] {logging_mixin.py:190} INFO - [2025-01-14T14:21:18.306+0000] {dag.py:4180} INFO - Setting next_dagrun for example_weekday_branch_operator to 2025-01-13 00:00:00+00:00, run_after=2025-01-14 00:00:00+00:00
[2025-01-14T14:21:18.358+0000] {processor.py:208} INFO - Processing /home/airflow/.local/lib/python3.12/site-packages/airflow/example_dags/example_branch_day_of_week_operator.py took 0.176 seconds
[2025-01-14T14:21:48.607+0000] {processor.py:186} INFO - Started process (PID=37152) to work on /home/airflow/.local/lib/python3.12/site-packages/airflow/example_dags/example_branch_day_of_week_operator.py
[2025-01-14T14:21:48.609+0000] {processor.py:914} INFO - Processing file /home/airflow/.local/lib/python3.12/site-packages/airflow/example_dags/example_branch_day_of_week_operator.py for tasks to queue
[2025-01-14T14:21:48.615+0000] {logging_mixin.py:190} INFO - [2025-01-14T14:21:48.614+0000] {dagbag.py:588} INFO - Filling up the DagBag from /home/airflow/.local/lib/python3.12/site-packages/airflow/example_dags/example_branch_day_of_week_operator.py
[2025-01-14T14:21:48.630+0000] {processor.py:925} INFO - DAG(s) 'example_weekday_branch_operator' retrieved from /home/airflow/.local/lib/python3.12/site-packages/airflow/example_dags/example_branch_day_of_week_operator.py
[2025-01-14T14:21:48.669+0000] {logging_mixin.py:190} INFO - [2025-01-14T14:21:48.668+0000] {dag.py:3239} INFO - Sync 1 DAGs
[2025-01-14T14:21:48.719+0000] {logging_mixin.py:190} INFO - [2025-01-14T14:21:48.719+0000] {dag.py:4180} INFO - Setting next_dagrun for example_weekday_branch_operator to 2025-01-13 00:00:00+00:00, run_after=2025-01-14 00:00:00+00:00
[2025-01-14T14:21:48.758+0000] {processor.py:208} INFO - Processing /home/airflow/.local/lib/python3.12/site-packages/airflow/example_dags/example_branch_day_of_week_operator.py took 0.160 seconds
[2025-01-14T14:22:19.351+0000] {processor.py:186} INFO - Started process (PID=37465) to work on /home/airflow/.local/lib/python3.12/site-packages/airflow/example_dags/example_branch_day_of_week_operator.py
[2025-01-14T14:22:19.353+0000] {processor.py:914} INFO - Processing file /home/airflow/.local/lib/python3.12/site-packages/airflow/example_dags/example_branch_day_of_week_operator.py for tasks to queue
[2025-01-14T14:22:19.357+0000] {logging_mixin.py:190} INFO - [2025-01-14T14:22:19.357+0000] {dagbag.py:588} INFO - Filling up the DagBag from /home/airflow/.local/lib/python3.12/site-packages/airflow/example_dags/example_branch_day_of_week_operator.py
[2025-01-14T14:22:19.378+0000] {processor.py:925} INFO - DAG(s) 'example_weekday_branch_operator' retrieved from /home/airflow/.local/lib/python3.12/site-packages/airflow/example_dags/example_branch_day_of_week_operator.py
[2025-01-14T14:22:19.421+0000] {logging_mixin.py:190} INFO - [2025-01-14T14:22:19.421+0000] {dag.py:3239} INFO - Sync 1 DAGs
[2025-01-14T14:22:19.467+0000] {logging_mixin.py:190} INFO - [2025-01-14T14:22:19.467+0000] {dag.py:4180} INFO - Setting next_dagrun for example_weekday_branch_operator to 2025-01-13 00:00:00+00:00, run_after=2025-01-14 00:00:00+00:00
[2025-01-14T14:22:19.519+0000] {processor.py:208} INFO - Processing /home/airflow/.local/lib/python3.12/site-packages/airflow/example_dags/example_branch_day_of_week_operator.py took 0.177 seconds
[2025-01-14T14:22:49.842+0000] {processor.py:186} INFO - Started process (PID=37766) to work on /home/airflow/.local/lib/python3.12/site-packages/airflow/example_dags/example_branch_day_of_week_operator.py
[2025-01-14T14:22:49.844+0000] {processor.py:914} INFO - Processing file /home/airflow/.local/lib/python3.12/site-packages/airflow/example_dags/example_branch_day_of_week_operator.py for tasks to queue
[2025-01-14T14:22:49.848+0000] {logging_mixin.py:190} INFO - [2025-01-14T14:22:49.847+0000] {dagbag.py:588} INFO - Filling up the DagBag from /home/airflow/.local/lib/python3.12/site-packages/airflow/example_dags/example_branch_day_of_week_operator.py
[2025-01-14T14:22:49.867+0000] {processor.py:925} INFO - DAG(s) 'example_weekday_branch_operator' retrieved from /home/airflow/.local/lib/python3.12/site-packages/airflow/example_dags/example_branch_day_of_week_operator.py
[2025-01-14T14:22:49.924+0000] {logging_mixin.py:190} INFO - [2025-01-14T14:22:49.924+0000] {dag.py:3239} INFO - Sync 1 DAGs
[2025-01-14T14:22:49.974+0000] {logging_mixin.py:190} INFO - [2025-01-14T14:22:49.973+0000] {dag.py:4180} INFO - Setting next_dagrun for example_weekday_branch_operator to 2025-01-13 00:00:00+00:00, run_after=2025-01-14 00:00:00+00:00
[2025-01-14T14:22:50.019+0000] {processor.py:208} INFO - Processing /home/airflow/.local/lib/python3.12/site-packages/airflow/example_dags/example_branch_day_of_week_operator.py took 0.186 seconds
[2025-01-14T14:23:21.082+0000] {processor.py:186} INFO - Started process (PID=38078) to work on /home/airflow/.local/lib/python3.12/site-packages/airflow/example_dags/example_branch_day_of_week_operator.py
[2025-01-14T14:23:21.083+0000] {processor.py:914} INFO - Processing file /home/airflow/.local/lib/python3.12/site-packages/airflow/example_dags/example_branch_day_of_week_operator.py for tasks to queue
[2025-01-14T14:23:21.087+0000] {logging_mixin.py:190} INFO - [2025-01-14T14:23:21.086+0000] {dagbag.py:588} INFO - Filling up the DagBag from /home/airflow/.local/lib/python3.12/site-packages/airflow/example_dags/example_branch_day_of_week_operator.py
[2025-01-14T14:23:21.102+0000] {processor.py:925} INFO - DAG(s) 'example_weekday_branch_operator' retrieved from /home/airflow/.local/lib/python3.12/site-packages/airflow/example_dags/example_branch_day_of_week_operator.py
[2025-01-14T14:23:21.154+0000] {logging_mixin.py:190} INFO - [2025-01-14T14:23:21.154+0000] {dag.py:3239} INFO - Sync 1 DAGs
[2025-01-14T14:23:21.205+0000] {logging_mixin.py:190} INFO - [2025-01-14T14:23:21.205+0000] {dag.py:4180} INFO - Setting next_dagrun for example_weekday_branch_operator to 2025-01-13 00:00:00+00:00, run_after=2025-01-14 00:00:00+00:00
[2025-01-14T14:23:21.250+0000] {processor.py:208} INFO - Processing /home/airflow/.local/lib/python3.12/site-packages/airflow/example_dags/example_branch_day_of_week_operator.py took 0.180 seconds
