[2025-01-14T10:56:10.939+0000] {processor.py:186} INFO - Started process (PID=410) to work on /home/airflow/.local/lib/python3.12/site-packages/airflow/example_dags/example_dynamic_task_mapping_with_no_taskflow_operators.py
[2025-01-14T10:56:10.940+0000] {processor.py:914} INFO - Processing file /home/airflow/.local/lib/python3.12/site-packages/airflow/example_dags/example_dynamic_task_mapping_with_no_taskflow_operators.py for tasks to queue
[2025-01-14T10:56:10.943+0000] {logging_mixin.py:190} INFO - [2025-01-14T10:56:10.943+0000] {dagbag.py:588} INFO - Filling up the DagBag from /home/airflow/.local/lib/python3.12/site-packages/airflow/example_dags/example_dynamic_task_mapping_with_no_taskflow_operators.py
[2025-01-14T10:56:10.951+0000] {processor.py:925} INFO - DAG(s) 'example_dynamic_task_mapping_with_no_taskflow_operators' retrieved from /home/airflow/.local/lib/python3.12/site-packages/airflow/example_dags/example_dynamic_task_mapping_with_no_taskflow_operators.py
[2025-01-14T10:56:11.070+0000] {logging_mixin.py:190} INFO - [2025-01-14T10:56:11.069+0000] {override.py:1911} INFO - Created Permission View: can read on DAG:example_dynamic_task_mapping_with_no_taskflow_operators
[2025-01-14T10:56:11.082+0000] {logging_mixin.py:190} INFO - [2025-01-14T10:56:11.081+0000] {override.py:1911} INFO - Created Permission View: can delete on DAG:example_dynamic_task_mapping_with_no_taskflow_operators
[2025-01-14T10:56:11.089+0000] {logging_mixin.py:190} INFO - [2025-01-14T10:56:11.088+0000] {override.py:1911} INFO - Created Permission View: can edit on DAG:example_dynamic_task_mapping_with_no_taskflow_operators
[2025-01-14T10:56:11.095+0000] {logging_mixin.py:190} INFO - [2025-01-14T10:56:11.095+0000] {override.py:1911} INFO - Created Permission View: can read on DAG Run:example_dynamic_task_mapping_with_no_taskflow_operators
[2025-01-14T10:56:11.102+0000] {logging_mixin.py:190} INFO - [2025-01-14T10:56:11.102+0000] {override.py:1911} INFO - Created Permission View: menu access on DAG Run:example_dynamic_task_mapping_with_no_taskflow_operators
[2025-01-14T10:56:11.108+0000] {logging_mixin.py:190} INFO - [2025-01-14T10:56:11.108+0000] {override.py:1911} INFO - Created Permission View: can create on DAG Run:example_dynamic_task_mapping_with_no_taskflow_operators
[2025-01-14T10:56:11.115+0000] {logging_mixin.py:190} INFO - [2025-01-14T10:56:11.114+0000] {override.py:1911} INFO - Created Permission View: can delete on DAG Run:example_dynamic_task_mapping_with_no_taskflow_operators
[2025-01-14T10:56:11.115+0000] {logging_mixin.py:190} INFO - [2025-01-14T10:56:11.115+0000] {dag.py:3239} INFO - Sync 1 DAGs
[2025-01-14T10:56:11.134+0000] {logging_mixin.py:190} INFO - [2025-01-14T10:56:11.133+0000] {dag.py:3262} INFO - Creating ORM DAG for example_dynamic_task_mapping_with_no_taskflow_operators
[2025-01-14T10:56:11.135+0000] {logging_mixin.py:190} INFO - [2025-01-14T10:56:11.135+0000] {dag.py:4180} INFO - Setting next_dagrun for example_dynamic_task_mapping_with_no_taskflow_operators to None, run_after=None
[2025-01-14T10:56:11.152+0000] {processor.py:208} INFO - Processing /home/airflow/.local/lib/python3.12/site-packages/airflow/example_dags/example_dynamic_task_mapping_with_no_taskflow_operators.py took 0.219 seconds
[2025-01-14T10:56:41.834+0000] {processor.py:186} INFO - Started process (PID=700) to work on /home/airflow/.local/lib/python3.12/site-packages/airflow/example_dags/example_dynamic_task_mapping_with_no_taskflow_operators.py
[2025-01-14T10:56:41.835+0000] {processor.py:914} INFO - Processing file /home/airflow/.local/lib/python3.12/site-packages/airflow/example_dags/example_dynamic_task_mapping_with_no_taskflow_operators.py for tasks to queue
[2025-01-14T10:56:41.837+0000] {logging_mixin.py:190} INFO - [2025-01-14T10:56:41.837+0000] {dagbag.py:588} INFO - Filling up the DagBag from /home/airflow/.local/lib/python3.12/site-packages/airflow/example_dags/example_dynamic_task_mapping_with_no_taskflow_operators.py
[2025-01-14T10:56:41.842+0000] {processor.py:925} INFO - DAG(s) 'example_dynamic_task_mapping_with_no_taskflow_operators' retrieved from /home/airflow/.local/lib/python3.12/site-packages/airflow/example_dags/example_dynamic_task_mapping_with_no_taskflow_operators.py
[2025-01-14T10:56:41.857+0000] {logging_mixin.py:190} INFO - [2025-01-14T10:56:41.856+0000] {dag.py:3239} INFO - Sync 1 DAGs
[2025-01-14T10:56:41.867+0000] {logging_mixin.py:190} INFO - [2025-01-14T10:56:41.867+0000] {dag.py:4180} INFO - Setting next_dagrun for example_dynamic_task_mapping_with_no_taskflow_operators to None, run_after=None
[2025-01-14T10:56:41.885+0000] {processor.py:208} INFO - Processing /home/airflow/.local/lib/python3.12/site-packages/airflow/example_dags/example_dynamic_task_mapping_with_no_taskflow_operators.py took 0.055 seconds
[2025-01-14T10:57:12.073+0000] {processor.py:186} INFO - Started process (PID=987) to work on /home/airflow/.local/lib/python3.12/site-packages/airflow/example_dags/example_dynamic_task_mapping_with_no_taskflow_operators.py
[2025-01-14T10:57:12.073+0000] {processor.py:914} INFO - Processing file /home/airflow/.local/lib/python3.12/site-packages/airflow/example_dags/example_dynamic_task_mapping_with_no_taskflow_operators.py for tasks to queue
[2025-01-14T10:57:12.075+0000] {logging_mixin.py:190} INFO - [2025-01-14T10:57:12.075+0000] {dagbag.py:588} INFO - Filling up the DagBag from /home/airflow/.local/lib/python3.12/site-packages/airflow/example_dags/example_dynamic_task_mapping_with_no_taskflow_operators.py
[2025-01-14T10:57:12.088+0000] {processor.py:925} INFO - DAG(s) 'example_dynamic_task_mapping_with_no_taskflow_operators' retrieved from /home/airflow/.local/lib/python3.12/site-packages/airflow/example_dags/example_dynamic_task_mapping_with_no_taskflow_operators.py
[2025-01-14T10:57:12.112+0000] {logging_mixin.py:190} INFO - [2025-01-14T10:57:12.112+0000] {dag.py:3239} INFO - Sync 1 DAGs
[2025-01-14T10:57:12.122+0000] {logging_mixin.py:190} INFO - [2025-01-14T10:57:12.122+0000] {dag.py:4180} INFO - Setting next_dagrun for example_dynamic_task_mapping_with_no_taskflow_operators to None, run_after=None
[2025-01-14T10:57:12.139+0000] {processor.py:208} INFO - Processing /home/airflow/.local/lib/python3.12/site-packages/airflow/example_dags/example_dynamic_task_mapping_with_no_taskflow_operators.py took 0.073 seconds
[2025-01-14T10:57:42.167+0000] {processor.py:186} INFO - Started process (PID=1276) to work on /home/airflow/.local/lib/python3.12/site-packages/airflow/example_dags/example_dynamic_task_mapping_with_no_taskflow_operators.py
[2025-01-14T10:57:42.168+0000] {processor.py:914} INFO - Processing file /home/airflow/.local/lib/python3.12/site-packages/airflow/example_dags/example_dynamic_task_mapping_with_no_taskflow_operators.py for tasks to queue
[2025-01-14T10:57:42.170+0000] {logging_mixin.py:190} INFO - [2025-01-14T10:57:42.170+0000] {dagbag.py:588} INFO - Filling up the DagBag from /home/airflow/.local/lib/python3.12/site-packages/airflow/example_dags/example_dynamic_task_mapping_with_no_taskflow_operators.py
[2025-01-14T10:57:42.175+0000] {processor.py:925} INFO - DAG(s) 'example_dynamic_task_mapping_with_no_taskflow_operators' retrieved from /home/airflow/.local/lib/python3.12/site-packages/airflow/example_dags/example_dynamic_task_mapping_with_no_taskflow_operators.py
[2025-01-14T10:57:42.194+0000] {logging_mixin.py:190} INFO - [2025-01-14T10:57:42.193+0000] {dag.py:3239} INFO - Sync 1 DAGs
[2025-01-14T10:57:42.206+0000] {logging_mixin.py:190} INFO - [2025-01-14T10:57:42.205+0000] {dag.py:4180} INFO - Setting next_dagrun for example_dynamic_task_mapping_with_no_taskflow_operators to None, run_after=None
[2025-01-14T10:57:42.222+0000] {processor.py:208} INFO - Processing /home/airflow/.local/lib/python3.12/site-packages/airflow/example_dags/example_dynamic_task_mapping_with_no_taskflow_operators.py took 0.062 seconds
[2025-01-14T10:58:13.082+0000] {processor.py:186} INFO - Started process (PID=1567) to work on /home/airflow/.local/lib/python3.12/site-packages/airflow/example_dags/example_dynamic_task_mapping_with_no_taskflow_operators.py
[2025-01-14T10:58:13.082+0000] {processor.py:914} INFO - Processing file /home/airflow/.local/lib/python3.12/site-packages/airflow/example_dags/example_dynamic_task_mapping_with_no_taskflow_operators.py for tasks to queue
[2025-01-14T10:58:13.084+0000] {logging_mixin.py:190} INFO - [2025-01-14T10:58:13.084+0000] {dagbag.py:588} INFO - Filling up the DagBag from /home/airflow/.local/lib/python3.12/site-packages/airflow/example_dags/example_dynamic_task_mapping_with_no_taskflow_operators.py
[2025-01-14T10:58:13.096+0000] {processor.py:925} INFO - DAG(s) 'example_dynamic_task_mapping_with_no_taskflow_operators' retrieved from /home/airflow/.local/lib/python3.12/site-packages/airflow/example_dags/example_dynamic_task_mapping_with_no_taskflow_operators.py
[2025-01-14T10:58:13.120+0000] {logging_mixin.py:190} INFO - [2025-01-14T10:58:13.119+0000] {dag.py:3239} INFO - Sync 1 DAGs
[2025-01-14T10:58:13.135+0000] {logging_mixin.py:190} INFO - [2025-01-14T10:58:13.135+0000] {dag.py:4180} INFO - Setting next_dagrun for example_dynamic_task_mapping_with_no_taskflow_operators to None, run_after=None
[2025-01-14T10:58:13.158+0000] {processor.py:208} INFO - Processing /home/airflow/.local/lib/python3.12/site-packages/airflow/example_dags/example_dynamic_task_mapping_with_no_taskflow_operators.py took 0.081 seconds
[2025-01-14T10:58:43.819+0000] {processor.py:186} INFO - Started process (PID=1857) to work on /home/airflow/.local/lib/python3.12/site-packages/airflow/example_dags/example_dynamic_task_mapping_with_no_taskflow_operators.py
[2025-01-14T10:58:43.820+0000] {processor.py:914} INFO - Processing file /home/airflow/.local/lib/python3.12/site-packages/airflow/example_dags/example_dynamic_task_mapping_with_no_taskflow_operators.py for tasks to queue
[2025-01-14T10:58:43.826+0000] {logging_mixin.py:190} INFO - [2025-01-14T10:58:43.826+0000] {dagbag.py:588} INFO - Filling up the DagBag from /home/airflow/.local/lib/python3.12/site-packages/airflow/example_dags/example_dynamic_task_mapping_with_no_taskflow_operators.py
[2025-01-14T10:58:43.832+0000] {processor.py:925} INFO - DAG(s) 'example_dynamic_task_mapping_with_no_taskflow_operators' retrieved from /home/airflow/.local/lib/python3.12/site-packages/airflow/example_dags/example_dynamic_task_mapping_with_no_taskflow_operators.py
[2025-01-14T10:58:43.847+0000] {logging_mixin.py:190} INFO - [2025-01-14T10:58:43.847+0000] {dag.py:3239} INFO - Sync 1 DAGs
[2025-01-14T10:58:43.858+0000] {logging_mixin.py:190} INFO - [2025-01-14T10:58:43.858+0000] {dag.py:4180} INFO - Setting next_dagrun for example_dynamic_task_mapping_with_no_taskflow_operators to None, run_after=None
[2025-01-14T10:58:43.872+0000] {processor.py:208} INFO - Processing /home/airflow/.local/lib/python3.12/site-packages/airflow/example_dags/example_dynamic_task_mapping_with_no_taskflow_operators.py took 0.060 seconds
[2025-01-14T10:59:14.106+0000] {processor.py:186} INFO - Started process (PID=2150) to work on /home/airflow/.local/lib/python3.12/site-packages/airflow/example_dags/example_dynamic_task_mapping_with_no_taskflow_operators.py
[2025-01-14T10:59:14.108+0000] {processor.py:914} INFO - Processing file /home/airflow/.local/lib/python3.12/site-packages/airflow/example_dags/example_dynamic_task_mapping_with_no_taskflow_operators.py for tasks to queue
[2025-01-14T10:59:14.110+0000] {logging_mixin.py:190} INFO - [2025-01-14T10:59:14.110+0000] {dagbag.py:588} INFO - Filling up the DagBag from /home/airflow/.local/lib/python3.12/site-packages/airflow/example_dags/example_dynamic_task_mapping_with_no_taskflow_operators.py
[2025-01-14T10:59:14.122+0000] {processor.py:925} INFO - DAG(s) 'example_dynamic_task_mapping_with_no_taskflow_operators' retrieved from /home/airflow/.local/lib/python3.12/site-packages/airflow/example_dags/example_dynamic_task_mapping_with_no_taskflow_operators.py
[2025-01-14T10:59:14.148+0000] {logging_mixin.py:190} INFO - [2025-01-14T10:59:14.148+0000] {dag.py:3239} INFO - Sync 1 DAGs
[2025-01-14T10:59:14.158+0000] {logging_mixin.py:190} INFO - [2025-01-14T10:59:14.158+0000] {dag.py:4180} INFO - Setting next_dagrun for example_dynamic_task_mapping_with_no_taskflow_operators to None, run_after=None
[2025-01-14T10:59:14.171+0000] {processor.py:208} INFO - Processing /home/airflow/.local/lib/python3.12/site-packages/airflow/example_dags/example_dynamic_task_mapping_with_no_taskflow_operators.py took 0.073 seconds
[2025-01-14T10:59:45.068+0000] {processor.py:186} INFO - Started process (PID=2439) to work on /home/airflow/.local/lib/python3.12/site-packages/airflow/example_dags/example_dynamic_task_mapping_with_no_taskflow_operators.py
[2025-01-14T10:59:45.069+0000] {processor.py:914} INFO - Processing file /home/airflow/.local/lib/python3.12/site-packages/airflow/example_dags/example_dynamic_task_mapping_with_no_taskflow_operators.py for tasks to queue
[2025-01-14T10:59:45.070+0000] {logging_mixin.py:190} INFO - [2025-01-14T10:59:45.070+0000] {dagbag.py:588} INFO - Filling up the DagBag from /home/airflow/.local/lib/python3.12/site-packages/airflow/example_dags/example_dynamic_task_mapping_with_no_taskflow_operators.py
[2025-01-14T10:59:45.075+0000] {processor.py:925} INFO - DAG(s) 'example_dynamic_task_mapping_with_no_taskflow_operators' retrieved from /home/airflow/.local/lib/python3.12/site-packages/airflow/example_dags/example_dynamic_task_mapping_with_no_taskflow_operators.py
[2025-01-14T10:59:45.090+0000] {logging_mixin.py:190} INFO - [2025-01-14T10:59:45.090+0000] {dag.py:3239} INFO - Sync 1 DAGs
[2025-01-14T10:59:45.099+0000] {logging_mixin.py:190} INFO - [2025-01-14T10:59:45.099+0000] {dag.py:4180} INFO - Setting next_dagrun for example_dynamic_task_mapping_with_no_taskflow_operators to None, run_after=None
[2025-01-14T10:59:45.120+0000] {processor.py:208} INFO - Processing /home/airflow/.local/lib/python3.12/site-packages/airflow/example_dags/example_dynamic_task_mapping_with_no_taskflow_operators.py took 0.056 seconds
[2025-01-14T11:00:16.016+0000] {processor.py:186} INFO - Started process (PID=2730) to work on /home/airflow/.local/lib/python3.12/site-packages/airflow/example_dags/example_dynamic_task_mapping_with_no_taskflow_operators.py
[2025-01-14T11:00:16.017+0000] {processor.py:914} INFO - Processing file /home/airflow/.local/lib/python3.12/site-packages/airflow/example_dags/example_dynamic_task_mapping_with_no_taskflow_operators.py for tasks to queue
[2025-01-14T11:00:16.020+0000] {logging_mixin.py:190} INFO - [2025-01-14T11:00:16.019+0000] {dagbag.py:588} INFO - Filling up the DagBag from /home/airflow/.local/lib/python3.12/site-packages/airflow/example_dags/example_dynamic_task_mapping_with_no_taskflow_operators.py
[2025-01-14T11:00:16.025+0000] {processor.py:925} INFO - DAG(s) 'example_dynamic_task_mapping_with_no_taskflow_operators' retrieved from /home/airflow/.local/lib/python3.12/site-packages/airflow/example_dags/example_dynamic_task_mapping_with_no_taskflow_operators.py
[2025-01-14T11:00:16.040+0000] {logging_mixin.py:190} INFO - [2025-01-14T11:00:16.040+0000] {dag.py:3239} INFO - Sync 1 DAGs
[2025-01-14T11:00:16.057+0000] {logging_mixin.py:190} INFO - [2025-01-14T11:00:16.057+0000] {dag.py:4180} INFO - Setting next_dagrun for example_dynamic_task_mapping_with_no_taskflow_operators to None, run_after=None
[2025-01-14T11:00:16.075+0000] {processor.py:208} INFO - Processing /home/airflow/.local/lib/python3.12/site-packages/airflow/example_dags/example_dynamic_task_mapping_with_no_taskflow_operators.py took 0.064 seconds
[2025-01-14T11:00:47.059+0000] {processor.py:186} INFO - Started process (PID=3023) to work on /home/airflow/.local/lib/python3.12/site-packages/airflow/example_dags/example_dynamic_task_mapping_with_no_taskflow_operators.py
[2025-01-14T11:00:47.060+0000] {processor.py:914} INFO - Processing file /home/airflow/.local/lib/python3.12/site-packages/airflow/example_dags/example_dynamic_task_mapping_with_no_taskflow_operators.py for tasks to queue
[2025-01-14T11:00:47.062+0000] {logging_mixin.py:190} INFO - [2025-01-14T11:00:47.061+0000] {dagbag.py:588} INFO - Filling up the DagBag from /home/airflow/.local/lib/python3.12/site-packages/airflow/example_dags/example_dynamic_task_mapping_with_no_taskflow_operators.py
[2025-01-14T11:00:47.067+0000] {processor.py:925} INFO - DAG(s) 'example_dynamic_task_mapping_with_no_taskflow_operators' retrieved from /home/airflow/.local/lib/python3.12/site-packages/airflow/example_dags/example_dynamic_task_mapping_with_no_taskflow_operators.py
[2025-01-14T11:00:47.084+0000] {logging_mixin.py:190} INFO - [2025-01-14T11:00:47.084+0000] {dag.py:3239} INFO - Sync 1 DAGs
[2025-01-14T11:00:47.095+0000] {logging_mixin.py:190} INFO - [2025-01-14T11:00:47.095+0000] {dag.py:4180} INFO - Setting next_dagrun for example_dynamic_task_mapping_with_no_taskflow_operators to None, run_after=None
[2025-01-14T11:00:47.110+0000] {processor.py:208} INFO - Processing /home/airflow/.local/lib/python3.12/site-packages/airflow/example_dags/example_dynamic_task_mapping_with_no_taskflow_operators.py took 0.055 seconds
[2025-01-14T11:01:17.871+0000] {processor.py:186} INFO - Started process (PID=3312) to work on /home/airflow/.local/lib/python3.12/site-packages/airflow/example_dags/example_dynamic_task_mapping_with_no_taskflow_operators.py
[2025-01-14T11:01:17.872+0000] {processor.py:914} INFO - Processing file /home/airflow/.local/lib/python3.12/site-packages/airflow/example_dags/example_dynamic_task_mapping_with_no_taskflow_operators.py for tasks to queue
[2025-01-14T11:01:17.875+0000] {logging_mixin.py:190} INFO - [2025-01-14T11:01:17.875+0000] {dagbag.py:588} INFO - Filling up the DagBag from /home/airflow/.local/lib/python3.12/site-packages/airflow/example_dags/example_dynamic_task_mapping_with_no_taskflow_operators.py
[2025-01-14T11:01:17.884+0000] {processor.py:925} INFO - DAG(s) 'example_dynamic_task_mapping_with_no_taskflow_operators' retrieved from /home/airflow/.local/lib/python3.12/site-packages/airflow/example_dags/example_dynamic_task_mapping_with_no_taskflow_operators.py
[2025-01-14T11:01:17.899+0000] {logging_mixin.py:190} INFO - [2025-01-14T11:01:17.898+0000] {dag.py:3239} INFO - Sync 1 DAGs
[2025-01-14T11:01:17.908+0000] {logging_mixin.py:190} INFO - [2025-01-14T11:01:17.908+0000] {dag.py:4180} INFO - Setting next_dagrun for example_dynamic_task_mapping_with_no_taskflow_operators to None, run_after=None
[2025-01-14T11:01:17.920+0000] {processor.py:208} INFO - Processing /home/airflow/.local/lib/python3.12/site-packages/airflow/example_dags/example_dynamic_task_mapping_with_no_taskflow_operators.py took 0.058 seconds
[2025-01-14T11:01:48.487+0000] {processor.py:186} INFO - Started process (PID=3603) to work on /home/airflow/.local/lib/python3.12/site-packages/airflow/example_dags/example_dynamic_task_mapping_with_no_taskflow_operators.py
[2025-01-14T11:01:48.487+0000] {processor.py:914} INFO - Processing file /home/airflow/.local/lib/python3.12/site-packages/airflow/example_dags/example_dynamic_task_mapping_with_no_taskflow_operators.py for tasks to queue
[2025-01-14T11:01:48.490+0000] {logging_mixin.py:190} INFO - [2025-01-14T11:01:48.490+0000] {dagbag.py:588} INFO - Filling up the DagBag from /home/airflow/.local/lib/python3.12/site-packages/airflow/example_dags/example_dynamic_task_mapping_with_no_taskflow_operators.py
[2025-01-14T11:01:48.496+0000] {processor.py:925} INFO - DAG(s) 'example_dynamic_task_mapping_with_no_taskflow_operators' retrieved from /home/airflow/.local/lib/python3.12/site-packages/airflow/example_dags/example_dynamic_task_mapping_with_no_taskflow_operators.py
[2025-01-14T11:01:48.511+0000] {logging_mixin.py:190} INFO - [2025-01-14T11:01:48.511+0000] {dag.py:3239} INFO - Sync 1 DAGs
[2025-01-14T11:01:48.521+0000] {logging_mixin.py:190} INFO - [2025-01-14T11:01:48.521+0000] {dag.py:4180} INFO - Setting next_dagrun for example_dynamic_task_mapping_with_no_taskflow_operators to None, run_after=None
[2025-01-14T11:01:48.534+0000] {processor.py:208} INFO - Processing /home/airflow/.local/lib/python3.12/site-packages/airflow/example_dags/example_dynamic_task_mapping_with_no_taskflow_operators.py took 0.051 seconds
[2025-01-14T11:02:18.953+0000] {processor.py:186} INFO - Started process (PID=3894) to work on /home/airflow/.local/lib/python3.12/site-packages/airflow/example_dags/example_dynamic_task_mapping_with_no_taskflow_operators.py
[2025-01-14T11:02:18.954+0000] {processor.py:914} INFO - Processing file /home/airflow/.local/lib/python3.12/site-packages/airflow/example_dags/example_dynamic_task_mapping_with_no_taskflow_operators.py for tasks to queue
[2025-01-14T11:02:18.956+0000] {logging_mixin.py:190} INFO - [2025-01-14T11:02:18.956+0000] {dagbag.py:588} INFO - Filling up the DagBag from /home/airflow/.local/lib/python3.12/site-packages/airflow/example_dags/example_dynamic_task_mapping_with_no_taskflow_operators.py
[2025-01-14T11:02:18.961+0000] {processor.py:925} INFO - DAG(s) 'example_dynamic_task_mapping_with_no_taskflow_operators' retrieved from /home/airflow/.local/lib/python3.12/site-packages/airflow/example_dags/example_dynamic_task_mapping_with_no_taskflow_operators.py
[2025-01-14T11:02:18.976+0000] {logging_mixin.py:190} INFO - [2025-01-14T11:02:18.976+0000] {dag.py:3239} INFO - Sync 1 DAGs
[2025-01-14T11:02:18.986+0000] {logging_mixin.py:190} INFO - [2025-01-14T11:02:18.986+0000] {dag.py:4180} INFO - Setting next_dagrun for example_dynamic_task_mapping_with_no_taskflow_operators to None, run_after=None
[2025-01-14T11:02:19.000+0000] {processor.py:208} INFO - Processing /home/airflow/.local/lib/python3.12/site-packages/airflow/example_dags/example_dynamic_task_mapping_with_no_taskflow_operators.py took 0.050 seconds
[2025-01-14T11:02:49.860+0000] {processor.py:186} INFO - Started process (PID=4185) to work on /home/airflow/.local/lib/python3.12/site-packages/airflow/example_dags/example_dynamic_task_mapping_with_no_taskflow_operators.py
[2025-01-14T11:02:49.861+0000] {processor.py:914} INFO - Processing file /home/airflow/.local/lib/python3.12/site-packages/airflow/example_dags/example_dynamic_task_mapping_with_no_taskflow_operators.py for tasks to queue
[2025-01-14T11:02:49.864+0000] {logging_mixin.py:190} INFO - [2025-01-14T11:02:49.864+0000] {dagbag.py:588} INFO - Filling up the DagBag from /home/airflow/.local/lib/python3.12/site-packages/airflow/example_dags/example_dynamic_task_mapping_with_no_taskflow_operators.py
[2025-01-14T11:02:49.874+0000] {processor.py:925} INFO - DAG(s) 'example_dynamic_task_mapping_with_no_taskflow_operators' retrieved from /home/airflow/.local/lib/python3.12/site-packages/airflow/example_dags/example_dynamic_task_mapping_with_no_taskflow_operators.py
[2025-01-14T11:02:49.892+0000] {logging_mixin.py:190} INFO - [2025-01-14T11:02:49.892+0000] {dag.py:3239} INFO - Sync 1 DAGs
[2025-01-14T11:02:49.902+0000] {logging_mixin.py:190} INFO - [2025-01-14T11:02:49.902+0000] {dag.py:4180} INFO - Setting next_dagrun for example_dynamic_task_mapping_with_no_taskflow_operators to None, run_after=None
[2025-01-14T11:02:49.915+0000] {processor.py:208} INFO - Processing /home/airflow/.local/lib/python3.12/site-packages/airflow/example_dags/example_dynamic_task_mapping_with_no_taskflow_operators.py took 0.061 seconds
[2025-01-14T11:03:32.672+0000] {processor.py:186} INFO - Started process (PID=410) to work on /home/airflow/.local/lib/python3.12/site-packages/airflow/example_dags/example_dynamic_task_mapping_with_no_taskflow_operators.py
[2025-01-14T11:03:32.674+0000] {processor.py:914} INFO - Processing file /home/airflow/.local/lib/python3.12/site-packages/airflow/example_dags/example_dynamic_task_mapping_with_no_taskflow_operators.py for tasks to queue
[2025-01-14T11:03:32.677+0000] {logging_mixin.py:190} INFO - [2025-01-14T11:03:32.677+0000] {dagbag.py:588} INFO - Filling up the DagBag from /home/airflow/.local/lib/python3.12/site-packages/airflow/example_dags/example_dynamic_task_mapping_with_no_taskflow_operators.py
[2025-01-14T11:03:32.692+0000] {processor.py:925} INFO - DAG(s) 'example_dynamic_task_mapping_with_no_taskflow_operators' retrieved from /home/airflow/.local/lib/python3.12/site-packages/airflow/example_dags/example_dynamic_task_mapping_with_no_taskflow_operators.py
[2025-01-14T11:03:32.717+0000] {logging_mixin.py:190} INFO - [2025-01-14T11:03:32.717+0000] {dag.py:3239} INFO - Sync 1 DAGs
[2025-01-14T11:03:32.737+0000] {logging_mixin.py:190} INFO - [2025-01-14T11:03:32.737+0000] {dag.py:4180} INFO - Setting next_dagrun for example_dynamic_task_mapping_with_no_taskflow_operators to None, run_after=None
[2025-01-14T11:03:32.755+0000] {processor.py:208} INFO - Processing /home/airflow/.local/lib/python3.12/site-packages/airflow/example_dags/example_dynamic_task_mapping_with_no_taskflow_operators.py took 0.091 seconds
[2025-01-14T11:04:03.663+0000] {processor.py:186} INFO - Started process (PID=701) to work on /home/airflow/.local/lib/python3.12/site-packages/airflow/example_dags/example_dynamic_task_mapping_with_no_taskflow_operators.py
[2025-01-14T11:04:03.663+0000] {processor.py:914} INFO - Processing file /home/airflow/.local/lib/python3.12/site-packages/airflow/example_dags/example_dynamic_task_mapping_with_no_taskflow_operators.py for tasks to queue
[2025-01-14T11:04:03.666+0000] {logging_mixin.py:190} INFO - [2025-01-14T11:04:03.666+0000] {dagbag.py:588} INFO - Filling up the DagBag from /home/airflow/.local/lib/python3.12/site-packages/airflow/example_dags/example_dynamic_task_mapping_with_no_taskflow_operators.py
[2025-01-14T11:04:03.676+0000] {processor.py:925} INFO - DAG(s) 'example_dynamic_task_mapping_with_no_taskflow_operators' retrieved from /home/airflow/.local/lib/python3.12/site-packages/airflow/example_dags/example_dynamic_task_mapping_with_no_taskflow_operators.py
[2025-01-14T11:04:03.702+0000] {logging_mixin.py:190} INFO - [2025-01-14T11:04:03.702+0000] {dag.py:3239} INFO - Sync 1 DAGs
[2025-01-14T11:04:03.726+0000] {logging_mixin.py:190} INFO - [2025-01-14T11:04:03.726+0000] {dag.py:4180} INFO - Setting next_dagrun for example_dynamic_task_mapping_with_no_taskflow_operators to None, run_after=None
[2025-01-14T11:04:03.746+0000] {processor.py:208} INFO - Processing /home/airflow/.local/lib/python3.12/site-packages/airflow/example_dags/example_dynamic_task_mapping_with_no_taskflow_operators.py took 0.088 seconds
[2025-01-14T11:04:34.567+0000] {processor.py:186} INFO - Started process (PID=992) to work on /home/airflow/.local/lib/python3.12/site-packages/airflow/example_dags/example_dynamic_task_mapping_with_no_taskflow_operators.py
[2025-01-14T11:04:34.568+0000] {processor.py:914} INFO - Processing file /home/airflow/.local/lib/python3.12/site-packages/airflow/example_dags/example_dynamic_task_mapping_with_no_taskflow_operators.py for tasks to queue
[2025-01-14T11:04:34.570+0000] {logging_mixin.py:190} INFO - [2025-01-14T11:04:34.570+0000] {dagbag.py:588} INFO - Filling up the DagBag from /home/airflow/.local/lib/python3.12/site-packages/airflow/example_dags/example_dynamic_task_mapping_with_no_taskflow_operators.py
[2025-01-14T11:04:34.578+0000] {processor.py:925} INFO - DAG(s) 'example_dynamic_task_mapping_with_no_taskflow_operators' retrieved from /home/airflow/.local/lib/python3.12/site-packages/airflow/example_dags/example_dynamic_task_mapping_with_no_taskflow_operators.py
[2025-01-14T11:04:34.594+0000] {logging_mixin.py:190} INFO - [2025-01-14T11:04:34.594+0000] {dag.py:3239} INFO - Sync 1 DAGs
[2025-01-14T11:04:34.606+0000] {logging_mixin.py:190} INFO - [2025-01-14T11:04:34.605+0000] {dag.py:4180} INFO - Setting next_dagrun for example_dynamic_task_mapping_with_no_taskflow_operators to None, run_after=None
[2025-01-14T11:04:34.620+0000] {processor.py:208} INFO - Processing /home/airflow/.local/lib/python3.12/site-packages/airflow/example_dags/example_dynamic_task_mapping_with_no_taskflow_operators.py took 0.058 seconds
[2025-01-14T11:05:05.879+0000] {processor.py:186} INFO - Started process (PID=1283) to work on /home/airflow/.local/lib/python3.12/site-packages/airflow/example_dags/example_dynamic_task_mapping_with_no_taskflow_operators.py
[2025-01-14T11:05:05.880+0000] {processor.py:914} INFO - Processing file /home/airflow/.local/lib/python3.12/site-packages/airflow/example_dags/example_dynamic_task_mapping_with_no_taskflow_operators.py for tasks to queue
[2025-01-14T11:05:05.882+0000] {logging_mixin.py:190} INFO - [2025-01-14T11:05:05.882+0000] {dagbag.py:588} INFO - Filling up the DagBag from /home/airflow/.local/lib/python3.12/site-packages/airflow/example_dags/example_dynamic_task_mapping_with_no_taskflow_operators.py
[2025-01-14T11:05:05.888+0000] {processor.py:925} INFO - DAG(s) 'example_dynamic_task_mapping_with_no_taskflow_operators' retrieved from /home/airflow/.local/lib/python3.12/site-packages/airflow/example_dags/example_dynamic_task_mapping_with_no_taskflow_operators.py
[2025-01-14T11:05:05.908+0000] {logging_mixin.py:190} INFO - [2025-01-14T11:05:05.908+0000] {dag.py:3239} INFO - Sync 1 DAGs
[2025-01-14T11:05:05.919+0000] {logging_mixin.py:190} INFO - [2025-01-14T11:05:05.919+0000] {dag.py:4180} INFO - Setting next_dagrun for example_dynamic_task_mapping_with_no_taskflow_operators to None, run_after=None
[2025-01-14T11:05:05.933+0000] {processor.py:208} INFO - Processing /home/airflow/.local/lib/python3.12/site-packages/airflow/example_dags/example_dynamic_task_mapping_with_no_taskflow_operators.py took 0.060 seconds
[2025-01-14T11:05:36.800+0000] {processor.py:186} INFO - Started process (PID=1574) to work on /home/airflow/.local/lib/python3.12/site-packages/airflow/example_dags/example_dynamic_task_mapping_with_no_taskflow_operators.py
[2025-01-14T11:05:36.801+0000] {processor.py:914} INFO - Processing file /home/airflow/.local/lib/python3.12/site-packages/airflow/example_dags/example_dynamic_task_mapping_with_no_taskflow_operators.py for tasks to queue
[2025-01-14T11:05:36.804+0000] {logging_mixin.py:190} INFO - [2025-01-14T11:05:36.803+0000] {dagbag.py:588} INFO - Filling up the DagBag from /home/airflow/.local/lib/python3.12/site-packages/airflow/example_dags/example_dynamic_task_mapping_with_no_taskflow_operators.py
[2025-01-14T11:05:36.812+0000] {processor.py:925} INFO - DAG(s) 'example_dynamic_task_mapping_with_no_taskflow_operators' retrieved from /home/airflow/.local/lib/python3.12/site-packages/airflow/example_dags/example_dynamic_task_mapping_with_no_taskflow_operators.py
[2025-01-14T11:05:36.834+0000] {logging_mixin.py:190} INFO - [2025-01-14T11:05:36.834+0000] {dag.py:3239} INFO - Sync 1 DAGs
[2025-01-14T11:05:36.849+0000] {logging_mixin.py:190} INFO - [2025-01-14T11:05:36.849+0000] {dag.py:4180} INFO - Setting next_dagrun for example_dynamic_task_mapping_with_no_taskflow_operators to None, run_after=None
[2025-01-14T11:05:36.869+0000] {processor.py:208} INFO - Processing /home/airflow/.local/lib/python3.12/site-packages/airflow/example_dags/example_dynamic_task_mapping_with_no_taskflow_operators.py took 0.076 seconds
[2025-01-14T11:06:07.812+0000] {processor.py:186} INFO - Started process (PID=1867) to work on /home/airflow/.local/lib/python3.12/site-packages/airflow/example_dags/example_dynamic_task_mapping_with_no_taskflow_operators.py
[2025-01-14T11:06:07.813+0000] {processor.py:914} INFO - Processing file /home/airflow/.local/lib/python3.12/site-packages/airflow/example_dags/example_dynamic_task_mapping_with_no_taskflow_operators.py for tasks to queue
[2025-01-14T11:06:07.815+0000] {logging_mixin.py:190} INFO - [2025-01-14T11:06:07.815+0000] {dagbag.py:588} INFO - Filling up the DagBag from /home/airflow/.local/lib/python3.12/site-packages/airflow/example_dags/example_dynamic_task_mapping_with_no_taskflow_operators.py
[2025-01-14T11:06:07.822+0000] {processor.py:925} INFO - DAG(s) 'example_dynamic_task_mapping_with_no_taskflow_operators' retrieved from /home/airflow/.local/lib/python3.12/site-packages/airflow/example_dags/example_dynamic_task_mapping_with_no_taskflow_operators.py
[2025-01-14T11:06:07.845+0000] {logging_mixin.py:190} INFO - [2025-01-14T11:06:07.845+0000] {dag.py:3239} INFO - Sync 1 DAGs
[2025-01-14T11:06:07.865+0000] {logging_mixin.py:190} INFO - [2025-01-14T11:06:07.864+0000] {dag.py:4180} INFO - Setting next_dagrun for example_dynamic_task_mapping_with_no_taskflow_operators to None, run_after=None
[2025-01-14T11:06:07.891+0000] {processor.py:208} INFO - Processing /home/airflow/.local/lib/python3.12/site-packages/airflow/example_dags/example_dynamic_task_mapping_with_no_taskflow_operators.py took 0.084 seconds
[2025-01-14T11:06:38.867+0000] {processor.py:186} INFO - Started process (PID=2156) to work on /home/airflow/.local/lib/python3.12/site-packages/airflow/example_dags/example_dynamic_task_mapping_with_no_taskflow_operators.py
[2025-01-14T11:06:38.868+0000] {processor.py:914} INFO - Processing file /home/airflow/.local/lib/python3.12/site-packages/airflow/example_dags/example_dynamic_task_mapping_with_no_taskflow_operators.py for tasks to queue
[2025-01-14T11:06:38.871+0000] {logging_mixin.py:190} INFO - [2025-01-14T11:06:38.871+0000] {dagbag.py:588} INFO - Filling up the DagBag from /home/airflow/.local/lib/python3.12/site-packages/airflow/example_dags/example_dynamic_task_mapping_with_no_taskflow_operators.py
[2025-01-14T11:06:38.880+0000] {processor.py:925} INFO - DAG(s) 'example_dynamic_task_mapping_with_no_taskflow_operators' retrieved from /home/airflow/.local/lib/python3.12/site-packages/airflow/example_dags/example_dynamic_task_mapping_with_no_taskflow_operators.py
[2025-01-14T11:06:38.900+0000] {logging_mixin.py:190} INFO - [2025-01-14T11:06:38.900+0000] {dag.py:3239} INFO - Sync 1 DAGs
[2025-01-14T11:06:38.916+0000] {logging_mixin.py:190} INFO - [2025-01-14T11:06:38.915+0000] {dag.py:4180} INFO - Setting next_dagrun for example_dynamic_task_mapping_with_no_taskflow_operators to None, run_after=None
[2025-01-14T11:06:38.936+0000] {processor.py:208} INFO - Processing /home/airflow/.local/lib/python3.12/site-packages/airflow/example_dags/example_dynamic_task_mapping_with_no_taskflow_operators.py took 0.076 seconds
[2025-01-14T11:07:09.691+0000] {processor.py:186} INFO - Started process (PID=2447) to work on /home/airflow/.local/lib/python3.12/site-packages/airflow/example_dags/example_dynamic_task_mapping_with_no_taskflow_operators.py
[2025-01-14T11:07:09.692+0000] {processor.py:914} INFO - Processing file /home/airflow/.local/lib/python3.12/site-packages/airflow/example_dags/example_dynamic_task_mapping_with_no_taskflow_operators.py for tasks to queue
[2025-01-14T11:07:09.694+0000] {logging_mixin.py:190} INFO - [2025-01-14T11:07:09.694+0000] {dagbag.py:588} INFO - Filling up the DagBag from /home/airflow/.local/lib/python3.12/site-packages/airflow/example_dags/example_dynamic_task_mapping_with_no_taskflow_operators.py
[2025-01-14T11:07:09.700+0000] {processor.py:925} INFO - DAG(s) 'example_dynamic_task_mapping_with_no_taskflow_operators' retrieved from /home/airflow/.local/lib/python3.12/site-packages/airflow/example_dags/example_dynamic_task_mapping_with_no_taskflow_operators.py
[2025-01-14T11:07:09.721+0000] {logging_mixin.py:190} INFO - [2025-01-14T11:07:09.720+0000] {dag.py:3239} INFO - Sync 1 DAGs
[2025-01-14T11:07:09.738+0000] {logging_mixin.py:190} INFO - [2025-01-14T11:07:09.738+0000] {dag.py:4180} INFO - Setting next_dagrun for example_dynamic_task_mapping_with_no_taskflow_operators to None, run_after=None
[2025-01-14T11:07:09.752+0000] {processor.py:208} INFO - Processing /home/airflow/.local/lib/python3.12/site-packages/airflow/example_dags/example_dynamic_task_mapping_with_no_taskflow_operators.py took 0.065 seconds
[2025-01-14T11:07:40.495+0000] {processor.py:186} INFO - Started process (PID=2738) to work on /home/airflow/.local/lib/python3.12/site-packages/airflow/example_dags/example_dynamic_task_mapping_with_no_taskflow_operators.py
[2025-01-14T11:07:40.496+0000] {processor.py:914} INFO - Processing file /home/airflow/.local/lib/python3.12/site-packages/airflow/example_dags/example_dynamic_task_mapping_with_no_taskflow_operators.py for tasks to queue
[2025-01-14T11:07:40.499+0000] {logging_mixin.py:190} INFO - [2025-01-14T11:07:40.498+0000] {dagbag.py:588} INFO - Filling up the DagBag from /home/airflow/.local/lib/python3.12/site-packages/airflow/example_dags/example_dynamic_task_mapping_with_no_taskflow_operators.py
[2025-01-14T11:07:40.505+0000] {processor.py:925} INFO - DAG(s) 'example_dynamic_task_mapping_with_no_taskflow_operators' retrieved from /home/airflow/.local/lib/python3.12/site-packages/airflow/example_dags/example_dynamic_task_mapping_with_no_taskflow_operators.py
[2025-01-14T11:07:40.527+0000] {logging_mixin.py:190} INFO - [2025-01-14T11:07:40.527+0000] {dag.py:3239} INFO - Sync 1 DAGs
[2025-01-14T11:07:40.539+0000] {logging_mixin.py:190} INFO - [2025-01-14T11:07:40.538+0000] {dag.py:4180} INFO - Setting next_dagrun for example_dynamic_task_mapping_with_no_taskflow_operators to None, run_after=None
[2025-01-14T11:07:40.558+0000] {processor.py:208} INFO - Processing /home/airflow/.local/lib/python3.12/site-packages/airflow/example_dags/example_dynamic_task_mapping_with_no_taskflow_operators.py took 0.070 seconds
[2025-01-14T11:08:11.010+0000] {processor.py:186} INFO - Started process (PID=3029) to work on /home/airflow/.local/lib/python3.12/site-packages/airflow/example_dags/example_dynamic_task_mapping_with_no_taskflow_operators.py
[2025-01-14T11:08:11.011+0000] {processor.py:914} INFO - Processing file /home/airflow/.local/lib/python3.12/site-packages/airflow/example_dags/example_dynamic_task_mapping_with_no_taskflow_operators.py for tasks to queue
[2025-01-14T11:08:11.013+0000] {logging_mixin.py:190} INFO - [2025-01-14T11:08:11.013+0000] {dagbag.py:588} INFO - Filling up the DagBag from /home/airflow/.local/lib/python3.12/site-packages/airflow/example_dags/example_dynamic_task_mapping_with_no_taskflow_operators.py
[2025-01-14T11:08:11.021+0000] {processor.py:925} INFO - DAG(s) 'example_dynamic_task_mapping_with_no_taskflow_operators' retrieved from /home/airflow/.local/lib/python3.12/site-packages/airflow/example_dags/example_dynamic_task_mapping_with_no_taskflow_operators.py
[2025-01-14T11:08:11.034+0000] {logging_mixin.py:190} INFO - [2025-01-14T11:08:11.034+0000] {dag.py:3239} INFO - Sync 1 DAGs
[2025-01-14T11:08:11.043+0000] {logging_mixin.py:190} INFO - [2025-01-14T11:08:11.042+0000] {dag.py:4180} INFO - Setting next_dagrun for example_dynamic_task_mapping_with_no_taskflow_operators to None, run_after=None
[2025-01-14T11:08:11.055+0000] {processor.py:208} INFO - Processing /home/airflow/.local/lib/python3.12/site-packages/airflow/example_dags/example_dynamic_task_mapping_with_no_taskflow_operators.py took 0.051 seconds
[2025-01-14T11:08:41.936+0000] {processor.py:186} INFO - Started process (PID=3320) to work on /home/airflow/.local/lib/python3.12/site-packages/airflow/example_dags/example_dynamic_task_mapping_with_no_taskflow_operators.py
[2025-01-14T11:08:41.937+0000] {processor.py:914} INFO - Processing file /home/airflow/.local/lib/python3.12/site-packages/airflow/example_dags/example_dynamic_task_mapping_with_no_taskflow_operators.py for tasks to queue
[2025-01-14T11:08:41.939+0000] {logging_mixin.py:190} INFO - [2025-01-14T11:08:41.938+0000] {dagbag.py:588} INFO - Filling up the DagBag from /home/airflow/.local/lib/python3.12/site-packages/airflow/example_dags/example_dynamic_task_mapping_with_no_taskflow_operators.py
[2025-01-14T11:08:41.945+0000] {processor.py:925} INFO - DAG(s) 'example_dynamic_task_mapping_with_no_taskflow_operators' retrieved from /home/airflow/.local/lib/python3.12/site-packages/airflow/example_dags/example_dynamic_task_mapping_with_no_taskflow_operators.py
[2025-01-14T11:08:41.960+0000] {logging_mixin.py:190} INFO - [2025-01-14T11:08:41.959+0000] {dag.py:3239} INFO - Sync 1 DAGs
[2025-01-14T11:08:41.972+0000] {logging_mixin.py:190} INFO - [2025-01-14T11:08:41.972+0000] {dag.py:4180} INFO - Setting next_dagrun for example_dynamic_task_mapping_with_no_taskflow_operators to None, run_after=None
[2025-01-14T11:08:41.988+0000] {processor.py:208} INFO - Processing /home/airflow/.local/lib/python3.12/site-packages/airflow/example_dags/example_dynamic_task_mapping_with_no_taskflow_operators.py took 0.056 seconds
[2025-01-14T11:09:12.600+0000] {processor.py:186} INFO - Started process (PID=3611) to work on /home/airflow/.local/lib/python3.12/site-packages/airflow/example_dags/example_dynamic_task_mapping_with_no_taskflow_operators.py
[2025-01-14T11:09:12.600+0000] {processor.py:914} INFO - Processing file /home/airflow/.local/lib/python3.12/site-packages/airflow/example_dags/example_dynamic_task_mapping_with_no_taskflow_operators.py for tasks to queue
[2025-01-14T11:09:12.603+0000] {logging_mixin.py:190} INFO - [2025-01-14T11:09:12.602+0000] {dagbag.py:588} INFO - Filling up the DagBag from /home/airflow/.local/lib/python3.12/site-packages/airflow/example_dags/example_dynamic_task_mapping_with_no_taskflow_operators.py
[2025-01-14T11:09:12.612+0000] {processor.py:925} INFO - DAG(s) 'example_dynamic_task_mapping_with_no_taskflow_operators' retrieved from /home/airflow/.local/lib/python3.12/site-packages/airflow/example_dags/example_dynamic_task_mapping_with_no_taskflow_operators.py
[2025-01-14T11:09:12.629+0000] {logging_mixin.py:190} INFO - [2025-01-14T11:09:12.629+0000] {dag.py:3239} INFO - Sync 1 DAGs
[2025-01-14T11:09:12.654+0000] {logging_mixin.py:190} INFO - [2025-01-14T11:09:12.653+0000] {dag.py:4180} INFO - Setting next_dagrun for example_dynamic_task_mapping_with_no_taskflow_operators to None, run_after=None
[2025-01-14T11:09:12.672+0000] {processor.py:208} INFO - Processing /home/airflow/.local/lib/python3.12/site-packages/airflow/example_dags/example_dynamic_task_mapping_with_no_taskflow_operators.py took 0.076 seconds
[2025-01-14T11:09:43.395+0000] {processor.py:186} INFO - Started process (PID=3902) to work on /home/airflow/.local/lib/python3.12/site-packages/airflow/example_dags/example_dynamic_task_mapping_with_no_taskflow_operators.py
[2025-01-14T11:09:43.396+0000] {processor.py:914} INFO - Processing file /home/airflow/.local/lib/python3.12/site-packages/airflow/example_dags/example_dynamic_task_mapping_with_no_taskflow_operators.py for tasks to queue
[2025-01-14T11:09:43.398+0000] {logging_mixin.py:190} INFO - [2025-01-14T11:09:43.398+0000] {dagbag.py:588} INFO - Filling up the DagBag from /home/airflow/.local/lib/python3.12/site-packages/airflow/example_dags/example_dynamic_task_mapping_with_no_taskflow_operators.py
[2025-01-14T11:09:43.405+0000] {processor.py:925} INFO - DAG(s) 'example_dynamic_task_mapping_with_no_taskflow_operators' retrieved from /home/airflow/.local/lib/python3.12/site-packages/airflow/example_dags/example_dynamic_task_mapping_with_no_taskflow_operators.py
[2025-01-14T11:09:43.431+0000] {logging_mixin.py:190} INFO - [2025-01-14T11:09:43.431+0000] {dag.py:3239} INFO - Sync 1 DAGs
[2025-01-14T11:09:43.441+0000] {logging_mixin.py:190} INFO - [2025-01-14T11:09:43.440+0000] {dag.py:4180} INFO - Setting next_dagrun for example_dynamic_task_mapping_with_no_taskflow_operators to None, run_after=None
[2025-01-14T11:09:43.455+0000] {processor.py:208} INFO - Processing /home/airflow/.local/lib/python3.12/site-packages/airflow/example_dags/example_dynamic_task_mapping_with_no_taskflow_operators.py took 0.068 seconds
[2025-01-14T11:10:13.891+0000] {processor.py:186} INFO - Started process (PID=4193) to work on /home/airflow/.local/lib/python3.12/site-packages/airflow/example_dags/example_dynamic_task_mapping_with_no_taskflow_operators.py
[2025-01-14T11:10:13.892+0000] {processor.py:914} INFO - Processing file /home/airflow/.local/lib/python3.12/site-packages/airflow/example_dags/example_dynamic_task_mapping_with_no_taskflow_operators.py for tasks to queue
[2025-01-14T11:10:13.894+0000] {logging_mixin.py:190} INFO - [2025-01-14T11:10:13.894+0000] {dagbag.py:588} INFO - Filling up the DagBag from /home/airflow/.local/lib/python3.12/site-packages/airflow/example_dags/example_dynamic_task_mapping_with_no_taskflow_operators.py
[2025-01-14T11:10:13.900+0000] {processor.py:925} INFO - DAG(s) 'example_dynamic_task_mapping_with_no_taskflow_operators' retrieved from /home/airflow/.local/lib/python3.12/site-packages/airflow/example_dags/example_dynamic_task_mapping_with_no_taskflow_operators.py
[2025-01-14T11:10:13.915+0000] {logging_mixin.py:190} INFO - [2025-01-14T11:10:13.915+0000] {dag.py:3239} INFO - Sync 1 DAGs
[2025-01-14T11:10:13.925+0000] {logging_mixin.py:190} INFO - [2025-01-14T11:10:13.925+0000] {dag.py:4180} INFO - Setting next_dagrun for example_dynamic_task_mapping_with_no_taskflow_operators to None, run_after=None
[2025-01-14T11:10:13.942+0000] {processor.py:208} INFO - Processing /home/airflow/.local/lib/python3.12/site-packages/airflow/example_dags/example_dynamic_task_mapping_with_no_taskflow_operators.py took 0.055 seconds
[2025-01-14T11:10:44.462+0000] {processor.py:186} INFO - Started process (PID=4479) to work on /home/airflow/.local/lib/python3.12/site-packages/airflow/example_dags/example_dynamic_task_mapping_with_no_taskflow_operators.py
[2025-01-14T11:10:44.463+0000] {processor.py:914} INFO - Processing file /home/airflow/.local/lib/python3.12/site-packages/airflow/example_dags/example_dynamic_task_mapping_with_no_taskflow_operators.py for tasks to queue
[2025-01-14T11:10:44.466+0000] {logging_mixin.py:190} INFO - [2025-01-14T11:10:44.466+0000] {dagbag.py:588} INFO - Filling up the DagBag from /home/airflow/.local/lib/python3.12/site-packages/airflow/example_dags/example_dynamic_task_mapping_with_no_taskflow_operators.py
[2025-01-14T11:10:44.475+0000] {processor.py:925} INFO - DAG(s) 'example_dynamic_task_mapping_with_no_taskflow_operators' retrieved from /home/airflow/.local/lib/python3.12/site-packages/airflow/example_dags/example_dynamic_task_mapping_with_no_taskflow_operators.py
[2025-01-14T11:10:44.494+0000] {logging_mixin.py:190} INFO - [2025-01-14T11:10:44.494+0000] {dag.py:3239} INFO - Sync 1 DAGs
[2025-01-14T11:10:44.510+0000] {logging_mixin.py:190} INFO - [2025-01-14T11:10:44.510+0000] {dag.py:4180} INFO - Setting next_dagrun for example_dynamic_task_mapping_with_no_taskflow_operators to None, run_after=None
[2025-01-14T11:10:44.525+0000] {processor.py:208} INFO - Processing /home/airflow/.local/lib/python3.12/site-packages/airflow/example_dags/example_dynamic_task_mapping_with_no_taskflow_operators.py took 0.067 seconds
[2025-01-14T11:11:15.089+0000] {processor.py:186} INFO - Started process (PID=4770) to work on /home/airflow/.local/lib/python3.12/site-packages/airflow/example_dags/example_dynamic_task_mapping_with_no_taskflow_operators.py
[2025-01-14T11:11:15.090+0000] {processor.py:914} INFO - Processing file /home/airflow/.local/lib/python3.12/site-packages/airflow/example_dags/example_dynamic_task_mapping_with_no_taskflow_operators.py for tasks to queue
[2025-01-14T11:11:15.092+0000] {logging_mixin.py:190} INFO - [2025-01-14T11:11:15.092+0000] {dagbag.py:588} INFO - Filling up the DagBag from /home/airflow/.local/lib/python3.12/site-packages/airflow/example_dags/example_dynamic_task_mapping_with_no_taskflow_operators.py
[2025-01-14T11:11:15.099+0000] {processor.py:925} INFO - DAG(s) 'example_dynamic_task_mapping_with_no_taskflow_operators' retrieved from /home/airflow/.local/lib/python3.12/site-packages/airflow/example_dags/example_dynamic_task_mapping_with_no_taskflow_operators.py
[2025-01-14T11:11:15.111+0000] {logging_mixin.py:190} INFO - [2025-01-14T11:11:15.110+0000] {dag.py:3239} INFO - Sync 1 DAGs
[2025-01-14T11:11:15.119+0000] {logging_mixin.py:190} INFO - [2025-01-14T11:11:15.119+0000] {dag.py:4180} INFO - Setting next_dagrun for example_dynamic_task_mapping_with_no_taskflow_operators to None, run_after=None
[2025-01-14T11:11:15.130+0000] {processor.py:208} INFO - Processing /home/airflow/.local/lib/python3.12/site-packages/airflow/example_dags/example_dynamic_task_mapping_with_no_taskflow_operators.py took 0.044 seconds
[2025-01-14T11:11:46.429+0000] {processor.py:186} INFO - Started process (PID=5066) to work on /home/airflow/.local/lib/python3.12/site-packages/airflow/example_dags/example_dynamic_task_mapping_with_no_taskflow_operators.py
[2025-01-14T11:11:46.430+0000] {processor.py:914} INFO - Processing file /home/airflow/.local/lib/python3.12/site-packages/airflow/example_dags/example_dynamic_task_mapping_with_no_taskflow_operators.py for tasks to queue
[2025-01-14T11:11:46.432+0000] {logging_mixin.py:190} INFO - [2025-01-14T11:11:46.432+0000] {dagbag.py:588} INFO - Filling up the DagBag from /home/airflow/.local/lib/python3.12/site-packages/airflow/example_dags/example_dynamic_task_mapping_with_no_taskflow_operators.py
[2025-01-14T11:11:46.442+0000] {processor.py:925} INFO - DAG(s) 'example_dynamic_task_mapping_with_no_taskflow_operators' retrieved from /home/airflow/.local/lib/python3.12/site-packages/airflow/example_dags/example_dynamic_task_mapping_with_no_taskflow_operators.py
[2025-01-14T11:11:46.457+0000] {logging_mixin.py:190} INFO - [2025-01-14T11:11:46.457+0000] {dag.py:3239} INFO - Sync 1 DAGs
[2025-01-14T11:11:46.467+0000] {logging_mixin.py:190} INFO - [2025-01-14T11:11:46.467+0000] {dag.py:4180} INFO - Setting next_dagrun for example_dynamic_task_mapping_with_no_taskflow_operators to None, run_after=None
[2025-01-14T11:11:46.481+0000] {processor.py:208} INFO - Processing /home/airflow/.local/lib/python3.12/site-packages/airflow/example_dags/example_dynamic_task_mapping_with_no_taskflow_operators.py took 0.060 seconds
[2025-01-14T11:12:17.195+0000] {processor.py:186} INFO - Started process (PID=5356) to work on /home/airflow/.local/lib/python3.12/site-packages/airflow/example_dags/example_dynamic_task_mapping_with_no_taskflow_operators.py
[2025-01-14T11:12:17.196+0000] {processor.py:914} INFO - Processing file /home/airflow/.local/lib/python3.12/site-packages/airflow/example_dags/example_dynamic_task_mapping_with_no_taskflow_operators.py for tasks to queue
[2025-01-14T11:12:17.198+0000] {logging_mixin.py:190} INFO - [2025-01-14T11:12:17.198+0000] {dagbag.py:588} INFO - Filling up the DagBag from /home/airflow/.local/lib/python3.12/site-packages/airflow/example_dags/example_dynamic_task_mapping_with_no_taskflow_operators.py
[2025-01-14T11:12:17.204+0000] {processor.py:925} INFO - DAG(s) 'example_dynamic_task_mapping_with_no_taskflow_operators' retrieved from /home/airflow/.local/lib/python3.12/site-packages/airflow/example_dags/example_dynamic_task_mapping_with_no_taskflow_operators.py
[2025-01-14T11:12:17.222+0000] {logging_mixin.py:190} INFO - [2025-01-14T11:12:17.222+0000] {dag.py:3239} INFO - Sync 1 DAGs
[2025-01-14T11:12:17.233+0000] {logging_mixin.py:190} INFO - [2025-01-14T11:12:17.233+0000] {dag.py:4180} INFO - Setting next_dagrun for example_dynamic_task_mapping_with_no_taskflow_operators to None, run_after=None
[2025-01-14T11:12:17.252+0000] {processor.py:208} INFO - Processing /home/airflow/.local/lib/python3.12/site-packages/airflow/example_dags/example_dynamic_task_mapping_with_no_taskflow_operators.py took 0.063 seconds
[2025-01-14T11:12:47.929+0000] {processor.py:186} INFO - Started process (PID=5647) to work on /home/airflow/.local/lib/python3.12/site-packages/airflow/example_dags/example_dynamic_task_mapping_with_no_taskflow_operators.py
[2025-01-14T11:12:47.930+0000] {processor.py:914} INFO - Processing file /home/airflow/.local/lib/python3.12/site-packages/airflow/example_dags/example_dynamic_task_mapping_with_no_taskflow_operators.py for tasks to queue
[2025-01-14T11:12:47.932+0000] {logging_mixin.py:190} INFO - [2025-01-14T11:12:47.932+0000] {dagbag.py:588} INFO - Filling up the DagBag from /home/airflow/.local/lib/python3.12/site-packages/airflow/example_dags/example_dynamic_task_mapping_with_no_taskflow_operators.py
[2025-01-14T11:12:47.940+0000] {processor.py:925} INFO - DAG(s) 'example_dynamic_task_mapping_with_no_taskflow_operators' retrieved from /home/airflow/.local/lib/python3.12/site-packages/airflow/example_dags/example_dynamic_task_mapping_with_no_taskflow_operators.py
[2025-01-14T11:12:47.953+0000] {logging_mixin.py:190} INFO - [2025-01-14T11:12:47.953+0000] {dag.py:3239} INFO - Sync 1 DAGs
[2025-01-14T11:12:47.962+0000] {logging_mixin.py:190} INFO - [2025-01-14T11:12:47.961+0000] {dag.py:4180} INFO - Setting next_dagrun for example_dynamic_task_mapping_with_no_taskflow_operators to None, run_after=None
[2025-01-14T11:12:47.980+0000] {processor.py:208} INFO - Processing /home/airflow/.local/lib/python3.12/site-packages/airflow/example_dags/example_dynamic_task_mapping_with_no_taskflow_operators.py took 0.058 seconds
[2025-01-14T11:13:18.831+0000] {processor.py:186} INFO - Started process (PID=5938) to work on /home/airflow/.local/lib/python3.12/site-packages/airflow/example_dags/example_dynamic_task_mapping_with_no_taskflow_operators.py
[2025-01-14T11:13:18.832+0000] {processor.py:914} INFO - Processing file /home/airflow/.local/lib/python3.12/site-packages/airflow/example_dags/example_dynamic_task_mapping_with_no_taskflow_operators.py for tasks to queue
[2025-01-14T11:13:18.834+0000] {logging_mixin.py:190} INFO - [2025-01-14T11:13:18.834+0000] {dagbag.py:588} INFO - Filling up the DagBag from /home/airflow/.local/lib/python3.12/site-packages/airflow/example_dags/example_dynamic_task_mapping_with_no_taskflow_operators.py
[2025-01-14T11:13:18.844+0000] {processor.py:925} INFO - DAG(s) 'example_dynamic_task_mapping_with_no_taskflow_operators' retrieved from /home/airflow/.local/lib/python3.12/site-packages/airflow/example_dags/example_dynamic_task_mapping_with_no_taskflow_operators.py
[2025-01-14T11:13:18.864+0000] {logging_mixin.py:190} INFO - [2025-01-14T11:13:18.864+0000] {dag.py:3239} INFO - Sync 1 DAGs
[2025-01-14T11:13:18.883+0000] {logging_mixin.py:190} INFO - [2025-01-14T11:13:18.883+0000] {dag.py:4180} INFO - Setting next_dagrun for example_dynamic_task_mapping_with_no_taskflow_operators to None, run_after=None
[2025-01-14T11:13:18.901+0000] {processor.py:208} INFO - Processing /home/airflow/.local/lib/python3.12/site-packages/airflow/example_dags/example_dynamic_task_mapping_with_no_taskflow_operators.py took 0.074 seconds
[2025-01-14T11:13:49.838+0000] {processor.py:186} INFO - Started process (PID=6229) to work on /home/airflow/.local/lib/python3.12/site-packages/airflow/example_dags/example_dynamic_task_mapping_with_no_taskflow_operators.py
[2025-01-14T11:13:49.838+0000] {processor.py:914} INFO - Processing file /home/airflow/.local/lib/python3.12/site-packages/airflow/example_dags/example_dynamic_task_mapping_with_no_taskflow_operators.py for tasks to queue
[2025-01-14T11:13:49.840+0000] {logging_mixin.py:190} INFO - [2025-01-14T11:13:49.840+0000] {dagbag.py:588} INFO - Filling up the DagBag from /home/airflow/.local/lib/python3.12/site-packages/airflow/example_dags/example_dynamic_task_mapping_with_no_taskflow_operators.py
[2025-01-14T11:13:49.850+0000] {processor.py:925} INFO - DAG(s) 'example_dynamic_task_mapping_with_no_taskflow_operators' retrieved from /home/airflow/.local/lib/python3.12/site-packages/airflow/example_dags/example_dynamic_task_mapping_with_no_taskflow_operators.py
[2025-01-14T11:13:49.872+0000] {logging_mixin.py:190} INFO - [2025-01-14T11:13:49.872+0000] {dag.py:3239} INFO - Sync 1 DAGs
[2025-01-14T11:13:49.888+0000] {logging_mixin.py:190} INFO - [2025-01-14T11:13:49.888+0000] {dag.py:4180} INFO - Setting next_dagrun for example_dynamic_task_mapping_with_no_taskflow_operators to None, run_after=None
[2025-01-14T11:13:49.905+0000] {processor.py:208} INFO - Processing /home/airflow/.local/lib/python3.12/site-packages/airflow/example_dags/example_dynamic_task_mapping_with_no_taskflow_operators.py took 0.071 seconds
[2025-01-14T11:14:20.269+0000] {processor.py:186} INFO - Started process (PID=6520) to work on /home/airflow/.local/lib/python3.12/site-packages/airflow/example_dags/example_dynamic_task_mapping_with_no_taskflow_operators.py
[2025-01-14T11:14:20.270+0000] {processor.py:914} INFO - Processing file /home/airflow/.local/lib/python3.12/site-packages/airflow/example_dags/example_dynamic_task_mapping_with_no_taskflow_operators.py for tasks to queue
[2025-01-14T11:14:20.272+0000] {logging_mixin.py:190} INFO - [2025-01-14T11:14:20.272+0000] {dagbag.py:588} INFO - Filling up the DagBag from /home/airflow/.local/lib/python3.12/site-packages/airflow/example_dags/example_dynamic_task_mapping_with_no_taskflow_operators.py
[2025-01-14T11:14:20.282+0000] {processor.py:925} INFO - DAG(s) 'example_dynamic_task_mapping_with_no_taskflow_operators' retrieved from /home/airflow/.local/lib/python3.12/site-packages/airflow/example_dags/example_dynamic_task_mapping_with_no_taskflow_operators.py
[2025-01-14T11:14:20.295+0000] {logging_mixin.py:190} INFO - [2025-01-14T11:14:20.295+0000] {dag.py:3239} INFO - Sync 1 DAGs
[2025-01-14T11:14:20.303+0000] {logging_mixin.py:190} INFO - [2025-01-14T11:14:20.303+0000] {dag.py:4180} INFO - Setting next_dagrun for example_dynamic_task_mapping_with_no_taskflow_operators to None, run_after=None
[2025-01-14T11:14:20.315+0000] {processor.py:208} INFO - Processing /home/airflow/.local/lib/python3.12/site-packages/airflow/example_dags/example_dynamic_task_mapping_with_no_taskflow_operators.py took 0.052 seconds
[2025-01-14T11:14:50.789+0000] {processor.py:186} INFO - Started process (PID=6811) to work on /home/airflow/.local/lib/python3.12/site-packages/airflow/example_dags/example_dynamic_task_mapping_with_no_taskflow_operators.py
[2025-01-14T11:14:50.791+0000] {processor.py:914} INFO - Processing file /home/airflow/.local/lib/python3.12/site-packages/airflow/example_dags/example_dynamic_task_mapping_with_no_taskflow_operators.py for tasks to queue
[2025-01-14T11:14:50.793+0000] {logging_mixin.py:190} INFO - [2025-01-14T11:14:50.793+0000] {dagbag.py:588} INFO - Filling up the DagBag from /home/airflow/.local/lib/python3.12/site-packages/airflow/example_dags/example_dynamic_task_mapping_with_no_taskflow_operators.py
[2025-01-14T11:14:50.799+0000] {processor.py:925} INFO - DAG(s) 'example_dynamic_task_mapping_with_no_taskflow_operators' retrieved from /home/airflow/.local/lib/python3.12/site-packages/airflow/example_dags/example_dynamic_task_mapping_with_no_taskflow_operators.py
[2025-01-14T11:14:50.811+0000] {logging_mixin.py:190} INFO - [2025-01-14T11:14:50.811+0000] {dag.py:3239} INFO - Sync 1 DAGs
[2025-01-14T11:14:50.820+0000] {logging_mixin.py:190} INFO - [2025-01-14T11:14:50.819+0000] {dag.py:4180} INFO - Setting next_dagrun for example_dynamic_task_mapping_with_no_taskflow_operators to None, run_after=None
[2025-01-14T11:14:50.832+0000] {processor.py:208} INFO - Processing /home/airflow/.local/lib/python3.12/site-packages/airflow/example_dags/example_dynamic_task_mapping_with_no_taskflow_operators.py took 0.048 seconds
[2025-01-14T11:15:21.034+0000] {processor.py:186} INFO - Started process (PID=7102) to work on /home/airflow/.local/lib/python3.12/site-packages/airflow/example_dags/example_dynamic_task_mapping_with_no_taskflow_operators.py
[2025-01-14T11:15:21.035+0000] {processor.py:914} INFO - Processing file /home/airflow/.local/lib/python3.12/site-packages/airflow/example_dags/example_dynamic_task_mapping_with_no_taskflow_operators.py for tasks to queue
[2025-01-14T11:15:21.037+0000] {logging_mixin.py:190} INFO - [2025-01-14T11:15:21.036+0000] {dagbag.py:588} INFO - Filling up the DagBag from /home/airflow/.local/lib/python3.12/site-packages/airflow/example_dags/example_dynamic_task_mapping_with_no_taskflow_operators.py
[2025-01-14T11:15:21.042+0000] {processor.py:925} INFO - DAG(s) 'example_dynamic_task_mapping_with_no_taskflow_operators' retrieved from /home/airflow/.local/lib/python3.12/site-packages/airflow/example_dags/example_dynamic_task_mapping_with_no_taskflow_operators.py
[2025-01-14T11:15:21.054+0000] {logging_mixin.py:190} INFO - [2025-01-14T11:15:21.054+0000] {dag.py:3239} INFO - Sync 1 DAGs
[2025-01-14T11:15:21.063+0000] {logging_mixin.py:190} INFO - [2025-01-14T11:15:21.063+0000] {dag.py:4180} INFO - Setting next_dagrun for example_dynamic_task_mapping_with_no_taskflow_operators to None, run_after=None
[2025-01-14T11:15:21.074+0000] {processor.py:208} INFO - Processing /home/airflow/.local/lib/python3.12/site-packages/airflow/example_dags/example_dynamic_task_mapping_with_no_taskflow_operators.py took 0.044 seconds
[2025-01-14T11:15:51.595+0000] {processor.py:186} INFO - Started process (PID=7393) to work on /home/airflow/.local/lib/python3.12/site-packages/airflow/example_dags/example_dynamic_task_mapping_with_no_taskflow_operators.py
[2025-01-14T11:15:51.596+0000] {processor.py:914} INFO - Processing file /home/airflow/.local/lib/python3.12/site-packages/airflow/example_dags/example_dynamic_task_mapping_with_no_taskflow_operators.py for tasks to queue
[2025-01-14T11:15:51.598+0000] {logging_mixin.py:190} INFO - [2025-01-14T11:15:51.598+0000] {dagbag.py:588} INFO - Filling up the DagBag from /home/airflow/.local/lib/python3.12/site-packages/airflow/example_dags/example_dynamic_task_mapping_with_no_taskflow_operators.py
[2025-01-14T11:15:51.606+0000] {processor.py:925} INFO - DAG(s) 'example_dynamic_task_mapping_with_no_taskflow_operators' retrieved from /home/airflow/.local/lib/python3.12/site-packages/airflow/example_dags/example_dynamic_task_mapping_with_no_taskflow_operators.py
[2025-01-14T11:15:51.624+0000] {logging_mixin.py:190} INFO - [2025-01-14T11:15:51.624+0000] {dag.py:3239} INFO - Sync 1 DAGs
[2025-01-14T11:15:51.640+0000] {logging_mixin.py:190} INFO - [2025-01-14T11:15:51.639+0000] {dag.py:4180} INFO - Setting next_dagrun for example_dynamic_task_mapping_with_no_taskflow_operators to None, run_after=None
[2025-01-14T11:15:51.660+0000] {processor.py:208} INFO - Processing /home/airflow/.local/lib/python3.12/site-packages/airflow/example_dags/example_dynamic_task_mapping_with_no_taskflow_operators.py took 0.069 seconds
[2025-01-14T11:16:22.189+0000] {processor.py:186} INFO - Started process (PID=7679) to work on /home/airflow/.local/lib/python3.12/site-packages/airflow/example_dags/example_dynamic_task_mapping_with_no_taskflow_operators.py
[2025-01-14T11:16:22.190+0000] {processor.py:914} INFO - Processing file /home/airflow/.local/lib/python3.12/site-packages/airflow/example_dags/example_dynamic_task_mapping_with_no_taskflow_operators.py for tasks to queue
[2025-01-14T11:16:22.192+0000] {logging_mixin.py:190} INFO - [2025-01-14T11:16:22.192+0000] {dagbag.py:588} INFO - Filling up the DagBag from /home/airflow/.local/lib/python3.12/site-packages/airflow/example_dags/example_dynamic_task_mapping_with_no_taskflow_operators.py
[2025-01-14T11:16:22.198+0000] {processor.py:925} INFO - DAG(s) 'example_dynamic_task_mapping_with_no_taskflow_operators' retrieved from /home/airflow/.local/lib/python3.12/site-packages/airflow/example_dags/example_dynamic_task_mapping_with_no_taskflow_operators.py
[2025-01-14T11:16:22.211+0000] {logging_mixin.py:190} INFO - [2025-01-14T11:16:22.211+0000] {dag.py:3239} INFO - Sync 1 DAGs
[2025-01-14T11:16:22.227+0000] {logging_mixin.py:190} INFO - [2025-01-14T11:16:22.226+0000] {dag.py:4180} INFO - Setting next_dagrun for example_dynamic_task_mapping_with_no_taskflow_operators to None, run_after=None
[2025-01-14T11:16:22.244+0000] {processor.py:208} INFO - Processing /home/airflow/.local/lib/python3.12/site-packages/airflow/example_dags/example_dynamic_task_mapping_with_no_taskflow_operators.py took 0.063 seconds
[2025-01-14T11:16:52.633+0000] {processor.py:186} INFO - Started process (PID=7970) to work on /home/airflow/.local/lib/python3.12/site-packages/airflow/example_dags/example_dynamic_task_mapping_with_no_taskflow_operators.py
[2025-01-14T11:16:52.634+0000] {processor.py:914} INFO - Processing file /home/airflow/.local/lib/python3.12/site-packages/airflow/example_dags/example_dynamic_task_mapping_with_no_taskflow_operators.py for tasks to queue
[2025-01-14T11:16:52.636+0000] {logging_mixin.py:190} INFO - [2025-01-14T11:16:52.636+0000] {dagbag.py:588} INFO - Filling up the DagBag from /home/airflow/.local/lib/python3.12/site-packages/airflow/example_dags/example_dynamic_task_mapping_with_no_taskflow_operators.py
[2025-01-14T11:16:52.646+0000] {processor.py:925} INFO - DAG(s) 'example_dynamic_task_mapping_with_no_taskflow_operators' retrieved from /home/airflow/.local/lib/python3.12/site-packages/airflow/example_dags/example_dynamic_task_mapping_with_no_taskflow_operators.py
[2025-01-14T11:16:52.661+0000] {logging_mixin.py:190} INFO - [2025-01-14T11:16:52.661+0000] {dag.py:3239} INFO - Sync 1 DAGs
[2025-01-14T11:16:52.671+0000] {logging_mixin.py:190} INFO - [2025-01-14T11:16:52.671+0000] {dag.py:4180} INFO - Setting next_dagrun for example_dynamic_task_mapping_with_no_taskflow_operators to None, run_after=None
[2025-01-14T11:16:52.684+0000] {processor.py:208} INFO - Processing /home/airflow/.local/lib/python3.12/site-packages/airflow/example_dags/example_dynamic_task_mapping_with_no_taskflow_operators.py took 0.058 seconds
[2025-01-14T11:17:23.185+0000] {processor.py:186} INFO - Started process (PID=8261) to work on /home/airflow/.local/lib/python3.12/site-packages/airflow/example_dags/example_dynamic_task_mapping_with_no_taskflow_operators.py
[2025-01-14T11:17:23.186+0000] {processor.py:914} INFO - Processing file /home/airflow/.local/lib/python3.12/site-packages/airflow/example_dags/example_dynamic_task_mapping_with_no_taskflow_operators.py for tasks to queue
[2025-01-14T11:17:23.189+0000] {logging_mixin.py:190} INFO - [2025-01-14T11:17:23.189+0000] {dagbag.py:588} INFO - Filling up the DagBag from /home/airflow/.local/lib/python3.12/site-packages/airflow/example_dags/example_dynamic_task_mapping_with_no_taskflow_operators.py
[2025-01-14T11:17:23.199+0000] {processor.py:925} INFO - DAG(s) 'example_dynamic_task_mapping_with_no_taskflow_operators' retrieved from /home/airflow/.local/lib/python3.12/site-packages/airflow/example_dags/example_dynamic_task_mapping_with_no_taskflow_operators.py
[2025-01-14T11:17:23.220+0000] {logging_mixin.py:190} INFO - [2025-01-14T11:17:23.220+0000] {dag.py:3239} INFO - Sync 1 DAGs
[2025-01-14T11:17:23.238+0000] {logging_mixin.py:190} INFO - [2025-01-14T11:17:23.238+0000] {dag.py:4180} INFO - Setting next_dagrun for example_dynamic_task_mapping_with_no_taskflow_operators to None, run_after=None
[2025-01-14T11:17:23.262+0000] {processor.py:208} INFO - Processing /home/airflow/.local/lib/python3.12/site-packages/airflow/example_dags/example_dynamic_task_mapping_with_no_taskflow_operators.py took 0.083 seconds
[2025-01-14T11:18:18.988+0000] {processor.py:186} INFO - Started process (PID=447) to work on /home/airflow/.local/lib/python3.12/site-packages/airflow/example_dags/example_dynamic_task_mapping_with_no_taskflow_operators.py
[2025-01-14T11:18:18.989+0000] {processor.py:914} INFO - Processing file /home/airflow/.local/lib/python3.12/site-packages/airflow/example_dags/example_dynamic_task_mapping_with_no_taskflow_operators.py for tasks to queue
[2025-01-14T11:18:18.991+0000] {logging_mixin.py:190} INFO - [2025-01-14T11:18:18.990+0000] {dagbag.py:588} INFO - Filling up the DagBag from /home/airflow/.local/lib/python3.12/site-packages/airflow/example_dags/example_dynamic_task_mapping_with_no_taskflow_operators.py
[2025-01-14T11:18:18.998+0000] {processor.py:925} INFO - DAG(s) 'example_dynamic_task_mapping_with_no_taskflow_operators' retrieved from /home/airflow/.local/lib/python3.12/site-packages/airflow/example_dags/example_dynamic_task_mapping_with_no_taskflow_operators.py
[2025-01-14T11:18:19.022+0000] {logging_mixin.py:190} INFO - [2025-01-14T11:18:19.021+0000] {dag.py:3239} INFO - Sync 1 DAGs
[2025-01-14T11:18:19.036+0000] {logging_mixin.py:190} INFO - [2025-01-14T11:18:19.036+0000] {dag.py:4180} INFO - Setting next_dagrun for example_dynamic_task_mapping_with_no_taskflow_operators to None, run_after=None
[2025-01-14T11:18:19.057+0000] {processor.py:208} INFO - Processing /home/airflow/.local/lib/python3.12/site-packages/airflow/example_dags/example_dynamic_task_mapping_with_no_taskflow_operators.py took 0.075 seconds
[2025-01-14T11:18:49.230+0000] {processor.py:186} INFO - Started process (PID=740) to work on /home/airflow/.local/lib/python3.12/site-packages/airflow/example_dags/example_dynamic_task_mapping_with_no_taskflow_operators.py
[2025-01-14T11:18:49.230+0000] {processor.py:914} INFO - Processing file /home/airflow/.local/lib/python3.12/site-packages/airflow/example_dags/example_dynamic_task_mapping_with_no_taskflow_operators.py for tasks to queue
[2025-01-14T11:18:49.232+0000] {logging_mixin.py:190} INFO - [2025-01-14T11:18:49.232+0000] {dagbag.py:588} INFO - Filling up the DagBag from /home/airflow/.local/lib/python3.12/site-packages/airflow/example_dags/example_dynamic_task_mapping_with_no_taskflow_operators.py
[2025-01-14T11:18:49.237+0000] {processor.py:925} INFO - DAG(s) 'example_dynamic_task_mapping_with_no_taskflow_operators' retrieved from /home/airflow/.local/lib/python3.12/site-packages/airflow/example_dags/example_dynamic_task_mapping_with_no_taskflow_operators.py
[2025-01-14T11:18:49.254+0000] {logging_mixin.py:190} INFO - [2025-01-14T11:18:49.253+0000] {dag.py:3239} INFO - Sync 1 DAGs
[2025-01-14T11:18:49.263+0000] {logging_mixin.py:190} INFO - [2025-01-14T11:18:49.262+0000] {dag.py:4180} INFO - Setting next_dagrun for example_dynamic_task_mapping_with_no_taskflow_operators to None, run_after=None
[2025-01-14T11:18:49.275+0000] {processor.py:208} INFO - Processing /home/airflow/.local/lib/python3.12/site-packages/airflow/example_dags/example_dynamic_task_mapping_with_no_taskflow_operators.py took 0.051 seconds
[2025-01-14T11:19:20.056+0000] {processor.py:186} INFO - Started process (PID=1026) to work on /home/airflow/.local/lib/python3.12/site-packages/airflow/example_dags/example_dynamic_task_mapping_with_no_taskflow_operators.py
[2025-01-14T11:19:20.058+0000] {processor.py:914} INFO - Processing file /home/airflow/.local/lib/python3.12/site-packages/airflow/example_dags/example_dynamic_task_mapping_with_no_taskflow_operators.py for tasks to queue
[2025-01-14T11:19:20.061+0000] {logging_mixin.py:190} INFO - [2025-01-14T11:19:20.060+0000] {dagbag.py:588} INFO - Filling up the DagBag from /home/airflow/.local/lib/python3.12/site-packages/airflow/example_dags/example_dynamic_task_mapping_with_no_taskflow_operators.py
[2025-01-14T11:19:20.069+0000] {processor.py:925} INFO - DAG(s) 'example_dynamic_task_mapping_with_no_taskflow_operators' retrieved from /home/airflow/.local/lib/python3.12/site-packages/airflow/example_dags/example_dynamic_task_mapping_with_no_taskflow_operators.py
[2025-01-14T11:19:20.084+0000] {logging_mixin.py:190} INFO - [2025-01-14T11:19:20.083+0000] {dag.py:3239} INFO - Sync 1 DAGs
[2025-01-14T11:19:20.094+0000] {logging_mixin.py:190} INFO - [2025-01-14T11:19:20.094+0000] {dag.py:4180} INFO - Setting next_dagrun for example_dynamic_task_mapping_with_no_taskflow_operators to None, run_after=None
[2025-01-14T11:19:20.110+0000] {processor.py:208} INFO - Processing /home/airflow/.local/lib/python3.12/site-packages/airflow/example_dags/example_dynamic_task_mapping_with_no_taskflow_operators.py took 0.062 seconds
[2025-01-14T11:19:50.885+0000] {processor.py:186} INFO - Started process (PID=1319) to work on /home/airflow/.local/lib/python3.12/site-packages/airflow/example_dags/example_dynamic_task_mapping_with_no_taskflow_operators.py
[2025-01-14T11:19:50.886+0000] {processor.py:914} INFO - Processing file /home/airflow/.local/lib/python3.12/site-packages/airflow/example_dags/example_dynamic_task_mapping_with_no_taskflow_operators.py for tasks to queue
[2025-01-14T11:19:50.888+0000] {logging_mixin.py:190} INFO - [2025-01-14T11:19:50.887+0000] {dagbag.py:588} INFO - Filling up the DagBag from /home/airflow/.local/lib/python3.12/site-packages/airflow/example_dags/example_dynamic_task_mapping_with_no_taskflow_operators.py
[2025-01-14T11:19:50.893+0000] {processor.py:925} INFO - DAG(s) 'example_dynamic_task_mapping_with_no_taskflow_operators' retrieved from /home/airflow/.local/lib/python3.12/site-packages/airflow/example_dags/example_dynamic_task_mapping_with_no_taskflow_operators.py
[2025-01-14T11:19:50.907+0000] {logging_mixin.py:190} INFO - [2025-01-14T11:19:50.907+0000] {dag.py:3239} INFO - Sync 1 DAGs
[2025-01-14T11:19:50.916+0000] {logging_mixin.py:190} INFO - [2025-01-14T11:19:50.916+0000] {dag.py:4180} INFO - Setting next_dagrun for example_dynamic_task_mapping_with_no_taskflow_operators to None, run_after=None
[2025-01-14T11:19:50.931+0000] {processor.py:208} INFO - Processing /home/airflow/.local/lib/python3.12/site-packages/airflow/example_dags/example_dynamic_task_mapping_with_no_taskflow_operators.py took 0.050 seconds
[2025-01-14T11:20:22.495+0000] {processor.py:186} INFO - Started process (PID=1613) to work on /home/airflow/.local/lib/python3.12/site-packages/airflow/example_dags/example_dynamic_task_mapping_with_no_taskflow_operators.py
[2025-01-14T11:20:22.496+0000] {processor.py:914} INFO - Processing file /home/airflow/.local/lib/python3.12/site-packages/airflow/example_dags/example_dynamic_task_mapping_with_no_taskflow_operators.py for tasks to queue
[2025-01-14T11:20:22.499+0000] {logging_mixin.py:190} INFO - [2025-01-14T11:20:22.498+0000] {dagbag.py:588} INFO - Filling up the DagBag from /home/airflow/.local/lib/python3.12/site-packages/airflow/example_dags/example_dynamic_task_mapping_with_no_taskflow_operators.py
[2025-01-14T11:20:22.510+0000] {processor.py:925} INFO - DAG(s) 'example_dynamic_task_mapping_with_no_taskflow_operators' retrieved from /home/airflow/.local/lib/python3.12/site-packages/airflow/example_dags/example_dynamic_task_mapping_with_no_taskflow_operators.py
[2025-01-14T11:20:22.531+0000] {logging_mixin.py:190} INFO - [2025-01-14T11:20:22.531+0000] {dag.py:3239} INFO - Sync 1 DAGs
[2025-01-14T11:20:22.546+0000] {logging_mixin.py:190} INFO - [2025-01-14T11:20:22.546+0000] {dag.py:4180} INFO - Setting next_dagrun for example_dynamic_task_mapping_with_no_taskflow_operators to None, run_after=None
[2025-01-14T11:20:22.564+0000] {processor.py:208} INFO - Processing /home/airflow/.local/lib/python3.12/site-packages/airflow/example_dags/example_dynamic_task_mapping_with_no_taskflow_operators.py took 0.075 seconds
[2025-01-14T11:20:53.654+0000] {processor.py:186} INFO - Started process (PID=1904) to work on /home/airflow/.local/lib/python3.12/site-packages/airflow/example_dags/example_dynamic_task_mapping_with_no_taskflow_operators.py
[2025-01-14T11:20:53.657+0000] {processor.py:914} INFO - Processing file /home/airflow/.local/lib/python3.12/site-packages/airflow/example_dags/example_dynamic_task_mapping_with_no_taskflow_operators.py for tasks to queue
[2025-01-14T11:20:53.659+0000] {logging_mixin.py:190} INFO - [2025-01-14T11:20:53.659+0000] {dagbag.py:588} INFO - Filling up the DagBag from /home/airflow/.local/lib/python3.12/site-packages/airflow/example_dags/example_dynamic_task_mapping_with_no_taskflow_operators.py
[2025-01-14T11:20:53.666+0000] {processor.py:925} INFO - DAG(s) 'example_dynamic_task_mapping_with_no_taskflow_operators' retrieved from /home/airflow/.local/lib/python3.12/site-packages/airflow/example_dags/example_dynamic_task_mapping_with_no_taskflow_operators.py
[2025-01-14T11:20:53.681+0000] {logging_mixin.py:190} INFO - [2025-01-14T11:20:53.681+0000] {dag.py:3239} INFO - Sync 1 DAGs
[2025-01-14T11:20:53.690+0000] {logging_mixin.py:190} INFO - [2025-01-14T11:20:53.690+0000] {dag.py:4180} INFO - Setting next_dagrun for example_dynamic_task_mapping_with_no_taskflow_operators to None, run_after=None
[2025-01-14T11:20:53.706+0000] {processor.py:208} INFO - Processing /home/airflow/.local/lib/python3.12/site-packages/airflow/example_dags/example_dynamic_task_mapping_with_no_taskflow_operators.py took 0.057 seconds
[2025-01-14T11:21:25.106+0000] {processor.py:186} INFO - Started process (PID=2195) to work on /home/airflow/.local/lib/python3.12/site-packages/airflow/example_dags/example_dynamic_task_mapping_with_no_taskflow_operators.py
[2025-01-14T11:21:25.107+0000] {processor.py:914} INFO - Processing file /home/airflow/.local/lib/python3.12/site-packages/airflow/example_dags/example_dynamic_task_mapping_with_no_taskflow_operators.py for tasks to queue
[2025-01-14T11:21:25.109+0000] {logging_mixin.py:190} INFO - [2025-01-14T11:21:25.109+0000] {dagbag.py:588} INFO - Filling up the DagBag from /home/airflow/.local/lib/python3.12/site-packages/airflow/example_dags/example_dynamic_task_mapping_with_no_taskflow_operators.py
[2025-01-14T11:21:25.124+0000] {processor.py:925} INFO - DAG(s) 'example_dynamic_task_mapping_with_no_taskflow_operators' retrieved from /home/airflow/.local/lib/python3.12/site-packages/airflow/example_dags/example_dynamic_task_mapping_with_no_taskflow_operators.py
[2025-01-14T11:21:25.149+0000] {logging_mixin.py:190} INFO - [2025-01-14T11:21:25.149+0000] {dag.py:3239} INFO - Sync 1 DAGs
[2025-01-14T11:21:25.162+0000] {logging_mixin.py:190} INFO - [2025-01-14T11:21:25.161+0000] {dag.py:4180} INFO - Setting next_dagrun for example_dynamic_task_mapping_with_no_taskflow_operators to None, run_after=None
[2025-01-14T11:21:25.185+0000] {processor.py:208} INFO - Processing /home/airflow/.local/lib/python3.12/site-packages/airflow/example_dags/example_dynamic_task_mapping_with_no_taskflow_operators.py took 0.084 seconds
[2025-01-14T11:21:56.077+0000] {processor.py:186} INFO - Started process (PID=2486) to work on /home/airflow/.local/lib/python3.12/site-packages/airflow/example_dags/example_dynamic_task_mapping_with_no_taskflow_operators.py
[2025-01-14T11:21:56.078+0000] {processor.py:914} INFO - Processing file /home/airflow/.local/lib/python3.12/site-packages/airflow/example_dags/example_dynamic_task_mapping_with_no_taskflow_operators.py for tasks to queue
[2025-01-14T11:21:56.080+0000] {logging_mixin.py:190} INFO - [2025-01-14T11:21:56.079+0000] {dagbag.py:588} INFO - Filling up the DagBag from /home/airflow/.local/lib/python3.12/site-packages/airflow/example_dags/example_dynamic_task_mapping_with_no_taskflow_operators.py
[2025-01-14T11:21:56.085+0000] {processor.py:925} INFO - DAG(s) 'example_dynamic_task_mapping_with_no_taskflow_operators' retrieved from /home/airflow/.local/lib/python3.12/site-packages/airflow/example_dags/example_dynamic_task_mapping_with_no_taskflow_operators.py
[2025-01-14T11:21:56.103+0000] {logging_mixin.py:190} INFO - [2025-01-14T11:21:56.103+0000] {dag.py:3239} INFO - Sync 1 DAGs
[2025-01-14T11:21:56.118+0000] {logging_mixin.py:190} INFO - [2025-01-14T11:21:56.118+0000] {dag.py:4180} INFO - Setting next_dagrun for example_dynamic_task_mapping_with_no_taskflow_operators to None, run_after=None
[2025-01-14T11:21:56.133+0000] {processor.py:208} INFO - Processing /home/airflow/.local/lib/python3.12/site-packages/airflow/example_dags/example_dynamic_task_mapping_with_no_taskflow_operators.py took 0.060 seconds
[2025-01-14T11:22:27.493+0000] {processor.py:186} INFO - Started process (PID=2777) to work on /home/airflow/.local/lib/python3.12/site-packages/airflow/example_dags/example_dynamic_task_mapping_with_no_taskflow_operators.py
[2025-01-14T11:22:27.494+0000] {processor.py:914} INFO - Processing file /home/airflow/.local/lib/python3.12/site-packages/airflow/example_dags/example_dynamic_task_mapping_with_no_taskflow_operators.py for tasks to queue
[2025-01-14T11:22:27.496+0000] {logging_mixin.py:190} INFO - [2025-01-14T11:22:27.496+0000] {dagbag.py:588} INFO - Filling up the DagBag from /home/airflow/.local/lib/python3.12/site-packages/airflow/example_dags/example_dynamic_task_mapping_with_no_taskflow_operators.py
[2025-01-14T11:22:27.507+0000] {processor.py:925} INFO - DAG(s) 'example_dynamic_task_mapping_with_no_taskflow_operators' retrieved from /home/airflow/.local/lib/python3.12/site-packages/airflow/example_dags/example_dynamic_task_mapping_with_no_taskflow_operators.py
[2025-01-14T11:22:27.525+0000] {logging_mixin.py:190} INFO - [2025-01-14T11:22:27.525+0000] {dag.py:3239} INFO - Sync 1 DAGs
[2025-01-14T11:22:27.541+0000] {logging_mixin.py:190} INFO - [2025-01-14T11:22:27.540+0000] {dag.py:4180} INFO - Setting next_dagrun for example_dynamic_task_mapping_with_no_taskflow_operators to None, run_after=None
[2025-01-14T11:22:27.559+0000] {processor.py:208} INFO - Processing /home/airflow/.local/lib/python3.12/site-packages/airflow/example_dags/example_dynamic_task_mapping_with_no_taskflow_operators.py took 0.073 seconds
[2025-01-14T11:22:59.019+0000] {processor.py:186} INFO - Started process (PID=3068) to work on /home/airflow/.local/lib/python3.12/site-packages/airflow/example_dags/example_dynamic_task_mapping_with_no_taskflow_operators.py
[2025-01-14T11:22:59.020+0000] {processor.py:914} INFO - Processing file /home/airflow/.local/lib/python3.12/site-packages/airflow/example_dags/example_dynamic_task_mapping_with_no_taskflow_operators.py for tasks to queue
[2025-01-14T11:22:59.023+0000] {logging_mixin.py:190} INFO - [2025-01-14T11:22:59.023+0000] {dagbag.py:588} INFO - Filling up the DagBag from /home/airflow/.local/lib/python3.12/site-packages/airflow/example_dags/example_dynamic_task_mapping_with_no_taskflow_operators.py
[2025-01-14T11:22:59.033+0000] {processor.py:925} INFO - DAG(s) 'example_dynamic_task_mapping_with_no_taskflow_operators' retrieved from /home/airflow/.local/lib/python3.12/site-packages/airflow/example_dags/example_dynamic_task_mapping_with_no_taskflow_operators.py
[2025-01-14T11:22:59.050+0000] {logging_mixin.py:190} INFO - [2025-01-14T11:22:59.050+0000] {dag.py:3239} INFO - Sync 1 DAGs
[2025-01-14T11:22:59.059+0000] {logging_mixin.py:190} INFO - [2025-01-14T11:22:59.059+0000] {dag.py:4180} INFO - Setting next_dagrun for example_dynamic_task_mapping_with_no_taskflow_operators to None, run_after=None
[2025-01-14T11:22:59.073+0000] {processor.py:208} INFO - Processing /home/airflow/.local/lib/python3.12/site-packages/airflow/example_dags/example_dynamic_task_mapping_with_no_taskflow_operators.py took 0.058 seconds
[2025-01-14T11:23:30.078+0000] {processor.py:186} INFO - Started process (PID=3364) to work on /home/airflow/.local/lib/python3.12/site-packages/airflow/example_dags/example_dynamic_task_mapping_with_no_taskflow_operators.py
[2025-01-14T11:23:30.079+0000] {processor.py:914} INFO - Processing file /home/airflow/.local/lib/python3.12/site-packages/airflow/example_dags/example_dynamic_task_mapping_with_no_taskflow_operators.py for tasks to queue
[2025-01-14T11:23:30.080+0000] {logging_mixin.py:190} INFO - [2025-01-14T11:23:30.080+0000] {dagbag.py:588} INFO - Filling up the DagBag from /home/airflow/.local/lib/python3.12/site-packages/airflow/example_dags/example_dynamic_task_mapping_with_no_taskflow_operators.py
[2025-01-14T11:23:30.090+0000] {processor.py:925} INFO - DAG(s) 'example_dynamic_task_mapping_with_no_taskflow_operators' retrieved from /home/airflow/.local/lib/python3.12/site-packages/airflow/example_dags/example_dynamic_task_mapping_with_no_taskflow_operators.py
[2025-01-14T11:23:30.112+0000] {logging_mixin.py:190} INFO - [2025-01-14T11:23:30.112+0000] {dag.py:3239} INFO - Sync 1 DAGs
[2025-01-14T11:23:30.128+0000] {logging_mixin.py:190} INFO - [2025-01-14T11:23:30.128+0000] {dag.py:4180} INFO - Setting next_dagrun for example_dynamic_task_mapping_with_no_taskflow_operators to None, run_after=None
[2025-01-14T11:23:30.147+0000] {processor.py:208} INFO - Processing /home/airflow/.local/lib/python3.12/site-packages/airflow/example_dags/example_dynamic_task_mapping_with_no_taskflow_operators.py took 0.072 seconds
[2025-01-14T11:24:01.003+0000] {processor.py:186} INFO - Started process (PID=3660) to work on /home/airflow/.local/lib/python3.12/site-packages/airflow/example_dags/example_dynamic_task_mapping_with_no_taskflow_operators.py
[2025-01-14T11:24:01.004+0000] {processor.py:914} INFO - Processing file /home/airflow/.local/lib/python3.12/site-packages/airflow/example_dags/example_dynamic_task_mapping_with_no_taskflow_operators.py for tasks to queue
[2025-01-14T11:24:01.006+0000] {logging_mixin.py:190} INFO - [2025-01-14T11:24:01.005+0000] {dagbag.py:588} INFO - Filling up the DagBag from /home/airflow/.local/lib/python3.12/site-packages/airflow/example_dags/example_dynamic_task_mapping_with_no_taskflow_operators.py
[2025-01-14T11:24:01.012+0000] {processor.py:925} INFO - DAG(s) 'example_dynamic_task_mapping_with_no_taskflow_operators' retrieved from /home/airflow/.local/lib/python3.12/site-packages/airflow/example_dags/example_dynamic_task_mapping_with_no_taskflow_operators.py
[2025-01-14T11:24:01.025+0000] {logging_mixin.py:190} INFO - [2025-01-14T11:24:01.025+0000] {dag.py:3239} INFO - Sync 1 DAGs
[2025-01-14T11:24:01.040+0000] {logging_mixin.py:190} INFO - [2025-01-14T11:24:01.040+0000] {dag.py:4180} INFO - Setting next_dagrun for example_dynamic_task_mapping_with_no_taskflow_operators to None, run_after=None
[2025-01-14T11:24:01.054+0000] {processor.py:208} INFO - Processing /home/airflow/.local/lib/python3.12/site-packages/airflow/example_dags/example_dynamic_task_mapping_with_no_taskflow_operators.py took 0.056 seconds
[2025-01-14T11:24:32.102+0000] {processor.py:186} INFO - Started process (PID=3955) to work on /home/airflow/.local/lib/python3.12/site-packages/airflow/example_dags/example_dynamic_task_mapping_with_no_taskflow_operators.py
[2025-01-14T11:24:32.104+0000] {processor.py:914} INFO - Processing file /home/airflow/.local/lib/python3.12/site-packages/airflow/example_dags/example_dynamic_task_mapping_with_no_taskflow_operators.py for tasks to queue
[2025-01-14T11:24:32.107+0000] {logging_mixin.py:190} INFO - [2025-01-14T11:24:32.107+0000] {dagbag.py:588} INFO - Filling up the DagBag from /home/airflow/.local/lib/python3.12/site-packages/airflow/example_dags/example_dynamic_task_mapping_with_no_taskflow_operators.py
[2025-01-14T11:24:32.124+0000] {processor.py:925} INFO - DAG(s) 'example_dynamic_task_mapping_with_no_taskflow_operators' retrieved from /home/airflow/.local/lib/python3.12/site-packages/airflow/example_dags/example_dynamic_task_mapping_with_no_taskflow_operators.py
[2025-01-14T11:24:32.152+0000] {logging_mixin.py:190} INFO - [2025-01-14T11:24:32.152+0000] {dag.py:3239} INFO - Sync 1 DAGs
[2025-01-14T11:24:32.170+0000] {logging_mixin.py:190} INFO - [2025-01-14T11:24:32.169+0000] {dag.py:4180} INFO - Setting next_dagrun for example_dynamic_task_mapping_with_no_taskflow_operators to None, run_after=None
[2025-01-14T11:24:32.189+0000] {processor.py:208} INFO - Processing /home/airflow/.local/lib/python3.12/site-packages/airflow/example_dags/example_dynamic_task_mapping_with_no_taskflow_operators.py took 0.098 seconds
[2025-01-14T11:25:02.896+0000] {processor.py:186} INFO - Started process (PID=4377) to work on /home/airflow/.local/lib/python3.12/site-packages/airflow/example_dags/example_dynamic_task_mapping_with_no_taskflow_operators.py
[2025-01-14T11:25:02.897+0000] {processor.py:914} INFO - Processing file /home/airflow/.local/lib/python3.12/site-packages/airflow/example_dags/example_dynamic_task_mapping_with_no_taskflow_operators.py for tasks to queue
[2025-01-14T11:25:02.900+0000] {logging_mixin.py:190} INFO - [2025-01-14T11:25:02.899+0000] {dagbag.py:588} INFO - Filling up the DagBag from /home/airflow/.local/lib/python3.12/site-packages/airflow/example_dags/example_dynamic_task_mapping_with_no_taskflow_operators.py
[2025-01-14T11:25:02.912+0000] {processor.py:925} INFO - DAG(s) 'example_dynamic_task_mapping_with_no_taskflow_operators' retrieved from /home/airflow/.local/lib/python3.12/site-packages/airflow/example_dags/example_dynamic_task_mapping_with_no_taskflow_operators.py
[2025-01-14T11:25:02.937+0000] {logging_mixin.py:190} INFO - [2025-01-14T11:25:02.937+0000] {dag.py:3239} INFO - Sync 1 DAGs
[2025-01-14T11:25:02.947+0000] {logging_mixin.py:190} INFO - [2025-01-14T11:25:02.947+0000] {dag.py:4180} INFO - Setting next_dagrun for example_dynamic_task_mapping_with_no_taskflow_operators to None, run_after=None
[2025-01-14T11:25:02.962+0000] {processor.py:208} INFO - Processing /home/airflow/.local/lib/python3.12/site-packages/airflow/example_dags/example_dynamic_task_mapping_with_no_taskflow_operators.py took 0.073 seconds
[2025-01-14T11:25:33.215+0000] {processor.py:186} INFO - Started process (PID=4668) to work on /home/airflow/.local/lib/python3.12/site-packages/airflow/example_dags/example_dynamic_task_mapping_with_no_taskflow_operators.py
[2025-01-14T11:25:33.216+0000] {processor.py:914} INFO - Processing file /home/airflow/.local/lib/python3.12/site-packages/airflow/example_dags/example_dynamic_task_mapping_with_no_taskflow_operators.py for tasks to queue
[2025-01-14T11:25:33.218+0000] {logging_mixin.py:190} INFO - [2025-01-14T11:25:33.217+0000] {dagbag.py:588} INFO - Filling up the DagBag from /home/airflow/.local/lib/python3.12/site-packages/airflow/example_dags/example_dynamic_task_mapping_with_no_taskflow_operators.py
[2025-01-14T11:25:33.224+0000] {processor.py:925} INFO - DAG(s) 'example_dynamic_task_mapping_with_no_taskflow_operators' retrieved from /home/airflow/.local/lib/python3.12/site-packages/airflow/example_dags/example_dynamic_task_mapping_with_no_taskflow_operators.py
[2025-01-14T11:25:33.239+0000] {logging_mixin.py:190} INFO - [2025-01-14T11:25:33.239+0000] {dag.py:3239} INFO - Sync 1 DAGs
[2025-01-14T11:25:33.249+0000] {logging_mixin.py:190} INFO - [2025-01-14T11:25:33.249+0000] {dag.py:4180} INFO - Setting next_dagrun for example_dynamic_task_mapping_with_no_taskflow_operators to None, run_after=None
[2025-01-14T11:25:33.263+0000] {processor.py:208} INFO - Processing /home/airflow/.local/lib/python3.12/site-packages/airflow/example_dags/example_dynamic_task_mapping_with_no_taskflow_operators.py took 0.053 seconds
[2025-01-14T11:26:04.656+0000] {processor.py:186} INFO - Started process (PID=4969) to work on /home/airflow/.local/lib/python3.12/site-packages/airflow/example_dags/example_dynamic_task_mapping_with_no_taskflow_operators.py
[2025-01-14T11:26:04.657+0000] {processor.py:914} INFO - Processing file /home/airflow/.local/lib/python3.12/site-packages/airflow/example_dags/example_dynamic_task_mapping_with_no_taskflow_operators.py for tasks to queue
[2025-01-14T11:26:04.660+0000] {logging_mixin.py:190} INFO - [2025-01-14T11:26:04.660+0000] {dagbag.py:588} INFO - Filling up the DagBag from /home/airflow/.local/lib/python3.12/site-packages/airflow/example_dags/example_dynamic_task_mapping_with_no_taskflow_operators.py
[2025-01-14T11:26:04.670+0000] {processor.py:925} INFO - DAG(s) 'example_dynamic_task_mapping_with_no_taskflow_operators' retrieved from /home/airflow/.local/lib/python3.12/site-packages/airflow/example_dags/example_dynamic_task_mapping_with_no_taskflow_operators.py
[2025-01-14T11:26:04.690+0000] {logging_mixin.py:190} INFO - [2025-01-14T11:26:04.689+0000] {dag.py:3239} INFO - Sync 1 DAGs
[2025-01-14T11:26:04.701+0000] {logging_mixin.py:190} INFO - [2025-01-14T11:26:04.700+0000] {dag.py:4180} INFO - Setting next_dagrun for example_dynamic_task_mapping_with_no_taskflow_operators to None, run_after=None
[2025-01-14T11:26:04.720+0000] {processor.py:208} INFO - Processing /home/airflow/.local/lib/python3.12/site-packages/airflow/example_dags/example_dynamic_task_mapping_with_no_taskflow_operators.py took 0.068 seconds
[2025-01-14T11:26:35.712+0000] {processor.py:186} INFO - Started process (PID=5265) to work on /home/airflow/.local/lib/python3.12/site-packages/airflow/example_dags/example_dynamic_task_mapping_with_no_taskflow_operators.py
[2025-01-14T11:26:35.714+0000] {processor.py:914} INFO - Processing file /home/airflow/.local/lib/python3.12/site-packages/airflow/example_dags/example_dynamic_task_mapping_with_no_taskflow_operators.py for tasks to queue
[2025-01-14T11:26:35.717+0000] {logging_mixin.py:190} INFO - [2025-01-14T11:26:35.717+0000] {dagbag.py:588} INFO - Filling up the DagBag from /home/airflow/.local/lib/python3.12/site-packages/airflow/example_dags/example_dynamic_task_mapping_with_no_taskflow_operators.py
[2025-01-14T11:26:35.725+0000] {processor.py:925} INFO - DAG(s) 'example_dynamic_task_mapping_with_no_taskflow_operators' retrieved from /home/airflow/.local/lib/python3.12/site-packages/airflow/example_dags/example_dynamic_task_mapping_with_no_taskflow_operators.py
[2025-01-14T11:26:35.745+0000] {logging_mixin.py:190} INFO - [2025-01-14T11:26:35.744+0000] {dag.py:3239} INFO - Sync 1 DAGs
[2025-01-14T11:26:35.760+0000] {logging_mixin.py:190} INFO - [2025-01-14T11:26:35.760+0000] {dag.py:4180} INFO - Setting next_dagrun for example_dynamic_task_mapping_with_no_taskflow_operators to None, run_after=None
[2025-01-14T11:26:35.779+0000] {processor.py:208} INFO - Processing /home/airflow/.local/lib/python3.12/site-packages/airflow/example_dags/example_dynamic_task_mapping_with_no_taskflow_operators.py took 0.073 seconds
[2025-01-14T11:27:06.504+0000] {processor.py:186} INFO - Started process (PID=5561) to work on /home/airflow/.local/lib/python3.12/site-packages/airflow/example_dags/example_dynamic_task_mapping_with_no_taskflow_operators.py
[2025-01-14T11:27:06.504+0000] {processor.py:914} INFO - Processing file /home/airflow/.local/lib/python3.12/site-packages/airflow/example_dags/example_dynamic_task_mapping_with_no_taskflow_operators.py for tasks to queue
[2025-01-14T11:27:06.507+0000] {logging_mixin.py:190} INFO - [2025-01-14T11:27:06.506+0000] {dagbag.py:588} INFO - Filling up the DagBag from /home/airflow/.local/lib/python3.12/site-packages/airflow/example_dags/example_dynamic_task_mapping_with_no_taskflow_operators.py
[2025-01-14T11:27:06.516+0000] {processor.py:925} INFO - DAG(s) 'example_dynamic_task_mapping_with_no_taskflow_operators' retrieved from /home/airflow/.local/lib/python3.12/site-packages/airflow/example_dags/example_dynamic_task_mapping_with_no_taskflow_operators.py
[2025-01-14T11:27:06.530+0000] {logging_mixin.py:190} INFO - [2025-01-14T11:27:06.530+0000] {dag.py:3239} INFO - Sync 1 DAGs
[2025-01-14T11:27:06.539+0000] {logging_mixin.py:190} INFO - [2025-01-14T11:27:06.539+0000] {dag.py:4180} INFO - Setting next_dagrun for example_dynamic_task_mapping_with_no_taskflow_operators to None, run_after=None
[2025-01-14T11:27:06.558+0000] {processor.py:208} INFO - Processing /home/airflow/.local/lib/python3.12/site-packages/airflow/example_dags/example_dynamic_task_mapping_with_no_taskflow_operators.py took 0.058 seconds
[2025-01-14T11:27:37.825+0000] {processor.py:186} INFO - Started process (PID=5859) to work on /home/airflow/.local/lib/python3.12/site-packages/airflow/example_dags/example_dynamic_task_mapping_with_no_taskflow_operators.py
[2025-01-14T11:27:37.826+0000] {processor.py:914} INFO - Processing file /home/airflow/.local/lib/python3.12/site-packages/airflow/example_dags/example_dynamic_task_mapping_with_no_taskflow_operators.py for tasks to queue
[2025-01-14T11:27:37.827+0000] {logging_mixin.py:190} INFO - [2025-01-14T11:27:37.827+0000] {dagbag.py:588} INFO - Filling up the DagBag from /home/airflow/.local/lib/python3.12/site-packages/airflow/example_dags/example_dynamic_task_mapping_with_no_taskflow_operators.py
[2025-01-14T11:27:37.837+0000] {processor.py:925} INFO - DAG(s) 'example_dynamic_task_mapping_with_no_taskflow_operators' retrieved from /home/airflow/.local/lib/python3.12/site-packages/airflow/example_dags/example_dynamic_task_mapping_with_no_taskflow_operators.py
[2025-01-14T11:27:37.858+0000] {logging_mixin.py:190} INFO - [2025-01-14T11:27:37.857+0000] {dag.py:3239} INFO - Sync 1 DAGs
[2025-01-14T11:27:37.873+0000] {logging_mixin.py:190} INFO - [2025-01-14T11:27:37.873+0000] {dag.py:4180} INFO - Setting next_dagrun for example_dynamic_task_mapping_with_no_taskflow_operators to None, run_after=None
[2025-01-14T11:27:37.894+0000] {processor.py:208} INFO - Processing /home/airflow/.local/lib/python3.12/site-packages/airflow/example_dags/example_dynamic_task_mapping_with_no_taskflow_operators.py took 0.073 seconds
[2025-01-14T11:28:09.195+0000] {processor.py:186} INFO - Started process (PID=6155) to work on /home/airflow/.local/lib/python3.12/site-packages/airflow/example_dags/example_dynamic_task_mapping_with_no_taskflow_operators.py
[2025-01-14T11:28:09.195+0000] {processor.py:914} INFO - Processing file /home/airflow/.local/lib/python3.12/site-packages/airflow/example_dags/example_dynamic_task_mapping_with_no_taskflow_operators.py for tasks to queue
[2025-01-14T11:28:09.197+0000] {logging_mixin.py:190} INFO - [2025-01-14T11:28:09.197+0000] {dagbag.py:588} INFO - Filling up the DagBag from /home/airflow/.local/lib/python3.12/site-packages/airflow/example_dags/example_dynamic_task_mapping_with_no_taskflow_operators.py
[2025-01-14T11:28:09.202+0000] {processor.py:925} INFO - DAG(s) 'example_dynamic_task_mapping_with_no_taskflow_operators' retrieved from /home/airflow/.local/lib/python3.12/site-packages/airflow/example_dags/example_dynamic_task_mapping_with_no_taskflow_operators.py
[2025-01-14T11:28:09.224+0000] {logging_mixin.py:190} INFO - [2025-01-14T11:28:09.223+0000] {dag.py:3239} INFO - Sync 1 DAGs
[2025-01-14T11:28:09.236+0000] {logging_mixin.py:190} INFO - [2025-01-14T11:28:09.235+0000] {dag.py:4180} INFO - Setting next_dagrun for example_dynamic_task_mapping_with_no_taskflow_operators to None, run_after=None
[2025-01-14T11:28:09.255+0000] {processor.py:208} INFO - Processing /home/airflow/.local/lib/python3.12/site-packages/airflow/example_dags/example_dynamic_task_mapping_with_no_taskflow_operators.py took 0.066 seconds
[2025-01-14T11:28:40.562+0000] {processor.py:186} INFO - Started process (PID=6449) to work on /home/airflow/.local/lib/python3.12/site-packages/airflow/example_dags/example_dynamic_task_mapping_with_no_taskflow_operators.py
[2025-01-14T11:28:40.564+0000] {processor.py:914} INFO - Processing file /home/airflow/.local/lib/python3.12/site-packages/airflow/example_dags/example_dynamic_task_mapping_with_no_taskflow_operators.py for tasks to queue
[2025-01-14T11:28:40.565+0000] {logging_mixin.py:190} INFO - [2025-01-14T11:28:40.565+0000] {dagbag.py:588} INFO - Filling up the DagBag from /home/airflow/.local/lib/python3.12/site-packages/airflow/example_dags/example_dynamic_task_mapping_with_no_taskflow_operators.py
[2025-01-14T11:28:40.571+0000] {processor.py:925} INFO - DAG(s) 'example_dynamic_task_mapping_with_no_taskflow_operators' retrieved from /home/airflow/.local/lib/python3.12/site-packages/airflow/example_dags/example_dynamic_task_mapping_with_no_taskflow_operators.py
[2025-01-14T11:28:40.588+0000] {logging_mixin.py:190} INFO - [2025-01-14T11:28:40.588+0000] {dag.py:3239} INFO - Sync 1 DAGs
[2025-01-14T11:28:40.598+0000] {logging_mixin.py:190} INFO - [2025-01-14T11:28:40.597+0000] {dag.py:4180} INFO - Setting next_dagrun for example_dynamic_task_mapping_with_no_taskflow_operators to None, run_after=None
[2025-01-14T11:28:40.614+0000] {processor.py:208} INFO - Processing /home/airflow/.local/lib/python3.12/site-packages/airflow/example_dags/example_dynamic_task_mapping_with_no_taskflow_operators.py took 0.059 seconds
[2025-01-14T11:29:11.671+0000] {processor.py:186} INFO - Started process (PID=6745) to work on /home/airflow/.local/lib/python3.12/site-packages/airflow/example_dags/example_dynamic_task_mapping_with_no_taskflow_operators.py
[2025-01-14T11:29:11.672+0000] {processor.py:914} INFO - Processing file /home/airflow/.local/lib/python3.12/site-packages/airflow/example_dags/example_dynamic_task_mapping_with_no_taskflow_operators.py for tasks to queue
[2025-01-14T11:29:11.675+0000] {logging_mixin.py:190} INFO - [2025-01-14T11:29:11.674+0000] {dagbag.py:588} INFO - Filling up the DagBag from /home/airflow/.local/lib/python3.12/site-packages/airflow/example_dags/example_dynamic_task_mapping_with_no_taskflow_operators.py
[2025-01-14T11:29:11.685+0000] {processor.py:925} INFO - DAG(s) 'example_dynamic_task_mapping_with_no_taskflow_operators' retrieved from /home/airflow/.local/lib/python3.12/site-packages/airflow/example_dags/example_dynamic_task_mapping_with_no_taskflow_operators.py
[2025-01-14T11:29:11.705+0000] {logging_mixin.py:190} INFO - [2025-01-14T11:29:11.704+0000] {dag.py:3239} INFO - Sync 1 DAGs
[2025-01-14T11:29:11.721+0000] {logging_mixin.py:190} INFO - [2025-01-14T11:29:11.721+0000] {dag.py:4180} INFO - Setting next_dagrun for example_dynamic_task_mapping_with_no_taskflow_operators to None, run_after=None
[2025-01-14T11:29:11.740+0000] {processor.py:208} INFO - Processing /home/airflow/.local/lib/python3.12/site-packages/airflow/example_dags/example_dynamic_task_mapping_with_no_taskflow_operators.py took 0.077 seconds
[2025-01-14T11:29:42.963+0000] {processor.py:186} INFO - Started process (PID=7041) to work on /home/airflow/.local/lib/python3.12/site-packages/airflow/example_dags/example_dynamic_task_mapping_with_no_taskflow_operators.py
[2025-01-14T11:29:42.964+0000] {processor.py:914} INFO - Processing file /home/airflow/.local/lib/python3.12/site-packages/airflow/example_dags/example_dynamic_task_mapping_with_no_taskflow_operators.py for tasks to queue
[2025-01-14T11:29:42.970+0000] {logging_mixin.py:190} INFO - [2025-01-14T11:29:42.969+0000] {dagbag.py:588} INFO - Filling up the DagBag from /home/airflow/.local/lib/python3.12/site-packages/airflow/example_dags/example_dynamic_task_mapping_with_no_taskflow_operators.py
[2025-01-14T11:29:42.978+0000] {processor.py:925} INFO - DAG(s) 'example_dynamic_task_mapping_with_no_taskflow_operators' retrieved from /home/airflow/.local/lib/python3.12/site-packages/airflow/example_dags/example_dynamic_task_mapping_with_no_taskflow_operators.py
[2025-01-14T11:29:42.994+0000] {logging_mixin.py:190} INFO - [2025-01-14T11:29:42.994+0000] {dag.py:3239} INFO - Sync 1 DAGs
[2025-01-14T11:29:43.004+0000] {logging_mixin.py:190} INFO - [2025-01-14T11:29:43.004+0000] {dag.py:4180} INFO - Setting next_dagrun for example_dynamic_task_mapping_with_no_taskflow_operators to None, run_after=None
[2025-01-14T11:29:43.017+0000] {processor.py:208} INFO - Processing /home/airflow/.local/lib/python3.12/site-packages/airflow/example_dags/example_dynamic_task_mapping_with_no_taskflow_operators.py took 0.059 seconds
[2025-01-14T11:30:14.347+0000] {processor.py:186} INFO - Started process (PID=7338) to work on /home/airflow/.local/lib/python3.12/site-packages/airflow/example_dags/example_dynamic_task_mapping_with_no_taskflow_operators.py
[2025-01-14T11:30:14.348+0000] {processor.py:914} INFO - Processing file /home/airflow/.local/lib/python3.12/site-packages/airflow/example_dags/example_dynamic_task_mapping_with_no_taskflow_operators.py for tasks to queue
[2025-01-14T11:30:14.350+0000] {logging_mixin.py:190} INFO - [2025-01-14T11:30:14.350+0000] {dagbag.py:588} INFO - Filling up the DagBag from /home/airflow/.local/lib/python3.12/site-packages/airflow/example_dags/example_dynamic_task_mapping_with_no_taskflow_operators.py
[2025-01-14T11:30:14.359+0000] {processor.py:925} INFO - DAG(s) 'example_dynamic_task_mapping_with_no_taskflow_operators' retrieved from /home/airflow/.local/lib/python3.12/site-packages/airflow/example_dags/example_dynamic_task_mapping_with_no_taskflow_operators.py
[2025-01-14T11:30:14.380+0000] {logging_mixin.py:190} INFO - [2025-01-14T11:30:14.380+0000] {dag.py:3239} INFO - Sync 1 DAGs
[2025-01-14T11:30:14.391+0000] {logging_mixin.py:190} INFO - [2025-01-14T11:30:14.391+0000] {dag.py:4180} INFO - Setting next_dagrun for example_dynamic_task_mapping_with_no_taskflow_operators to None, run_after=None
[2025-01-14T11:30:14.410+0000] {processor.py:208} INFO - Processing /home/airflow/.local/lib/python3.12/site-packages/airflow/example_dags/example_dynamic_task_mapping_with_no_taskflow_operators.py took 0.069 seconds
[2025-01-14T11:30:45.430+0000] {processor.py:186} INFO - Started process (PID=7632) to work on /home/airflow/.local/lib/python3.12/site-packages/airflow/example_dags/example_dynamic_task_mapping_with_no_taskflow_operators.py
[2025-01-14T11:30:45.430+0000] {processor.py:914} INFO - Processing file /home/airflow/.local/lib/python3.12/site-packages/airflow/example_dags/example_dynamic_task_mapping_with_no_taskflow_operators.py for tasks to queue
[2025-01-14T11:30:45.432+0000] {logging_mixin.py:190} INFO - [2025-01-14T11:30:45.432+0000] {dagbag.py:588} INFO - Filling up the DagBag from /home/airflow/.local/lib/python3.12/site-packages/airflow/example_dags/example_dynamic_task_mapping_with_no_taskflow_operators.py
[2025-01-14T11:30:45.438+0000] {processor.py:925} INFO - DAG(s) 'example_dynamic_task_mapping_with_no_taskflow_operators' retrieved from /home/airflow/.local/lib/python3.12/site-packages/airflow/example_dags/example_dynamic_task_mapping_with_no_taskflow_operators.py
[2025-01-14T11:30:45.451+0000] {logging_mixin.py:190} INFO - [2025-01-14T11:30:45.451+0000] {dag.py:3239} INFO - Sync 1 DAGs
[2025-01-14T11:30:45.462+0000] {logging_mixin.py:190} INFO - [2025-01-14T11:30:45.462+0000] {dag.py:4180} INFO - Setting next_dagrun for example_dynamic_task_mapping_with_no_taskflow_operators to None, run_after=None
[2025-01-14T11:30:45.480+0000] {processor.py:208} INFO - Processing /home/airflow/.local/lib/python3.12/site-packages/airflow/example_dags/example_dynamic_task_mapping_with_no_taskflow_operators.py took 0.056 seconds
[2025-01-14T11:31:16.437+0000] {processor.py:186} INFO - Started process (PID=7929) to work on /home/airflow/.local/lib/python3.12/site-packages/airflow/example_dags/example_dynamic_task_mapping_with_no_taskflow_operators.py
[2025-01-14T11:31:16.438+0000] {processor.py:914} INFO - Processing file /home/airflow/.local/lib/python3.12/site-packages/airflow/example_dags/example_dynamic_task_mapping_with_no_taskflow_operators.py for tasks to queue
[2025-01-14T11:31:16.439+0000] {logging_mixin.py:190} INFO - [2025-01-14T11:31:16.439+0000] {dagbag.py:588} INFO - Filling up the DagBag from /home/airflow/.local/lib/python3.12/site-packages/airflow/example_dags/example_dynamic_task_mapping_with_no_taskflow_operators.py
[2025-01-14T11:31:16.445+0000] {processor.py:925} INFO - DAG(s) 'example_dynamic_task_mapping_with_no_taskflow_operators' retrieved from /home/airflow/.local/lib/python3.12/site-packages/airflow/example_dags/example_dynamic_task_mapping_with_no_taskflow_operators.py
[2025-01-14T11:31:16.465+0000] {logging_mixin.py:190} INFO - [2025-01-14T11:31:16.464+0000] {dag.py:3239} INFO - Sync 1 DAGs
[2025-01-14T11:31:16.482+0000] {logging_mixin.py:190} INFO - [2025-01-14T11:31:16.482+0000] {dag.py:4180} INFO - Setting next_dagrun for example_dynamic_task_mapping_with_no_taskflow_operators to None, run_after=None
[2025-01-14T11:31:16.497+0000] {processor.py:208} INFO - Processing /home/airflow/.local/lib/python3.12/site-packages/airflow/example_dags/example_dynamic_task_mapping_with_no_taskflow_operators.py took 0.064 seconds
[2025-01-14T11:48:54.899+0000] {processor.py:186} INFO - Started process (PID=439) to work on /home/airflow/.local/lib/python3.12/site-packages/airflow/example_dags/example_dynamic_task_mapping_with_no_taskflow_operators.py
[2025-01-14T11:48:54.900+0000] {processor.py:914} INFO - Processing file /home/airflow/.local/lib/python3.12/site-packages/airflow/example_dags/example_dynamic_task_mapping_with_no_taskflow_operators.py for tasks to queue
[2025-01-14T11:48:54.903+0000] {logging_mixin.py:190} INFO - [2025-01-14T11:48:54.903+0000] {dagbag.py:588} INFO - Filling up the DagBag from /home/airflow/.local/lib/python3.12/site-packages/airflow/example_dags/example_dynamic_task_mapping_with_no_taskflow_operators.py
[2025-01-14T11:48:54.917+0000] {processor.py:925} INFO - DAG(s) 'example_dynamic_task_mapping_with_no_taskflow_operators' retrieved from /home/airflow/.local/lib/python3.12/site-packages/airflow/example_dags/example_dynamic_task_mapping_with_no_taskflow_operators.py
[2025-01-14T11:48:54.950+0000] {logging_mixin.py:190} INFO - [2025-01-14T11:48:54.950+0000] {dag.py:3239} INFO - Sync 1 DAGs
[2025-01-14T11:48:54.965+0000] {logging_mixin.py:190} INFO - [2025-01-14T11:48:54.965+0000] {dag.py:4180} INFO - Setting next_dagrun for example_dynamic_task_mapping_with_no_taskflow_operators to None, run_after=None
[2025-01-14T11:48:54.992+0000] {processor.py:208} INFO - Processing /home/airflow/.local/lib/python3.12/site-packages/airflow/example_dags/example_dynamic_task_mapping_with_no_taskflow_operators.py took 0.103 seconds
[2025-01-14T11:49:25.497+0000] {processor.py:186} INFO - Started process (PID=735) to work on /home/airflow/.local/lib/python3.12/site-packages/airflow/example_dags/example_dynamic_task_mapping_with_no_taskflow_operators.py
[2025-01-14T11:49:25.497+0000] {processor.py:914} INFO - Processing file /home/airflow/.local/lib/python3.12/site-packages/airflow/example_dags/example_dynamic_task_mapping_with_no_taskflow_operators.py for tasks to queue
[2025-01-14T11:49:25.499+0000] {logging_mixin.py:190} INFO - [2025-01-14T11:49:25.499+0000] {dagbag.py:588} INFO - Filling up the DagBag from /home/airflow/.local/lib/python3.12/site-packages/airflow/example_dags/example_dynamic_task_mapping_with_no_taskflow_operators.py
[2025-01-14T11:49:25.505+0000] {processor.py:925} INFO - DAG(s) 'example_dynamic_task_mapping_with_no_taskflow_operators' retrieved from /home/airflow/.local/lib/python3.12/site-packages/airflow/example_dags/example_dynamic_task_mapping_with_no_taskflow_operators.py
[2025-01-14T11:49:25.518+0000] {logging_mixin.py:190} INFO - [2025-01-14T11:49:25.518+0000] {dag.py:3239} INFO - Sync 1 DAGs
[2025-01-14T11:49:25.527+0000] {logging_mixin.py:190} INFO - [2025-01-14T11:49:25.527+0000] {dag.py:4180} INFO - Setting next_dagrun for example_dynamic_task_mapping_with_no_taskflow_operators to None, run_after=None
[2025-01-14T11:49:25.542+0000] {processor.py:208} INFO - Processing /home/airflow/.local/lib/python3.12/site-packages/airflow/example_dags/example_dynamic_task_mapping_with_no_taskflow_operators.py took 0.049 seconds
[2025-01-14T11:49:57.090+0000] {processor.py:186} INFO - Started process (PID=1038) to work on /home/airflow/.local/lib/python3.12/site-packages/airflow/example_dags/example_dynamic_task_mapping_with_no_taskflow_operators.py
[2025-01-14T11:49:57.091+0000] {processor.py:914} INFO - Processing file /home/airflow/.local/lib/python3.12/site-packages/airflow/example_dags/example_dynamic_task_mapping_with_no_taskflow_operators.py for tasks to queue
[2025-01-14T11:49:57.094+0000] {logging_mixin.py:190} INFO - [2025-01-14T11:49:57.094+0000] {dagbag.py:588} INFO - Filling up the DagBag from /home/airflow/.local/lib/python3.12/site-packages/airflow/example_dags/example_dynamic_task_mapping_with_no_taskflow_operators.py
[2025-01-14T11:49:57.102+0000] {processor.py:925} INFO - DAG(s) 'example_dynamic_task_mapping_with_no_taskflow_operators' retrieved from /home/airflow/.local/lib/python3.12/site-packages/airflow/example_dags/example_dynamic_task_mapping_with_no_taskflow_operators.py
[2025-01-14T11:49:57.118+0000] {logging_mixin.py:190} INFO - [2025-01-14T11:49:57.118+0000] {dag.py:3239} INFO - Sync 1 DAGs
[2025-01-14T11:49:57.127+0000] {logging_mixin.py:190} INFO - [2025-01-14T11:49:57.127+0000] {dag.py:4180} INFO - Setting next_dagrun for example_dynamic_task_mapping_with_no_taskflow_operators to None, run_after=None
[2025-01-14T11:49:57.146+0000] {processor.py:208} INFO - Processing /home/airflow/.local/lib/python3.12/site-packages/airflow/example_dags/example_dynamic_task_mapping_with_no_taskflow_operators.py took 0.066 seconds
[2025-01-14T11:50:27.295+0000] {processor.py:186} INFO - Started process (PID=1334) to work on /home/airflow/.local/lib/python3.12/site-packages/airflow/example_dags/example_dynamic_task_mapping_with_no_taskflow_operators.py
[2025-01-14T11:50:27.296+0000] {processor.py:914} INFO - Processing file /home/airflow/.local/lib/python3.12/site-packages/airflow/example_dags/example_dynamic_task_mapping_with_no_taskflow_operators.py for tasks to queue
[2025-01-14T11:50:27.297+0000] {logging_mixin.py:190} INFO - [2025-01-14T11:50:27.297+0000] {dagbag.py:588} INFO - Filling up the DagBag from /home/airflow/.local/lib/python3.12/site-packages/airflow/example_dags/example_dynamic_task_mapping_with_no_taskflow_operators.py
[2025-01-14T11:50:27.303+0000] {processor.py:925} INFO - DAG(s) 'example_dynamic_task_mapping_with_no_taskflow_operators' retrieved from /home/airflow/.local/lib/python3.12/site-packages/airflow/example_dags/example_dynamic_task_mapping_with_no_taskflow_operators.py
[2025-01-14T11:50:27.319+0000] {logging_mixin.py:190} INFO - [2025-01-14T11:50:27.319+0000] {dag.py:3239} INFO - Sync 1 DAGs
[2025-01-14T11:50:27.328+0000] {logging_mixin.py:190} INFO - [2025-01-14T11:50:27.328+0000] {dag.py:4180} INFO - Setting next_dagrun for example_dynamic_task_mapping_with_no_taskflow_operators to None, run_after=None
[2025-01-14T11:50:27.343+0000] {processor.py:208} INFO - Processing /home/airflow/.local/lib/python3.12/site-packages/airflow/example_dags/example_dynamic_task_mapping_with_no_taskflow_operators.py took 0.055 seconds
[2025-01-14T11:50:58.431+0000] {processor.py:186} INFO - Started process (PID=1630) to work on /home/airflow/.local/lib/python3.12/site-packages/airflow/example_dags/example_dynamic_task_mapping_with_no_taskflow_operators.py
[2025-01-14T11:50:58.432+0000] {processor.py:914} INFO - Processing file /home/airflow/.local/lib/python3.12/site-packages/airflow/example_dags/example_dynamic_task_mapping_with_no_taskflow_operators.py for tasks to queue
[2025-01-14T11:50:58.435+0000] {logging_mixin.py:190} INFO - [2025-01-14T11:50:58.435+0000] {dagbag.py:588} INFO - Filling up the DagBag from /home/airflow/.local/lib/python3.12/site-packages/airflow/example_dags/example_dynamic_task_mapping_with_no_taskflow_operators.py
[2025-01-14T11:50:58.443+0000] {processor.py:925} INFO - DAG(s) 'example_dynamic_task_mapping_with_no_taskflow_operators' retrieved from /home/airflow/.local/lib/python3.12/site-packages/airflow/example_dags/example_dynamic_task_mapping_with_no_taskflow_operators.py
[2025-01-14T11:50:58.464+0000] {logging_mixin.py:190} INFO - [2025-01-14T11:50:58.463+0000] {dag.py:3239} INFO - Sync 1 DAGs
[2025-01-14T11:50:58.475+0000] {logging_mixin.py:190} INFO - [2025-01-14T11:50:58.475+0000] {dag.py:4180} INFO - Setting next_dagrun for example_dynamic_task_mapping_with_no_taskflow_operators to None, run_after=None
[2025-01-14T11:50:58.489+0000] {processor.py:208} INFO - Processing /home/airflow/.local/lib/python3.12/site-packages/airflow/example_dags/example_dynamic_task_mapping_with_no_taskflow_operators.py took 0.062 seconds
[2025-01-14T11:51:29.767+0000] {processor.py:186} INFO - Started process (PID=1926) to work on /home/airflow/.local/lib/python3.12/site-packages/airflow/example_dags/example_dynamic_task_mapping_with_no_taskflow_operators.py
[2025-01-14T11:51:29.768+0000] {processor.py:914} INFO - Processing file /home/airflow/.local/lib/python3.12/site-packages/airflow/example_dags/example_dynamic_task_mapping_with_no_taskflow_operators.py for tasks to queue
[2025-01-14T11:51:29.771+0000] {logging_mixin.py:190} INFO - [2025-01-14T11:51:29.771+0000] {dagbag.py:588} INFO - Filling up the DagBag from /home/airflow/.local/lib/python3.12/site-packages/airflow/example_dags/example_dynamic_task_mapping_with_no_taskflow_operators.py
[2025-01-14T11:51:29.781+0000] {processor.py:925} INFO - DAG(s) 'example_dynamic_task_mapping_with_no_taskflow_operators' retrieved from /home/airflow/.local/lib/python3.12/site-packages/airflow/example_dags/example_dynamic_task_mapping_with_no_taskflow_operators.py
[2025-01-14T11:51:29.803+0000] {logging_mixin.py:190} INFO - [2025-01-14T11:51:29.803+0000] {dag.py:3239} INFO - Sync 1 DAGs
[2025-01-14T11:51:29.818+0000] {logging_mixin.py:190} INFO - [2025-01-14T11:51:29.817+0000] {dag.py:4180} INFO - Setting next_dagrun for example_dynamic_task_mapping_with_no_taskflow_operators to None, run_after=None
[2025-01-14T11:51:29.841+0000] {processor.py:208} INFO - Processing /home/airflow/.local/lib/python3.12/site-packages/airflow/example_dags/example_dynamic_task_mapping_with_no_taskflow_operators.py took 0.078 seconds
[2025-01-14T11:52:01.106+0000] {processor.py:186} INFO - Started process (PID=2221) to work on /home/airflow/.local/lib/python3.12/site-packages/airflow/example_dags/example_dynamic_task_mapping_with_no_taskflow_operators.py
[2025-01-14T11:52:01.107+0000] {processor.py:914} INFO - Processing file /home/airflow/.local/lib/python3.12/site-packages/airflow/example_dags/example_dynamic_task_mapping_with_no_taskflow_operators.py for tasks to queue
[2025-01-14T11:52:01.110+0000] {logging_mixin.py:190} INFO - [2025-01-14T11:52:01.110+0000] {dagbag.py:588} INFO - Filling up the DagBag from /home/airflow/.local/lib/python3.12/site-packages/airflow/example_dags/example_dynamic_task_mapping_with_no_taskflow_operators.py
[2025-01-14T11:52:01.120+0000] {processor.py:925} INFO - DAG(s) 'example_dynamic_task_mapping_with_no_taskflow_operators' retrieved from /home/airflow/.local/lib/python3.12/site-packages/airflow/example_dags/example_dynamic_task_mapping_with_no_taskflow_operators.py
[2025-01-14T11:52:01.142+0000] {logging_mixin.py:190} INFO - [2025-01-14T11:52:01.142+0000] {dag.py:3239} INFO - Sync 1 DAGs
[2025-01-14T11:52:01.153+0000] {logging_mixin.py:190} INFO - [2025-01-14T11:52:01.153+0000] {dag.py:4180} INFO - Setting next_dagrun for example_dynamic_task_mapping_with_no_taskflow_operators to None, run_after=None
[2025-01-14T11:52:01.173+0000] {processor.py:208} INFO - Processing /home/airflow/.local/lib/python3.12/site-packages/airflow/example_dags/example_dynamic_task_mapping_with_no_taskflow_operators.py took 0.073 seconds
[2025-01-14T11:52:32.279+0000] {processor.py:186} INFO - Started process (PID=2517) to work on /home/airflow/.local/lib/python3.12/site-packages/airflow/example_dags/example_dynamic_task_mapping_with_no_taskflow_operators.py
[2025-01-14T11:52:32.280+0000] {processor.py:914} INFO - Processing file /home/airflow/.local/lib/python3.12/site-packages/airflow/example_dags/example_dynamic_task_mapping_with_no_taskflow_operators.py for tasks to queue
[2025-01-14T11:52:32.282+0000] {logging_mixin.py:190} INFO - [2025-01-14T11:52:32.281+0000] {dagbag.py:588} INFO - Filling up the DagBag from /home/airflow/.local/lib/python3.12/site-packages/airflow/example_dags/example_dynamic_task_mapping_with_no_taskflow_operators.py
[2025-01-14T11:52:32.291+0000] {processor.py:925} INFO - DAG(s) 'example_dynamic_task_mapping_with_no_taskflow_operators' retrieved from /home/airflow/.local/lib/python3.12/site-packages/airflow/example_dags/example_dynamic_task_mapping_with_no_taskflow_operators.py
[2025-01-14T11:52:32.308+0000] {logging_mixin.py:190} INFO - [2025-01-14T11:52:32.308+0000] {dag.py:3239} INFO - Sync 1 DAGs
[2025-01-14T11:52:32.317+0000] {logging_mixin.py:190} INFO - [2025-01-14T11:52:32.317+0000] {dag.py:4180} INFO - Setting next_dagrun for example_dynamic_task_mapping_with_no_taskflow_operators to None, run_after=None
[2025-01-14T11:52:32.332+0000] {processor.py:208} INFO - Processing /home/airflow/.local/lib/python3.12/site-packages/airflow/example_dags/example_dynamic_task_mapping_with_no_taskflow_operators.py took 0.057 seconds
[2025-01-14T11:53:03.501+0000] {processor.py:186} INFO - Started process (PID=2814) to work on /home/airflow/.local/lib/python3.12/site-packages/airflow/example_dags/example_dynamic_task_mapping_with_no_taskflow_operators.py
[2025-01-14T11:53:03.501+0000] {processor.py:914} INFO - Processing file /home/airflow/.local/lib/python3.12/site-packages/airflow/example_dags/example_dynamic_task_mapping_with_no_taskflow_operators.py for tasks to queue
[2025-01-14T11:53:03.505+0000] {logging_mixin.py:190} INFO - [2025-01-14T11:53:03.505+0000] {dagbag.py:588} INFO - Filling up the DagBag from /home/airflow/.local/lib/python3.12/site-packages/airflow/example_dags/example_dynamic_task_mapping_with_no_taskflow_operators.py
[2025-01-14T11:53:03.519+0000] {processor.py:925} INFO - DAG(s) 'example_dynamic_task_mapping_with_no_taskflow_operators' retrieved from /home/airflow/.local/lib/python3.12/site-packages/airflow/example_dags/example_dynamic_task_mapping_with_no_taskflow_operators.py
[2025-01-14T11:53:03.540+0000] {logging_mixin.py:190} INFO - [2025-01-14T11:53:03.539+0000] {dag.py:3239} INFO - Sync 1 DAGs
[2025-01-14T11:53:03.553+0000] {logging_mixin.py:190} INFO - [2025-01-14T11:53:03.553+0000] {dag.py:4180} INFO - Setting next_dagrun for example_dynamic_task_mapping_with_no_taskflow_operators to None, run_after=None
[2025-01-14T11:53:03.573+0000] {processor.py:208} INFO - Processing /home/airflow/.local/lib/python3.12/site-packages/airflow/example_dags/example_dynamic_task_mapping_with_no_taskflow_operators.py took 0.076 seconds
[2025-01-14T11:53:33.899+0000] {processor.py:186} INFO - Started process (PID=3108) to work on /home/airflow/.local/lib/python3.12/site-packages/airflow/example_dags/example_dynamic_task_mapping_with_no_taskflow_operators.py
[2025-01-14T11:53:33.900+0000] {processor.py:914} INFO - Processing file /home/airflow/.local/lib/python3.12/site-packages/airflow/example_dags/example_dynamic_task_mapping_with_no_taskflow_operators.py for tasks to queue
[2025-01-14T11:53:33.901+0000] {logging_mixin.py:190} INFO - [2025-01-14T11:53:33.901+0000] {dagbag.py:588} INFO - Filling up the DagBag from /home/airflow/.local/lib/python3.12/site-packages/airflow/example_dags/example_dynamic_task_mapping_with_no_taskflow_operators.py
[2025-01-14T11:53:33.907+0000] {processor.py:925} INFO - DAG(s) 'example_dynamic_task_mapping_with_no_taskflow_operators' retrieved from /home/airflow/.local/lib/python3.12/site-packages/airflow/example_dags/example_dynamic_task_mapping_with_no_taskflow_operators.py
[2025-01-14T11:53:33.923+0000] {logging_mixin.py:190} INFO - [2025-01-14T11:53:33.922+0000] {dag.py:3239} INFO - Sync 1 DAGs
[2025-01-14T11:53:33.933+0000] {logging_mixin.py:190} INFO - [2025-01-14T11:53:33.933+0000] {dag.py:4180} INFO - Setting next_dagrun for example_dynamic_task_mapping_with_no_taskflow_operators to None, run_after=None
[2025-01-14T11:53:33.947+0000] {processor.py:208} INFO - Processing /home/airflow/.local/lib/python3.12/site-packages/airflow/example_dags/example_dynamic_task_mapping_with_no_taskflow_operators.py took 0.052 seconds
[2025-01-14T11:54:04.345+0000] {processor.py:186} INFO - Started process (PID=3401) to work on /home/airflow/.local/lib/python3.12/site-packages/airflow/example_dags/example_dynamic_task_mapping_with_no_taskflow_operators.py
[2025-01-14T11:54:04.346+0000] {processor.py:914} INFO - Processing file /home/airflow/.local/lib/python3.12/site-packages/airflow/example_dags/example_dynamic_task_mapping_with_no_taskflow_operators.py for tasks to queue
[2025-01-14T11:54:04.349+0000] {logging_mixin.py:190} INFO - [2025-01-14T11:54:04.349+0000] {dagbag.py:588} INFO - Filling up the DagBag from /home/airflow/.local/lib/python3.12/site-packages/airflow/example_dags/example_dynamic_task_mapping_with_no_taskflow_operators.py
[2025-01-14T11:54:04.359+0000] {processor.py:925} INFO - DAG(s) 'example_dynamic_task_mapping_with_no_taskflow_operators' retrieved from /home/airflow/.local/lib/python3.12/site-packages/airflow/example_dags/example_dynamic_task_mapping_with_no_taskflow_operators.py
[2025-01-14T11:54:04.378+0000] {logging_mixin.py:190} INFO - [2025-01-14T11:54:04.377+0000] {dag.py:3239} INFO - Sync 1 DAGs
[2025-01-14T11:54:04.393+0000] {logging_mixin.py:190} INFO - [2025-01-14T11:54:04.393+0000] {dag.py:4180} INFO - Setting next_dagrun for example_dynamic_task_mapping_with_no_taskflow_operators to None, run_after=None
[2025-01-14T11:54:04.405+0000] {processor.py:208} INFO - Processing /home/airflow/.local/lib/python3.12/site-packages/airflow/example_dags/example_dynamic_task_mapping_with_no_taskflow_operators.py took 0.066 seconds
[2025-01-14T11:54:35.245+0000] {processor.py:186} INFO - Started process (PID=3697) to work on /home/airflow/.local/lib/python3.12/site-packages/airflow/example_dags/example_dynamic_task_mapping_with_no_taskflow_operators.py
[2025-01-14T11:54:35.245+0000] {processor.py:914} INFO - Processing file /home/airflow/.local/lib/python3.12/site-packages/airflow/example_dags/example_dynamic_task_mapping_with_no_taskflow_operators.py for tasks to queue
[2025-01-14T11:54:35.247+0000] {logging_mixin.py:190} INFO - [2025-01-14T11:54:35.247+0000] {dagbag.py:588} INFO - Filling up the DagBag from /home/airflow/.local/lib/python3.12/site-packages/airflow/example_dags/example_dynamic_task_mapping_with_no_taskflow_operators.py
[2025-01-14T11:54:35.253+0000] {processor.py:925} INFO - DAG(s) 'example_dynamic_task_mapping_with_no_taskflow_operators' retrieved from /home/airflow/.local/lib/python3.12/site-packages/airflow/example_dags/example_dynamic_task_mapping_with_no_taskflow_operators.py
[2025-01-14T11:54:35.267+0000] {logging_mixin.py:190} INFO - [2025-01-14T11:54:35.267+0000] {dag.py:3239} INFO - Sync 1 DAGs
[2025-01-14T11:54:35.278+0000] {logging_mixin.py:190} INFO - [2025-01-14T11:54:35.278+0000] {dag.py:4180} INFO - Setting next_dagrun for example_dynamic_task_mapping_with_no_taskflow_operators to None, run_after=None
[2025-01-14T11:54:35.294+0000] {processor.py:208} INFO - Processing /home/airflow/.local/lib/python3.12/site-packages/airflow/example_dags/example_dynamic_task_mapping_with_no_taskflow_operators.py took 0.056 seconds
[2025-01-14T11:55:05.932+0000] {processor.py:186} INFO - Started process (PID=3993) to work on /home/airflow/.local/lib/python3.12/site-packages/airflow/example_dags/example_dynamic_task_mapping_with_no_taskflow_operators.py
[2025-01-14T11:55:05.933+0000] {processor.py:914} INFO - Processing file /home/airflow/.local/lib/python3.12/site-packages/airflow/example_dags/example_dynamic_task_mapping_with_no_taskflow_operators.py for tasks to queue
[2025-01-14T11:55:05.935+0000] {logging_mixin.py:190} INFO - [2025-01-14T11:55:05.935+0000] {dagbag.py:588} INFO - Filling up the DagBag from /home/airflow/.local/lib/python3.12/site-packages/airflow/example_dags/example_dynamic_task_mapping_with_no_taskflow_operators.py
[2025-01-14T11:55:05.941+0000] {processor.py:925} INFO - DAG(s) 'example_dynamic_task_mapping_with_no_taskflow_operators' retrieved from /home/airflow/.local/lib/python3.12/site-packages/airflow/example_dags/example_dynamic_task_mapping_with_no_taskflow_operators.py
[2025-01-14T11:55:05.958+0000] {logging_mixin.py:190} INFO - [2025-01-14T11:55:05.958+0000] {dag.py:3239} INFO - Sync 1 DAGs
[2025-01-14T11:55:05.969+0000] {logging_mixin.py:190} INFO - [2025-01-14T11:55:05.969+0000] {dag.py:4180} INFO - Setting next_dagrun for example_dynamic_task_mapping_with_no_taskflow_operators to None, run_after=None
[2025-01-14T11:55:05.988+0000] {processor.py:208} INFO - Processing /home/airflow/.local/lib/python3.12/site-packages/airflow/example_dags/example_dynamic_task_mapping_with_no_taskflow_operators.py took 0.062 seconds
[2025-01-14T11:55:36.232+0000] {processor.py:186} INFO - Started process (PID=4289) to work on /home/airflow/.local/lib/python3.12/site-packages/airflow/example_dags/example_dynamic_task_mapping_with_no_taskflow_operators.py
[2025-01-14T11:55:36.232+0000] {processor.py:914} INFO - Processing file /home/airflow/.local/lib/python3.12/site-packages/airflow/example_dags/example_dynamic_task_mapping_with_no_taskflow_operators.py for tasks to queue
[2025-01-14T11:55:36.234+0000] {logging_mixin.py:190} INFO - [2025-01-14T11:55:36.234+0000] {dagbag.py:588} INFO - Filling up the DagBag from /home/airflow/.local/lib/python3.12/site-packages/airflow/example_dags/example_dynamic_task_mapping_with_no_taskflow_operators.py
[2025-01-14T11:55:36.240+0000] {processor.py:925} INFO - DAG(s) 'example_dynamic_task_mapping_with_no_taskflow_operators' retrieved from /home/airflow/.local/lib/python3.12/site-packages/airflow/example_dags/example_dynamic_task_mapping_with_no_taskflow_operators.py
[2025-01-14T11:55:36.256+0000] {logging_mixin.py:190} INFO - [2025-01-14T11:55:36.256+0000] {dag.py:3239} INFO - Sync 1 DAGs
[2025-01-14T11:55:36.267+0000] {logging_mixin.py:190} INFO - [2025-01-14T11:55:36.267+0000] {dag.py:4180} INFO - Setting next_dagrun for example_dynamic_task_mapping_with_no_taskflow_operators to None, run_after=None
[2025-01-14T11:55:36.285+0000] {processor.py:208} INFO - Processing /home/airflow/.local/lib/python3.12/site-packages/airflow/example_dags/example_dynamic_task_mapping_with_no_taskflow_operators.py took 0.058 seconds
[2025-01-14T11:56:06.371+0000] {processor.py:186} INFO - Started process (PID=4580) to work on /home/airflow/.local/lib/python3.12/site-packages/airflow/example_dags/example_dynamic_task_mapping_with_no_taskflow_operators.py
[2025-01-14T11:56:06.372+0000] {processor.py:914} INFO - Processing file /home/airflow/.local/lib/python3.12/site-packages/airflow/example_dags/example_dynamic_task_mapping_with_no_taskflow_operators.py for tasks to queue
[2025-01-14T11:56:06.374+0000] {logging_mixin.py:190} INFO - [2025-01-14T11:56:06.374+0000] {dagbag.py:588} INFO - Filling up the DagBag from /home/airflow/.local/lib/python3.12/site-packages/airflow/example_dags/example_dynamic_task_mapping_with_no_taskflow_operators.py
[2025-01-14T11:56:06.381+0000] {processor.py:925} INFO - DAG(s) 'example_dynamic_task_mapping_with_no_taskflow_operators' retrieved from /home/airflow/.local/lib/python3.12/site-packages/airflow/example_dags/example_dynamic_task_mapping_with_no_taskflow_operators.py
[2025-01-14T11:56:06.402+0000] {logging_mixin.py:190} INFO - [2025-01-14T11:56:06.402+0000] {dag.py:3239} INFO - Sync 1 DAGs
[2025-01-14T11:56:06.422+0000] {logging_mixin.py:190} INFO - [2025-01-14T11:56:06.422+0000] {dag.py:4180} INFO - Setting next_dagrun for example_dynamic_task_mapping_with_no_taskflow_operators to None, run_after=None
[2025-01-14T11:56:06.442+0000] {processor.py:208} INFO - Processing /home/airflow/.local/lib/python3.12/site-packages/airflow/example_dags/example_dynamic_task_mapping_with_no_taskflow_operators.py took 0.078 seconds
[2025-01-14T11:56:36.769+0000] {processor.py:186} INFO - Started process (PID=4877) to work on /home/airflow/.local/lib/python3.12/site-packages/airflow/example_dags/example_dynamic_task_mapping_with_no_taskflow_operators.py
[2025-01-14T11:56:36.770+0000] {processor.py:914} INFO - Processing file /home/airflow/.local/lib/python3.12/site-packages/airflow/example_dags/example_dynamic_task_mapping_with_no_taskflow_operators.py for tasks to queue
[2025-01-14T11:56:36.773+0000] {logging_mixin.py:190} INFO - [2025-01-14T11:56:36.772+0000] {dagbag.py:588} INFO - Filling up the DagBag from /home/airflow/.local/lib/python3.12/site-packages/airflow/example_dags/example_dynamic_task_mapping_with_no_taskflow_operators.py
[2025-01-14T11:56:36.782+0000] {processor.py:925} INFO - DAG(s) 'example_dynamic_task_mapping_with_no_taskflow_operators' retrieved from /home/airflow/.local/lib/python3.12/site-packages/airflow/example_dags/example_dynamic_task_mapping_with_no_taskflow_operators.py
[2025-01-14T11:56:36.798+0000] {logging_mixin.py:190} INFO - [2025-01-14T11:56:36.798+0000] {dag.py:3239} INFO - Sync 1 DAGs
[2025-01-14T11:56:36.810+0000] {logging_mixin.py:190} INFO - [2025-01-14T11:56:36.810+0000] {dag.py:4180} INFO - Setting next_dagrun for example_dynamic_task_mapping_with_no_taskflow_operators to None, run_after=None
[2025-01-14T11:56:36.824+0000] {processor.py:208} INFO - Processing /home/airflow/.local/lib/python3.12/site-packages/airflow/example_dags/example_dynamic_task_mapping_with_no_taskflow_operators.py took 0.061 seconds
[2025-01-14T11:57:07.097+0000] {processor.py:186} INFO - Started process (PID=5173) to work on /home/airflow/.local/lib/python3.12/site-packages/airflow/example_dags/example_dynamic_task_mapping_with_no_taskflow_operators.py
[2025-01-14T11:57:07.097+0000] {processor.py:914} INFO - Processing file /home/airflow/.local/lib/python3.12/site-packages/airflow/example_dags/example_dynamic_task_mapping_with_no_taskflow_operators.py for tasks to queue
[2025-01-14T11:57:07.099+0000] {logging_mixin.py:190} INFO - [2025-01-14T11:57:07.099+0000] {dagbag.py:588} INFO - Filling up the DagBag from /home/airflow/.local/lib/python3.12/site-packages/airflow/example_dags/example_dynamic_task_mapping_with_no_taskflow_operators.py
[2025-01-14T11:57:07.105+0000] {processor.py:925} INFO - DAG(s) 'example_dynamic_task_mapping_with_no_taskflow_operators' retrieved from /home/airflow/.local/lib/python3.12/site-packages/airflow/example_dags/example_dynamic_task_mapping_with_no_taskflow_operators.py
[2025-01-14T11:57:07.120+0000] {logging_mixin.py:190} INFO - [2025-01-14T11:57:07.120+0000] {dag.py:3239} INFO - Sync 1 DAGs
[2025-01-14T11:57:07.131+0000] {logging_mixin.py:190} INFO - [2025-01-14T11:57:07.130+0000] {dag.py:4180} INFO - Setting next_dagrun for example_dynamic_task_mapping_with_no_taskflow_operators to None, run_after=None
[2025-01-14T11:57:07.143+0000] {processor.py:208} INFO - Processing /home/airflow/.local/lib/python3.12/site-packages/airflow/example_dags/example_dynamic_task_mapping_with_no_taskflow_operators.py took 0.050 seconds
[2025-01-14T11:57:37.559+0000] {processor.py:186} INFO - Started process (PID=5469) to work on /home/airflow/.local/lib/python3.12/site-packages/airflow/example_dags/example_dynamic_task_mapping_with_no_taskflow_operators.py
[2025-01-14T11:57:37.560+0000] {processor.py:914} INFO - Processing file /home/airflow/.local/lib/python3.12/site-packages/airflow/example_dags/example_dynamic_task_mapping_with_no_taskflow_operators.py for tasks to queue
[2025-01-14T11:57:37.561+0000] {logging_mixin.py:190} INFO - [2025-01-14T11:57:37.561+0000] {dagbag.py:588} INFO - Filling up the DagBag from /home/airflow/.local/lib/python3.12/site-packages/airflow/example_dags/example_dynamic_task_mapping_with_no_taskflow_operators.py
[2025-01-14T11:57:37.568+0000] {processor.py:925} INFO - DAG(s) 'example_dynamic_task_mapping_with_no_taskflow_operators' retrieved from /home/airflow/.local/lib/python3.12/site-packages/airflow/example_dags/example_dynamic_task_mapping_with_no_taskflow_operators.py
[2025-01-14T11:57:37.588+0000] {logging_mixin.py:190} INFO - [2025-01-14T11:57:37.588+0000] {dag.py:3239} INFO - Sync 1 DAGs
[2025-01-14T11:57:37.599+0000] {logging_mixin.py:190} INFO - [2025-01-14T11:57:37.599+0000] {dag.py:4180} INFO - Setting next_dagrun for example_dynamic_task_mapping_with_no_taskflow_operators to None, run_after=None
[2025-01-14T11:57:37.614+0000] {processor.py:208} INFO - Processing /home/airflow/.local/lib/python3.12/site-packages/airflow/example_dags/example_dynamic_task_mapping_with_no_taskflow_operators.py took 0.059 seconds
[2025-01-14T11:58:08.148+0000] {processor.py:186} INFO - Started process (PID=5765) to work on /home/airflow/.local/lib/python3.12/site-packages/airflow/example_dags/example_dynamic_task_mapping_with_no_taskflow_operators.py
[2025-01-14T11:58:08.149+0000] {processor.py:914} INFO - Processing file /home/airflow/.local/lib/python3.12/site-packages/airflow/example_dags/example_dynamic_task_mapping_with_no_taskflow_operators.py for tasks to queue
[2025-01-14T11:58:08.150+0000] {logging_mixin.py:190} INFO - [2025-01-14T11:58:08.150+0000] {dagbag.py:588} INFO - Filling up the DagBag from /home/airflow/.local/lib/python3.12/site-packages/airflow/example_dags/example_dynamic_task_mapping_with_no_taskflow_operators.py
[2025-01-14T11:58:08.156+0000] {processor.py:925} INFO - DAG(s) 'example_dynamic_task_mapping_with_no_taskflow_operators' retrieved from /home/airflow/.local/lib/python3.12/site-packages/airflow/example_dags/example_dynamic_task_mapping_with_no_taskflow_operators.py
[2025-01-14T11:58:08.170+0000] {logging_mixin.py:190} INFO - [2025-01-14T11:58:08.170+0000] {dag.py:3239} INFO - Sync 1 DAGs
[2025-01-14T11:58:08.180+0000] {logging_mixin.py:190} INFO - [2025-01-14T11:58:08.180+0000] {dag.py:4180} INFO - Setting next_dagrun for example_dynamic_task_mapping_with_no_taskflow_operators to None, run_after=None
[2025-01-14T11:58:08.194+0000] {processor.py:208} INFO - Processing /home/airflow/.local/lib/python3.12/site-packages/airflow/example_dags/example_dynamic_task_mapping_with_no_taskflow_operators.py took 0.052 seconds
[2025-01-14T11:58:38.611+0000] {processor.py:186} INFO - Started process (PID=6061) to work on /home/airflow/.local/lib/python3.12/site-packages/airflow/example_dags/example_dynamic_task_mapping_with_no_taskflow_operators.py
[2025-01-14T11:58:38.611+0000] {processor.py:914} INFO - Processing file /home/airflow/.local/lib/python3.12/site-packages/airflow/example_dags/example_dynamic_task_mapping_with_no_taskflow_operators.py for tasks to queue
[2025-01-14T11:58:38.613+0000] {logging_mixin.py:190} INFO - [2025-01-14T11:58:38.613+0000] {dagbag.py:588} INFO - Filling up the DagBag from /home/airflow/.local/lib/python3.12/site-packages/airflow/example_dags/example_dynamic_task_mapping_with_no_taskflow_operators.py
[2025-01-14T11:58:38.620+0000] {processor.py:925} INFO - DAG(s) 'example_dynamic_task_mapping_with_no_taskflow_operators' retrieved from /home/airflow/.local/lib/python3.12/site-packages/airflow/example_dags/example_dynamic_task_mapping_with_no_taskflow_operators.py
[2025-01-14T11:58:38.635+0000] {logging_mixin.py:190} INFO - [2025-01-14T11:58:38.635+0000] {dag.py:3239} INFO - Sync 1 DAGs
[2025-01-14T11:58:38.646+0000] {logging_mixin.py:190} INFO - [2025-01-14T11:58:38.646+0000] {dag.py:4180} INFO - Setting next_dagrun for example_dynamic_task_mapping_with_no_taskflow_operators to None, run_after=None
[2025-01-14T11:58:38.664+0000] {processor.py:208} INFO - Processing /home/airflow/.local/lib/python3.12/site-packages/airflow/example_dags/example_dynamic_task_mapping_with_no_taskflow_operators.py took 0.057 seconds
[2025-01-14T11:59:08.929+0000] {processor.py:186} INFO - Started process (PID=6352) to work on /home/airflow/.local/lib/python3.12/site-packages/airflow/example_dags/example_dynamic_task_mapping_with_no_taskflow_operators.py
[2025-01-14T11:59:08.930+0000] {processor.py:914} INFO - Processing file /home/airflow/.local/lib/python3.12/site-packages/airflow/example_dags/example_dynamic_task_mapping_with_no_taskflow_operators.py for tasks to queue
[2025-01-14T11:59:08.932+0000] {logging_mixin.py:190} INFO - [2025-01-14T11:59:08.932+0000] {dagbag.py:588} INFO - Filling up the DagBag from /home/airflow/.local/lib/python3.12/site-packages/airflow/example_dags/example_dynamic_task_mapping_with_no_taskflow_operators.py
[2025-01-14T11:59:08.943+0000] {processor.py:925} INFO - DAG(s) 'example_dynamic_task_mapping_with_no_taskflow_operators' retrieved from /home/airflow/.local/lib/python3.12/site-packages/airflow/example_dags/example_dynamic_task_mapping_with_no_taskflow_operators.py
[2025-01-14T11:59:08.962+0000] {logging_mixin.py:190} INFO - [2025-01-14T11:59:08.962+0000] {dag.py:3239} INFO - Sync 1 DAGs
[2025-01-14T11:59:08.973+0000] {logging_mixin.py:190} INFO - [2025-01-14T11:59:08.973+0000] {dag.py:4180} INFO - Setting next_dagrun for example_dynamic_task_mapping_with_no_taskflow_operators to None, run_after=None
[2025-01-14T11:59:08.995+0000] {processor.py:208} INFO - Processing /home/airflow/.local/lib/python3.12/site-packages/airflow/example_dags/example_dynamic_task_mapping_with_no_taskflow_operators.py took 0.069 seconds
[2025-01-14T11:59:39.060+0000] {processor.py:186} INFO - Started process (PID=6645) to work on /home/airflow/.local/lib/python3.12/site-packages/airflow/example_dags/example_dynamic_task_mapping_with_no_taskflow_operators.py
[2025-01-14T11:59:39.061+0000] {processor.py:914} INFO - Processing file /home/airflow/.local/lib/python3.12/site-packages/airflow/example_dags/example_dynamic_task_mapping_with_no_taskflow_operators.py for tasks to queue
[2025-01-14T11:59:39.063+0000] {logging_mixin.py:190} INFO - [2025-01-14T11:59:39.063+0000] {dagbag.py:588} INFO - Filling up the DagBag from /home/airflow/.local/lib/python3.12/site-packages/airflow/example_dags/example_dynamic_task_mapping_with_no_taskflow_operators.py
[2025-01-14T11:59:39.068+0000] {processor.py:925} INFO - DAG(s) 'example_dynamic_task_mapping_with_no_taskflow_operators' retrieved from /home/airflow/.local/lib/python3.12/site-packages/airflow/example_dags/example_dynamic_task_mapping_with_no_taskflow_operators.py
[2025-01-14T11:59:39.083+0000] {logging_mixin.py:190} INFO - [2025-01-14T11:59:39.082+0000] {dag.py:3239} INFO - Sync 1 DAGs
[2025-01-14T11:59:39.091+0000] {logging_mixin.py:190} INFO - [2025-01-14T11:59:39.091+0000] {dag.py:4180} INFO - Setting next_dagrun for example_dynamic_task_mapping_with_no_taskflow_operators to None, run_after=None
[2025-01-14T11:59:39.104+0000] {processor.py:208} INFO - Processing /home/airflow/.local/lib/python3.12/site-packages/airflow/example_dags/example_dynamic_task_mapping_with_no_taskflow_operators.py took 0.047 seconds
[2025-01-14T12:00:09.188+0000] {processor.py:186} INFO - Started process (PID=6939) to work on /home/airflow/.local/lib/python3.12/site-packages/airflow/example_dags/example_dynamic_task_mapping_with_no_taskflow_operators.py
[2025-01-14T12:00:09.188+0000] {processor.py:914} INFO - Processing file /home/airflow/.local/lib/python3.12/site-packages/airflow/example_dags/example_dynamic_task_mapping_with_no_taskflow_operators.py for tasks to queue
[2025-01-14T12:00:09.190+0000] {logging_mixin.py:190} INFO - [2025-01-14T12:00:09.190+0000] {dagbag.py:588} INFO - Filling up the DagBag from /home/airflow/.local/lib/python3.12/site-packages/airflow/example_dags/example_dynamic_task_mapping_with_no_taskflow_operators.py
[2025-01-14T12:00:09.195+0000] {processor.py:925} INFO - DAG(s) 'example_dynamic_task_mapping_with_no_taskflow_operators' retrieved from /home/airflow/.local/lib/python3.12/site-packages/airflow/example_dags/example_dynamic_task_mapping_with_no_taskflow_operators.py
[2025-01-14T12:00:09.212+0000] {logging_mixin.py:190} INFO - [2025-01-14T12:00:09.212+0000] {dag.py:3239} INFO - Sync 1 DAGs
[2025-01-14T12:00:09.221+0000] {logging_mixin.py:190} INFO - [2025-01-14T12:00:09.221+0000] {dag.py:4180} INFO - Setting next_dagrun for example_dynamic_task_mapping_with_no_taskflow_operators to None, run_after=None
[2025-01-14T12:00:09.234+0000] {processor.py:208} INFO - Processing /home/airflow/.local/lib/python3.12/site-packages/airflow/example_dags/example_dynamic_task_mapping_with_no_taskflow_operators.py took 0.050 seconds
[2025-01-14T12:00:39.522+0000] {processor.py:186} INFO - Started process (PID=7237) to work on /home/airflow/.local/lib/python3.12/site-packages/airflow/example_dags/example_dynamic_task_mapping_with_no_taskflow_operators.py
[2025-01-14T12:00:39.522+0000] {processor.py:914} INFO - Processing file /home/airflow/.local/lib/python3.12/site-packages/airflow/example_dags/example_dynamic_task_mapping_with_no_taskflow_operators.py for tasks to queue
[2025-01-14T12:00:39.524+0000] {logging_mixin.py:190} INFO - [2025-01-14T12:00:39.524+0000] {dagbag.py:588} INFO - Filling up the DagBag from /home/airflow/.local/lib/python3.12/site-packages/airflow/example_dags/example_dynamic_task_mapping_with_no_taskflow_operators.py
[2025-01-14T12:00:39.530+0000] {processor.py:925} INFO - DAG(s) 'example_dynamic_task_mapping_with_no_taskflow_operators' retrieved from /home/airflow/.local/lib/python3.12/site-packages/airflow/example_dags/example_dynamic_task_mapping_with_no_taskflow_operators.py
[2025-01-14T12:00:39.543+0000] {logging_mixin.py:190} INFO - [2025-01-14T12:00:39.543+0000] {dag.py:3239} INFO - Sync 1 DAGs
[2025-01-14T12:00:39.553+0000] {logging_mixin.py:190} INFO - [2025-01-14T12:00:39.553+0000] {dag.py:4180} INFO - Setting next_dagrun for example_dynamic_task_mapping_with_no_taskflow_operators to None, run_after=None
[2025-01-14T12:00:39.566+0000] {processor.py:208} INFO - Processing /home/airflow/.local/lib/python3.12/site-packages/airflow/example_dags/example_dynamic_task_mapping_with_no_taskflow_operators.py took 0.049 seconds
[2025-01-14T12:01:10.445+0000] {processor.py:186} INFO - Started process (PID=7531) to work on /home/airflow/.local/lib/python3.12/site-packages/airflow/example_dags/example_dynamic_task_mapping_with_no_taskflow_operators.py
[2025-01-14T12:01:10.446+0000] {processor.py:914} INFO - Processing file /home/airflow/.local/lib/python3.12/site-packages/airflow/example_dags/example_dynamic_task_mapping_with_no_taskflow_operators.py for tasks to queue
[2025-01-14T12:01:10.449+0000] {logging_mixin.py:190} INFO - [2025-01-14T12:01:10.448+0000] {dagbag.py:588} INFO - Filling up the DagBag from /home/airflow/.local/lib/python3.12/site-packages/airflow/example_dags/example_dynamic_task_mapping_with_no_taskflow_operators.py
[2025-01-14T12:01:10.456+0000] {processor.py:925} INFO - DAG(s) 'example_dynamic_task_mapping_with_no_taskflow_operators' retrieved from /home/airflow/.local/lib/python3.12/site-packages/airflow/example_dags/example_dynamic_task_mapping_with_no_taskflow_operators.py
[2025-01-14T12:01:10.468+0000] {logging_mixin.py:190} INFO - [2025-01-14T12:01:10.468+0000] {dag.py:3239} INFO - Sync 1 DAGs
[2025-01-14T12:01:10.478+0000] {logging_mixin.py:190} INFO - [2025-01-14T12:01:10.478+0000] {dag.py:4180} INFO - Setting next_dagrun for example_dynamic_task_mapping_with_no_taskflow_operators to None, run_after=None
[2025-01-14T12:01:10.495+0000] {processor.py:208} INFO - Processing /home/airflow/.local/lib/python3.12/site-packages/airflow/example_dags/example_dynamic_task_mapping_with_no_taskflow_operators.py took 0.055 seconds
[2025-01-14T12:01:40.762+0000] {processor.py:186} INFO - Started process (PID=7827) to work on /home/airflow/.local/lib/python3.12/site-packages/airflow/example_dags/example_dynamic_task_mapping_with_no_taskflow_operators.py
[2025-01-14T12:01:40.762+0000] {processor.py:914} INFO - Processing file /home/airflow/.local/lib/python3.12/site-packages/airflow/example_dags/example_dynamic_task_mapping_with_no_taskflow_operators.py for tasks to queue
[2025-01-14T12:01:40.764+0000] {logging_mixin.py:190} INFO - [2025-01-14T12:01:40.764+0000] {dagbag.py:588} INFO - Filling up the DagBag from /home/airflow/.local/lib/python3.12/site-packages/airflow/example_dags/example_dynamic_task_mapping_with_no_taskflow_operators.py
[2025-01-14T12:01:40.770+0000] {processor.py:925} INFO - DAG(s) 'example_dynamic_task_mapping_with_no_taskflow_operators' retrieved from /home/airflow/.local/lib/python3.12/site-packages/airflow/example_dags/example_dynamic_task_mapping_with_no_taskflow_operators.py
[2025-01-14T12:01:40.783+0000] {logging_mixin.py:190} INFO - [2025-01-14T12:01:40.783+0000] {dag.py:3239} INFO - Sync 1 DAGs
[2025-01-14T12:01:40.793+0000] {logging_mixin.py:190} INFO - [2025-01-14T12:01:40.792+0000] {dag.py:4180} INFO - Setting next_dagrun for example_dynamic_task_mapping_with_no_taskflow_operators to None, run_after=None
[2025-01-14T12:01:40.809+0000] {processor.py:208} INFO - Processing /home/airflow/.local/lib/python3.12/site-packages/airflow/example_dags/example_dynamic_task_mapping_with_no_taskflow_operators.py took 0.055 seconds
[2025-01-14T12:02:11.128+0000] {processor.py:186} INFO - Started process (PID=8125) to work on /home/airflow/.local/lib/python3.12/site-packages/airflow/example_dags/example_dynamic_task_mapping_with_no_taskflow_operators.py
[2025-01-14T12:02:11.128+0000] {processor.py:914} INFO - Processing file /home/airflow/.local/lib/python3.12/site-packages/airflow/example_dags/example_dynamic_task_mapping_with_no_taskflow_operators.py for tasks to queue
[2025-01-14T12:02:11.130+0000] {logging_mixin.py:190} INFO - [2025-01-14T12:02:11.130+0000] {dagbag.py:588} INFO - Filling up the DagBag from /home/airflow/.local/lib/python3.12/site-packages/airflow/example_dags/example_dynamic_task_mapping_with_no_taskflow_operators.py
[2025-01-14T12:02:11.136+0000] {processor.py:925} INFO - DAG(s) 'example_dynamic_task_mapping_with_no_taskflow_operators' retrieved from /home/airflow/.local/lib/python3.12/site-packages/airflow/example_dags/example_dynamic_task_mapping_with_no_taskflow_operators.py
[2025-01-14T12:02:11.152+0000] {logging_mixin.py:190} INFO - [2025-01-14T12:02:11.151+0000] {dag.py:3239} INFO - Sync 1 DAGs
[2025-01-14T12:02:11.162+0000] {logging_mixin.py:190} INFO - [2025-01-14T12:02:11.162+0000] {dag.py:4180} INFO - Setting next_dagrun for example_dynamic_task_mapping_with_no_taskflow_operators to None, run_after=None
[2025-01-14T12:02:11.174+0000] {processor.py:208} INFO - Processing /home/airflow/.local/lib/python3.12/site-packages/airflow/example_dags/example_dynamic_task_mapping_with_no_taskflow_operators.py took 0.051 seconds
[2025-01-14T12:02:41.386+0000] {processor.py:186} INFO - Started process (PID=8419) to work on /home/airflow/.local/lib/python3.12/site-packages/airflow/example_dags/example_dynamic_task_mapping_with_no_taskflow_operators.py
[2025-01-14T12:02:41.387+0000] {processor.py:914} INFO - Processing file /home/airflow/.local/lib/python3.12/site-packages/airflow/example_dags/example_dynamic_task_mapping_with_no_taskflow_operators.py for tasks to queue
[2025-01-14T12:02:41.388+0000] {logging_mixin.py:190} INFO - [2025-01-14T12:02:41.388+0000] {dagbag.py:588} INFO - Filling up the DagBag from /home/airflow/.local/lib/python3.12/site-packages/airflow/example_dags/example_dynamic_task_mapping_with_no_taskflow_operators.py
[2025-01-14T12:02:41.394+0000] {processor.py:925} INFO - DAG(s) 'example_dynamic_task_mapping_with_no_taskflow_operators' retrieved from /home/airflow/.local/lib/python3.12/site-packages/airflow/example_dags/example_dynamic_task_mapping_with_no_taskflow_operators.py
[2025-01-14T12:02:41.413+0000] {logging_mixin.py:190} INFO - [2025-01-14T12:02:41.413+0000] {dag.py:3239} INFO - Sync 1 DAGs
[2025-01-14T12:02:41.429+0000] {logging_mixin.py:190} INFO - [2025-01-14T12:02:41.429+0000] {dag.py:4180} INFO - Setting next_dagrun for example_dynamic_task_mapping_with_no_taskflow_operators to None, run_after=None
[2025-01-14T12:02:41.454+0000] {processor.py:208} INFO - Processing /home/airflow/.local/lib/python3.12/site-packages/airflow/example_dags/example_dynamic_task_mapping_with_no_taskflow_operators.py took 0.073 seconds
[2025-01-14T12:03:11.558+0000] {processor.py:186} INFO - Started process (PID=8715) to work on /home/airflow/.local/lib/python3.12/site-packages/airflow/example_dags/example_dynamic_task_mapping_with_no_taskflow_operators.py
[2025-01-14T12:03:11.559+0000] {processor.py:914} INFO - Processing file /home/airflow/.local/lib/python3.12/site-packages/airflow/example_dags/example_dynamic_task_mapping_with_no_taskflow_operators.py for tasks to queue
[2025-01-14T12:03:11.561+0000] {logging_mixin.py:190} INFO - [2025-01-14T12:03:11.561+0000] {dagbag.py:588} INFO - Filling up the DagBag from /home/airflow/.local/lib/python3.12/site-packages/airflow/example_dags/example_dynamic_task_mapping_with_no_taskflow_operators.py
[2025-01-14T12:03:11.583+0000] {processor.py:925} INFO - DAG(s) 'example_dynamic_task_mapping_with_no_taskflow_operators' retrieved from /home/airflow/.local/lib/python3.12/site-packages/airflow/example_dags/example_dynamic_task_mapping_with_no_taskflow_operators.py
[2025-01-14T12:03:11.603+0000] {logging_mixin.py:190} INFO - [2025-01-14T12:03:11.603+0000] {dag.py:3239} INFO - Sync 1 DAGs
[2025-01-14T12:03:11.611+0000] {logging_mixin.py:190} INFO - [2025-01-14T12:03:11.611+0000] {dag.py:4180} INFO - Setting next_dagrun for example_dynamic_task_mapping_with_no_taskflow_operators to None, run_after=None
[2025-01-14T12:03:11.626+0000] {processor.py:208} INFO - Processing /home/airflow/.local/lib/python3.12/site-packages/airflow/example_dags/example_dynamic_task_mapping_with_no_taskflow_operators.py took 0.074 seconds
[2025-01-14T12:03:41.824+0000] {processor.py:186} INFO - Started process (PID=9011) to work on /home/airflow/.local/lib/python3.12/site-packages/airflow/example_dags/example_dynamic_task_mapping_with_no_taskflow_operators.py
[2025-01-14T12:03:41.825+0000] {processor.py:914} INFO - Processing file /home/airflow/.local/lib/python3.12/site-packages/airflow/example_dags/example_dynamic_task_mapping_with_no_taskflow_operators.py for tasks to queue
[2025-01-14T12:03:41.826+0000] {logging_mixin.py:190} INFO - [2025-01-14T12:03:41.826+0000] {dagbag.py:588} INFO - Filling up the DagBag from /home/airflow/.local/lib/python3.12/site-packages/airflow/example_dags/example_dynamic_task_mapping_with_no_taskflow_operators.py
[2025-01-14T12:03:41.832+0000] {processor.py:925} INFO - DAG(s) 'example_dynamic_task_mapping_with_no_taskflow_operators' retrieved from /home/airflow/.local/lib/python3.12/site-packages/airflow/example_dags/example_dynamic_task_mapping_with_no_taskflow_operators.py
[2025-01-14T12:03:41.850+0000] {logging_mixin.py:190} INFO - [2025-01-14T12:03:41.850+0000] {dag.py:3239} INFO - Sync 1 DAGs
[2025-01-14T12:03:41.860+0000] {logging_mixin.py:190} INFO - [2025-01-14T12:03:41.860+0000] {dag.py:4180} INFO - Setting next_dagrun for example_dynamic_task_mapping_with_no_taskflow_operators to None, run_after=None
[2025-01-14T12:03:41.873+0000] {processor.py:208} INFO - Processing /home/airflow/.local/lib/python3.12/site-packages/airflow/example_dags/example_dynamic_task_mapping_with_no_taskflow_operators.py took 0.056 seconds
[2025-01-14T12:04:12.265+0000] {processor.py:186} INFO - Started process (PID=9307) to work on /home/airflow/.local/lib/python3.12/site-packages/airflow/example_dags/example_dynamic_task_mapping_with_no_taskflow_operators.py
[2025-01-14T12:04:12.266+0000] {processor.py:914} INFO - Processing file /home/airflow/.local/lib/python3.12/site-packages/airflow/example_dags/example_dynamic_task_mapping_with_no_taskflow_operators.py for tasks to queue
[2025-01-14T12:04:12.269+0000] {logging_mixin.py:190} INFO - [2025-01-14T12:04:12.268+0000] {dagbag.py:588} INFO - Filling up the DagBag from /home/airflow/.local/lib/python3.12/site-packages/airflow/example_dags/example_dynamic_task_mapping_with_no_taskflow_operators.py
[2025-01-14T12:04:12.278+0000] {processor.py:925} INFO - DAG(s) 'example_dynamic_task_mapping_with_no_taskflow_operators' retrieved from /home/airflow/.local/lib/python3.12/site-packages/airflow/example_dags/example_dynamic_task_mapping_with_no_taskflow_operators.py
[2025-01-14T12:04:12.302+0000] {logging_mixin.py:190} INFO - [2025-01-14T12:04:12.301+0000] {dag.py:3239} INFO - Sync 1 DAGs
[2025-01-14T12:04:12.317+0000] {logging_mixin.py:190} INFO - [2025-01-14T12:04:12.317+0000] {dag.py:4180} INFO - Setting next_dagrun for example_dynamic_task_mapping_with_no_taskflow_operators to None, run_after=None
[2025-01-14T12:04:12.336+0000] {processor.py:208} INFO - Processing /home/airflow/.local/lib/python3.12/site-packages/airflow/example_dags/example_dynamic_task_mapping_with_no_taskflow_operators.py took 0.078 seconds
[2025-01-14T12:04:42.994+0000] {processor.py:186} INFO - Started process (PID=9603) to work on /home/airflow/.local/lib/python3.12/site-packages/airflow/example_dags/example_dynamic_task_mapping_with_no_taskflow_operators.py
[2025-01-14T12:04:42.995+0000] {processor.py:914} INFO - Processing file /home/airflow/.local/lib/python3.12/site-packages/airflow/example_dags/example_dynamic_task_mapping_with_no_taskflow_operators.py for tasks to queue
[2025-01-14T12:04:42.998+0000] {logging_mixin.py:190} INFO - [2025-01-14T12:04:42.997+0000] {dagbag.py:588} INFO - Filling up the DagBag from /home/airflow/.local/lib/python3.12/site-packages/airflow/example_dags/example_dynamic_task_mapping_with_no_taskflow_operators.py
[2025-01-14T12:04:43.004+0000] {processor.py:925} INFO - DAG(s) 'example_dynamic_task_mapping_with_no_taskflow_operators' retrieved from /home/airflow/.local/lib/python3.12/site-packages/airflow/example_dags/example_dynamic_task_mapping_with_no_taskflow_operators.py
[2025-01-14T12:04:43.019+0000] {logging_mixin.py:190} INFO - [2025-01-14T12:04:43.018+0000] {dag.py:3239} INFO - Sync 1 DAGs
[2025-01-14T12:04:43.029+0000] {logging_mixin.py:190} INFO - [2025-01-14T12:04:43.029+0000] {dag.py:4180} INFO - Setting next_dagrun for example_dynamic_task_mapping_with_no_taskflow_operators to None, run_after=None
[2025-01-14T12:04:43.046+0000] {processor.py:208} INFO - Processing /home/airflow/.local/lib/python3.12/site-packages/airflow/example_dags/example_dynamic_task_mapping_with_no_taskflow_operators.py took 0.057 seconds
[2025-01-14T12:05:13.403+0000] {processor.py:186} INFO - Started process (PID=9899) to work on /home/airflow/.local/lib/python3.12/site-packages/airflow/example_dags/example_dynamic_task_mapping_with_no_taskflow_operators.py
[2025-01-14T12:05:13.405+0000] {processor.py:914} INFO - Processing file /home/airflow/.local/lib/python3.12/site-packages/airflow/example_dags/example_dynamic_task_mapping_with_no_taskflow_operators.py for tasks to queue
[2025-01-14T12:05:13.410+0000] {logging_mixin.py:190} INFO - [2025-01-14T12:05:13.409+0000] {dagbag.py:588} INFO - Filling up the DagBag from /home/airflow/.local/lib/python3.12/site-packages/airflow/example_dags/example_dynamic_task_mapping_with_no_taskflow_operators.py
[2025-01-14T12:05:13.425+0000] {processor.py:925} INFO - DAG(s) 'example_dynamic_task_mapping_with_no_taskflow_operators' retrieved from /home/airflow/.local/lib/python3.12/site-packages/airflow/example_dags/example_dynamic_task_mapping_with_no_taskflow_operators.py
[2025-01-14T12:05:13.445+0000] {logging_mixin.py:190} INFO - [2025-01-14T12:05:13.445+0000] {dag.py:3239} INFO - Sync 1 DAGs
[2025-01-14T12:05:13.463+0000] {logging_mixin.py:190} INFO - [2025-01-14T12:05:13.462+0000] {dag.py:4180} INFO - Setting next_dagrun for example_dynamic_task_mapping_with_no_taskflow_operators to None, run_after=None
[2025-01-14T12:05:13.494+0000] {processor.py:208} INFO - Processing /home/airflow/.local/lib/python3.12/site-packages/airflow/example_dags/example_dynamic_task_mapping_with_no_taskflow_operators.py took 0.099 seconds
[2025-01-14T12:05:43.777+0000] {processor.py:186} INFO - Started process (PID=10195) to work on /home/airflow/.local/lib/python3.12/site-packages/airflow/example_dags/example_dynamic_task_mapping_with_no_taskflow_operators.py
[2025-01-14T12:05:43.778+0000] {processor.py:914} INFO - Processing file /home/airflow/.local/lib/python3.12/site-packages/airflow/example_dags/example_dynamic_task_mapping_with_no_taskflow_operators.py for tasks to queue
[2025-01-14T12:05:43.781+0000] {logging_mixin.py:190} INFO - [2025-01-14T12:05:43.780+0000] {dagbag.py:588} INFO - Filling up the DagBag from /home/airflow/.local/lib/python3.12/site-packages/airflow/example_dags/example_dynamic_task_mapping_with_no_taskflow_operators.py
[2025-01-14T12:05:43.788+0000] {processor.py:925} INFO - DAG(s) 'example_dynamic_task_mapping_with_no_taskflow_operators' retrieved from /home/airflow/.local/lib/python3.12/site-packages/airflow/example_dags/example_dynamic_task_mapping_with_no_taskflow_operators.py
[2025-01-14T12:05:43.804+0000] {logging_mixin.py:190} INFO - [2025-01-14T12:05:43.804+0000] {dag.py:3239} INFO - Sync 1 DAGs
[2025-01-14T12:05:43.814+0000] {logging_mixin.py:190} INFO - [2025-01-14T12:05:43.813+0000] {dag.py:4180} INFO - Setting next_dagrun for example_dynamic_task_mapping_with_no_taskflow_operators to None, run_after=None
[2025-01-14T12:05:43.826+0000] {processor.py:208} INFO - Processing /home/airflow/.local/lib/python3.12/site-packages/airflow/example_dags/example_dynamic_task_mapping_with_no_taskflow_operators.py took 0.053 seconds
[2025-01-14T12:06:14.989+0000] {processor.py:186} INFO - Started process (PID=10493) to work on /home/airflow/.local/lib/python3.12/site-packages/airflow/example_dags/example_dynamic_task_mapping_with_no_taskflow_operators.py
[2025-01-14T12:06:14.990+0000] {processor.py:914} INFO - Processing file /home/airflow/.local/lib/python3.12/site-packages/airflow/example_dags/example_dynamic_task_mapping_with_no_taskflow_operators.py for tasks to queue
[2025-01-14T12:06:14.993+0000] {logging_mixin.py:190} INFO - [2025-01-14T12:06:14.992+0000] {dagbag.py:588} INFO - Filling up the DagBag from /home/airflow/.local/lib/python3.12/site-packages/airflow/example_dags/example_dynamic_task_mapping_with_no_taskflow_operators.py
[2025-01-14T12:06:15.004+0000] {processor.py:925} INFO - DAG(s) 'example_dynamic_task_mapping_with_no_taskflow_operators' retrieved from /home/airflow/.local/lib/python3.12/site-packages/airflow/example_dags/example_dynamic_task_mapping_with_no_taskflow_operators.py
[2025-01-14T12:06:15.026+0000] {logging_mixin.py:190} INFO - [2025-01-14T12:06:15.026+0000] {dag.py:3239} INFO - Sync 1 DAGs
[2025-01-14T12:06:15.040+0000] {logging_mixin.py:190} INFO - [2025-01-14T12:06:15.040+0000] {dag.py:4180} INFO - Setting next_dagrun for example_dynamic_task_mapping_with_no_taskflow_operators to None, run_after=None
[2025-01-14T12:06:15.062+0000] {processor.py:208} INFO - Processing /home/airflow/.local/lib/python3.12/site-packages/airflow/example_dags/example_dynamic_task_mapping_with_no_taskflow_operators.py took 0.079 seconds
[2025-01-14T12:09:49.874+0000] {processor.py:186} INFO - Started process (PID=443) to work on /home/airflow/.local/lib/python3.12/site-packages/airflow/example_dags/example_dynamic_task_mapping_with_no_taskflow_operators.py
[2025-01-14T12:09:49.876+0000] {processor.py:914} INFO - Processing file /home/airflow/.local/lib/python3.12/site-packages/airflow/example_dags/example_dynamic_task_mapping_with_no_taskflow_operators.py for tasks to queue
[2025-01-14T12:09:49.882+0000] {logging_mixin.py:190} INFO - [2025-01-14T12:09:49.881+0000] {dagbag.py:588} INFO - Filling up the DagBag from /home/airflow/.local/lib/python3.12/site-packages/airflow/example_dags/example_dynamic_task_mapping_with_no_taskflow_operators.py
[2025-01-14T12:09:49.910+0000] {processor.py:925} INFO - DAG(s) 'example_dynamic_task_mapping_with_no_taskflow_operators' retrieved from /home/airflow/.local/lib/python3.12/site-packages/airflow/example_dags/example_dynamic_task_mapping_with_no_taskflow_operators.py
[2025-01-14T12:09:49.953+0000] {logging_mixin.py:190} INFO - [2025-01-14T12:09:49.953+0000] {dag.py:3239} INFO - Sync 1 DAGs
[2025-01-14T12:09:49.995+0000] {logging_mixin.py:190} INFO - [2025-01-14T12:09:49.995+0000] {dag.py:4180} INFO - Setting next_dagrun for example_dynamic_task_mapping_with_no_taskflow_operators to None, run_after=None
[2025-01-14T12:09:50.044+0000] {processor.py:208} INFO - Processing /home/airflow/.local/lib/python3.12/site-packages/airflow/example_dags/example_dynamic_task_mapping_with_no_taskflow_operators.py took 0.178 seconds
[2025-01-14T12:10:21.185+0000] {processor.py:186} INFO - Started process (PID=739) to work on /home/airflow/.local/lib/python3.12/site-packages/airflow/example_dags/example_dynamic_task_mapping_with_no_taskflow_operators.py
[2025-01-14T12:10:21.186+0000] {processor.py:914} INFO - Processing file /home/airflow/.local/lib/python3.12/site-packages/airflow/example_dags/example_dynamic_task_mapping_with_no_taskflow_operators.py for tasks to queue
[2025-01-14T12:10:21.189+0000] {logging_mixin.py:190} INFO - [2025-01-14T12:10:21.189+0000] {dagbag.py:588} INFO - Filling up the DagBag from /home/airflow/.local/lib/python3.12/site-packages/airflow/example_dags/example_dynamic_task_mapping_with_no_taskflow_operators.py
[2025-01-14T12:10:21.212+0000] {processor.py:925} INFO - DAG(s) 'example_dynamic_task_mapping_with_no_taskflow_operators' retrieved from /home/airflow/.local/lib/python3.12/site-packages/airflow/example_dags/example_dynamic_task_mapping_with_no_taskflow_operators.py
[2025-01-14T12:10:21.258+0000] {logging_mixin.py:190} INFO - [2025-01-14T12:10:21.257+0000] {dag.py:3239} INFO - Sync 1 DAGs
[2025-01-14T12:10:21.282+0000] {logging_mixin.py:190} INFO - [2025-01-14T12:10:21.282+0000] {dag.py:4180} INFO - Setting next_dagrun for example_dynamic_task_mapping_with_no_taskflow_operators to None, run_after=None
[2025-01-14T12:10:21.319+0000] {processor.py:208} INFO - Processing /home/airflow/.local/lib/python3.12/site-packages/airflow/example_dags/example_dynamic_task_mapping_with_no_taskflow_operators.py took 0.143 seconds
[2025-01-14T12:10:51.606+0000] {processor.py:186} INFO - Started process (PID=1030) to work on /home/airflow/.local/lib/python3.12/site-packages/airflow/example_dags/example_dynamic_task_mapping_with_no_taskflow_operators.py
[2025-01-14T12:10:51.609+0000] {processor.py:914} INFO - Processing file /home/airflow/.local/lib/python3.12/site-packages/airflow/example_dags/example_dynamic_task_mapping_with_no_taskflow_operators.py for tasks to queue
[2025-01-14T12:10:51.616+0000] {logging_mixin.py:190} INFO - [2025-01-14T12:10:51.615+0000] {dagbag.py:588} INFO - Filling up the DagBag from /home/airflow/.local/lib/python3.12/site-packages/airflow/example_dags/example_dynamic_task_mapping_with_no_taskflow_operators.py
[2025-01-14T12:10:51.637+0000] {processor.py:925} INFO - DAG(s) 'example_dynamic_task_mapping_with_no_taskflow_operators' retrieved from /home/airflow/.local/lib/python3.12/site-packages/airflow/example_dags/example_dynamic_task_mapping_with_no_taskflow_operators.py
[2025-01-14T12:10:51.679+0000] {logging_mixin.py:190} INFO - [2025-01-14T12:10:51.679+0000] {dag.py:3239} INFO - Sync 1 DAGs
[2025-01-14T12:10:51.704+0000] {logging_mixin.py:190} INFO - [2025-01-14T12:10:51.704+0000] {dag.py:4180} INFO - Setting next_dagrun for example_dynamic_task_mapping_with_no_taskflow_operators to None, run_after=None
[2025-01-14T12:10:51.744+0000] {processor.py:208} INFO - Processing /home/airflow/.local/lib/python3.12/site-packages/airflow/example_dags/example_dynamic_task_mapping_with_no_taskflow_operators.py took 0.153 seconds
[2025-01-14T12:11:24.287+0000] {processor.py:186} INFO - Started process (PID=1333) to work on /home/airflow/.local/lib/python3.12/site-packages/airflow/example_dags/example_dynamic_task_mapping_with_no_taskflow_operators.py
[2025-01-14T12:11:24.290+0000] {processor.py:914} INFO - Processing file /home/airflow/.local/lib/python3.12/site-packages/airflow/example_dags/example_dynamic_task_mapping_with_no_taskflow_operators.py for tasks to queue
[2025-01-14T12:11:24.297+0000] {logging_mixin.py:190} INFO - [2025-01-14T12:11:24.296+0000] {dagbag.py:588} INFO - Filling up the DagBag from /home/airflow/.local/lib/python3.12/site-packages/airflow/example_dags/example_dynamic_task_mapping_with_no_taskflow_operators.py
[2025-01-14T12:11:24.321+0000] {processor.py:925} INFO - DAG(s) 'example_dynamic_task_mapping_with_no_taskflow_operators' retrieved from /home/airflow/.local/lib/python3.12/site-packages/airflow/example_dags/example_dynamic_task_mapping_with_no_taskflow_operators.py
[2025-01-14T12:11:24.363+0000] {logging_mixin.py:190} INFO - [2025-01-14T12:11:24.362+0000] {dag.py:3239} INFO - Sync 1 DAGs
[2025-01-14T12:11:24.402+0000] {logging_mixin.py:190} INFO - [2025-01-14T12:11:24.401+0000] {dag.py:4180} INFO - Setting next_dagrun for example_dynamic_task_mapping_with_no_taskflow_operators to None, run_after=None
[2025-01-14T12:11:24.451+0000] {processor.py:208} INFO - Processing /home/airflow/.local/lib/python3.12/site-packages/airflow/example_dags/example_dynamic_task_mapping_with_no_taskflow_operators.py took 0.179 seconds
[2025-01-14T12:11:54.650+0000] {processor.py:186} INFO - Started process (PID=1627) to work on /home/airflow/.local/lib/python3.12/site-packages/airflow/example_dags/example_dynamic_task_mapping_with_no_taskflow_operators.py
[2025-01-14T12:11:54.652+0000] {processor.py:914} INFO - Processing file /home/airflow/.local/lib/python3.12/site-packages/airflow/example_dags/example_dynamic_task_mapping_with_no_taskflow_operators.py for tasks to queue
[2025-01-14T12:11:54.656+0000] {logging_mixin.py:190} INFO - [2025-01-14T12:11:54.655+0000] {dagbag.py:588} INFO - Filling up the DagBag from /home/airflow/.local/lib/python3.12/site-packages/airflow/example_dags/example_dynamic_task_mapping_with_no_taskflow_operators.py
[2025-01-14T12:11:54.668+0000] {processor.py:925} INFO - DAG(s) 'example_dynamic_task_mapping_with_no_taskflow_operators' retrieved from /home/airflow/.local/lib/python3.12/site-packages/airflow/example_dags/example_dynamic_task_mapping_with_no_taskflow_operators.py
[2025-01-14T12:11:54.705+0000] {logging_mixin.py:190} INFO - [2025-01-14T12:11:54.705+0000] {dag.py:3239} INFO - Sync 1 DAGs
[2025-01-14T12:11:54.732+0000] {logging_mixin.py:190} INFO - [2025-01-14T12:11:54.732+0000] {dag.py:4180} INFO - Setting next_dagrun for example_dynamic_task_mapping_with_no_taskflow_operators to None, run_after=None
[2025-01-14T12:11:54.771+0000] {processor.py:208} INFO - Processing /home/airflow/.local/lib/python3.12/site-packages/airflow/example_dags/example_dynamic_task_mapping_with_no_taskflow_operators.py took 0.130 seconds
[2025-01-14T12:12:25.411+0000] {processor.py:186} INFO - Started process (PID=1924) to work on /home/airflow/.local/lib/python3.12/site-packages/airflow/example_dags/example_dynamic_task_mapping_with_no_taskflow_operators.py
[2025-01-14T12:12:25.413+0000] {processor.py:914} INFO - Processing file /home/airflow/.local/lib/python3.12/site-packages/airflow/example_dags/example_dynamic_task_mapping_with_no_taskflow_operators.py for tasks to queue
[2025-01-14T12:12:25.417+0000] {logging_mixin.py:190} INFO - [2025-01-14T12:12:25.416+0000] {dagbag.py:588} INFO - Filling up the DagBag from /home/airflow/.local/lib/python3.12/site-packages/airflow/example_dags/example_dynamic_task_mapping_with_no_taskflow_operators.py
[2025-01-14T12:12:25.431+0000] {processor.py:925} INFO - DAG(s) 'example_dynamic_task_mapping_with_no_taskflow_operators' retrieved from /home/airflow/.local/lib/python3.12/site-packages/airflow/example_dags/example_dynamic_task_mapping_with_no_taskflow_operators.py
[2025-01-14T12:12:25.480+0000] {logging_mixin.py:190} INFO - [2025-01-14T12:12:25.480+0000] {dag.py:3239} INFO - Sync 1 DAGs
[2025-01-14T12:12:25.512+0000] {logging_mixin.py:190} INFO - [2025-01-14T12:12:25.511+0000] {dag.py:4180} INFO - Setting next_dagrun for example_dynamic_task_mapping_with_no_taskflow_operators to None, run_after=None
[2025-01-14T12:12:25.550+0000] {processor.py:208} INFO - Processing /home/airflow/.local/lib/python3.12/site-packages/airflow/example_dags/example_dynamic_task_mapping_with_no_taskflow_operators.py took 0.152 seconds
[2025-01-14T12:12:56.440+0000] {processor.py:186} INFO - Started process (PID=2220) to work on /home/airflow/.local/lib/python3.12/site-packages/airflow/example_dags/example_dynamic_task_mapping_with_no_taskflow_operators.py
[2025-01-14T12:12:56.441+0000] {processor.py:914} INFO - Processing file /home/airflow/.local/lib/python3.12/site-packages/airflow/example_dags/example_dynamic_task_mapping_with_no_taskflow_operators.py for tasks to queue
[2025-01-14T12:12:56.445+0000] {logging_mixin.py:190} INFO - [2025-01-14T12:12:56.444+0000] {dagbag.py:588} INFO - Filling up the DagBag from /home/airflow/.local/lib/python3.12/site-packages/airflow/example_dags/example_dynamic_task_mapping_with_no_taskflow_operators.py
[2025-01-14T12:12:56.458+0000] {processor.py:925} INFO - DAG(s) 'example_dynamic_task_mapping_with_no_taskflow_operators' retrieved from /home/airflow/.local/lib/python3.12/site-packages/airflow/example_dags/example_dynamic_task_mapping_with_no_taskflow_operators.py
[2025-01-14T12:12:56.494+0000] {logging_mixin.py:190} INFO - [2025-01-14T12:12:56.494+0000] {dag.py:3239} INFO - Sync 1 DAGs
[2025-01-14T12:12:56.517+0000] {logging_mixin.py:190} INFO - [2025-01-14T12:12:56.517+0000] {dag.py:4180} INFO - Setting next_dagrun for example_dynamic_task_mapping_with_no_taskflow_operators to None, run_after=None
[2025-01-14T12:12:56.558+0000] {processor.py:208} INFO - Processing /home/airflow/.local/lib/python3.12/site-packages/airflow/example_dags/example_dynamic_task_mapping_with_no_taskflow_operators.py took 0.130 seconds
[2025-01-14T12:13:27.520+0000] {processor.py:186} INFO - Started process (PID=2516) to work on /home/airflow/.local/lib/python3.12/site-packages/airflow/example_dags/example_dynamic_task_mapping_with_no_taskflow_operators.py
[2025-01-14T12:13:27.522+0000] {processor.py:914} INFO - Processing file /home/airflow/.local/lib/python3.12/site-packages/airflow/example_dags/example_dynamic_task_mapping_with_no_taskflow_operators.py for tasks to queue
[2025-01-14T12:13:27.525+0000] {logging_mixin.py:190} INFO - [2025-01-14T12:13:27.525+0000] {dagbag.py:588} INFO - Filling up the DagBag from /home/airflow/.local/lib/python3.12/site-packages/airflow/example_dags/example_dynamic_task_mapping_with_no_taskflow_operators.py
[2025-01-14T12:13:27.542+0000] {processor.py:925} INFO - DAG(s) 'example_dynamic_task_mapping_with_no_taskflow_operators' retrieved from /home/airflow/.local/lib/python3.12/site-packages/airflow/example_dags/example_dynamic_task_mapping_with_no_taskflow_operators.py
[2025-01-14T12:13:27.579+0000] {logging_mixin.py:190} INFO - [2025-01-14T12:13:27.579+0000] {dag.py:3239} INFO - Sync 1 DAGs
[2025-01-14T12:13:27.604+0000] {logging_mixin.py:190} INFO - [2025-01-14T12:13:27.603+0000] {dag.py:4180} INFO - Setting next_dagrun for example_dynamic_task_mapping_with_no_taskflow_operators to None, run_after=None
[2025-01-14T12:13:27.646+0000] {processor.py:208} INFO - Processing /home/airflow/.local/lib/python3.12/site-packages/airflow/example_dags/example_dynamic_task_mapping_with_no_taskflow_operators.py took 0.140 seconds
[2025-01-14T12:13:57.881+0000] {processor.py:186} INFO - Started process (PID=2807) to work on /home/airflow/.local/lib/python3.12/site-packages/airflow/example_dags/example_dynamic_task_mapping_with_no_taskflow_operators.py
[2025-01-14T12:13:57.883+0000] {processor.py:914} INFO - Processing file /home/airflow/.local/lib/python3.12/site-packages/airflow/example_dags/example_dynamic_task_mapping_with_no_taskflow_operators.py for tasks to queue
[2025-01-14T12:13:57.890+0000] {logging_mixin.py:190} INFO - [2025-01-14T12:13:57.889+0000] {dagbag.py:588} INFO - Filling up the DagBag from /home/airflow/.local/lib/python3.12/site-packages/airflow/example_dags/example_dynamic_task_mapping_with_no_taskflow_operators.py
[2025-01-14T12:13:57.918+0000] {processor.py:925} INFO - DAG(s) 'example_dynamic_task_mapping_with_no_taskflow_operators' retrieved from /home/airflow/.local/lib/python3.12/site-packages/airflow/example_dags/example_dynamic_task_mapping_with_no_taskflow_operators.py
[2025-01-14T12:13:57.956+0000] {logging_mixin.py:190} INFO - [2025-01-14T12:13:57.955+0000] {dag.py:3239} INFO - Sync 1 DAGs
[2025-01-14T12:13:58.003+0000] {logging_mixin.py:190} INFO - [2025-01-14T12:13:58.003+0000] {dag.py:4180} INFO - Setting next_dagrun for example_dynamic_task_mapping_with_no_taskflow_operators to None, run_after=None
[2025-01-14T12:13:58.052+0000] {processor.py:208} INFO - Processing /home/airflow/.local/lib/python3.12/site-packages/airflow/example_dags/example_dynamic_task_mapping_with_no_taskflow_operators.py took 0.180 seconds
[2025-01-14T12:14:28.624+0000] {processor.py:186} INFO - Started process (PID=3103) to work on /home/airflow/.local/lib/python3.12/site-packages/airflow/example_dags/example_dynamic_task_mapping_with_no_taskflow_operators.py
[2025-01-14T12:14:28.626+0000] {processor.py:914} INFO - Processing file /home/airflow/.local/lib/python3.12/site-packages/airflow/example_dags/example_dynamic_task_mapping_with_no_taskflow_operators.py for tasks to queue
[2025-01-14T12:14:28.634+0000] {logging_mixin.py:190} INFO - [2025-01-14T12:14:28.633+0000] {dagbag.py:588} INFO - Filling up the DagBag from /home/airflow/.local/lib/python3.12/site-packages/airflow/example_dags/example_dynamic_task_mapping_with_no_taskflow_operators.py
[2025-01-14T12:14:28.651+0000] {processor.py:925} INFO - DAG(s) 'example_dynamic_task_mapping_with_no_taskflow_operators' retrieved from /home/airflow/.local/lib/python3.12/site-packages/airflow/example_dags/example_dynamic_task_mapping_with_no_taskflow_operators.py
[2025-01-14T12:14:28.705+0000] {logging_mixin.py:190} INFO - [2025-01-14T12:14:28.705+0000] {dag.py:3239} INFO - Sync 1 DAGs
[2025-01-14T12:14:28.729+0000] {logging_mixin.py:190} INFO - [2025-01-14T12:14:28.729+0000] {dag.py:4180} INFO - Setting next_dagrun for example_dynamic_task_mapping_with_no_taskflow_operators to None, run_after=None
[2025-01-14T12:14:28.765+0000] {processor.py:208} INFO - Processing /home/airflow/.local/lib/python3.12/site-packages/airflow/example_dags/example_dynamic_task_mapping_with_no_taskflow_operators.py took 0.152 seconds
[2025-01-14T12:14:59.038+0000] {processor.py:186} INFO - Started process (PID=3399) to work on /home/airflow/.local/lib/python3.12/site-packages/airflow/example_dags/example_dynamic_task_mapping_with_no_taskflow_operators.py
[2025-01-14T12:14:59.039+0000] {processor.py:914} INFO - Processing file /home/airflow/.local/lib/python3.12/site-packages/airflow/example_dags/example_dynamic_task_mapping_with_no_taskflow_operators.py for tasks to queue
[2025-01-14T12:14:59.045+0000] {logging_mixin.py:190} INFO - [2025-01-14T12:14:59.045+0000] {dagbag.py:588} INFO - Filling up the DagBag from /home/airflow/.local/lib/python3.12/site-packages/airflow/example_dags/example_dynamic_task_mapping_with_no_taskflow_operators.py
[2025-01-14T12:14:59.058+0000] {processor.py:925} INFO - DAG(s) 'example_dynamic_task_mapping_with_no_taskflow_operators' retrieved from /home/airflow/.local/lib/python3.12/site-packages/airflow/example_dags/example_dynamic_task_mapping_with_no_taskflow_operators.py
[2025-01-14T12:14:59.094+0000] {logging_mixin.py:190} INFO - [2025-01-14T12:14:59.093+0000] {dag.py:3239} INFO - Sync 1 DAGs
[2025-01-14T12:14:59.118+0000] {logging_mixin.py:190} INFO - [2025-01-14T12:14:59.117+0000] {dag.py:4180} INFO - Setting next_dagrun for example_dynamic_task_mapping_with_no_taskflow_operators to None, run_after=None
[2025-01-14T12:14:59.161+0000] {processor.py:208} INFO - Processing /home/airflow/.local/lib/python3.12/site-packages/airflow/example_dags/example_dynamic_task_mapping_with_no_taskflow_operators.py took 0.133 seconds
[2025-01-14T12:15:29.295+0000] {processor.py:186} INFO - Started process (PID=3690) to work on /home/airflow/.local/lib/python3.12/site-packages/airflow/example_dags/example_dynamic_task_mapping_with_no_taskflow_operators.py
[2025-01-14T12:15:29.298+0000] {processor.py:914} INFO - Processing file /home/airflow/.local/lib/python3.12/site-packages/airflow/example_dags/example_dynamic_task_mapping_with_no_taskflow_operators.py for tasks to queue
[2025-01-14T12:15:29.306+0000] {logging_mixin.py:190} INFO - [2025-01-14T12:15:29.305+0000] {dagbag.py:588} INFO - Filling up the DagBag from /home/airflow/.local/lib/python3.12/site-packages/airflow/example_dags/example_dynamic_task_mapping_with_no_taskflow_operators.py
[2025-01-14T12:15:29.324+0000] {processor.py:925} INFO - DAG(s) 'example_dynamic_task_mapping_with_no_taskflow_operators' retrieved from /home/airflow/.local/lib/python3.12/site-packages/airflow/example_dags/example_dynamic_task_mapping_with_no_taskflow_operators.py
[2025-01-14T12:15:29.369+0000] {logging_mixin.py:190} INFO - [2025-01-14T12:15:29.368+0000] {dag.py:3239} INFO - Sync 1 DAGs
[2025-01-14T12:15:29.396+0000] {logging_mixin.py:190} INFO - [2025-01-14T12:15:29.396+0000] {dag.py:4180} INFO - Setting next_dagrun for example_dynamic_task_mapping_with_no_taskflow_operators to None, run_after=None
[2025-01-14T12:15:29.443+0000] {processor.py:208} INFO - Processing /home/airflow/.local/lib/python3.12/site-packages/airflow/example_dags/example_dynamic_task_mapping_with_no_taskflow_operators.py took 0.156 seconds
[2025-01-14T12:32:46.860+0000] {processor.py:186} INFO - Started process (PID=451) to work on /home/airflow/.local/lib/python3.12/site-packages/airflow/example_dags/example_dynamic_task_mapping_with_no_taskflow_operators.py
[2025-01-14T12:32:46.861+0000] {processor.py:914} INFO - Processing file /home/airflow/.local/lib/python3.12/site-packages/airflow/example_dags/example_dynamic_task_mapping_with_no_taskflow_operators.py for tasks to queue
[2025-01-14T12:32:46.865+0000] {logging_mixin.py:190} INFO - [2025-01-14T12:32:46.865+0000] {dagbag.py:588} INFO - Filling up the DagBag from /home/airflow/.local/lib/python3.12/site-packages/airflow/example_dags/example_dynamic_task_mapping_with_no_taskflow_operators.py
[2025-01-14T12:32:46.881+0000] {processor.py:925} INFO - DAG(s) 'example_dynamic_task_mapping_with_no_taskflow_operators' retrieved from /home/airflow/.local/lib/python3.12/site-packages/airflow/example_dags/example_dynamic_task_mapping_with_no_taskflow_operators.py
[2025-01-14T12:32:46.926+0000] {logging_mixin.py:190} INFO - [2025-01-14T12:32:46.925+0000] {dag.py:3239} INFO - Sync 1 DAGs
[2025-01-14T12:32:46.961+0000] {logging_mixin.py:190} INFO - [2025-01-14T12:32:46.960+0000] {dag.py:4180} INFO - Setting next_dagrun for example_dynamic_task_mapping_with_no_taskflow_operators to None, run_after=None
[2025-01-14T12:32:46.997+0000] {processor.py:208} INFO - Processing /home/airflow/.local/lib/python3.12/site-packages/airflow/example_dags/example_dynamic_task_mapping_with_no_taskflow_operators.py took 0.147 seconds
[2025-01-14T12:33:17.425+0000] {processor.py:186} INFO - Started process (PID=747) to work on /home/airflow/.local/lib/python3.12/site-packages/airflow/example_dags/example_dynamic_task_mapping_with_no_taskflow_operators.py
[2025-01-14T12:33:17.427+0000] {processor.py:914} INFO - Processing file /home/airflow/.local/lib/python3.12/site-packages/airflow/example_dags/example_dynamic_task_mapping_with_no_taskflow_operators.py for tasks to queue
[2025-01-14T12:33:17.431+0000] {logging_mixin.py:190} INFO - [2025-01-14T12:33:17.430+0000] {dagbag.py:588} INFO - Filling up the DagBag from /home/airflow/.local/lib/python3.12/site-packages/airflow/example_dags/example_dynamic_task_mapping_with_no_taskflow_operators.py
[2025-01-14T12:33:17.444+0000] {processor.py:925} INFO - DAG(s) 'example_dynamic_task_mapping_with_no_taskflow_operators' retrieved from /home/airflow/.local/lib/python3.12/site-packages/airflow/example_dags/example_dynamic_task_mapping_with_no_taskflow_operators.py
[2025-01-14T12:33:17.484+0000] {logging_mixin.py:190} INFO - [2025-01-14T12:33:17.483+0000] {dag.py:3239} INFO - Sync 1 DAGs
[2025-01-14T12:33:17.510+0000] {logging_mixin.py:190} INFO - [2025-01-14T12:33:17.510+0000] {dag.py:4180} INFO - Setting next_dagrun for example_dynamic_task_mapping_with_no_taskflow_operators to None, run_after=None
[2025-01-14T12:33:17.541+0000] {processor.py:208} INFO - Processing /home/airflow/.local/lib/python3.12/site-packages/airflow/example_dags/example_dynamic_task_mapping_with_no_taskflow_operators.py took 0.125 seconds
[2025-01-14T12:33:48.235+0000] {processor.py:186} INFO - Started process (PID=1038) to work on /home/airflow/.local/lib/python3.12/site-packages/airflow/example_dags/example_dynamic_task_mapping_with_no_taskflow_operators.py
[2025-01-14T12:33:48.237+0000] {processor.py:914} INFO - Processing file /home/airflow/.local/lib/python3.12/site-packages/airflow/example_dags/example_dynamic_task_mapping_with_no_taskflow_operators.py for tasks to queue
[2025-01-14T12:33:48.241+0000] {logging_mixin.py:190} INFO - [2025-01-14T12:33:48.240+0000] {dagbag.py:588} INFO - Filling up the DagBag from /home/airflow/.local/lib/python3.12/site-packages/airflow/example_dags/example_dynamic_task_mapping_with_no_taskflow_operators.py
[2025-01-14T12:33:48.254+0000] {processor.py:925} INFO - DAG(s) 'example_dynamic_task_mapping_with_no_taskflow_operators' retrieved from /home/airflow/.local/lib/python3.12/site-packages/airflow/example_dags/example_dynamic_task_mapping_with_no_taskflow_operators.py
[2025-01-14T12:33:48.290+0000] {logging_mixin.py:190} INFO - [2025-01-14T12:33:48.289+0000] {dag.py:3239} INFO - Sync 1 DAGs
[2025-01-14T12:33:48.311+0000] {logging_mixin.py:190} INFO - [2025-01-14T12:33:48.311+0000] {dag.py:4180} INFO - Setting next_dagrun for example_dynamic_task_mapping_with_no_taskflow_operators to None, run_after=None
[2025-01-14T12:33:48.355+0000] {processor.py:208} INFO - Processing /home/airflow/.local/lib/python3.12/site-packages/airflow/example_dags/example_dynamic_task_mapping_with_no_taskflow_operators.py took 0.128 seconds
[2025-01-14T12:34:19.480+0000] {processor.py:186} INFO - Started process (PID=1334) to work on /home/airflow/.local/lib/python3.12/site-packages/airflow/example_dags/example_dynamic_task_mapping_with_no_taskflow_operators.py
[2025-01-14T12:34:19.483+0000] {processor.py:914} INFO - Processing file /home/airflow/.local/lib/python3.12/site-packages/airflow/example_dags/example_dynamic_task_mapping_with_no_taskflow_operators.py for tasks to queue
[2025-01-14T12:34:19.489+0000] {logging_mixin.py:190} INFO - [2025-01-14T12:34:19.488+0000] {dagbag.py:588} INFO - Filling up the DagBag from /home/airflow/.local/lib/python3.12/site-packages/airflow/example_dags/example_dynamic_task_mapping_with_no_taskflow_operators.py
[2025-01-14T12:34:19.502+0000] {processor.py:925} INFO - DAG(s) 'example_dynamic_task_mapping_with_no_taskflow_operators' retrieved from /home/airflow/.local/lib/python3.12/site-packages/airflow/example_dags/example_dynamic_task_mapping_with_no_taskflow_operators.py
[2025-01-14T12:34:19.549+0000] {logging_mixin.py:190} INFO - [2025-01-14T12:34:19.549+0000] {dag.py:3239} INFO - Sync 1 DAGs
[2025-01-14T12:34:19.575+0000] {logging_mixin.py:190} INFO - [2025-01-14T12:34:19.574+0000] {dag.py:4180} INFO - Setting next_dagrun for example_dynamic_task_mapping_with_no_taskflow_operators to None, run_after=None
[2025-01-14T12:34:19.609+0000] {processor.py:208} INFO - Processing /home/airflow/.local/lib/python3.12/site-packages/airflow/example_dags/example_dynamic_task_mapping_with_no_taskflow_operators.py took 0.146 seconds
[2025-01-14T12:34:50.836+0000] {processor.py:186} INFO - Started process (PID=1631) to work on /home/airflow/.local/lib/python3.12/site-packages/airflow/example_dags/example_dynamic_task_mapping_with_no_taskflow_operators.py
[2025-01-14T12:34:50.838+0000] {processor.py:914} INFO - Processing file /home/airflow/.local/lib/python3.12/site-packages/airflow/example_dags/example_dynamic_task_mapping_with_no_taskflow_operators.py for tasks to queue
[2025-01-14T12:34:50.842+0000] {logging_mixin.py:190} INFO - [2025-01-14T12:34:50.841+0000] {dagbag.py:588} INFO - Filling up the DagBag from /home/airflow/.local/lib/python3.12/site-packages/airflow/example_dags/example_dynamic_task_mapping_with_no_taskflow_operators.py
[2025-01-14T12:34:50.855+0000] {processor.py:925} INFO - DAG(s) 'example_dynamic_task_mapping_with_no_taskflow_operators' retrieved from /home/airflow/.local/lib/python3.12/site-packages/airflow/example_dags/example_dynamic_task_mapping_with_no_taskflow_operators.py
[2025-01-14T12:34:50.887+0000] {logging_mixin.py:190} INFO - [2025-01-14T12:34:50.886+0000] {dag.py:3239} INFO - Sync 1 DAGs
[2025-01-14T12:34:50.908+0000] {logging_mixin.py:190} INFO - [2025-01-14T12:34:50.908+0000] {dag.py:4180} INFO - Setting next_dagrun for example_dynamic_task_mapping_with_no_taskflow_operators to None, run_after=None
[2025-01-14T12:34:50.940+0000] {processor.py:208} INFO - Processing /home/airflow/.local/lib/python3.12/site-packages/airflow/example_dags/example_dynamic_task_mapping_with_no_taskflow_operators.py took 0.118 seconds
[2025-01-14T12:35:22.420+0000] {processor.py:186} INFO - Started process (PID=1927) to work on /home/airflow/.local/lib/python3.12/site-packages/airflow/example_dags/example_dynamic_task_mapping_with_no_taskflow_operators.py
[2025-01-14T12:35:22.422+0000] {processor.py:914} INFO - Processing file /home/airflow/.local/lib/python3.12/site-packages/airflow/example_dags/example_dynamic_task_mapping_with_no_taskflow_operators.py for tasks to queue
[2025-01-14T12:35:22.426+0000] {logging_mixin.py:190} INFO - [2025-01-14T12:35:22.425+0000] {dagbag.py:588} INFO - Filling up the DagBag from /home/airflow/.local/lib/python3.12/site-packages/airflow/example_dags/example_dynamic_task_mapping_with_no_taskflow_operators.py
[2025-01-14T12:35:22.439+0000] {processor.py:925} INFO - DAG(s) 'example_dynamic_task_mapping_with_no_taskflow_operators' retrieved from /home/airflow/.local/lib/python3.12/site-packages/airflow/example_dags/example_dynamic_task_mapping_with_no_taskflow_operators.py
[2025-01-14T12:35:22.483+0000] {logging_mixin.py:190} INFO - [2025-01-14T12:35:22.482+0000] {dag.py:3239} INFO - Sync 1 DAGs
[2025-01-14T12:35:22.508+0000] {logging_mixin.py:190} INFO - [2025-01-14T12:35:22.507+0000] {dag.py:4180} INFO - Setting next_dagrun for example_dynamic_task_mapping_with_no_taskflow_operators to None, run_after=None
[2025-01-14T12:35:22.548+0000] {processor.py:208} INFO - Processing /home/airflow/.local/lib/python3.12/site-packages/airflow/example_dags/example_dynamic_task_mapping_with_no_taskflow_operators.py took 0.137 seconds
[2025-01-14T12:35:52.931+0000] {processor.py:186} INFO - Started process (PID=2220) to work on /home/airflow/.local/lib/python3.12/site-packages/airflow/example_dags/example_dynamic_task_mapping_with_no_taskflow_operators.py
[2025-01-14T12:35:52.933+0000] {processor.py:914} INFO - Processing file /home/airflow/.local/lib/python3.12/site-packages/airflow/example_dags/example_dynamic_task_mapping_with_no_taskflow_operators.py for tasks to queue
[2025-01-14T12:35:52.939+0000] {logging_mixin.py:190} INFO - [2025-01-14T12:35:52.939+0000] {dagbag.py:588} INFO - Filling up the DagBag from /home/airflow/.local/lib/python3.12/site-packages/airflow/example_dags/example_dynamic_task_mapping_with_no_taskflow_operators.py
[2025-01-14T12:35:52.952+0000] {processor.py:925} INFO - DAG(s) 'example_dynamic_task_mapping_with_no_taskflow_operators' retrieved from /home/airflow/.local/lib/python3.12/site-packages/airflow/example_dags/example_dynamic_task_mapping_with_no_taskflow_operators.py
[2025-01-14T12:35:52.989+0000] {logging_mixin.py:190} INFO - [2025-01-14T12:35:52.988+0000] {dag.py:3239} INFO - Sync 1 DAGs
[2025-01-14T12:35:53.022+0000] {logging_mixin.py:190} INFO - [2025-01-14T12:35:53.022+0000] {dag.py:4180} INFO - Setting next_dagrun for example_dynamic_task_mapping_with_no_taskflow_operators to None, run_after=None
[2025-01-14T12:35:53.064+0000] {processor.py:208} INFO - Processing /home/airflow/.local/lib/python3.12/site-packages/airflow/example_dags/example_dynamic_task_mapping_with_no_taskflow_operators.py took 0.142 seconds
[2025-01-14T12:36:23.821+0000] {processor.py:186} INFO - Started process (PID=2513) to work on /home/airflow/.local/lib/python3.12/site-packages/airflow/example_dags/example_dynamic_task_mapping_with_no_taskflow_operators.py
[2025-01-14T12:36:23.822+0000] {processor.py:914} INFO - Processing file /home/airflow/.local/lib/python3.12/site-packages/airflow/example_dags/example_dynamic_task_mapping_with_no_taskflow_operators.py for tasks to queue
[2025-01-14T12:36:23.826+0000] {logging_mixin.py:190} INFO - [2025-01-14T12:36:23.826+0000] {dagbag.py:588} INFO - Filling up the DagBag from /home/airflow/.local/lib/python3.12/site-packages/airflow/example_dags/example_dynamic_task_mapping_with_no_taskflow_operators.py
[2025-01-14T12:36:23.840+0000] {processor.py:925} INFO - DAG(s) 'example_dynamic_task_mapping_with_no_taskflow_operators' retrieved from /home/airflow/.local/lib/python3.12/site-packages/airflow/example_dags/example_dynamic_task_mapping_with_no_taskflow_operators.py
[2025-01-14T12:36:23.881+0000] {logging_mixin.py:190} INFO - [2025-01-14T12:36:23.881+0000] {dag.py:3239} INFO - Sync 1 DAGs
[2025-01-14T12:36:23.911+0000] {logging_mixin.py:190} INFO - [2025-01-14T12:36:23.910+0000] {dag.py:4180} INFO - Setting next_dagrun for example_dynamic_task_mapping_with_no_taskflow_operators to None, run_after=None
[2025-01-14T12:36:23.950+0000] {processor.py:208} INFO - Processing /home/airflow/.local/lib/python3.12/site-packages/airflow/example_dags/example_dynamic_task_mapping_with_no_taskflow_operators.py took 0.143 seconds
[2025-01-14T12:36:54.584+0000] {processor.py:186} INFO - Started process (PID=2807) to work on /home/airflow/.local/lib/python3.12/site-packages/airflow/example_dags/example_dynamic_task_mapping_with_no_taskflow_operators.py
[2025-01-14T12:36:54.586+0000] {processor.py:914} INFO - Processing file /home/airflow/.local/lib/python3.12/site-packages/airflow/example_dags/example_dynamic_task_mapping_with_no_taskflow_operators.py for tasks to queue
[2025-01-14T12:36:54.595+0000] {logging_mixin.py:190} INFO - [2025-01-14T12:36:54.592+0000] {dagbag.py:588} INFO - Filling up the DagBag from /home/airflow/.local/lib/python3.12/site-packages/airflow/example_dags/example_dynamic_task_mapping_with_no_taskflow_operators.py
[2025-01-14T12:36:54.620+0000] {processor.py:925} INFO - DAG(s) 'example_dynamic_task_mapping_with_no_taskflow_operators' retrieved from /home/airflow/.local/lib/python3.12/site-packages/airflow/example_dags/example_dynamic_task_mapping_with_no_taskflow_operators.py
[2025-01-14T12:36:54.667+0000] {logging_mixin.py:190} INFO - [2025-01-14T12:36:54.667+0000] {dag.py:3239} INFO - Sync 1 DAGs
[2025-01-14T12:36:54.696+0000] {logging_mixin.py:190} INFO - [2025-01-14T12:36:54.696+0000] {dag.py:4180} INFO - Setting next_dagrun for example_dynamic_task_mapping_with_no_taskflow_operators to None, run_after=None
[2025-01-14T12:36:54.732+0000] {processor.py:208} INFO - Processing /home/airflow/.local/lib/python3.12/site-packages/airflow/example_dags/example_dynamic_task_mapping_with_no_taskflow_operators.py took 0.157 seconds
[2025-01-14T12:37:25.860+0000] {processor.py:186} INFO - Started process (PID=3103) to work on /home/airflow/.local/lib/python3.12/site-packages/airflow/example_dags/example_dynamic_task_mapping_with_no_taskflow_operators.py
[2025-01-14T12:37:25.862+0000] {processor.py:914} INFO - Processing file /home/airflow/.local/lib/python3.12/site-packages/airflow/example_dags/example_dynamic_task_mapping_with_no_taskflow_operators.py for tasks to queue
[2025-01-14T12:37:25.871+0000] {logging_mixin.py:190} INFO - [2025-01-14T12:37:25.869+0000] {dagbag.py:588} INFO - Filling up the DagBag from /home/airflow/.local/lib/python3.12/site-packages/airflow/example_dags/example_dynamic_task_mapping_with_no_taskflow_operators.py
[2025-01-14T12:37:25.887+0000] {processor.py:925} INFO - DAG(s) 'example_dynamic_task_mapping_with_no_taskflow_operators' retrieved from /home/airflow/.local/lib/python3.12/site-packages/airflow/example_dags/example_dynamic_task_mapping_with_no_taskflow_operators.py
[2025-01-14T12:37:25.935+0000] {logging_mixin.py:190} INFO - [2025-01-14T12:37:25.934+0000] {dag.py:3239} INFO - Sync 1 DAGs
[2025-01-14T12:37:25.982+0000] {logging_mixin.py:190} INFO - [2025-01-14T12:37:25.982+0000] {dag.py:4180} INFO - Setting next_dagrun for example_dynamic_task_mapping_with_no_taskflow_operators to None, run_after=None
[2025-01-14T12:37:26.043+0000] {processor.py:208} INFO - Processing /home/airflow/.local/lib/python3.12/site-packages/airflow/example_dags/example_dynamic_task_mapping_with_no_taskflow_operators.py took 0.193 seconds
[2025-01-14T12:37:56.992+0000] {processor.py:186} INFO - Started process (PID=3399) to work on /home/airflow/.local/lib/python3.12/site-packages/airflow/example_dags/example_dynamic_task_mapping_with_no_taskflow_operators.py
[2025-01-14T12:37:56.993+0000] {processor.py:914} INFO - Processing file /home/airflow/.local/lib/python3.12/site-packages/airflow/example_dags/example_dynamic_task_mapping_with_no_taskflow_operators.py for tasks to queue
[2025-01-14T12:37:56.997+0000] {logging_mixin.py:190} INFO - [2025-01-14T12:37:56.996+0000] {dagbag.py:588} INFO - Filling up the DagBag from /home/airflow/.local/lib/python3.12/site-packages/airflow/example_dags/example_dynamic_task_mapping_with_no_taskflow_operators.py
[2025-01-14T12:37:57.010+0000] {processor.py:925} INFO - DAG(s) 'example_dynamic_task_mapping_with_no_taskflow_operators' retrieved from /home/airflow/.local/lib/python3.12/site-packages/airflow/example_dags/example_dynamic_task_mapping_with_no_taskflow_operators.py
[2025-01-14T12:37:57.041+0000] {logging_mixin.py:190} INFO - [2025-01-14T12:37:57.041+0000] {dag.py:3239} INFO - Sync 1 DAGs
[2025-01-14T12:37:57.070+0000] {logging_mixin.py:190} INFO - [2025-01-14T12:37:57.069+0000] {dag.py:4180} INFO - Setting next_dagrun for example_dynamic_task_mapping_with_no_taskflow_operators to None, run_after=None
[2025-01-14T12:37:57.111+0000] {processor.py:208} INFO - Processing /home/airflow/.local/lib/python3.12/site-packages/airflow/example_dags/example_dynamic_task_mapping_with_no_taskflow_operators.py took 0.128 seconds
[2025-01-14T12:38:27.219+0000] {processor.py:186} INFO - Started process (PID=3690) to work on /home/airflow/.local/lib/python3.12/site-packages/airflow/example_dags/example_dynamic_task_mapping_with_no_taskflow_operators.py
[2025-01-14T12:38:27.221+0000] {processor.py:914} INFO - Processing file /home/airflow/.local/lib/python3.12/site-packages/airflow/example_dags/example_dynamic_task_mapping_with_no_taskflow_operators.py for tasks to queue
[2025-01-14T12:38:27.229+0000] {logging_mixin.py:190} INFO - [2025-01-14T12:38:27.228+0000] {dagbag.py:588} INFO - Filling up the DagBag from /home/airflow/.local/lib/python3.12/site-packages/airflow/example_dags/example_dynamic_task_mapping_with_no_taskflow_operators.py
[2025-01-14T12:38:27.244+0000] {processor.py:925} INFO - DAG(s) 'example_dynamic_task_mapping_with_no_taskflow_operators' retrieved from /home/airflow/.local/lib/python3.12/site-packages/airflow/example_dags/example_dynamic_task_mapping_with_no_taskflow_operators.py
[2025-01-14T12:38:27.293+0000] {logging_mixin.py:190} INFO - [2025-01-14T12:38:27.292+0000] {dag.py:3239} INFO - Sync 1 DAGs
[2025-01-14T12:38:27.318+0000] {logging_mixin.py:190} INFO - [2025-01-14T12:38:27.317+0000] {dag.py:4180} INFO - Setting next_dagrun for example_dynamic_task_mapping_with_no_taskflow_operators to None, run_after=None
[2025-01-14T12:38:27.361+0000] {processor.py:208} INFO - Processing /home/airflow/.local/lib/python3.12/site-packages/airflow/example_dags/example_dynamic_task_mapping_with_no_taskflow_operators.py took 0.160 seconds
[2025-01-14T12:38:57.467+0000] {processor.py:186} INFO - Started process (PID=3983) to work on /home/airflow/.local/lib/python3.12/site-packages/airflow/example_dags/example_dynamic_task_mapping_with_no_taskflow_operators.py
[2025-01-14T12:38:57.468+0000] {processor.py:914} INFO - Processing file /home/airflow/.local/lib/python3.12/site-packages/airflow/example_dags/example_dynamic_task_mapping_with_no_taskflow_operators.py for tasks to queue
[2025-01-14T12:38:57.472+0000] {logging_mixin.py:190} INFO - [2025-01-14T12:38:57.472+0000] {dagbag.py:588} INFO - Filling up the DagBag from /home/airflow/.local/lib/python3.12/site-packages/airflow/example_dags/example_dynamic_task_mapping_with_no_taskflow_operators.py
[2025-01-14T12:38:57.485+0000] {processor.py:925} INFO - DAG(s) 'example_dynamic_task_mapping_with_no_taskflow_operators' retrieved from /home/airflow/.local/lib/python3.12/site-packages/airflow/example_dags/example_dynamic_task_mapping_with_no_taskflow_operators.py
[2025-01-14T12:38:57.522+0000] {logging_mixin.py:190} INFO - [2025-01-14T12:38:57.522+0000] {dag.py:3239} INFO - Sync 1 DAGs
[2025-01-14T12:38:57.544+0000] {logging_mixin.py:190} INFO - [2025-01-14T12:38:57.544+0000] {dag.py:4180} INFO - Setting next_dagrun for example_dynamic_task_mapping_with_no_taskflow_operators to None, run_after=None
[2025-01-14T12:38:57.573+0000] {processor.py:208} INFO - Processing /home/airflow/.local/lib/python3.12/site-packages/airflow/example_dags/example_dynamic_task_mapping_with_no_taskflow_operators.py took 0.116 seconds
[2025-01-14T12:39:27.777+0000] {processor.py:186} INFO - Started process (PID=4277) to work on /home/airflow/.local/lib/python3.12/site-packages/airflow/example_dags/example_dynamic_task_mapping_with_no_taskflow_operators.py
[2025-01-14T12:39:27.779+0000] {processor.py:914} INFO - Processing file /home/airflow/.local/lib/python3.12/site-packages/airflow/example_dags/example_dynamic_task_mapping_with_no_taskflow_operators.py for tasks to queue
[2025-01-14T12:39:27.787+0000] {logging_mixin.py:190} INFO - [2025-01-14T12:39:27.786+0000] {dagbag.py:588} INFO - Filling up the DagBag from /home/airflow/.local/lib/python3.12/site-packages/airflow/example_dags/example_dynamic_task_mapping_with_no_taskflow_operators.py
[2025-01-14T12:39:27.812+0000] {processor.py:925} INFO - DAG(s) 'example_dynamic_task_mapping_with_no_taskflow_operators' retrieved from /home/airflow/.local/lib/python3.12/site-packages/airflow/example_dags/example_dynamic_task_mapping_with_no_taskflow_operators.py
[2025-01-14T12:39:27.866+0000] {logging_mixin.py:190} INFO - [2025-01-14T12:39:27.866+0000] {dag.py:3239} INFO - Sync 1 DAGs
[2025-01-14T12:39:27.893+0000] {logging_mixin.py:190} INFO - [2025-01-14T12:39:27.893+0000] {dag.py:4180} INFO - Setting next_dagrun for example_dynamic_task_mapping_with_no_taskflow_operators to None, run_after=None
[2025-01-14T12:39:27.943+0000] {processor.py:208} INFO - Processing /home/airflow/.local/lib/python3.12/site-packages/airflow/example_dags/example_dynamic_task_mapping_with_no_taskflow_operators.py took 0.179 seconds
[2025-01-14T12:39:58.169+0000] {processor.py:186} INFO - Started process (PID=4573) to work on /home/airflow/.local/lib/python3.12/site-packages/airflow/example_dags/example_dynamic_task_mapping_with_no_taskflow_operators.py
[2025-01-14T12:39:58.172+0000] {processor.py:914} INFO - Processing file /home/airflow/.local/lib/python3.12/site-packages/airflow/example_dags/example_dynamic_task_mapping_with_no_taskflow_operators.py for tasks to queue
[2025-01-14T12:39:58.179+0000] {logging_mixin.py:190} INFO - [2025-01-14T12:39:58.178+0000] {dagbag.py:588} INFO - Filling up the DagBag from /home/airflow/.local/lib/python3.12/site-packages/airflow/example_dags/example_dynamic_task_mapping_with_no_taskflow_operators.py
[2025-01-14T12:39:58.193+0000] {processor.py:925} INFO - DAG(s) 'example_dynamic_task_mapping_with_no_taskflow_operators' retrieved from /home/airflow/.local/lib/python3.12/site-packages/airflow/example_dags/example_dynamic_task_mapping_with_no_taskflow_operators.py
[2025-01-14T12:39:58.241+0000] {logging_mixin.py:190} INFO - [2025-01-14T12:39:58.240+0000] {dag.py:3239} INFO - Sync 1 DAGs
[2025-01-14T12:39:58.266+0000] {logging_mixin.py:190} INFO - [2025-01-14T12:39:58.265+0000] {dag.py:4180} INFO - Setting next_dagrun for example_dynamic_task_mapping_with_no_taskflow_operators to None, run_after=None
[2025-01-14T12:39:58.305+0000] {processor.py:208} INFO - Processing /home/airflow/.local/lib/python3.12/site-packages/airflow/example_dags/example_dynamic_task_mapping_with_no_taskflow_operators.py took 0.144 seconds
[2025-01-14T12:40:28.961+0000] {processor.py:186} INFO - Started process (PID=4869) to work on /home/airflow/.local/lib/python3.12/site-packages/airflow/example_dags/example_dynamic_task_mapping_with_no_taskflow_operators.py
[2025-01-14T12:40:28.963+0000] {processor.py:914} INFO - Processing file /home/airflow/.local/lib/python3.12/site-packages/airflow/example_dags/example_dynamic_task_mapping_with_no_taskflow_operators.py for tasks to queue
[2025-01-14T12:40:28.970+0000] {logging_mixin.py:190} INFO - [2025-01-14T12:40:28.969+0000] {dagbag.py:588} INFO - Filling up the DagBag from /home/airflow/.local/lib/python3.12/site-packages/airflow/example_dags/example_dynamic_task_mapping_with_no_taskflow_operators.py
[2025-01-14T12:40:28.997+0000] {processor.py:925} INFO - DAG(s) 'example_dynamic_task_mapping_with_no_taskflow_operators' retrieved from /home/airflow/.local/lib/python3.12/site-packages/airflow/example_dags/example_dynamic_task_mapping_with_no_taskflow_operators.py
[2025-01-14T12:40:29.036+0000] {logging_mixin.py:190} INFO - [2025-01-14T12:40:29.036+0000] {dag.py:3239} INFO - Sync 1 DAGs
[2025-01-14T12:40:29.072+0000] {logging_mixin.py:190} INFO - [2025-01-14T12:40:29.071+0000] {dag.py:4180} INFO - Setting next_dagrun for example_dynamic_task_mapping_with_no_taskflow_operators to None, run_after=None
[2025-01-14T12:40:29.119+0000] {processor.py:208} INFO - Processing /home/airflow/.local/lib/python3.12/site-packages/airflow/example_dags/example_dynamic_task_mapping_with_no_taskflow_operators.py took 0.168 seconds
[2025-01-14T12:40:59.369+0000] {processor.py:186} INFO - Started process (PID=5165) to work on /home/airflow/.local/lib/python3.12/site-packages/airflow/example_dags/example_dynamic_task_mapping_with_no_taskflow_operators.py
[2025-01-14T12:40:59.370+0000] {processor.py:914} INFO - Processing file /home/airflow/.local/lib/python3.12/site-packages/airflow/example_dags/example_dynamic_task_mapping_with_no_taskflow_operators.py for tasks to queue
[2025-01-14T12:40:59.378+0000] {logging_mixin.py:190} INFO - [2025-01-14T12:40:59.377+0000] {dagbag.py:588} INFO - Filling up the DagBag from /home/airflow/.local/lib/python3.12/site-packages/airflow/example_dags/example_dynamic_task_mapping_with_no_taskflow_operators.py
[2025-01-14T12:40:59.400+0000] {processor.py:925} INFO - DAG(s) 'example_dynamic_task_mapping_with_no_taskflow_operators' retrieved from /home/airflow/.local/lib/python3.12/site-packages/airflow/example_dags/example_dynamic_task_mapping_with_no_taskflow_operators.py
[2025-01-14T12:40:59.445+0000] {logging_mixin.py:190} INFO - [2025-01-14T12:40:59.444+0000] {dag.py:3239} INFO - Sync 1 DAGs
[2025-01-14T12:40:59.475+0000] {logging_mixin.py:190} INFO - [2025-01-14T12:40:59.474+0000] {dag.py:4180} INFO - Setting next_dagrun for example_dynamic_task_mapping_with_no_taskflow_operators to None, run_after=None
[2025-01-14T12:40:59.523+0000] {processor.py:208} INFO - Processing /home/airflow/.local/lib/python3.12/site-packages/airflow/example_dags/example_dynamic_task_mapping_with_no_taskflow_operators.py took 0.164 seconds
[2025-01-14T12:41:29.649+0000] {processor.py:186} INFO - Started process (PID=5461) to work on /home/airflow/.local/lib/python3.12/site-packages/airflow/example_dags/example_dynamic_task_mapping_with_no_taskflow_operators.py
[2025-01-14T12:41:29.651+0000] {processor.py:914} INFO - Processing file /home/airflow/.local/lib/python3.12/site-packages/airflow/example_dags/example_dynamic_task_mapping_with_no_taskflow_operators.py for tasks to queue
[2025-01-14T12:41:29.658+0000] {logging_mixin.py:190} INFO - [2025-01-14T12:41:29.657+0000] {dagbag.py:588} INFO - Filling up the DagBag from /home/airflow/.local/lib/python3.12/site-packages/airflow/example_dags/example_dynamic_task_mapping_with_no_taskflow_operators.py
[2025-01-14T12:41:29.681+0000] {processor.py:925} INFO - DAG(s) 'example_dynamic_task_mapping_with_no_taskflow_operators' retrieved from /home/airflow/.local/lib/python3.12/site-packages/airflow/example_dags/example_dynamic_task_mapping_with_no_taskflow_operators.py
[2025-01-14T12:41:29.728+0000] {logging_mixin.py:190} INFO - [2025-01-14T12:41:29.727+0000] {dag.py:3239} INFO - Sync 1 DAGs
[2025-01-14T12:41:29.772+0000] {logging_mixin.py:190} INFO - [2025-01-14T12:41:29.772+0000] {dag.py:4180} INFO - Setting next_dagrun for example_dynamic_task_mapping_with_no_taskflow_operators to None, run_after=None
[2025-01-14T12:41:29.820+0000] {processor.py:208} INFO - Processing /home/airflow/.local/lib/python3.12/site-packages/airflow/example_dags/example_dynamic_task_mapping_with_no_taskflow_operators.py took 0.183 seconds
[2025-01-14T13:20:04.846+0000] {processor.py:186} INFO - Started process (PID=432) to work on /home/airflow/.local/lib/python3.12/site-packages/airflow/example_dags/example_dynamic_task_mapping_with_no_taskflow_operators.py
[2025-01-14T13:20:04.848+0000] {processor.py:914} INFO - Processing file /home/airflow/.local/lib/python3.12/site-packages/airflow/example_dags/example_dynamic_task_mapping_with_no_taskflow_operators.py for tasks to queue
[2025-01-14T13:20:04.852+0000] {logging_mixin.py:190} INFO - [2025-01-14T13:20:04.852+0000] {dagbag.py:588} INFO - Filling up the DagBag from /home/airflow/.local/lib/python3.12/site-packages/airflow/example_dags/example_dynamic_task_mapping_with_no_taskflow_operators.py
[2025-01-14T13:20:04.872+0000] {processor.py:925} INFO - DAG(s) 'example_dynamic_task_mapping_with_no_taskflow_operators' retrieved from /home/airflow/.local/lib/python3.12/site-packages/airflow/example_dags/example_dynamic_task_mapping_with_no_taskflow_operators.py
[2025-01-14T13:20:05.069+0000] {logging_mixin.py:190} INFO - [2025-01-14T13:20:05.068+0000] {override.py:1911} INFO - Created Permission View: can delete on DAG:example_dynamic_task_mapping_with_no_taskflow_operators
[2025-01-14T13:20:05.090+0000] {logging_mixin.py:190} INFO - [2025-01-14T13:20:05.090+0000] {override.py:1911} INFO - Created Permission View: can edit on DAG:example_dynamic_task_mapping_with_no_taskflow_operators
[2025-01-14T13:20:05.104+0000] {logging_mixin.py:190} INFO - [2025-01-14T13:20:05.104+0000] {override.py:1911} INFO - Created Permission View: can read on DAG:example_dynamic_task_mapping_with_no_taskflow_operators
[2025-01-14T13:20:05.122+0000] {logging_mixin.py:190} INFO - [2025-01-14T13:20:05.121+0000] {override.py:1911} INFO - Created Permission View: can create on DAG Run:example_dynamic_task_mapping_with_no_taskflow_operators
[2025-01-14T13:20:05.138+0000] {logging_mixin.py:190} INFO - [2025-01-14T13:20:05.137+0000] {override.py:1911} INFO - Created Permission View: can delete on DAG Run:example_dynamic_task_mapping_with_no_taskflow_operators
[2025-01-14T13:20:05.154+0000] {logging_mixin.py:190} INFO - [2025-01-14T13:20:05.153+0000] {override.py:1911} INFO - Created Permission View: menu access on DAG Run:example_dynamic_task_mapping_with_no_taskflow_operators
[2025-01-14T13:20:05.172+0000] {logging_mixin.py:190} INFO - [2025-01-14T13:20:05.171+0000] {override.py:1911} INFO - Created Permission View: can read on DAG Run:example_dynamic_task_mapping_with_no_taskflow_operators
[2025-01-14T13:20:05.174+0000] {logging_mixin.py:190} INFO - [2025-01-14T13:20:05.174+0000] {dag.py:3239} INFO - Sync 1 DAGs
[2025-01-14T13:20:05.197+0000] {logging_mixin.py:190} INFO - [2025-01-14T13:20:05.196+0000] {dag.py:3262} INFO - Creating ORM DAG for example_dynamic_task_mapping_with_no_taskflow_operators
[2025-01-14T13:20:05.199+0000] {logging_mixin.py:190} INFO - [2025-01-14T13:20:05.199+0000] {dag.py:4180} INFO - Setting next_dagrun for example_dynamic_task_mapping_with_no_taskflow_operators to None, run_after=None
[2025-01-14T13:20:05.233+0000] {processor.py:208} INFO - Processing /home/airflow/.local/lib/python3.12/site-packages/airflow/example_dags/example_dynamic_task_mapping_with_no_taskflow_operators.py took 0.396 seconds
[2025-01-14T13:20:35.391+0000] {processor.py:186} INFO - Started process (PID=728) to work on /home/airflow/.local/lib/python3.12/site-packages/airflow/example_dags/example_dynamic_task_mapping_with_no_taskflow_operators.py
[2025-01-14T13:20:35.393+0000] {processor.py:914} INFO - Processing file /home/airflow/.local/lib/python3.12/site-packages/airflow/example_dags/example_dynamic_task_mapping_with_no_taskflow_operators.py for tasks to queue
[2025-01-14T13:20:35.402+0000] {logging_mixin.py:190} INFO - [2025-01-14T13:20:35.401+0000] {dagbag.py:588} INFO - Filling up the DagBag from /home/airflow/.local/lib/python3.12/site-packages/airflow/example_dags/example_dynamic_task_mapping_with_no_taskflow_operators.py
[2025-01-14T13:20:35.424+0000] {processor.py:925} INFO - DAG(s) 'example_dynamic_task_mapping_with_no_taskflow_operators' retrieved from /home/airflow/.local/lib/python3.12/site-packages/airflow/example_dags/example_dynamic_task_mapping_with_no_taskflow_operators.py
[2025-01-14T13:20:35.468+0000] {logging_mixin.py:190} INFO - [2025-01-14T13:20:35.467+0000] {dag.py:3239} INFO - Sync 1 DAGs
[2025-01-14T13:20:35.501+0000] {logging_mixin.py:190} INFO - [2025-01-14T13:20:35.501+0000] {dag.py:4180} INFO - Setting next_dagrun for example_dynamic_task_mapping_with_no_taskflow_operators to None, run_after=None
[2025-01-14T13:20:35.545+0000] {processor.py:208} INFO - Processing /home/airflow/.local/lib/python3.12/site-packages/airflow/example_dags/example_dynamic_task_mapping_with_no_taskflow_operators.py took 0.164 seconds
[2025-01-14T13:21:05.697+0000] {processor.py:186} INFO - Started process (PID=1024) to work on /home/airflow/.local/lib/python3.12/site-packages/airflow/example_dags/example_dynamic_task_mapping_with_no_taskflow_operators.py
[2025-01-14T13:21:05.700+0000] {processor.py:914} INFO - Processing file /home/airflow/.local/lib/python3.12/site-packages/airflow/example_dags/example_dynamic_task_mapping_with_no_taskflow_operators.py for tasks to queue
[2025-01-14T13:21:05.706+0000] {logging_mixin.py:190} INFO - [2025-01-14T13:21:05.705+0000] {dagbag.py:588} INFO - Filling up the DagBag from /home/airflow/.local/lib/python3.12/site-packages/airflow/example_dags/example_dynamic_task_mapping_with_no_taskflow_operators.py
[2025-01-14T13:21:05.721+0000] {processor.py:925} INFO - DAG(s) 'example_dynamic_task_mapping_with_no_taskflow_operators' retrieved from /home/airflow/.local/lib/python3.12/site-packages/airflow/example_dags/example_dynamic_task_mapping_with_no_taskflow_operators.py
[2025-01-14T13:21:05.761+0000] {logging_mixin.py:190} INFO - [2025-01-14T13:21:05.761+0000] {dag.py:3239} INFO - Sync 1 DAGs
[2025-01-14T13:21:05.795+0000] {logging_mixin.py:190} INFO - [2025-01-14T13:21:05.795+0000] {dag.py:4180} INFO - Setting next_dagrun for example_dynamic_task_mapping_with_no_taskflow_operators to None, run_after=None
[2025-01-14T13:21:05.828+0000] {processor.py:208} INFO - Processing /home/airflow/.local/lib/python3.12/site-packages/airflow/example_dags/example_dynamic_task_mapping_with_no_taskflow_operators.py took 0.140 seconds
[2025-01-14T13:21:40.423+0000] {processor.py:186} INFO - Started process (PID=1417) to work on /home/airflow/.local/lib/python3.12/site-packages/airflow/example_dags/example_dynamic_task_mapping_with_no_taskflow_operators.py
[2025-01-14T13:21:40.429+0000] {processor.py:914} INFO - Processing file /home/airflow/.local/lib/python3.12/site-packages/airflow/example_dags/example_dynamic_task_mapping_with_no_taskflow_operators.py for tasks to queue
[2025-01-14T13:21:40.438+0000] {logging_mixin.py:190} INFO - [2025-01-14T13:21:40.438+0000] {dagbag.py:588} INFO - Filling up the DagBag from /home/airflow/.local/lib/python3.12/site-packages/airflow/example_dags/example_dynamic_task_mapping_with_no_taskflow_operators.py
[2025-01-14T13:21:40.481+0000] {processor.py:925} INFO - DAG(s) 'example_dynamic_task_mapping_with_no_taskflow_operators' retrieved from /home/airflow/.local/lib/python3.12/site-packages/airflow/example_dags/example_dynamic_task_mapping_with_no_taskflow_operators.py
[2025-01-14T13:21:40.536+0000] {logging_mixin.py:190} INFO - [2025-01-14T13:21:40.536+0000] {dag.py:3239} INFO - Sync 1 DAGs
[2025-01-14T13:21:40.577+0000] {logging_mixin.py:190} INFO - [2025-01-14T13:21:40.576+0000] {dag.py:4180} INFO - Setting next_dagrun for example_dynamic_task_mapping_with_no_taskflow_operators to None, run_after=None
[2025-01-14T13:21:40.689+0000] {processor.py:208} INFO - Processing /home/airflow/.local/lib/python3.12/site-packages/airflow/example_dags/example_dynamic_task_mapping_with_no_taskflow_operators.py took 0.290 seconds
[2025-01-14T13:22:10.833+0000] {processor.py:186} INFO - Started process (PID=1736) to work on /home/airflow/.local/lib/python3.12/site-packages/airflow/example_dags/example_dynamic_task_mapping_with_no_taskflow_operators.py
[2025-01-14T13:22:10.835+0000] {processor.py:914} INFO - Processing file /home/airflow/.local/lib/python3.12/site-packages/airflow/example_dags/example_dynamic_task_mapping_with_no_taskflow_operators.py for tasks to queue
[2025-01-14T13:22:10.843+0000] {logging_mixin.py:190} INFO - [2025-01-14T13:22:10.842+0000] {dagbag.py:588} INFO - Filling up the DagBag from /home/airflow/.local/lib/python3.12/site-packages/airflow/example_dags/example_dynamic_task_mapping_with_no_taskflow_operators.py
[2025-01-14T13:22:10.857+0000] {processor.py:925} INFO - DAG(s) 'example_dynamic_task_mapping_with_no_taskflow_operators' retrieved from /home/airflow/.local/lib/python3.12/site-packages/airflow/example_dags/example_dynamic_task_mapping_with_no_taskflow_operators.py
[2025-01-14T13:22:10.894+0000] {logging_mixin.py:190} INFO - [2025-01-14T13:22:10.894+0000] {dag.py:3239} INFO - Sync 1 DAGs
[2025-01-14T13:22:10.934+0000] {logging_mixin.py:190} INFO - [2025-01-14T13:22:10.933+0000] {dag.py:4180} INFO - Setting next_dagrun for example_dynamic_task_mapping_with_no_taskflow_operators to None, run_after=None
[2025-01-14T13:22:10.982+0000] {processor.py:208} INFO - Processing /home/airflow/.local/lib/python3.12/site-packages/airflow/example_dags/example_dynamic_task_mapping_with_no_taskflow_operators.py took 0.163 seconds
[2025-01-14T13:22:41.317+0000] {processor.py:186} INFO - Started process (PID=2033) to work on /home/airflow/.local/lib/python3.12/site-packages/airflow/example_dags/example_dynamic_task_mapping_with_no_taskflow_operators.py
[2025-01-14T13:22:41.320+0000] {processor.py:914} INFO - Processing file /home/airflow/.local/lib/python3.12/site-packages/airflow/example_dags/example_dynamic_task_mapping_with_no_taskflow_operators.py for tasks to queue
[2025-01-14T13:22:41.328+0000] {logging_mixin.py:190} INFO - [2025-01-14T13:22:41.327+0000] {dagbag.py:588} INFO - Filling up the DagBag from /home/airflow/.local/lib/python3.12/site-packages/airflow/example_dags/example_dynamic_task_mapping_with_no_taskflow_operators.py
[2025-01-14T13:22:41.348+0000] {processor.py:925} INFO - DAG(s) 'example_dynamic_task_mapping_with_no_taskflow_operators' retrieved from /home/airflow/.local/lib/python3.12/site-packages/airflow/example_dags/example_dynamic_task_mapping_with_no_taskflow_operators.py
[2025-01-14T13:22:41.391+0000] {logging_mixin.py:190} INFO - [2025-01-14T13:22:41.391+0000] {dag.py:3239} INFO - Sync 1 DAGs
[2025-01-14T13:22:41.432+0000] {logging_mixin.py:190} INFO - [2025-01-14T13:22:41.432+0000] {dag.py:4180} INFO - Setting next_dagrun for example_dynamic_task_mapping_with_no_taskflow_operators to None, run_after=None
[2025-01-14T13:22:41.465+0000] {processor.py:208} INFO - Processing /home/airflow/.local/lib/python3.12/site-packages/airflow/example_dags/example_dynamic_task_mapping_with_no_taskflow_operators.py took 0.167 seconds
[2025-01-14T13:23:11.851+0000] {processor.py:186} INFO - Started process (PID=2329) to work on /home/airflow/.local/lib/python3.12/site-packages/airflow/example_dags/example_dynamic_task_mapping_with_no_taskflow_operators.py
[2025-01-14T13:23:11.853+0000] {processor.py:914} INFO - Processing file /home/airflow/.local/lib/python3.12/site-packages/airflow/example_dags/example_dynamic_task_mapping_with_no_taskflow_operators.py for tasks to queue
[2025-01-14T13:23:11.861+0000] {logging_mixin.py:190} INFO - [2025-01-14T13:23:11.860+0000] {dagbag.py:588} INFO - Filling up the DagBag from /home/airflow/.local/lib/python3.12/site-packages/airflow/example_dags/example_dynamic_task_mapping_with_no_taskflow_operators.py
[2025-01-14T13:23:11.876+0000] {processor.py:925} INFO - DAG(s) 'example_dynamic_task_mapping_with_no_taskflow_operators' retrieved from /home/airflow/.local/lib/python3.12/site-packages/airflow/example_dags/example_dynamic_task_mapping_with_no_taskflow_operators.py
[2025-01-14T13:23:11.914+0000] {logging_mixin.py:190} INFO - [2025-01-14T13:23:11.914+0000] {dag.py:3239} INFO - Sync 1 DAGs
[2025-01-14T13:23:11.939+0000] {logging_mixin.py:190} INFO - [2025-01-14T13:23:11.939+0000] {dag.py:4180} INFO - Setting next_dagrun for example_dynamic_task_mapping_with_no_taskflow_operators to None, run_after=None
[2025-01-14T13:23:11.971+0000] {processor.py:208} INFO - Processing /home/airflow/.local/lib/python3.12/site-packages/airflow/example_dags/example_dynamic_task_mapping_with_no_taskflow_operators.py took 0.130 seconds
[2025-01-14T13:23:42.189+0000] {processor.py:186} INFO - Started process (PID=2622) to work on /home/airflow/.local/lib/python3.12/site-packages/airflow/example_dags/example_dynamic_task_mapping_with_no_taskflow_operators.py
[2025-01-14T13:23:42.191+0000] {processor.py:914} INFO - Processing file /home/airflow/.local/lib/python3.12/site-packages/airflow/example_dags/example_dynamic_task_mapping_with_no_taskflow_operators.py for tasks to queue
[2025-01-14T13:23:42.198+0000] {logging_mixin.py:190} INFO - [2025-01-14T13:23:42.198+0000] {dagbag.py:588} INFO - Filling up the DagBag from /home/airflow/.local/lib/python3.12/site-packages/airflow/example_dags/example_dynamic_task_mapping_with_no_taskflow_operators.py
[2025-01-14T13:23:42.211+0000] {processor.py:925} INFO - DAG(s) 'example_dynamic_task_mapping_with_no_taskflow_operators' retrieved from /home/airflow/.local/lib/python3.12/site-packages/airflow/example_dags/example_dynamic_task_mapping_with_no_taskflow_operators.py
[2025-01-14T13:23:42.251+0000] {logging_mixin.py:190} INFO - [2025-01-14T13:23:42.251+0000] {dag.py:3239} INFO - Sync 1 DAGs
[2025-01-14T13:23:42.277+0000] {logging_mixin.py:190} INFO - [2025-01-14T13:23:42.276+0000] {dag.py:4180} INFO - Setting next_dagrun for example_dynamic_task_mapping_with_no_taskflow_operators to None, run_after=None
[2025-01-14T13:23:42.308+0000] {processor.py:208} INFO - Processing /home/airflow/.local/lib/python3.12/site-packages/airflow/example_dags/example_dynamic_task_mapping_with_no_taskflow_operators.py took 0.128 seconds
[2025-01-14T13:24:13.016+0000] {processor.py:186} INFO - Started process (PID=2915) to work on /home/airflow/.local/lib/python3.12/site-packages/airflow/example_dags/example_dynamic_task_mapping_with_no_taskflow_operators.py
[2025-01-14T13:24:13.017+0000] {processor.py:914} INFO - Processing file /home/airflow/.local/lib/python3.12/site-packages/airflow/example_dags/example_dynamic_task_mapping_with_no_taskflow_operators.py for tasks to queue
[2025-01-14T13:24:13.022+0000] {logging_mixin.py:190} INFO - [2025-01-14T13:24:13.021+0000] {dagbag.py:588} INFO - Filling up the DagBag from /home/airflow/.local/lib/python3.12/site-packages/airflow/example_dags/example_dynamic_task_mapping_with_no_taskflow_operators.py
[2025-01-14T13:24:13.035+0000] {processor.py:925} INFO - DAG(s) 'example_dynamic_task_mapping_with_no_taskflow_operators' retrieved from /home/airflow/.local/lib/python3.12/site-packages/airflow/example_dags/example_dynamic_task_mapping_with_no_taskflow_operators.py
[2025-01-14T13:24:13.076+0000] {logging_mixin.py:190} INFO - [2025-01-14T13:24:13.075+0000] {dag.py:3239} INFO - Sync 1 DAGs
[2025-01-14T13:24:13.101+0000] {logging_mixin.py:190} INFO - [2025-01-14T13:24:13.101+0000] {dag.py:4180} INFO - Setting next_dagrun for example_dynamic_task_mapping_with_no_taskflow_operators to None, run_after=None
[2025-01-14T13:24:13.135+0000] {processor.py:208} INFO - Processing /home/airflow/.local/lib/python3.12/site-packages/airflow/example_dags/example_dynamic_task_mapping_with_no_taskflow_operators.py took 0.128 seconds
[2025-01-14T13:24:43.812+0000] {processor.py:186} INFO - Started process (PID=3210) to work on /home/airflow/.local/lib/python3.12/site-packages/airflow/example_dags/example_dynamic_task_mapping_with_no_taskflow_operators.py
[2025-01-14T13:24:43.814+0000] {processor.py:914} INFO - Processing file /home/airflow/.local/lib/python3.12/site-packages/airflow/example_dags/example_dynamic_task_mapping_with_no_taskflow_operators.py for tasks to queue
[2025-01-14T13:24:43.819+0000] {logging_mixin.py:190} INFO - [2025-01-14T13:24:43.818+0000] {dagbag.py:588} INFO - Filling up the DagBag from /home/airflow/.local/lib/python3.12/site-packages/airflow/example_dags/example_dynamic_task_mapping_with_no_taskflow_operators.py
[2025-01-14T13:24:43.832+0000] {processor.py:925} INFO - DAG(s) 'example_dynamic_task_mapping_with_no_taskflow_operators' retrieved from /home/airflow/.local/lib/python3.12/site-packages/airflow/example_dags/example_dynamic_task_mapping_with_no_taskflow_operators.py
[2025-01-14T13:24:43.871+0000] {logging_mixin.py:190} INFO - [2025-01-14T13:24:43.871+0000] {dag.py:3239} INFO - Sync 1 DAGs
[2025-01-14T13:24:43.894+0000] {logging_mixin.py:190} INFO - [2025-01-14T13:24:43.893+0000] {dag.py:4180} INFO - Setting next_dagrun for example_dynamic_task_mapping_with_no_taskflow_operators to None, run_after=None
[2025-01-14T13:24:43.923+0000] {processor.py:208} INFO - Processing /home/airflow/.local/lib/python3.12/site-packages/airflow/example_dags/example_dynamic_task_mapping_with_no_taskflow_operators.py took 0.120 seconds
[2025-01-14T13:25:14.023+0000] {processor.py:186} INFO - Started process (PID=3501) to work on /home/airflow/.local/lib/python3.12/site-packages/airflow/example_dags/example_dynamic_task_mapping_with_no_taskflow_operators.py
[2025-01-14T13:25:14.025+0000] {processor.py:914} INFO - Processing file /home/airflow/.local/lib/python3.12/site-packages/airflow/example_dags/example_dynamic_task_mapping_with_no_taskflow_operators.py for tasks to queue
[2025-01-14T13:25:14.029+0000] {logging_mixin.py:190} INFO - [2025-01-14T13:25:14.029+0000] {dagbag.py:588} INFO - Filling up the DagBag from /home/airflow/.local/lib/python3.12/site-packages/airflow/example_dags/example_dynamic_task_mapping_with_no_taskflow_operators.py
[2025-01-14T13:25:14.043+0000] {processor.py:925} INFO - DAG(s) 'example_dynamic_task_mapping_with_no_taskflow_operators' retrieved from /home/airflow/.local/lib/python3.12/site-packages/airflow/example_dags/example_dynamic_task_mapping_with_no_taskflow_operators.py
[2025-01-14T13:25:14.077+0000] {logging_mixin.py:190} INFO - [2025-01-14T13:25:14.077+0000] {dag.py:3239} INFO - Sync 1 DAGs
[2025-01-14T13:25:14.099+0000] {logging_mixin.py:190} INFO - [2025-01-14T13:25:14.099+0000] {dag.py:4180} INFO - Setting next_dagrun for example_dynamic_task_mapping_with_no_taskflow_operators to None, run_after=None
[2025-01-14T13:25:14.128+0000] {processor.py:208} INFO - Processing /home/airflow/.local/lib/python3.12/site-packages/airflow/example_dags/example_dynamic_task_mapping_with_no_taskflow_operators.py took 0.114 seconds
[2025-01-14T13:25:44.201+0000] {processor.py:186} INFO - Started process (PID=3791) to work on /home/airflow/.local/lib/python3.12/site-packages/airflow/example_dags/example_dynamic_task_mapping_with_no_taskflow_operators.py
[2025-01-14T13:25:44.203+0000] {processor.py:914} INFO - Processing file /home/airflow/.local/lib/python3.12/site-packages/airflow/example_dags/example_dynamic_task_mapping_with_no_taskflow_operators.py for tasks to queue
[2025-01-14T13:25:44.215+0000] {logging_mixin.py:190} INFO - [2025-01-14T13:25:44.214+0000] {dagbag.py:588} INFO - Filling up the DagBag from /home/airflow/.local/lib/python3.12/site-packages/airflow/example_dags/example_dynamic_task_mapping_with_no_taskflow_operators.py
[2025-01-14T13:25:44.234+0000] {processor.py:925} INFO - DAG(s) 'example_dynamic_task_mapping_with_no_taskflow_operators' retrieved from /home/airflow/.local/lib/python3.12/site-packages/airflow/example_dags/example_dynamic_task_mapping_with_no_taskflow_operators.py
[2025-01-14T13:25:44.294+0000] {logging_mixin.py:190} INFO - [2025-01-14T13:25:44.293+0000] {dag.py:3239} INFO - Sync 1 DAGs
[2025-01-14T13:25:44.327+0000] {logging_mixin.py:190} INFO - [2025-01-14T13:25:44.326+0000] {dag.py:4180} INFO - Setting next_dagrun for example_dynamic_task_mapping_with_no_taskflow_operators to None, run_after=None
[2025-01-14T13:25:44.370+0000] {processor.py:208} INFO - Processing /home/airflow/.local/lib/python3.12/site-packages/airflow/example_dags/example_dynamic_task_mapping_with_no_taskflow_operators.py took 0.178 seconds
[2025-01-14T13:26:14.679+0000] {processor.py:186} INFO - Started process (PID=4087) to work on /home/airflow/.local/lib/python3.12/site-packages/airflow/example_dags/example_dynamic_task_mapping_with_no_taskflow_operators.py
[2025-01-14T13:26:14.683+0000] {processor.py:914} INFO - Processing file /home/airflow/.local/lib/python3.12/site-packages/airflow/example_dags/example_dynamic_task_mapping_with_no_taskflow_operators.py for tasks to queue
[2025-01-14T13:26:14.693+0000] {logging_mixin.py:190} INFO - [2025-01-14T13:26:14.692+0000] {dagbag.py:588} INFO - Filling up the DagBag from /home/airflow/.local/lib/python3.12/site-packages/airflow/example_dags/example_dynamic_task_mapping_with_no_taskflow_operators.py
[2025-01-14T13:26:14.715+0000] {processor.py:925} INFO - DAG(s) 'example_dynamic_task_mapping_with_no_taskflow_operators' retrieved from /home/airflow/.local/lib/python3.12/site-packages/airflow/example_dags/example_dynamic_task_mapping_with_no_taskflow_operators.py
[2025-01-14T13:26:14.760+0000] {logging_mixin.py:190} INFO - [2025-01-14T13:26:14.760+0000] {dag.py:3239} INFO - Sync 1 DAGs
[2025-01-14T13:26:14.804+0000] {logging_mixin.py:190} INFO - [2025-01-14T13:26:14.803+0000] {dag.py:4180} INFO - Setting next_dagrun for example_dynamic_task_mapping_with_no_taskflow_operators to None, run_after=None
[2025-01-14T13:26:14.853+0000] {processor.py:208} INFO - Processing /home/airflow/.local/lib/python3.12/site-packages/airflow/example_dags/example_dynamic_task_mapping_with_no_taskflow_operators.py took 0.194 seconds
[2025-01-14T13:26:44.942+0000] {processor.py:186} INFO - Started process (PID=4382) to work on /home/airflow/.local/lib/python3.12/site-packages/airflow/example_dags/example_dynamic_task_mapping_with_no_taskflow_operators.py
[2025-01-14T13:26:44.945+0000] {processor.py:914} INFO - Processing file /home/airflow/.local/lib/python3.12/site-packages/airflow/example_dags/example_dynamic_task_mapping_with_no_taskflow_operators.py for tasks to queue
[2025-01-14T13:26:44.957+0000] {logging_mixin.py:190} INFO - [2025-01-14T13:26:44.956+0000] {dagbag.py:588} INFO - Filling up the DagBag from /home/airflow/.local/lib/python3.12/site-packages/airflow/example_dags/example_dynamic_task_mapping_with_no_taskflow_operators.py
[2025-01-14T13:26:44.979+0000] {processor.py:925} INFO - DAG(s) 'example_dynamic_task_mapping_with_no_taskflow_operators' retrieved from /home/airflow/.local/lib/python3.12/site-packages/airflow/example_dags/example_dynamic_task_mapping_with_no_taskflow_operators.py
[2025-01-14T13:26:45.019+0000] {logging_mixin.py:190} INFO - [2025-01-14T13:26:45.018+0000] {dag.py:3239} INFO - Sync 1 DAGs
[2025-01-14T13:26:45.049+0000] {logging_mixin.py:190} INFO - [2025-01-14T13:26:45.049+0000] {dag.py:4180} INFO - Setting next_dagrun for example_dynamic_task_mapping_with_no_taskflow_operators to None, run_after=None
[2025-01-14T13:26:45.082+0000] {processor.py:208} INFO - Processing /home/airflow/.local/lib/python3.12/site-packages/airflow/example_dags/example_dynamic_task_mapping_with_no_taskflow_operators.py took 0.149 seconds
[2025-01-14T13:27:15.263+0000] {processor.py:186} INFO - Started process (PID=4679) to work on /home/airflow/.local/lib/python3.12/site-packages/airflow/example_dags/example_dynamic_task_mapping_with_no_taskflow_operators.py
[2025-01-14T13:27:15.265+0000] {processor.py:914} INFO - Processing file /home/airflow/.local/lib/python3.12/site-packages/airflow/example_dags/example_dynamic_task_mapping_with_no_taskflow_operators.py for tasks to queue
[2025-01-14T13:27:15.271+0000] {logging_mixin.py:190} INFO - [2025-01-14T13:27:15.270+0000] {dagbag.py:588} INFO - Filling up the DagBag from /home/airflow/.local/lib/python3.12/site-packages/airflow/example_dags/example_dynamic_task_mapping_with_no_taskflow_operators.py
[2025-01-14T13:27:15.295+0000] {processor.py:925} INFO - DAG(s) 'example_dynamic_task_mapping_with_no_taskflow_operators' retrieved from /home/airflow/.local/lib/python3.12/site-packages/airflow/example_dags/example_dynamic_task_mapping_with_no_taskflow_operators.py
[2025-01-14T13:27:15.347+0000] {logging_mixin.py:190} INFO - [2025-01-14T13:27:15.346+0000] {dag.py:3239} INFO - Sync 1 DAGs
[2025-01-14T13:27:15.368+0000] {logging_mixin.py:190} INFO - [2025-01-14T13:27:15.368+0000] {dag.py:4180} INFO - Setting next_dagrun for example_dynamic_task_mapping_with_no_taskflow_operators to None, run_after=None
[2025-01-14T13:27:15.415+0000] {processor.py:208} INFO - Processing /home/airflow/.local/lib/python3.12/site-packages/airflow/example_dags/example_dynamic_task_mapping_with_no_taskflow_operators.py took 0.161 seconds
[2025-01-14T13:27:46.164+0000] {processor.py:186} INFO - Started process (PID=4974) to work on /home/airflow/.local/lib/python3.12/site-packages/airflow/example_dags/example_dynamic_task_mapping_with_no_taskflow_operators.py
[2025-01-14T13:27:46.166+0000] {processor.py:914} INFO - Processing file /home/airflow/.local/lib/python3.12/site-packages/airflow/example_dags/example_dynamic_task_mapping_with_no_taskflow_operators.py for tasks to queue
[2025-01-14T13:27:46.174+0000] {logging_mixin.py:190} INFO - [2025-01-14T13:27:46.173+0000] {dagbag.py:588} INFO - Filling up the DagBag from /home/airflow/.local/lib/python3.12/site-packages/airflow/example_dags/example_dynamic_task_mapping_with_no_taskflow_operators.py
[2025-01-14T13:27:46.191+0000] {processor.py:925} INFO - DAG(s) 'example_dynamic_task_mapping_with_no_taskflow_operators' retrieved from /home/airflow/.local/lib/python3.12/site-packages/airflow/example_dags/example_dynamic_task_mapping_with_no_taskflow_operators.py
[2025-01-14T13:27:46.229+0000] {logging_mixin.py:190} INFO - [2025-01-14T13:27:46.229+0000] {dag.py:3239} INFO - Sync 1 DAGs
[2025-01-14T13:27:46.267+0000] {logging_mixin.py:190} INFO - [2025-01-14T13:27:46.266+0000] {dag.py:4180} INFO - Setting next_dagrun for example_dynamic_task_mapping_with_no_taskflow_operators to None, run_after=None
[2025-01-14T13:27:46.311+0000] {processor.py:208} INFO - Processing /home/airflow/.local/lib/python3.12/site-packages/airflow/example_dags/example_dynamic_task_mapping_with_no_taskflow_operators.py took 0.158 seconds
[2025-01-14T13:28:17.109+0000] {processor.py:186} INFO - Started process (PID=5271) to work on /home/airflow/.local/lib/python3.12/site-packages/airflow/example_dags/example_dynamic_task_mapping_with_no_taskflow_operators.py
[2025-01-14T13:28:17.111+0000] {processor.py:914} INFO - Processing file /home/airflow/.local/lib/python3.12/site-packages/airflow/example_dags/example_dynamic_task_mapping_with_no_taskflow_operators.py for tasks to queue
[2025-01-14T13:28:17.116+0000] {logging_mixin.py:190} INFO - [2025-01-14T13:28:17.116+0000] {dagbag.py:588} INFO - Filling up the DagBag from /home/airflow/.local/lib/python3.12/site-packages/airflow/example_dags/example_dynamic_task_mapping_with_no_taskflow_operators.py
[2025-01-14T13:28:17.130+0000] {processor.py:925} INFO - DAG(s) 'example_dynamic_task_mapping_with_no_taskflow_operators' retrieved from /home/airflow/.local/lib/python3.12/site-packages/airflow/example_dags/example_dynamic_task_mapping_with_no_taskflow_operators.py
[2025-01-14T13:28:17.170+0000] {logging_mixin.py:190} INFO - [2025-01-14T13:28:17.170+0000] {dag.py:3239} INFO - Sync 1 DAGs
[2025-01-14T13:28:17.195+0000] {logging_mixin.py:190} INFO - [2025-01-14T13:28:17.195+0000] {dag.py:4180} INFO - Setting next_dagrun for example_dynamic_task_mapping_with_no_taskflow_operators to None, run_after=None
[2025-01-14T13:28:17.236+0000] {processor.py:208} INFO - Processing /home/airflow/.local/lib/python3.12/site-packages/airflow/example_dags/example_dynamic_task_mapping_with_no_taskflow_operators.py took 0.137 seconds
[2025-01-14T13:28:47.437+0000] {processor.py:186} INFO - Started process (PID=5567) to work on /home/airflow/.local/lib/python3.12/site-packages/airflow/example_dags/example_dynamic_task_mapping_with_no_taskflow_operators.py
[2025-01-14T13:28:47.440+0000] {processor.py:914} INFO - Processing file /home/airflow/.local/lib/python3.12/site-packages/airflow/example_dags/example_dynamic_task_mapping_with_no_taskflow_operators.py for tasks to queue
[2025-01-14T13:28:47.447+0000] {logging_mixin.py:190} INFO - [2025-01-14T13:28:47.447+0000] {dagbag.py:588} INFO - Filling up the DagBag from /home/airflow/.local/lib/python3.12/site-packages/airflow/example_dags/example_dynamic_task_mapping_with_no_taskflow_operators.py
[2025-01-14T13:28:47.463+0000] {processor.py:925} INFO - DAG(s) 'example_dynamic_task_mapping_with_no_taskflow_operators' retrieved from /home/airflow/.local/lib/python3.12/site-packages/airflow/example_dags/example_dynamic_task_mapping_with_no_taskflow_operators.py
[2025-01-14T13:28:47.506+0000] {logging_mixin.py:190} INFO - [2025-01-14T13:28:47.505+0000] {dag.py:3239} INFO - Sync 1 DAGs
[2025-01-14T13:28:47.540+0000] {logging_mixin.py:190} INFO - [2025-01-14T13:28:47.539+0000] {dag.py:4180} INFO - Setting next_dagrun for example_dynamic_task_mapping_with_no_taskflow_operators to None, run_after=None
[2025-01-14T13:28:47.580+0000] {processor.py:208} INFO - Processing /home/airflow/.local/lib/python3.12/site-packages/airflow/example_dags/example_dynamic_task_mapping_with_no_taskflow_operators.py took 0.151 seconds
[2025-01-14T13:29:18.124+0000] {processor.py:186} INFO - Started process (PID=5863) to work on /home/airflow/.local/lib/python3.12/site-packages/airflow/example_dags/example_dynamic_task_mapping_with_no_taskflow_operators.py
[2025-01-14T13:29:18.128+0000] {processor.py:914} INFO - Processing file /home/airflow/.local/lib/python3.12/site-packages/airflow/example_dags/example_dynamic_task_mapping_with_no_taskflow_operators.py for tasks to queue
[2025-01-14T13:29:18.138+0000] {logging_mixin.py:190} INFO - [2025-01-14T13:29:18.137+0000] {dagbag.py:588} INFO - Filling up the DagBag from /home/airflow/.local/lib/python3.12/site-packages/airflow/example_dags/example_dynamic_task_mapping_with_no_taskflow_operators.py
[2025-01-14T13:29:18.152+0000] {processor.py:925} INFO - DAG(s) 'example_dynamic_task_mapping_with_no_taskflow_operators' retrieved from /home/airflow/.local/lib/python3.12/site-packages/airflow/example_dags/example_dynamic_task_mapping_with_no_taskflow_operators.py
[2025-01-14T13:29:18.189+0000] {logging_mixin.py:190} INFO - [2025-01-14T13:29:18.189+0000] {dag.py:3239} INFO - Sync 1 DAGs
[2025-01-14T13:29:18.221+0000] {logging_mixin.py:190} INFO - [2025-01-14T13:29:18.220+0000] {dag.py:4180} INFO - Setting next_dagrun for example_dynamic_task_mapping_with_no_taskflow_operators to None, run_after=None
[2025-01-14T13:29:18.260+0000] {processor.py:208} INFO - Processing /home/airflow/.local/lib/python3.12/site-packages/airflow/example_dags/example_dynamic_task_mapping_with_no_taskflow_operators.py took 0.145 seconds
[2025-01-14T13:29:48.998+0000] {processor.py:186} INFO - Started process (PID=6164) to work on /home/airflow/.local/lib/python3.12/site-packages/airflow/example_dags/example_dynamic_task_mapping_with_no_taskflow_operators.py
[2025-01-14T13:29:49.001+0000] {processor.py:914} INFO - Processing file /home/airflow/.local/lib/python3.12/site-packages/airflow/example_dags/example_dynamic_task_mapping_with_no_taskflow_operators.py for tasks to queue
[2025-01-14T13:29:49.008+0000] {logging_mixin.py:190} INFO - [2025-01-14T13:29:49.007+0000] {dagbag.py:588} INFO - Filling up the DagBag from /home/airflow/.local/lib/python3.12/site-packages/airflow/example_dags/example_dynamic_task_mapping_with_no_taskflow_operators.py
[2025-01-14T13:29:49.034+0000] {processor.py:925} INFO - DAG(s) 'example_dynamic_task_mapping_with_no_taskflow_operators' retrieved from /home/airflow/.local/lib/python3.12/site-packages/airflow/example_dags/example_dynamic_task_mapping_with_no_taskflow_operators.py
[2025-01-14T13:29:49.092+0000] {logging_mixin.py:190} INFO - [2025-01-14T13:29:49.091+0000] {dag.py:3239} INFO - Sync 1 DAGs
[2025-01-14T13:29:49.133+0000] {logging_mixin.py:190} INFO - [2025-01-14T13:29:49.133+0000] {dag.py:4180} INFO - Setting next_dagrun for example_dynamic_task_mapping_with_no_taskflow_operators to None, run_after=None
[2025-01-14T13:29:49.185+0000] {processor.py:208} INFO - Processing /home/airflow/.local/lib/python3.12/site-packages/airflow/example_dags/example_dynamic_task_mapping_with_no_taskflow_operators.py took 0.206 seconds
[2025-01-14T13:30:20.050+0000] {processor.py:186} INFO - Started process (PID=6465) to work on /home/airflow/.local/lib/python3.12/site-packages/airflow/example_dags/example_dynamic_task_mapping_with_no_taskflow_operators.py
[2025-01-14T13:30:20.052+0000] {processor.py:914} INFO - Processing file /home/airflow/.local/lib/python3.12/site-packages/airflow/example_dags/example_dynamic_task_mapping_with_no_taskflow_operators.py for tasks to queue
[2025-01-14T13:30:20.056+0000] {logging_mixin.py:190} INFO - [2025-01-14T13:30:20.056+0000] {dagbag.py:588} INFO - Filling up the DagBag from /home/airflow/.local/lib/python3.12/site-packages/airflow/example_dags/example_dynamic_task_mapping_with_no_taskflow_operators.py
[2025-01-14T13:30:20.070+0000] {processor.py:925} INFO - DAG(s) 'example_dynamic_task_mapping_with_no_taskflow_operators' retrieved from /home/airflow/.local/lib/python3.12/site-packages/airflow/example_dags/example_dynamic_task_mapping_with_no_taskflow_operators.py
[2025-01-14T13:30:20.104+0000] {logging_mixin.py:190} INFO - [2025-01-14T13:30:20.104+0000] {dag.py:3239} INFO - Sync 1 DAGs
[2025-01-14T13:30:20.129+0000] {logging_mixin.py:190} INFO - [2025-01-14T13:30:20.129+0000] {dag.py:4180} INFO - Setting next_dagrun for example_dynamic_task_mapping_with_no_taskflow_operators to None, run_after=None
[2025-01-14T13:30:20.162+0000] {processor.py:208} INFO - Processing /home/airflow/.local/lib/python3.12/site-packages/airflow/example_dags/example_dynamic_task_mapping_with_no_taskflow_operators.py took 0.126 seconds
[2025-01-14T13:30:50.315+0000] {processor.py:186} INFO - Started process (PID=6766) to work on /home/airflow/.local/lib/python3.12/site-packages/airflow/example_dags/example_dynamic_task_mapping_with_no_taskflow_operators.py
[2025-01-14T13:30:50.318+0000] {processor.py:914} INFO - Processing file /home/airflow/.local/lib/python3.12/site-packages/airflow/example_dags/example_dynamic_task_mapping_with_no_taskflow_operators.py for tasks to queue
[2025-01-14T13:30:50.328+0000] {logging_mixin.py:190} INFO - [2025-01-14T13:30:50.327+0000] {dagbag.py:588} INFO - Filling up the DagBag from /home/airflow/.local/lib/python3.12/site-packages/airflow/example_dags/example_dynamic_task_mapping_with_no_taskflow_operators.py
[2025-01-14T13:30:50.346+0000] {processor.py:925} INFO - DAG(s) 'example_dynamic_task_mapping_with_no_taskflow_operators' retrieved from /home/airflow/.local/lib/python3.12/site-packages/airflow/example_dags/example_dynamic_task_mapping_with_no_taskflow_operators.py
[2025-01-14T13:30:50.395+0000] {logging_mixin.py:190} INFO - [2025-01-14T13:30:50.394+0000] {dag.py:3239} INFO - Sync 1 DAGs
[2025-01-14T13:30:50.428+0000] {logging_mixin.py:190} INFO - [2025-01-14T13:30:50.427+0000] {dag.py:4180} INFO - Setting next_dagrun for example_dynamic_task_mapping_with_no_taskflow_operators to None, run_after=None
[2025-01-14T13:30:50.471+0000] {processor.py:208} INFO - Processing /home/airflow/.local/lib/python3.12/site-packages/airflow/example_dags/example_dynamic_task_mapping_with_no_taskflow_operators.py took 0.166 seconds
[2025-01-14T13:31:21.148+0000] {processor.py:186} INFO - Started process (PID=7067) to work on /home/airflow/.local/lib/python3.12/site-packages/airflow/example_dags/example_dynamic_task_mapping_with_no_taskflow_operators.py
[2025-01-14T13:31:21.150+0000] {processor.py:914} INFO - Processing file /home/airflow/.local/lib/python3.12/site-packages/airflow/example_dags/example_dynamic_task_mapping_with_no_taskflow_operators.py for tasks to queue
[2025-01-14T13:31:21.154+0000] {logging_mixin.py:190} INFO - [2025-01-14T13:31:21.154+0000] {dagbag.py:588} INFO - Filling up the DagBag from /home/airflow/.local/lib/python3.12/site-packages/airflow/example_dags/example_dynamic_task_mapping_with_no_taskflow_operators.py
[2025-01-14T13:31:21.167+0000] {processor.py:925} INFO - DAG(s) 'example_dynamic_task_mapping_with_no_taskflow_operators' retrieved from /home/airflow/.local/lib/python3.12/site-packages/airflow/example_dags/example_dynamic_task_mapping_with_no_taskflow_operators.py
[2025-01-14T13:31:21.201+0000] {logging_mixin.py:190} INFO - [2025-01-14T13:31:21.201+0000] {dag.py:3239} INFO - Sync 1 DAGs
[2025-01-14T13:31:21.227+0000] {logging_mixin.py:190} INFO - [2025-01-14T13:31:21.226+0000] {dag.py:4180} INFO - Setting next_dagrun for example_dynamic_task_mapping_with_no_taskflow_operators to None, run_after=None
[2025-01-14T13:31:21.263+0000] {processor.py:208} INFO - Processing /home/airflow/.local/lib/python3.12/site-packages/airflow/example_dags/example_dynamic_task_mapping_with_no_taskflow_operators.py took 0.133 seconds
[2025-01-14T13:31:51.702+0000] {processor.py:186} INFO - Started process (PID=7389) to work on /home/airflow/.local/lib/python3.12/site-packages/airflow/example_dags/example_dynamic_task_mapping_with_no_taskflow_operators.py
[2025-01-14T13:31:51.705+0000] {processor.py:914} INFO - Processing file /home/airflow/.local/lib/python3.12/site-packages/airflow/example_dags/example_dynamic_task_mapping_with_no_taskflow_operators.py for tasks to queue
[2025-01-14T13:31:51.714+0000] {logging_mixin.py:190} INFO - [2025-01-14T13:31:51.713+0000] {dagbag.py:588} INFO - Filling up the DagBag from /home/airflow/.local/lib/python3.12/site-packages/airflow/example_dags/example_dynamic_task_mapping_with_no_taskflow_operators.py
[2025-01-14T13:31:51.743+0000] {processor.py:925} INFO - DAG(s) 'example_dynamic_task_mapping_with_no_taskflow_operators' retrieved from /home/airflow/.local/lib/python3.12/site-packages/airflow/example_dags/example_dynamic_task_mapping_with_no_taskflow_operators.py
[2025-01-14T13:31:51.776+0000] {logging_mixin.py:190} INFO - [2025-01-14T13:31:51.776+0000] {dag.py:3239} INFO - Sync 1 DAGs
[2025-01-14T13:31:51.804+0000] {logging_mixin.py:190} INFO - [2025-01-14T13:31:51.803+0000] {dag.py:4180} INFO - Setting next_dagrun for example_dynamic_task_mapping_with_no_taskflow_operators to None, run_after=None
[2025-01-14T13:31:51.854+0000] {processor.py:208} INFO - Processing /home/airflow/.local/lib/python3.12/site-packages/airflow/example_dags/example_dynamic_task_mapping_with_no_taskflow_operators.py took 0.172 seconds
[2025-01-14T13:32:21.981+0000] {processor.py:186} INFO - Started process (PID=7705) to work on /home/airflow/.local/lib/python3.12/site-packages/airflow/example_dags/example_dynamic_task_mapping_with_no_taskflow_operators.py
[2025-01-14T13:32:21.984+0000] {processor.py:914} INFO - Processing file /home/airflow/.local/lib/python3.12/site-packages/airflow/example_dags/example_dynamic_task_mapping_with_no_taskflow_operators.py for tasks to queue
[2025-01-14T13:32:21.991+0000] {logging_mixin.py:190} INFO - [2025-01-14T13:32:21.991+0000] {dagbag.py:588} INFO - Filling up the DagBag from /home/airflow/.local/lib/python3.12/site-packages/airflow/example_dags/example_dynamic_task_mapping_with_no_taskflow_operators.py
[2025-01-14T13:32:22.007+0000] {processor.py:925} INFO - DAG(s) 'example_dynamic_task_mapping_with_no_taskflow_operators' retrieved from /home/airflow/.local/lib/python3.12/site-packages/airflow/example_dags/example_dynamic_task_mapping_with_no_taskflow_operators.py
[2025-01-14T13:32:22.058+0000] {logging_mixin.py:190} INFO - [2025-01-14T13:32:22.057+0000] {dag.py:3239} INFO - Sync 1 DAGs
[2025-01-14T13:32:22.107+0000] {logging_mixin.py:190} INFO - [2025-01-14T13:32:22.107+0000] {dag.py:4180} INFO - Setting next_dagrun for example_dynamic_task_mapping_with_no_taskflow_operators to None, run_after=None
[2025-01-14T13:32:22.163+0000] {processor.py:208} INFO - Processing /home/airflow/.local/lib/python3.12/site-packages/airflow/example_dags/example_dynamic_task_mapping_with_no_taskflow_operators.py took 0.201 seconds
[2025-01-14T13:32:52.719+0000] {processor.py:186} INFO - Started process (PID=8006) to work on /home/airflow/.local/lib/python3.12/site-packages/airflow/example_dags/example_dynamic_task_mapping_with_no_taskflow_operators.py
[2025-01-14T13:32:52.720+0000] {processor.py:914} INFO - Processing file /home/airflow/.local/lib/python3.12/site-packages/airflow/example_dags/example_dynamic_task_mapping_with_no_taskflow_operators.py for tasks to queue
[2025-01-14T13:32:52.727+0000] {logging_mixin.py:190} INFO - [2025-01-14T13:32:52.727+0000] {dagbag.py:588} INFO - Filling up the DagBag from /home/airflow/.local/lib/python3.12/site-packages/airflow/example_dags/example_dynamic_task_mapping_with_no_taskflow_operators.py
[2025-01-14T13:32:52.743+0000] {processor.py:925} INFO - DAG(s) 'example_dynamic_task_mapping_with_no_taskflow_operators' retrieved from /home/airflow/.local/lib/python3.12/site-packages/airflow/example_dags/example_dynamic_task_mapping_with_no_taskflow_operators.py
[2025-01-14T13:32:52.785+0000] {logging_mixin.py:190} INFO - [2025-01-14T13:32:52.785+0000] {dag.py:3239} INFO - Sync 1 DAGs
[2025-01-14T13:32:52.809+0000] {logging_mixin.py:190} INFO - [2025-01-14T13:32:52.808+0000] {dag.py:4180} INFO - Setting next_dagrun for example_dynamic_task_mapping_with_no_taskflow_operators to None, run_after=None
[2025-01-14T13:32:52.837+0000] {processor.py:208} INFO - Processing /home/airflow/.local/lib/python3.12/site-packages/airflow/example_dags/example_dynamic_task_mapping_with_no_taskflow_operators.py took 0.129 seconds
[2025-01-14T13:33:23.134+0000] {processor.py:186} INFO - Started process (PID=8325) to work on /home/airflow/.local/lib/python3.12/site-packages/airflow/example_dags/example_dynamic_task_mapping_with_no_taskflow_operators.py
[2025-01-14T13:33:23.136+0000] {processor.py:914} INFO - Processing file /home/airflow/.local/lib/python3.12/site-packages/airflow/example_dags/example_dynamic_task_mapping_with_no_taskflow_operators.py for tasks to queue
[2025-01-14T13:33:23.142+0000] {logging_mixin.py:190} INFO - [2025-01-14T13:33:23.141+0000] {dagbag.py:588} INFO - Filling up the DagBag from /home/airflow/.local/lib/python3.12/site-packages/airflow/example_dags/example_dynamic_task_mapping_with_no_taskflow_operators.py
[2025-01-14T13:33:23.168+0000] {processor.py:925} INFO - DAG(s) 'example_dynamic_task_mapping_with_no_taskflow_operators' retrieved from /home/airflow/.local/lib/python3.12/site-packages/airflow/example_dags/example_dynamic_task_mapping_with_no_taskflow_operators.py
[2025-01-14T13:33:23.217+0000] {logging_mixin.py:190} INFO - [2025-01-14T13:33:23.216+0000] {dag.py:3239} INFO - Sync 1 DAGs
[2025-01-14T13:33:23.262+0000] {logging_mixin.py:190} INFO - [2025-01-14T13:33:23.261+0000] {dag.py:4180} INFO - Setting next_dagrun for example_dynamic_task_mapping_with_no_taskflow_operators to None, run_after=None
[2025-01-14T13:33:23.305+0000] {processor.py:208} INFO - Processing /home/airflow/.local/lib/python3.12/site-packages/airflow/example_dags/example_dynamic_task_mapping_with_no_taskflow_operators.py took 0.190 seconds
[2025-01-14T13:33:53.577+0000] {processor.py:186} INFO - Started process (PID=8628) to work on /home/airflow/.local/lib/python3.12/site-packages/airflow/example_dags/example_dynamic_task_mapping_with_no_taskflow_operators.py
[2025-01-14T13:33:53.579+0000] {processor.py:914} INFO - Processing file /home/airflow/.local/lib/python3.12/site-packages/airflow/example_dags/example_dynamic_task_mapping_with_no_taskflow_operators.py for tasks to queue
[2025-01-14T13:33:53.583+0000] {logging_mixin.py:190} INFO - [2025-01-14T13:33:53.583+0000] {dagbag.py:588} INFO - Filling up the DagBag from /home/airflow/.local/lib/python3.12/site-packages/airflow/example_dags/example_dynamic_task_mapping_with_no_taskflow_operators.py
[2025-01-14T13:33:53.597+0000] {processor.py:925} INFO - DAG(s) 'example_dynamic_task_mapping_with_no_taskflow_operators' retrieved from /home/airflow/.local/lib/python3.12/site-packages/airflow/example_dags/example_dynamic_task_mapping_with_no_taskflow_operators.py
[2025-01-14T13:33:53.635+0000] {logging_mixin.py:190} INFO - [2025-01-14T13:33:53.635+0000] {dag.py:3239} INFO - Sync 1 DAGs
[2025-01-14T13:33:53.660+0000] {logging_mixin.py:190} INFO - [2025-01-14T13:33:53.660+0000] {dag.py:4180} INFO - Setting next_dagrun for example_dynamic_task_mapping_with_no_taskflow_operators to None, run_after=None
[2025-01-14T13:33:53.693+0000] {processor.py:208} INFO - Processing /home/airflow/.local/lib/python3.12/site-packages/airflow/example_dags/example_dynamic_task_mapping_with_no_taskflow_operators.py took 0.126 seconds
[2025-01-14T13:34:24.381+0000] {processor.py:186} INFO - Started process (PID=8939) to work on /home/airflow/.local/lib/python3.12/site-packages/airflow/example_dags/example_dynamic_task_mapping_with_no_taskflow_operators.py
[2025-01-14T13:34:24.384+0000] {processor.py:914} INFO - Processing file /home/airflow/.local/lib/python3.12/site-packages/airflow/example_dags/example_dynamic_task_mapping_with_no_taskflow_operators.py for tasks to queue
[2025-01-14T13:34:24.394+0000] {logging_mixin.py:190} INFO - [2025-01-14T13:34:24.393+0000] {dagbag.py:588} INFO - Filling up the DagBag from /home/airflow/.local/lib/python3.12/site-packages/airflow/example_dags/example_dynamic_task_mapping_with_no_taskflow_operators.py
[2025-01-14T13:34:24.417+0000] {processor.py:925} INFO - DAG(s) 'example_dynamic_task_mapping_with_no_taskflow_operators' retrieved from /home/airflow/.local/lib/python3.12/site-packages/airflow/example_dags/example_dynamic_task_mapping_with_no_taskflow_operators.py
[2025-01-14T13:34:24.467+0000] {logging_mixin.py:190} INFO - [2025-01-14T13:34:24.466+0000] {dag.py:3239} INFO - Sync 1 DAGs
[2025-01-14T13:34:24.490+0000] {logging_mixin.py:190} INFO - [2025-01-14T13:34:24.489+0000] {dag.py:4180} INFO - Setting next_dagrun for example_dynamic_task_mapping_with_no_taskflow_operators to None, run_after=None
[2025-01-14T13:34:24.520+0000] {processor.py:208} INFO - Processing /home/airflow/.local/lib/python3.12/site-packages/airflow/example_dags/example_dynamic_task_mapping_with_no_taskflow_operators.py took 0.149 seconds
[2025-01-14T13:34:54.978+0000] {processor.py:186} INFO - Started process (PID=9240) to work on /home/airflow/.local/lib/python3.12/site-packages/airflow/example_dags/example_dynamic_task_mapping_with_no_taskflow_operators.py
[2025-01-14T13:34:54.980+0000] {processor.py:914} INFO - Processing file /home/airflow/.local/lib/python3.12/site-packages/airflow/example_dags/example_dynamic_task_mapping_with_no_taskflow_operators.py for tasks to queue
[2025-01-14T13:34:54.987+0000] {logging_mixin.py:190} INFO - [2025-01-14T13:34:54.986+0000] {dagbag.py:588} INFO - Filling up the DagBag from /home/airflow/.local/lib/python3.12/site-packages/airflow/example_dags/example_dynamic_task_mapping_with_no_taskflow_operators.py
[2025-01-14T13:34:55.013+0000] {processor.py:925} INFO - DAG(s) 'example_dynamic_task_mapping_with_no_taskflow_operators' retrieved from /home/airflow/.local/lib/python3.12/site-packages/airflow/example_dags/example_dynamic_task_mapping_with_no_taskflow_operators.py
[2025-01-14T13:34:55.060+0000] {logging_mixin.py:190} INFO - [2025-01-14T13:34:55.059+0000] {dag.py:3239} INFO - Sync 1 DAGs
[2025-01-14T13:34:55.083+0000] {logging_mixin.py:190} INFO - [2025-01-14T13:34:55.082+0000] {dag.py:4180} INFO - Setting next_dagrun for example_dynamic_task_mapping_with_no_taskflow_operators to None, run_after=None
[2025-01-14T13:34:55.115+0000] {processor.py:208} INFO - Processing /home/airflow/.local/lib/python3.12/site-packages/airflow/example_dags/example_dynamic_task_mapping_with_no_taskflow_operators.py took 0.148 seconds
[2025-01-14T13:35:25.462+0000] {processor.py:186} INFO - Started process (PID=9553) to work on /home/airflow/.local/lib/python3.12/site-packages/airflow/example_dags/example_dynamic_task_mapping_with_no_taskflow_operators.py
[2025-01-14T13:35:25.464+0000] {processor.py:914} INFO - Processing file /home/airflow/.local/lib/python3.12/site-packages/airflow/example_dags/example_dynamic_task_mapping_with_no_taskflow_operators.py for tasks to queue
[2025-01-14T13:35:25.473+0000] {logging_mixin.py:190} INFO - [2025-01-14T13:35:25.472+0000] {dagbag.py:588} INFO - Filling up the DagBag from /home/airflow/.local/lib/python3.12/site-packages/airflow/example_dags/example_dynamic_task_mapping_with_no_taskflow_operators.py
[2025-01-14T13:35:25.501+0000] {processor.py:925} INFO - DAG(s) 'example_dynamic_task_mapping_with_no_taskflow_operators' retrieved from /home/airflow/.local/lib/python3.12/site-packages/airflow/example_dags/example_dynamic_task_mapping_with_no_taskflow_operators.py
[2025-01-14T13:35:25.552+0000] {logging_mixin.py:190} INFO - [2025-01-14T13:35:25.552+0000] {dag.py:3239} INFO - Sync 1 DAGs
[2025-01-14T13:35:25.581+0000] {logging_mixin.py:190} INFO - [2025-01-14T13:35:25.581+0000] {dag.py:4180} INFO - Setting next_dagrun for example_dynamic_task_mapping_with_no_taskflow_operators to None, run_after=None
[2025-01-14T13:35:25.625+0000] {processor.py:208} INFO - Processing /home/airflow/.local/lib/python3.12/site-packages/airflow/example_dags/example_dynamic_task_mapping_with_no_taskflow_operators.py took 0.176 seconds
[2025-01-14T13:35:55.981+0000] {processor.py:186} INFO - Started process (PID=9854) to work on /home/airflow/.local/lib/python3.12/site-packages/airflow/example_dags/example_dynamic_task_mapping_with_no_taskflow_operators.py
[2025-01-14T13:35:55.982+0000] {processor.py:914} INFO - Processing file /home/airflow/.local/lib/python3.12/site-packages/airflow/example_dags/example_dynamic_task_mapping_with_no_taskflow_operators.py for tasks to queue
[2025-01-14T13:35:55.987+0000] {logging_mixin.py:190} INFO - [2025-01-14T13:35:55.986+0000] {dagbag.py:588} INFO - Filling up the DagBag from /home/airflow/.local/lib/python3.12/site-packages/airflow/example_dags/example_dynamic_task_mapping_with_no_taskflow_operators.py
[2025-01-14T13:35:56.010+0000] {processor.py:925} INFO - DAG(s) 'example_dynamic_task_mapping_with_no_taskflow_operators' retrieved from /home/airflow/.local/lib/python3.12/site-packages/airflow/example_dags/example_dynamic_task_mapping_with_no_taskflow_operators.py
[2025-01-14T13:35:56.057+0000] {logging_mixin.py:190} INFO - [2025-01-14T13:35:56.056+0000] {dag.py:3239} INFO - Sync 1 DAGs
[2025-01-14T13:35:56.094+0000] {logging_mixin.py:190} INFO - [2025-01-14T13:35:56.094+0000] {dag.py:4180} INFO - Setting next_dagrun for example_dynamic_task_mapping_with_no_taskflow_operators to None, run_after=None
[2025-01-14T13:35:56.131+0000] {processor.py:208} INFO - Processing /home/airflow/.local/lib/python3.12/site-packages/airflow/example_dags/example_dynamic_task_mapping_with_no_taskflow_operators.py took 0.160 seconds
[2025-01-14T13:36:27.522+0000] {processor.py:186} INFO - Started process (PID=10167) to work on /home/airflow/.local/lib/python3.12/site-packages/airflow/example_dags/example_dynamic_task_mapping_with_no_taskflow_operators.py
[2025-01-14T13:36:27.525+0000] {processor.py:914} INFO - Processing file /home/airflow/.local/lib/python3.12/site-packages/airflow/example_dags/example_dynamic_task_mapping_with_no_taskflow_operators.py for tasks to queue
[2025-01-14T13:36:27.534+0000] {logging_mixin.py:190} INFO - [2025-01-14T13:36:27.533+0000] {dagbag.py:588} INFO - Filling up the DagBag from /home/airflow/.local/lib/python3.12/site-packages/airflow/example_dags/example_dynamic_task_mapping_with_no_taskflow_operators.py
[2025-01-14T13:36:27.562+0000] {processor.py:925} INFO - DAG(s) 'example_dynamic_task_mapping_with_no_taskflow_operators' retrieved from /home/airflow/.local/lib/python3.12/site-packages/airflow/example_dags/example_dynamic_task_mapping_with_no_taskflow_operators.py
[2025-01-14T13:36:27.610+0000] {logging_mixin.py:190} INFO - [2025-01-14T13:36:27.609+0000] {dag.py:3239} INFO - Sync 1 DAGs
[2025-01-14T13:36:27.637+0000] {logging_mixin.py:190} INFO - [2025-01-14T13:36:27.637+0000] {dag.py:4180} INFO - Setting next_dagrun for example_dynamic_task_mapping_with_no_taskflow_operators to None, run_after=None
[2025-01-14T13:36:27.673+0000] {processor.py:208} INFO - Processing /home/airflow/.local/lib/python3.12/site-packages/airflow/example_dags/example_dynamic_task_mapping_with_no_taskflow_operators.py took 0.170 seconds
[2025-01-14T13:36:58.114+0000] {processor.py:186} INFO - Started process (PID=10463) to work on /home/airflow/.local/lib/python3.12/site-packages/airflow/example_dags/example_dynamic_task_mapping_with_no_taskflow_operators.py
[2025-01-14T13:36:58.115+0000] {processor.py:914} INFO - Processing file /home/airflow/.local/lib/python3.12/site-packages/airflow/example_dags/example_dynamic_task_mapping_with_no_taskflow_operators.py for tasks to queue
[2025-01-14T13:36:58.120+0000] {logging_mixin.py:190} INFO - [2025-01-14T13:36:58.120+0000] {dagbag.py:588} INFO - Filling up the DagBag from /home/airflow/.local/lib/python3.12/site-packages/airflow/example_dags/example_dynamic_task_mapping_with_no_taskflow_operators.py
[2025-01-14T13:36:58.133+0000] {processor.py:925} INFO - DAG(s) 'example_dynamic_task_mapping_with_no_taskflow_operators' retrieved from /home/airflow/.local/lib/python3.12/site-packages/airflow/example_dags/example_dynamic_task_mapping_with_no_taskflow_operators.py
[2025-01-14T13:36:58.164+0000] {logging_mixin.py:190} INFO - [2025-01-14T13:36:58.164+0000] {dag.py:3239} INFO - Sync 1 DAGs
[2025-01-14T13:36:58.186+0000] {logging_mixin.py:190} INFO - [2025-01-14T13:36:58.186+0000] {dag.py:4180} INFO - Setting next_dagrun for example_dynamic_task_mapping_with_no_taskflow_operators to None, run_after=None
[2025-01-14T13:36:58.216+0000] {processor.py:208} INFO - Processing /home/airflow/.local/lib/python3.12/site-packages/airflow/example_dags/example_dynamic_task_mapping_with_no_taskflow_operators.py took 0.112 seconds
[2025-01-14T13:37:28.382+0000] {processor.py:186} INFO - Started process (PID=10771) to work on /home/airflow/.local/lib/python3.12/site-packages/airflow/example_dags/example_dynamic_task_mapping_with_no_taskflow_operators.py
[2025-01-14T13:37:28.384+0000] {processor.py:914} INFO - Processing file /home/airflow/.local/lib/python3.12/site-packages/airflow/example_dags/example_dynamic_task_mapping_with_no_taskflow_operators.py for tasks to queue
[2025-01-14T13:37:28.389+0000] {logging_mixin.py:190} INFO - [2025-01-14T13:37:28.388+0000] {dagbag.py:588} INFO - Filling up the DagBag from /home/airflow/.local/lib/python3.12/site-packages/airflow/example_dags/example_dynamic_task_mapping_with_no_taskflow_operators.py
[2025-01-14T13:37:28.407+0000] {processor.py:925} INFO - DAG(s) 'example_dynamic_task_mapping_with_no_taskflow_operators' retrieved from /home/airflow/.local/lib/python3.12/site-packages/airflow/example_dags/example_dynamic_task_mapping_with_no_taskflow_operators.py
[2025-01-14T13:37:28.440+0000] {logging_mixin.py:190} INFO - [2025-01-14T13:37:28.440+0000] {dag.py:3239} INFO - Sync 1 DAGs
[2025-01-14T13:37:28.473+0000] {logging_mixin.py:190} INFO - [2025-01-14T13:37:28.473+0000] {dag.py:4180} INFO - Setting next_dagrun for example_dynamic_task_mapping_with_no_taskflow_operators to None, run_after=None
[2025-01-14T13:37:28.510+0000] {processor.py:208} INFO - Processing /home/airflow/.local/lib/python3.12/site-packages/airflow/example_dags/example_dynamic_task_mapping_with_no_taskflow_operators.py took 0.147 seconds
[2025-01-14T13:37:59.019+0000] {processor.py:186} INFO - Started process (PID=11074) to work on /home/airflow/.local/lib/python3.12/site-packages/airflow/example_dags/example_dynamic_task_mapping_with_no_taskflow_operators.py
[2025-01-14T13:37:59.021+0000] {processor.py:914} INFO - Processing file /home/airflow/.local/lib/python3.12/site-packages/airflow/example_dags/example_dynamic_task_mapping_with_no_taskflow_operators.py for tasks to queue
[2025-01-14T13:37:59.027+0000] {logging_mixin.py:190} INFO - [2025-01-14T13:37:59.027+0000] {dagbag.py:588} INFO - Filling up the DagBag from /home/airflow/.local/lib/python3.12/site-packages/airflow/example_dags/example_dynamic_task_mapping_with_no_taskflow_operators.py
[2025-01-14T13:37:59.041+0000] {processor.py:925} INFO - DAG(s) 'example_dynamic_task_mapping_with_no_taskflow_operators' retrieved from /home/airflow/.local/lib/python3.12/site-packages/airflow/example_dags/example_dynamic_task_mapping_with_no_taskflow_operators.py
[2025-01-14T13:37:59.074+0000] {logging_mixin.py:190} INFO - [2025-01-14T13:37:59.074+0000] {dag.py:3239} INFO - Sync 1 DAGs
[2025-01-14T13:37:59.096+0000] {logging_mixin.py:190} INFO - [2025-01-14T13:37:59.096+0000] {dag.py:4180} INFO - Setting next_dagrun for example_dynamic_task_mapping_with_no_taskflow_operators to None, run_after=None
[2025-01-14T13:37:59.132+0000] {processor.py:208} INFO - Processing /home/airflow/.local/lib/python3.12/site-packages/airflow/example_dags/example_dynamic_task_mapping_with_no_taskflow_operators.py took 0.123 seconds
[2025-01-14T13:38:29.754+0000] {processor.py:186} INFO - Started process (PID=11385) to work on /home/airflow/.local/lib/python3.12/site-packages/airflow/example_dags/example_dynamic_task_mapping_with_no_taskflow_operators.py
[2025-01-14T13:38:29.756+0000] {processor.py:914} INFO - Processing file /home/airflow/.local/lib/python3.12/site-packages/airflow/example_dags/example_dynamic_task_mapping_with_no_taskflow_operators.py for tasks to queue
[2025-01-14T13:38:29.760+0000] {logging_mixin.py:190} INFO - [2025-01-14T13:38:29.760+0000] {dagbag.py:588} INFO - Filling up the DagBag from /home/airflow/.local/lib/python3.12/site-packages/airflow/example_dags/example_dynamic_task_mapping_with_no_taskflow_operators.py
[2025-01-14T13:38:29.773+0000] {processor.py:925} INFO - DAG(s) 'example_dynamic_task_mapping_with_no_taskflow_operators' retrieved from /home/airflow/.local/lib/python3.12/site-packages/airflow/example_dags/example_dynamic_task_mapping_with_no_taskflow_operators.py
[2025-01-14T13:38:29.827+0000] {logging_mixin.py:190} INFO - [2025-01-14T13:38:29.826+0000] {dag.py:3239} INFO - Sync 1 DAGs
[2025-01-14T13:38:29.854+0000] {logging_mixin.py:190} INFO - [2025-01-14T13:38:29.854+0000] {dag.py:4180} INFO - Setting next_dagrun for example_dynamic_task_mapping_with_no_taskflow_operators to None, run_after=None
[2025-01-14T13:38:29.888+0000] {processor.py:208} INFO - Processing /home/airflow/.local/lib/python3.12/site-packages/airflow/example_dags/example_dynamic_task_mapping_with_no_taskflow_operators.py took 0.143 seconds
[2025-01-14T13:39:00.114+0000] {processor.py:186} INFO - Started process (PID=11681) to work on /home/airflow/.local/lib/python3.12/site-packages/airflow/example_dags/example_dynamic_task_mapping_with_no_taskflow_operators.py
[2025-01-14T13:39:00.116+0000] {processor.py:914} INFO - Processing file /home/airflow/.local/lib/python3.12/site-packages/airflow/example_dags/example_dynamic_task_mapping_with_no_taskflow_operators.py for tasks to queue
[2025-01-14T13:39:00.120+0000] {logging_mixin.py:190} INFO - [2025-01-14T13:39:00.120+0000] {dagbag.py:588} INFO - Filling up the DagBag from /home/airflow/.local/lib/python3.12/site-packages/airflow/example_dags/example_dynamic_task_mapping_with_no_taskflow_operators.py
[2025-01-14T13:39:00.133+0000] {processor.py:925} INFO - DAG(s) 'example_dynamic_task_mapping_with_no_taskflow_operators' retrieved from /home/airflow/.local/lib/python3.12/site-packages/airflow/example_dags/example_dynamic_task_mapping_with_no_taskflow_operators.py
[2025-01-14T13:39:00.173+0000] {logging_mixin.py:190} INFO - [2025-01-14T13:39:00.172+0000] {dag.py:3239} INFO - Sync 1 DAGs
[2025-01-14T13:39:00.197+0000] {logging_mixin.py:190} INFO - [2025-01-14T13:39:00.196+0000] {dag.py:4180} INFO - Setting next_dagrun for example_dynamic_task_mapping_with_no_taskflow_operators to None, run_after=None
[2025-01-14T13:39:00.233+0000] {processor.py:208} INFO - Processing /home/airflow/.local/lib/python3.12/site-packages/airflow/example_dags/example_dynamic_task_mapping_with_no_taskflow_operators.py took 0.129 seconds
[2025-01-14T13:39:30.601+0000] {processor.py:186} INFO - Started process (PID=11994) to work on /home/airflow/.local/lib/python3.12/site-packages/airflow/example_dags/example_dynamic_task_mapping_with_no_taskflow_operators.py
[2025-01-14T13:39:30.602+0000] {processor.py:914} INFO - Processing file /home/airflow/.local/lib/python3.12/site-packages/airflow/example_dags/example_dynamic_task_mapping_with_no_taskflow_operators.py for tasks to queue
[2025-01-14T13:39:30.607+0000] {logging_mixin.py:190} INFO - [2025-01-14T13:39:30.606+0000] {dagbag.py:588} INFO - Filling up the DagBag from /home/airflow/.local/lib/python3.12/site-packages/airflow/example_dags/example_dynamic_task_mapping_with_no_taskflow_operators.py
[2025-01-14T13:39:30.625+0000] {processor.py:925} INFO - DAG(s) 'example_dynamic_task_mapping_with_no_taskflow_operators' retrieved from /home/airflow/.local/lib/python3.12/site-packages/airflow/example_dags/example_dynamic_task_mapping_with_no_taskflow_operators.py
[2025-01-14T13:39:30.675+0000] {logging_mixin.py:190} INFO - [2025-01-14T13:39:30.674+0000] {dag.py:3239} INFO - Sync 1 DAGs
[2025-01-14T13:39:30.719+0000] {logging_mixin.py:190} INFO - [2025-01-14T13:39:30.718+0000] {dag.py:4180} INFO - Setting next_dagrun for example_dynamic_task_mapping_with_no_taskflow_operators to None, run_after=None
[2025-01-14T13:39:30.770+0000] {processor.py:208} INFO - Processing /home/airflow/.local/lib/python3.12/site-packages/airflow/example_dags/example_dynamic_task_mapping_with_no_taskflow_operators.py took 0.185 seconds
[2025-01-14T13:40:01.012+0000] {processor.py:186} INFO - Started process (PID=12296) to work on /home/airflow/.local/lib/python3.12/site-packages/airflow/example_dags/example_dynamic_task_mapping_with_no_taskflow_operators.py
[2025-01-14T13:40:01.014+0000] {processor.py:914} INFO - Processing file /home/airflow/.local/lib/python3.12/site-packages/airflow/example_dags/example_dynamic_task_mapping_with_no_taskflow_operators.py for tasks to queue
[2025-01-14T13:40:01.019+0000] {logging_mixin.py:190} INFO - [2025-01-14T13:40:01.019+0000] {dagbag.py:588} INFO - Filling up the DagBag from /home/airflow/.local/lib/python3.12/site-packages/airflow/example_dags/example_dynamic_task_mapping_with_no_taskflow_operators.py
[2025-01-14T13:40:01.032+0000] {processor.py:925} INFO - DAG(s) 'example_dynamic_task_mapping_with_no_taskflow_operators' retrieved from /home/airflow/.local/lib/python3.12/site-packages/airflow/example_dags/example_dynamic_task_mapping_with_no_taskflow_operators.py
[2025-01-14T13:40:01.089+0000] {logging_mixin.py:190} INFO - [2025-01-14T13:40:01.089+0000] {dag.py:3239} INFO - Sync 1 DAGs
[2025-01-14T13:40:01.136+0000] {logging_mixin.py:190} INFO - [2025-01-14T13:40:01.135+0000] {dag.py:4180} INFO - Setting next_dagrun for example_dynamic_task_mapping_with_no_taskflow_operators to None, run_after=None
[2025-01-14T13:40:01.174+0000] {processor.py:208} INFO - Processing /home/airflow/.local/lib/python3.12/site-packages/airflow/example_dags/example_dynamic_task_mapping_with_no_taskflow_operators.py took 0.182 seconds
[2025-01-14T13:40:32.108+0000] {processor.py:186} INFO - Started process (PID=12608) to work on /home/airflow/.local/lib/python3.12/site-packages/airflow/example_dags/example_dynamic_task_mapping_with_no_taskflow_operators.py
[2025-01-14T13:40:32.110+0000] {processor.py:914} INFO - Processing file /home/airflow/.local/lib/python3.12/site-packages/airflow/example_dags/example_dynamic_task_mapping_with_no_taskflow_operators.py for tasks to queue
[2025-01-14T13:40:32.117+0000] {logging_mixin.py:190} INFO - [2025-01-14T13:40:32.116+0000] {dagbag.py:588} INFO - Filling up the DagBag from /home/airflow/.local/lib/python3.12/site-packages/airflow/example_dags/example_dynamic_task_mapping_with_no_taskflow_operators.py
[2025-01-14T13:40:32.132+0000] {processor.py:925} INFO - DAG(s) 'example_dynamic_task_mapping_with_no_taskflow_operators' retrieved from /home/airflow/.local/lib/python3.12/site-packages/airflow/example_dags/example_dynamic_task_mapping_with_no_taskflow_operators.py
[2025-01-14T13:40:32.178+0000] {logging_mixin.py:190} INFO - [2025-01-14T13:40:32.177+0000] {dag.py:3239} INFO - Sync 1 DAGs
[2025-01-14T13:40:32.203+0000] {logging_mixin.py:190} INFO - [2025-01-14T13:40:32.202+0000] {dag.py:4180} INFO - Setting next_dagrun for example_dynamic_task_mapping_with_no_taskflow_operators to None, run_after=None
[2025-01-14T13:40:32.251+0000] {processor.py:208} INFO - Processing /home/airflow/.local/lib/python3.12/site-packages/airflow/example_dags/example_dynamic_task_mapping_with_no_taskflow_operators.py took 0.153 seconds
[2025-01-14T13:41:03.425+0000] {processor.py:186} INFO - Started process (PID=12915) to work on /home/airflow/.local/lib/python3.12/site-packages/airflow/example_dags/example_dynamic_task_mapping_with_no_taskflow_operators.py
[2025-01-14T13:41:03.428+0000] {processor.py:914} INFO - Processing file /home/airflow/.local/lib/python3.12/site-packages/airflow/example_dags/example_dynamic_task_mapping_with_no_taskflow_operators.py for tasks to queue
[2025-01-14T13:41:03.432+0000] {logging_mixin.py:190} INFO - [2025-01-14T13:41:03.431+0000] {dagbag.py:588} INFO - Filling up the DagBag from /home/airflow/.local/lib/python3.12/site-packages/airflow/example_dags/example_dynamic_task_mapping_with_no_taskflow_operators.py
[2025-01-14T13:41:03.446+0000] {processor.py:925} INFO - DAG(s) 'example_dynamic_task_mapping_with_no_taskflow_operators' retrieved from /home/airflow/.local/lib/python3.12/site-packages/airflow/example_dags/example_dynamic_task_mapping_with_no_taskflow_operators.py
[2025-01-14T13:41:03.494+0000] {logging_mixin.py:190} INFO - [2025-01-14T13:41:03.494+0000] {dag.py:3239} INFO - Sync 1 DAGs
[2025-01-14T13:41:03.540+0000] {logging_mixin.py:190} INFO - [2025-01-14T13:41:03.540+0000] {dag.py:4180} INFO - Setting next_dagrun for example_dynamic_task_mapping_with_no_taskflow_operators to None, run_after=None
[2025-01-14T13:41:03.594+0000] {processor.py:208} INFO - Processing /home/airflow/.local/lib/python3.12/site-packages/airflow/example_dags/example_dynamic_task_mapping_with_no_taskflow_operators.py took 0.182 seconds
[2025-01-14T13:41:34.680+0000] {processor.py:186} INFO - Started process (PID=13222) to work on /home/airflow/.local/lib/python3.12/site-packages/airflow/example_dags/example_dynamic_task_mapping_with_no_taskflow_operators.py
[2025-01-14T13:41:34.683+0000] {processor.py:914} INFO - Processing file /home/airflow/.local/lib/python3.12/site-packages/airflow/example_dags/example_dynamic_task_mapping_with_no_taskflow_operators.py for tasks to queue
[2025-01-14T13:41:34.689+0000] {logging_mixin.py:190} INFO - [2025-01-14T13:41:34.688+0000] {dagbag.py:588} INFO - Filling up the DagBag from /home/airflow/.local/lib/python3.12/site-packages/airflow/example_dags/example_dynamic_task_mapping_with_no_taskflow_operators.py
[2025-01-14T13:41:34.703+0000] {processor.py:925} INFO - DAG(s) 'example_dynamic_task_mapping_with_no_taskflow_operators' retrieved from /home/airflow/.local/lib/python3.12/site-packages/airflow/example_dags/example_dynamic_task_mapping_with_no_taskflow_operators.py
[2025-01-14T13:41:34.742+0000] {logging_mixin.py:190} INFO - [2025-01-14T13:41:34.742+0000] {dag.py:3239} INFO - Sync 1 DAGs
[2025-01-14T13:41:34.767+0000] {logging_mixin.py:190} INFO - [2025-01-14T13:41:34.767+0000] {dag.py:4180} INFO - Setting next_dagrun for example_dynamic_task_mapping_with_no_taskflow_operators to None, run_after=None
[2025-01-14T13:41:34.814+0000] {processor.py:208} INFO - Processing /home/airflow/.local/lib/python3.12/site-packages/airflow/example_dags/example_dynamic_task_mapping_with_no_taskflow_operators.py took 0.152 seconds
[2025-01-14T13:42:05.985+0000] {processor.py:186} INFO - Started process (PID=13507) to work on /home/airflow/.local/lib/python3.12/site-packages/airflow/example_dags/example_dynamic_task_mapping_with_no_taskflow_operators.py
[2025-01-14T13:42:05.987+0000] {processor.py:914} INFO - Processing file /home/airflow/.local/lib/python3.12/site-packages/airflow/example_dags/example_dynamic_task_mapping_with_no_taskflow_operators.py for tasks to queue
[2025-01-14T13:42:05.998+0000] {logging_mixin.py:190} INFO - [2025-01-14T13:42:05.997+0000] {dagbag.py:588} INFO - Filling up the DagBag from /home/airflow/.local/lib/python3.12/site-packages/airflow/example_dags/example_dynamic_task_mapping_with_no_taskflow_operators.py
[2025-01-14T13:42:06.026+0000] {processor.py:925} INFO - DAG(s) 'example_dynamic_task_mapping_with_no_taskflow_operators' retrieved from /home/airflow/.local/lib/python3.12/site-packages/airflow/example_dags/example_dynamic_task_mapping_with_no_taskflow_operators.py
[2025-01-14T13:42:06.073+0000] {logging_mixin.py:190} INFO - [2025-01-14T13:42:06.072+0000] {dag.py:3239} INFO - Sync 1 DAGs
[2025-01-14T13:42:06.108+0000] {logging_mixin.py:190} INFO - [2025-01-14T13:42:06.107+0000] {dag.py:4180} INFO - Setting next_dagrun for example_dynamic_task_mapping_with_no_taskflow_operators to None, run_after=None
[2025-01-14T13:42:06.158+0000] {processor.py:208} INFO - Processing /home/airflow/.local/lib/python3.12/site-packages/airflow/example_dags/example_dynamic_task_mapping_with_no_taskflow_operators.py took 0.194 seconds
[2025-01-14T13:42:37.355+0000] {processor.py:186} INFO - Started process (PID=13811) to work on /home/airflow/.local/lib/python3.12/site-packages/airflow/example_dags/example_dynamic_task_mapping_with_no_taskflow_operators.py
[2025-01-14T13:42:37.358+0000] {processor.py:914} INFO - Processing file /home/airflow/.local/lib/python3.12/site-packages/airflow/example_dags/example_dynamic_task_mapping_with_no_taskflow_operators.py for tasks to queue
[2025-01-14T13:42:37.366+0000] {logging_mixin.py:190} INFO - [2025-01-14T13:42:37.365+0000] {dagbag.py:588} INFO - Filling up the DagBag from /home/airflow/.local/lib/python3.12/site-packages/airflow/example_dags/example_dynamic_task_mapping_with_no_taskflow_operators.py
[2025-01-14T13:42:37.388+0000] {processor.py:925} INFO - DAG(s) 'example_dynamic_task_mapping_with_no_taskflow_operators' retrieved from /home/airflow/.local/lib/python3.12/site-packages/airflow/example_dags/example_dynamic_task_mapping_with_no_taskflow_operators.py
[2025-01-14T13:42:37.430+0000] {logging_mixin.py:190} INFO - [2025-01-14T13:42:37.429+0000] {dag.py:3239} INFO - Sync 1 DAGs
[2025-01-14T13:42:37.471+0000] {logging_mixin.py:190} INFO - [2025-01-14T13:42:37.471+0000] {dag.py:4180} INFO - Setting next_dagrun for example_dynamic_task_mapping_with_no_taskflow_operators to None, run_after=None
[2025-01-14T13:42:37.506+0000] {processor.py:208} INFO - Processing /home/airflow/.local/lib/python3.12/site-packages/airflow/example_dags/example_dynamic_task_mapping_with_no_taskflow_operators.py took 0.169 seconds
[2025-01-14T13:43:09.009+0000] {processor.py:186} INFO - Started process (PID=14124) to work on /home/airflow/.local/lib/python3.12/site-packages/airflow/example_dags/example_dynamic_task_mapping_with_no_taskflow_operators.py
[2025-01-14T13:43:09.011+0000] {processor.py:914} INFO - Processing file /home/airflow/.local/lib/python3.12/site-packages/airflow/example_dags/example_dynamic_task_mapping_with_no_taskflow_operators.py for tasks to queue
[2025-01-14T13:43:09.016+0000] {logging_mixin.py:190} INFO - [2025-01-14T13:43:09.015+0000] {dagbag.py:588} INFO - Filling up the DagBag from /home/airflow/.local/lib/python3.12/site-packages/airflow/example_dags/example_dynamic_task_mapping_with_no_taskflow_operators.py
[2025-01-14T13:43:09.029+0000] {processor.py:925} INFO - DAG(s) 'example_dynamic_task_mapping_with_no_taskflow_operators' retrieved from /home/airflow/.local/lib/python3.12/site-packages/airflow/example_dags/example_dynamic_task_mapping_with_no_taskflow_operators.py
[2025-01-14T13:43:09.074+0000] {logging_mixin.py:190} INFO - [2025-01-14T13:43:09.073+0000] {dag.py:3239} INFO - Sync 1 DAGs
[2025-01-14T13:43:09.103+0000] {logging_mixin.py:190} INFO - [2025-01-14T13:43:09.102+0000] {dag.py:4180} INFO - Setting next_dagrun for example_dynamic_task_mapping_with_no_taskflow_operators to None, run_after=None
[2025-01-14T13:43:09.138+0000] {processor.py:208} INFO - Processing /home/airflow/.local/lib/python3.12/site-packages/airflow/example_dags/example_dynamic_task_mapping_with_no_taskflow_operators.py took 0.139 seconds
[2025-01-14T13:43:40.204+0000] {processor.py:186} INFO - Started process (PID=14425) to work on /home/airflow/.local/lib/python3.12/site-packages/airflow/example_dags/example_dynamic_task_mapping_with_no_taskflow_operators.py
[2025-01-14T13:43:40.205+0000] {processor.py:914} INFO - Processing file /home/airflow/.local/lib/python3.12/site-packages/airflow/example_dags/example_dynamic_task_mapping_with_no_taskflow_operators.py for tasks to queue
[2025-01-14T13:43:40.209+0000] {logging_mixin.py:190} INFO - [2025-01-14T13:43:40.209+0000] {dagbag.py:588} INFO - Filling up the DagBag from /home/airflow/.local/lib/python3.12/site-packages/airflow/example_dags/example_dynamic_task_mapping_with_no_taskflow_operators.py
[2025-01-14T13:43:40.223+0000] {processor.py:925} INFO - DAG(s) 'example_dynamic_task_mapping_with_no_taskflow_operators' retrieved from /home/airflow/.local/lib/python3.12/site-packages/airflow/example_dags/example_dynamic_task_mapping_with_no_taskflow_operators.py
[2025-01-14T13:43:40.271+0000] {logging_mixin.py:190} INFO - [2025-01-14T13:43:40.271+0000] {dag.py:3239} INFO - Sync 1 DAGs
[2025-01-14T13:43:40.308+0000] {logging_mixin.py:190} INFO - [2025-01-14T13:43:40.308+0000] {dag.py:4180} INFO - Setting next_dagrun for example_dynamic_task_mapping_with_no_taskflow_operators to None, run_after=None
[2025-01-14T13:43:40.340+0000] {processor.py:208} INFO - Processing /home/airflow/.local/lib/python3.12/site-packages/airflow/example_dags/example_dynamic_task_mapping_with_no_taskflow_operators.py took 0.154 seconds
[2025-01-14T13:44:11.281+0000] {processor.py:186} INFO - Started process (PID=14738) to work on /home/airflow/.local/lib/python3.12/site-packages/airflow/example_dags/example_dynamic_task_mapping_with_no_taskflow_operators.py
[2025-01-14T13:44:11.283+0000] {processor.py:914} INFO - Processing file /home/airflow/.local/lib/python3.12/site-packages/airflow/example_dags/example_dynamic_task_mapping_with_no_taskflow_operators.py for tasks to queue
[2025-01-14T13:44:11.289+0000] {logging_mixin.py:190} INFO - [2025-01-14T13:44:11.288+0000] {dagbag.py:588} INFO - Filling up the DagBag from /home/airflow/.local/lib/python3.12/site-packages/airflow/example_dags/example_dynamic_task_mapping_with_no_taskflow_operators.py
[2025-01-14T13:44:11.309+0000] {processor.py:925} INFO - DAG(s) 'example_dynamic_task_mapping_with_no_taskflow_operators' retrieved from /home/airflow/.local/lib/python3.12/site-packages/airflow/example_dags/example_dynamic_task_mapping_with_no_taskflow_operators.py
[2025-01-14T13:44:11.351+0000] {logging_mixin.py:190} INFO - [2025-01-14T13:44:11.350+0000] {dag.py:3239} INFO - Sync 1 DAGs
[2025-01-14T13:44:11.374+0000] {logging_mixin.py:190} INFO - [2025-01-14T13:44:11.374+0000] {dag.py:4180} INFO - Setting next_dagrun for example_dynamic_task_mapping_with_no_taskflow_operators to None, run_after=None
[2025-01-14T13:44:11.418+0000] {processor.py:208} INFO - Processing /home/airflow/.local/lib/python3.12/site-packages/airflow/example_dags/example_dynamic_task_mapping_with_no_taskflow_operators.py took 0.146 seconds
[2025-01-14T13:44:43.147+0000] {processor.py:186} INFO - Started process (PID=15039) to work on /home/airflow/.local/lib/python3.12/site-packages/airflow/example_dags/example_dynamic_task_mapping_with_no_taskflow_operators.py
[2025-01-14T13:44:43.149+0000] {processor.py:914} INFO - Processing file /home/airflow/.local/lib/python3.12/site-packages/airflow/example_dags/example_dynamic_task_mapping_with_no_taskflow_operators.py for tasks to queue
[2025-01-14T13:44:43.153+0000] {logging_mixin.py:190} INFO - [2025-01-14T13:44:43.153+0000] {dagbag.py:588} INFO - Filling up the DagBag from /home/airflow/.local/lib/python3.12/site-packages/airflow/example_dags/example_dynamic_task_mapping_with_no_taskflow_operators.py
[2025-01-14T13:44:43.176+0000] {processor.py:925} INFO - DAG(s) 'example_dynamic_task_mapping_with_no_taskflow_operators' retrieved from /home/airflow/.local/lib/python3.12/site-packages/airflow/example_dags/example_dynamic_task_mapping_with_no_taskflow_operators.py
[2025-01-14T13:44:43.233+0000] {logging_mixin.py:190} INFO - [2025-01-14T13:44:43.232+0000] {dag.py:3239} INFO - Sync 1 DAGs
[2025-01-14T13:44:43.267+0000] {logging_mixin.py:190} INFO - [2025-01-14T13:44:43.266+0000] {dag.py:4180} INFO - Setting next_dagrun for example_dynamic_task_mapping_with_no_taskflow_operators to None, run_after=None
[2025-01-14T13:44:43.318+0000] {processor.py:208} INFO - Processing /home/airflow/.local/lib/python3.12/site-packages/airflow/example_dags/example_dynamic_task_mapping_with_no_taskflow_operators.py took 0.180 seconds
[2025-01-14T13:45:15.087+0000] {processor.py:186} INFO - Started process (PID=15354) to work on /home/airflow/.local/lib/python3.12/site-packages/airflow/example_dags/example_dynamic_task_mapping_with_no_taskflow_operators.py
[2025-01-14T13:45:15.089+0000] {processor.py:914} INFO - Processing file /home/airflow/.local/lib/python3.12/site-packages/airflow/example_dags/example_dynamic_task_mapping_with_no_taskflow_operators.py for tasks to queue
[2025-01-14T13:45:15.092+0000] {logging_mixin.py:190} INFO - [2025-01-14T13:45:15.092+0000] {dagbag.py:588} INFO - Filling up the DagBag from /home/airflow/.local/lib/python3.12/site-packages/airflow/example_dags/example_dynamic_task_mapping_with_no_taskflow_operators.py
[2025-01-14T13:45:15.106+0000] {processor.py:925} INFO - DAG(s) 'example_dynamic_task_mapping_with_no_taskflow_operators' retrieved from /home/airflow/.local/lib/python3.12/site-packages/airflow/example_dags/example_dynamic_task_mapping_with_no_taskflow_operators.py
[2025-01-14T13:45:15.154+0000] {logging_mixin.py:190} INFO - [2025-01-14T13:45:15.153+0000] {dag.py:3239} INFO - Sync 1 DAGs
[2025-01-14T13:45:15.179+0000] {logging_mixin.py:190} INFO - [2025-01-14T13:45:15.179+0000] {dag.py:4180} INFO - Setting next_dagrun for example_dynamic_task_mapping_with_no_taskflow_operators to None, run_after=None
[2025-01-14T13:45:15.219+0000] {processor.py:208} INFO - Processing /home/airflow/.local/lib/python3.12/site-packages/airflow/example_dags/example_dynamic_task_mapping_with_no_taskflow_operators.py took 0.141 seconds
[2025-01-14T13:45:46.678+0000] {processor.py:186} INFO - Started process (PID=15655) to work on /home/airflow/.local/lib/python3.12/site-packages/airflow/example_dags/example_dynamic_task_mapping_with_no_taskflow_operators.py
[2025-01-14T13:45:46.680+0000] {processor.py:914} INFO - Processing file /home/airflow/.local/lib/python3.12/site-packages/airflow/example_dags/example_dynamic_task_mapping_with_no_taskflow_operators.py for tasks to queue
[2025-01-14T13:45:46.684+0000] {logging_mixin.py:190} INFO - [2025-01-14T13:45:46.683+0000] {dagbag.py:588} INFO - Filling up the DagBag from /home/airflow/.local/lib/python3.12/site-packages/airflow/example_dags/example_dynamic_task_mapping_with_no_taskflow_operators.py
[2025-01-14T13:45:46.698+0000] {processor.py:925} INFO - DAG(s) 'example_dynamic_task_mapping_with_no_taskflow_operators' retrieved from /home/airflow/.local/lib/python3.12/site-packages/airflow/example_dags/example_dynamic_task_mapping_with_no_taskflow_operators.py
[2025-01-14T13:45:46.733+0000] {logging_mixin.py:190} INFO - [2025-01-14T13:45:46.733+0000] {dag.py:3239} INFO - Sync 1 DAGs
[2025-01-14T13:45:46.755+0000] {logging_mixin.py:190} INFO - [2025-01-14T13:45:46.755+0000] {dag.py:4180} INFO - Setting next_dagrun for example_dynamic_task_mapping_with_no_taskflow_operators to None, run_after=None
[2025-01-14T13:45:46.790+0000] {processor.py:208} INFO - Processing /home/airflow/.local/lib/python3.12/site-packages/airflow/example_dags/example_dynamic_task_mapping_with_no_taskflow_operators.py took 0.121 seconds
[2025-01-14T13:46:18.080+0000] {processor.py:186} INFO - Started process (PID=15968) to work on /home/airflow/.local/lib/python3.12/site-packages/airflow/example_dags/example_dynamic_task_mapping_with_no_taskflow_operators.py
[2025-01-14T13:46:18.082+0000] {processor.py:914} INFO - Processing file /home/airflow/.local/lib/python3.12/site-packages/airflow/example_dags/example_dynamic_task_mapping_with_no_taskflow_operators.py for tasks to queue
[2025-01-14T13:46:18.089+0000] {logging_mixin.py:190} INFO - [2025-01-14T13:46:18.088+0000] {dagbag.py:588} INFO - Filling up the DagBag from /home/airflow/.local/lib/python3.12/site-packages/airflow/example_dags/example_dynamic_task_mapping_with_no_taskflow_operators.py
[2025-01-14T13:46:18.109+0000] {processor.py:925} INFO - DAG(s) 'example_dynamic_task_mapping_with_no_taskflow_operators' retrieved from /home/airflow/.local/lib/python3.12/site-packages/airflow/example_dags/example_dynamic_task_mapping_with_no_taskflow_operators.py
[2025-01-14T13:46:18.151+0000] {logging_mixin.py:190} INFO - [2025-01-14T13:46:18.151+0000] {dag.py:3239} INFO - Sync 1 DAGs
[2025-01-14T13:46:18.197+0000] {logging_mixin.py:190} INFO - [2025-01-14T13:46:18.196+0000] {dag.py:4180} INFO - Setting next_dagrun for example_dynamic_task_mapping_with_no_taskflow_operators to None, run_after=None
[2025-01-14T13:46:18.237+0000] {processor.py:208} INFO - Processing /home/airflow/.local/lib/python3.12/site-packages/airflow/example_dags/example_dynamic_task_mapping_with_no_taskflow_operators.py took 0.168 seconds
[2025-01-14T13:46:49.425+0000] {processor.py:186} INFO - Started process (PID=16267) to work on /home/airflow/.local/lib/python3.12/site-packages/airflow/example_dags/example_dynamic_task_mapping_with_no_taskflow_operators.py
[2025-01-14T13:46:49.427+0000] {processor.py:914} INFO - Processing file /home/airflow/.local/lib/python3.12/site-packages/airflow/example_dags/example_dynamic_task_mapping_with_no_taskflow_operators.py for tasks to queue
[2025-01-14T13:46:49.431+0000] {logging_mixin.py:190} INFO - [2025-01-14T13:46:49.430+0000] {dagbag.py:588} INFO - Filling up the DagBag from /home/airflow/.local/lib/python3.12/site-packages/airflow/example_dags/example_dynamic_task_mapping_with_no_taskflow_operators.py
[2025-01-14T13:46:49.445+0000] {processor.py:925} INFO - DAG(s) 'example_dynamic_task_mapping_with_no_taskflow_operators' retrieved from /home/airflow/.local/lib/python3.12/site-packages/airflow/example_dags/example_dynamic_task_mapping_with_no_taskflow_operators.py
[2025-01-14T13:46:49.483+0000] {logging_mixin.py:190} INFO - [2025-01-14T13:46:49.483+0000] {dag.py:3239} INFO - Sync 1 DAGs
[2025-01-14T13:46:49.508+0000] {logging_mixin.py:190} INFO - [2025-01-14T13:46:49.508+0000] {dag.py:4180} INFO - Setting next_dagrun for example_dynamic_task_mapping_with_no_taskflow_operators to None, run_after=None
[2025-01-14T13:46:49.549+0000] {processor.py:208} INFO - Processing /home/airflow/.local/lib/python3.12/site-packages/airflow/example_dags/example_dynamic_task_mapping_with_no_taskflow_operators.py took 0.134 seconds
[2025-01-14T13:47:20.400+0000] {processor.py:186} INFO - Started process (PID=16580) to work on /home/airflow/.local/lib/python3.12/site-packages/airflow/example_dags/example_dynamic_task_mapping_with_no_taskflow_operators.py
[2025-01-14T13:47:20.402+0000] {processor.py:914} INFO - Processing file /home/airflow/.local/lib/python3.12/site-packages/airflow/example_dags/example_dynamic_task_mapping_with_no_taskflow_operators.py for tasks to queue
[2025-01-14T13:47:20.410+0000] {logging_mixin.py:190} INFO - [2025-01-14T13:47:20.409+0000] {dagbag.py:588} INFO - Filling up the DagBag from /home/airflow/.local/lib/python3.12/site-packages/airflow/example_dags/example_dynamic_task_mapping_with_no_taskflow_operators.py
[2025-01-14T13:47:20.427+0000] {processor.py:925} INFO - DAG(s) 'example_dynamic_task_mapping_with_no_taskflow_operators' retrieved from /home/airflow/.local/lib/python3.12/site-packages/airflow/example_dags/example_dynamic_task_mapping_with_no_taskflow_operators.py
[2025-01-14T13:47:20.476+0000] {logging_mixin.py:190} INFO - [2025-01-14T13:47:20.476+0000] {dag.py:3239} INFO - Sync 1 DAGs
[2025-01-14T13:47:20.499+0000] {logging_mixin.py:190} INFO - [2025-01-14T13:47:20.498+0000] {dag.py:4180} INFO - Setting next_dagrun for example_dynamic_task_mapping_with_no_taskflow_operators to None, run_after=None
[2025-01-14T13:47:20.556+0000] {processor.py:208} INFO - Processing /home/airflow/.local/lib/python3.12/site-packages/airflow/example_dags/example_dynamic_task_mapping_with_no_taskflow_operators.py took 0.166 seconds
[2025-01-14T13:47:51.678+0000] {processor.py:186} INFO - Started process (PID=16881) to work on /home/airflow/.local/lib/python3.12/site-packages/airflow/example_dags/example_dynamic_task_mapping_with_no_taskflow_operators.py
[2025-01-14T13:47:51.681+0000] {processor.py:914} INFO - Processing file /home/airflow/.local/lib/python3.12/site-packages/airflow/example_dags/example_dynamic_task_mapping_with_no_taskflow_operators.py for tasks to queue
[2025-01-14T13:47:51.685+0000] {logging_mixin.py:190} INFO - [2025-01-14T13:47:51.684+0000] {dagbag.py:588} INFO - Filling up the DagBag from /home/airflow/.local/lib/python3.12/site-packages/airflow/example_dags/example_dynamic_task_mapping_with_no_taskflow_operators.py
[2025-01-14T13:47:51.699+0000] {processor.py:925} INFO - DAG(s) 'example_dynamic_task_mapping_with_no_taskflow_operators' retrieved from /home/airflow/.local/lib/python3.12/site-packages/airflow/example_dags/example_dynamic_task_mapping_with_no_taskflow_operators.py
[2025-01-14T13:47:51.749+0000] {logging_mixin.py:190} INFO - [2025-01-14T13:47:51.749+0000] {dag.py:3239} INFO - Sync 1 DAGs
[2025-01-14T13:47:51.773+0000] {logging_mixin.py:190} INFO - [2025-01-14T13:47:51.773+0000] {dag.py:4180} INFO - Setting next_dagrun for example_dynamic_task_mapping_with_no_taskflow_operators to None, run_after=None
[2025-01-14T13:47:51.808+0000] {processor.py:208} INFO - Processing /home/airflow/.local/lib/python3.12/site-packages/airflow/example_dags/example_dynamic_task_mapping_with_no_taskflow_operators.py took 0.150 seconds
[2025-01-14T13:48:23.715+0000] {processor.py:186} INFO - Started process (PID=17194) to work on /home/airflow/.local/lib/python3.12/site-packages/airflow/example_dags/example_dynamic_task_mapping_with_no_taskflow_operators.py
[2025-01-14T13:48:23.718+0000] {processor.py:914} INFO - Processing file /home/airflow/.local/lib/python3.12/site-packages/airflow/example_dags/example_dynamic_task_mapping_with_no_taskflow_operators.py for tasks to queue
[2025-01-14T13:48:23.726+0000] {logging_mixin.py:190} INFO - [2025-01-14T13:48:23.725+0000] {dagbag.py:588} INFO - Filling up the DagBag from /home/airflow/.local/lib/python3.12/site-packages/airflow/example_dags/example_dynamic_task_mapping_with_no_taskflow_operators.py
[2025-01-14T13:48:23.750+0000] {processor.py:925} INFO - DAG(s) 'example_dynamic_task_mapping_with_no_taskflow_operators' retrieved from /home/airflow/.local/lib/python3.12/site-packages/airflow/example_dags/example_dynamic_task_mapping_with_no_taskflow_operators.py
[2025-01-14T13:48:24.018+0000] {logging_mixin.py:190} INFO - [2025-01-14T13:48:24.017+0000] {dag.py:3239} INFO - Sync 1 DAGs
[2025-01-14T13:48:24.041+0000] {logging_mixin.py:190} INFO - [2025-01-14T13:48:24.040+0000] {dag.py:4180} INFO - Setting next_dagrun for example_dynamic_task_mapping_with_no_taskflow_operators to None, run_after=None
[2025-01-14T13:48:24.075+0000] {processor.py:208} INFO - Processing /home/airflow/.local/lib/python3.12/site-packages/airflow/example_dags/example_dynamic_task_mapping_with_no_taskflow_operators.py took 0.379 seconds
[2025-01-14T13:48:54.789+0000] {processor.py:186} INFO - Started process (PID=17496) to work on /home/airflow/.local/lib/python3.12/site-packages/airflow/example_dags/example_dynamic_task_mapping_with_no_taskflow_operators.py
[2025-01-14T13:48:54.791+0000] {processor.py:914} INFO - Processing file /home/airflow/.local/lib/python3.12/site-packages/airflow/example_dags/example_dynamic_task_mapping_with_no_taskflow_operators.py for tasks to queue
[2025-01-14T13:48:54.799+0000] {logging_mixin.py:190} INFO - [2025-01-14T13:48:54.798+0000] {dagbag.py:588} INFO - Filling up the DagBag from /home/airflow/.local/lib/python3.12/site-packages/airflow/example_dags/example_dynamic_task_mapping_with_no_taskflow_operators.py
[2025-01-14T13:48:54.824+0000] {processor.py:925} INFO - DAG(s) 'example_dynamic_task_mapping_with_no_taskflow_operators' retrieved from /home/airflow/.local/lib/python3.12/site-packages/airflow/example_dags/example_dynamic_task_mapping_with_no_taskflow_operators.py
[2025-01-14T13:48:54.862+0000] {logging_mixin.py:190} INFO - [2025-01-14T13:48:54.862+0000] {dag.py:3239} INFO - Sync 1 DAGs
[2025-01-14T13:48:54.889+0000] {logging_mixin.py:190} INFO - [2025-01-14T13:48:54.887+0000] {dag.py:4180} INFO - Setting next_dagrun for example_dynamic_task_mapping_with_no_taskflow_operators to None, run_after=None
[2025-01-14T13:48:54.931+0000] {processor.py:208} INFO - Processing /home/airflow/.local/lib/python3.12/site-packages/airflow/example_dags/example_dynamic_task_mapping_with_no_taskflow_operators.py took 0.155 seconds
[2025-01-14T13:49:25.073+0000] {processor.py:186} INFO - Started process (PID=17808) to work on /home/airflow/.local/lib/python3.12/site-packages/airflow/example_dags/example_dynamic_task_mapping_with_no_taskflow_operators.py
[2025-01-14T13:49:25.075+0000] {processor.py:914} INFO - Processing file /home/airflow/.local/lib/python3.12/site-packages/airflow/example_dags/example_dynamic_task_mapping_with_no_taskflow_operators.py for tasks to queue
[2025-01-14T13:49:25.080+0000] {logging_mixin.py:190} INFO - [2025-01-14T13:49:25.079+0000] {dagbag.py:588} INFO - Filling up the DagBag from /home/airflow/.local/lib/python3.12/site-packages/airflow/example_dags/example_dynamic_task_mapping_with_no_taskflow_operators.py
[2025-01-14T13:49:25.094+0000] {processor.py:925} INFO - DAG(s) 'example_dynamic_task_mapping_with_no_taskflow_operators' retrieved from /home/airflow/.local/lib/python3.12/site-packages/airflow/example_dags/example_dynamic_task_mapping_with_no_taskflow_operators.py
[2025-01-14T13:49:25.144+0000] {logging_mixin.py:190} INFO - [2025-01-14T13:49:25.143+0000] {dag.py:3239} INFO - Sync 1 DAGs
[2025-01-14T13:49:25.171+0000] {logging_mixin.py:190} INFO - [2025-01-14T13:49:25.171+0000] {dag.py:4180} INFO - Setting next_dagrun for example_dynamic_task_mapping_with_no_taskflow_operators to None, run_after=None
[2025-01-14T13:49:25.208+0000] {processor.py:208} INFO - Processing /home/airflow/.local/lib/python3.12/site-packages/airflow/example_dags/example_dynamic_task_mapping_with_no_taskflow_operators.py took 0.145 seconds
[2025-01-14T13:49:55.931+0000] {processor.py:186} INFO - Started process (PID=18115) to work on /home/airflow/.local/lib/python3.12/site-packages/airflow/example_dags/example_dynamic_task_mapping_with_no_taskflow_operators.py
[2025-01-14T13:49:55.933+0000] {processor.py:914} INFO - Processing file /home/airflow/.local/lib/python3.12/site-packages/airflow/example_dags/example_dynamic_task_mapping_with_no_taskflow_operators.py for tasks to queue
[2025-01-14T13:49:55.936+0000] {logging_mixin.py:190} INFO - [2025-01-14T13:49:55.936+0000] {dagbag.py:588} INFO - Filling up the DagBag from /home/airflow/.local/lib/python3.12/site-packages/airflow/example_dags/example_dynamic_task_mapping_with_no_taskflow_operators.py
[2025-01-14T13:49:55.955+0000] {processor.py:925} INFO - DAG(s) 'example_dynamic_task_mapping_with_no_taskflow_operators' retrieved from /home/airflow/.local/lib/python3.12/site-packages/airflow/example_dags/example_dynamic_task_mapping_with_no_taskflow_operators.py
[2025-01-14T13:49:55.999+0000] {logging_mixin.py:190} INFO - [2025-01-14T13:49:55.998+0000] {dag.py:3239} INFO - Sync 1 DAGs
[2025-01-14T13:49:56.027+0000] {logging_mixin.py:190} INFO - [2025-01-14T13:49:56.026+0000] {dag.py:4180} INFO - Setting next_dagrun for example_dynamic_task_mapping_with_no_taskflow_operators to None, run_after=None
[2025-01-14T13:49:56.077+0000] {processor.py:208} INFO - Processing /home/airflow/.local/lib/python3.12/site-packages/airflow/example_dags/example_dynamic_task_mapping_with_no_taskflow_operators.py took 0.156 seconds
[2025-01-14T13:50:27.622+0000] {processor.py:186} INFO - Started process (PID=18428) to work on /home/airflow/.local/lib/python3.12/site-packages/airflow/example_dags/example_dynamic_task_mapping_with_no_taskflow_operators.py
[2025-01-14T13:50:27.624+0000] {processor.py:914} INFO - Processing file /home/airflow/.local/lib/python3.12/site-packages/airflow/example_dags/example_dynamic_task_mapping_with_no_taskflow_operators.py for tasks to queue
[2025-01-14T13:50:27.632+0000] {logging_mixin.py:190} INFO - [2025-01-14T13:50:27.631+0000] {dagbag.py:588} INFO - Filling up the DagBag from /home/airflow/.local/lib/python3.12/site-packages/airflow/example_dags/example_dynamic_task_mapping_with_no_taskflow_operators.py
[2025-01-14T13:50:27.646+0000] {processor.py:925} INFO - DAG(s) 'example_dynamic_task_mapping_with_no_taskflow_operators' retrieved from /home/airflow/.local/lib/python3.12/site-packages/airflow/example_dags/example_dynamic_task_mapping_with_no_taskflow_operators.py
[2025-01-14T13:50:27.687+0000] {logging_mixin.py:190} INFO - [2025-01-14T13:50:27.687+0000] {dag.py:3239} INFO - Sync 1 DAGs
[2025-01-14T13:50:27.717+0000] {logging_mixin.py:190} INFO - [2025-01-14T13:50:27.716+0000] {dag.py:4180} INFO - Setting next_dagrun for example_dynamic_task_mapping_with_no_taskflow_operators to None, run_after=None
[2025-01-14T13:50:27.752+0000] {processor.py:208} INFO - Processing /home/airflow/.local/lib/python3.12/site-packages/airflow/example_dags/example_dynamic_task_mapping_with_no_taskflow_operators.py took 0.140 seconds
[2025-01-14T13:50:58.653+0000] {processor.py:186} INFO - Started process (PID=18731) to work on /home/airflow/.local/lib/python3.12/site-packages/airflow/example_dags/example_dynamic_task_mapping_with_no_taskflow_operators.py
[2025-01-14T13:50:58.655+0000] {processor.py:914} INFO - Processing file /home/airflow/.local/lib/python3.12/site-packages/airflow/example_dags/example_dynamic_task_mapping_with_no_taskflow_operators.py for tasks to queue
[2025-01-14T13:50:58.660+0000] {logging_mixin.py:190} INFO - [2025-01-14T13:50:58.659+0000] {dagbag.py:588} INFO - Filling up the DagBag from /home/airflow/.local/lib/python3.12/site-packages/airflow/example_dags/example_dynamic_task_mapping_with_no_taskflow_operators.py
[2025-01-14T13:50:58.679+0000] {processor.py:925} INFO - DAG(s) 'example_dynamic_task_mapping_with_no_taskflow_operators' retrieved from /home/airflow/.local/lib/python3.12/site-packages/airflow/example_dags/example_dynamic_task_mapping_with_no_taskflow_operators.py
[2025-01-14T13:50:58.719+0000] {logging_mixin.py:190} INFO - [2025-01-14T13:50:58.719+0000] {dag.py:3239} INFO - Sync 1 DAGs
[2025-01-14T13:50:58.746+0000] {logging_mixin.py:190} INFO - [2025-01-14T13:50:58.746+0000] {dag.py:4180} INFO - Setting next_dagrun for example_dynamic_task_mapping_with_no_taskflow_operators to None, run_after=None
[2025-01-14T13:50:58.798+0000] {processor.py:208} INFO - Processing /home/airflow/.local/lib/python3.12/site-packages/airflow/example_dags/example_dynamic_task_mapping_with_no_taskflow_operators.py took 0.154 seconds
[2025-01-14T13:51:29.940+0000] {processor.py:186} INFO - Started process (PID=19044) to work on /home/airflow/.local/lib/python3.12/site-packages/airflow/example_dags/example_dynamic_task_mapping_with_no_taskflow_operators.py
[2025-01-14T13:51:29.942+0000] {processor.py:914} INFO - Processing file /home/airflow/.local/lib/python3.12/site-packages/airflow/example_dags/example_dynamic_task_mapping_with_no_taskflow_operators.py for tasks to queue
[2025-01-14T13:51:29.949+0000] {logging_mixin.py:190} INFO - [2025-01-14T13:51:29.948+0000] {dagbag.py:588} INFO - Filling up the DagBag from /home/airflow/.local/lib/python3.12/site-packages/airflow/example_dags/example_dynamic_task_mapping_with_no_taskflow_operators.py
[2025-01-14T13:51:29.976+0000] {processor.py:925} INFO - DAG(s) 'example_dynamic_task_mapping_with_no_taskflow_operators' retrieved from /home/airflow/.local/lib/python3.12/site-packages/airflow/example_dags/example_dynamic_task_mapping_with_no_taskflow_operators.py
[2025-01-14T13:51:30.031+0000] {logging_mixin.py:190} INFO - [2025-01-14T13:51:30.030+0000] {dag.py:3239} INFO - Sync 1 DAGs
[2025-01-14T13:51:30.069+0000] {logging_mixin.py:190} INFO - [2025-01-14T13:51:30.069+0000] {dag.py:4180} INFO - Setting next_dagrun for example_dynamic_task_mapping_with_no_taskflow_operators to None, run_after=None
[2025-01-14T13:51:30.107+0000] {processor.py:208} INFO - Processing /home/airflow/.local/lib/python3.12/site-packages/airflow/example_dags/example_dynamic_task_mapping_with_no_taskflow_operators.py took 0.177 seconds
[2025-01-14T13:52:01.581+0000] {processor.py:186} INFO - Started process (PID=19349) to work on /home/airflow/.local/lib/python3.12/site-packages/airflow/example_dags/example_dynamic_task_mapping_with_no_taskflow_operators.py
[2025-01-14T13:52:01.583+0000] {processor.py:914} INFO - Processing file /home/airflow/.local/lib/python3.12/site-packages/airflow/example_dags/example_dynamic_task_mapping_with_no_taskflow_operators.py for tasks to queue
[2025-01-14T13:52:01.586+0000] {logging_mixin.py:190} INFO - [2025-01-14T13:52:01.586+0000] {dagbag.py:588} INFO - Filling up the DagBag from /home/airflow/.local/lib/python3.12/site-packages/airflow/example_dags/example_dynamic_task_mapping_with_no_taskflow_operators.py
[2025-01-14T13:52:01.600+0000] {processor.py:925} INFO - DAG(s) 'example_dynamic_task_mapping_with_no_taskflow_operators' retrieved from /home/airflow/.local/lib/python3.12/site-packages/airflow/example_dags/example_dynamic_task_mapping_with_no_taskflow_operators.py
[2025-01-14T13:52:01.651+0000] {logging_mixin.py:190} INFO - [2025-01-14T13:52:01.651+0000] {dag.py:3239} INFO - Sync 1 DAGs
[2025-01-14T13:52:01.697+0000] {logging_mixin.py:190} INFO - [2025-01-14T13:52:01.696+0000] {dag.py:4180} INFO - Setting next_dagrun for example_dynamic_task_mapping_with_no_taskflow_operators to None, run_after=None
[2025-01-14T13:52:01.745+0000] {processor.py:208} INFO - Processing /home/airflow/.local/lib/python3.12/site-packages/airflow/example_dags/example_dynamic_task_mapping_with_no_taskflow_operators.py took 0.173 seconds
[2025-01-14T13:52:32.355+0000] {processor.py:186} INFO - Started process (PID=19661) to work on /home/airflow/.local/lib/python3.12/site-packages/airflow/example_dags/example_dynamic_task_mapping_with_no_taskflow_operators.py
[2025-01-14T13:52:32.357+0000] {processor.py:914} INFO - Processing file /home/airflow/.local/lib/python3.12/site-packages/airflow/example_dags/example_dynamic_task_mapping_with_no_taskflow_operators.py for tasks to queue
[2025-01-14T13:52:32.365+0000] {logging_mixin.py:190} INFO - [2025-01-14T13:52:32.364+0000] {dagbag.py:588} INFO - Filling up the DagBag from /home/airflow/.local/lib/python3.12/site-packages/airflow/example_dags/example_dynamic_task_mapping_with_no_taskflow_operators.py
[2025-01-14T13:52:32.382+0000] {processor.py:925} INFO - DAG(s) 'example_dynamic_task_mapping_with_no_taskflow_operators' retrieved from /home/airflow/.local/lib/python3.12/site-packages/airflow/example_dags/example_dynamic_task_mapping_with_no_taskflow_operators.py
[2025-01-14T13:52:32.437+0000] {logging_mixin.py:190} INFO - [2025-01-14T13:52:32.437+0000] {dag.py:3239} INFO - Sync 1 DAGs
[2025-01-14T13:52:32.471+0000] {logging_mixin.py:190} INFO - [2025-01-14T13:52:32.470+0000] {dag.py:4180} INFO - Setting next_dagrun for example_dynamic_task_mapping_with_no_taskflow_operators to None, run_after=None
[2025-01-14T13:52:32.511+0000] {processor.py:208} INFO - Processing /home/airflow/.local/lib/python3.12/site-packages/airflow/example_dags/example_dynamic_task_mapping_with_no_taskflow_operators.py took 0.167 seconds
[2025-01-14T13:53:03.661+0000] {processor.py:186} INFO - Started process (PID=19974) to work on /home/airflow/.local/lib/python3.12/site-packages/airflow/example_dags/example_dynamic_task_mapping_with_no_taskflow_operators.py
[2025-01-14T13:53:03.664+0000] {processor.py:914} INFO - Processing file /home/airflow/.local/lib/python3.12/site-packages/airflow/example_dags/example_dynamic_task_mapping_with_no_taskflow_operators.py for tasks to queue
[2025-01-14T13:53:03.672+0000] {logging_mixin.py:190} INFO - [2025-01-14T13:53:03.671+0000] {dagbag.py:588} INFO - Filling up the DagBag from /home/airflow/.local/lib/python3.12/site-packages/airflow/example_dags/example_dynamic_task_mapping_with_no_taskflow_operators.py
[2025-01-14T13:53:03.698+0000] {processor.py:925} INFO - DAG(s) 'example_dynamic_task_mapping_with_no_taskflow_operators' retrieved from /home/airflow/.local/lib/python3.12/site-packages/airflow/example_dags/example_dynamic_task_mapping_with_no_taskflow_operators.py
[2025-01-14T13:53:03.757+0000] {logging_mixin.py:190} INFO - [2025-01-14T13:53:03.756+0000] {dag.py:3239} INFO - Sync 1 DAGs
[2025-01-14T13:53:03.804+0000] {logging_mixin.py:190} INFO - [2025-01-14T13:53:03.803+0000] {dag.py:4180} INFO - Setting next_dagrun for example_dynamic_task_mapping_with_no_taskflow_operators to None, run_after=None
[2025-01-14T13:53:03.856+0000] {processor.py:208} INFO - Processing /home/airflow/.local/lib/python3.12/site-packages/airflow/example_dags/example_dynamic_task_mapping_with_no_taskflow_operators.py took 0.208 seconds
[2025-01-14T13:53:34.978+0000] {processor.py:186} INFO - Started process (PID=20280) to work on /home/airflow/.local/lib/python3.12/site-packages/airflow/example_dags/example_dynamic_task_mapping_with_no_taskflow_operators.py
[2025-01-14T13:53:34.980+0000] {processor.py:914} INFO - Processing file /home/airflow/.local/lib/python3.12/site-packages/airflow/example_dags/example_dynamic_task_mapping_with_no_taskflow_operators.py for tasks to queue
[2025-01-14T13:53:34.985+0000] {logging_mixin.py:190} INFO - [2025-01-14T13:53:34.984+0000] {dagbag.py:588} INFO - Filling up the DagBag from /home/airflow/.local/lib/python3.12/site-packages/airflow/example_dags/example_dynamic_task_mapping_with_no_taskflow_operators.py
[2025-01-14T13:53:34.999+0000] {processor.py:925} INFO - DAG(s) 'example_dynamic_task_mapping_with_no_taskflow_operators' retrieved from /home/airflow/.local/lib/python3.12/site-packages/airflow/example_dags/example_dynamic_task_mapping_with_no_taskflow_operators.py
[2025-01-14T13:53:35.038+0000] {logging_mixin.py:190} INFO - [2025-01-14T13:53:35.037+0000] {dag.py:3239} INFO - Sync 1 DAGs
[2025-01-14T13:53:35.068+0000] {logging_mixin.py:190} INFO - [2025-01-14T13:53:35.068+0000] {dag.py:4180} INFO - Setting next_dagrun for example_dynamic_task_mapping_with_no_taskflow_operators to None, run_after=None
[2025-01-14T13:53:35.107+0000] {processor.py:208} INFO - Processing /home/airflow/.local/lib/python3.12/site-packages/airflow/example_dags/example_dynamic_task_mapping_with_no_taskflow_operators.py took 0.140 seconds
[2025-01-14T13:54:06.746+0000] {processor.py:186} INFO - Started process (PID=20601) to work on /home/airflow/.local/lib/python3.12/site-packages/airflow/example_dags/example_dynamic_task_mapping_with_no_taskflow_operators.py
[2025-01-14T13:54:06.749+0000] {processor.py:914} INFO - Processing file /home/airflow/.local/lib/python3.12/site-packages/airflow/example_dags/example_dynamic_task_mapping_with_no_taskflow_operators.py for tasks to queue
[2025-01-14T13:54:06.758+0000] {logging_mixin.py:190} INFO - [2025-01-14T13:54:06.757+0000] {dagbag.py:588} INFO - Filling up the DagBag from /home/airflow/.local/lib/python3.12/site-packages/airflow/example_dags/example_dynamic_task_mapping_with_no_taskflow_operators.py
[2025-01-14T13:54:06.785+0000] {processor.py:925} INFO - DAG(s) 'example_dynamic_task_mapping_with_no_taskflow_operators' retrieved from /home/airflow/.local/lib/python3.12/site-packages/airflow/example_dags/example_dynamic_task_mapping_with_no_taskflow_operators.py
[2025-01-14T13:54:06.829+0000] {logging_mixin.py:190} INFO - [2025-01-14T13:54:06.829+0000] {dag.py:3239} INFO - Sync 1 DAGs
[2025-01-14T13:54:06.869+0000] {logging_mixin.py:190} INFO - [2025-01-14T13:54:06.868+0000] {dag.py:4180} INFO - Setting next_dagrun for example_dynamic_task_mapping_with_no_taskflow_operators to None, run_after=None
[2025-01-14T13:54:06.922+0000] {processor.py:208} INFO - Processing /home/airflow/.local/lib/python3.12/site-packages/airflow/example_dags/example_dynamic_task_mapping_with_no_taskflow_operators.py took 0.186 seconds
[2025-01-14T13:54:38.122+0000] {processor.py:186} INFO - Started process (PID=20906) to work on /home/airflow/.local/lib/python3.12/site-packages/airflow/example_dags/example_dynamic_task_mapping_with_no_taskflow_operators.py
[2025-01-14T13:54:38.124+0000] {processor.py:914} INFO - Processing file /home/airflow/.local/lib/python3.12/site-packages/airflow/example_dags/example_dynamic_task_mapping_with_no_taskflow_operators.py for tasks to queue
[2025-01-14T13:54:38.127+0000] {logging_mixin.py:190} INFO - [2025-01-14T13:54:38.127+0000] {dagbag.py:588} INFO - Filling up the DagBag from /home/airflow/.local/lib/python3.12/site-packages/airflow/example_dags/example_dynamic_task_mapping_with_no_taskflow_operators.py
[2025-01-14T13:54:38.141+0000] {processor.py:925} INFO - DAG(s) 'example_dynamic_task_mapping_with_no_taskflow_operators' retrieved from /home/airflow/.local/lib/python3.12/site-packages/airflow/example_dags/example_dynamic_task_mapping_with_no_taskflow_operators.py
[2025-01-14T13:54:38.180+0000] {logging_mixin.py:190} INFO - [2025-01-14T13:54:38.179+0000] {dag.py:3239} INFO - Sync 1 DAGs
[2025-01-14T13:54:38.204+0000] {logging_mixin.py:190} INFO - [2025-01-14T13:54:38.203+0000] {dag.py:4180} INFO - Setting next_dagrun for example_dynamic_task_mapping_with_no_taskflow_operators to None, run_after=None
[2025-01-14T13:54:38.241+0000] {processor.py:208} INFO - Processing /home/airflow/.local/lib/python3.12/site-packages/airflow/example_dags/example_dynamic_task_mapping_with_no_taskflow_operators.py took 0.128 seconds
[2025-01-14T13:55:09.470+0000] {processor.py:186} INFO - Started process (PID=21219) to work on /home/airflow/.local/lib/python3.12/site-packages/airflow/example_dags/example_dynamic_task_mapping_with_no_taskflow_operators.py
[2025-01-14T13:55:09.471+0000] {processor.py:914} INFO - Processing file /home/airflow/.local/lib/python3.12/site-packages/airflow/example_dags/example_dynamic_task_mapping_with_no_taskflow_operators.py for tasks to queue
[2025-01-14T13:55:09.475+0000] {logging_mixin.py:190} INFO - [2025-01-14T13:55:09.475+0000] {dagbag.py:588} INFO - Filling up the DagBag from /home/airflow/.local/lib/python3.12/site-packages/airflow/example_dags/example_dynamic_task_mapping_with_no_taskflow_operators.py
[2025-01-14T13:55:09.489+0000] {processor.py:925} INFO - DAG(s) 'example_dynamic_task_mapping_with_no_taskflow_operators' retrieved from /home/airflow/.local/lib/python3.12/site-packages/airflow/example_dags/example_dynamic_task_mapping_with_no_taskflow_operators.py
[2025-01-14T13:55:09.547+0000] {logging_mixin.py:190} INFO - [2025-01-14T13:55:09.547+0000] {dag.py:3239} INFO - Sync 1 DAGs
[2025-01-14T13:55:09.576+0000] {logging_mixin.py:190} INFO - [2025-01-14T13:55:09.576+0000] {dag.py:4180} INFO - Setting next_dagrun for example_dynamic_task_mapping_with_no_taskflow_operators to None, run_after=None
[2025-01-14T13:55:09.618+0000] {processor.py:208} INFO - Processing /home/airflow/.local/lib/python3.12/site-packages/airflow/example_dags/example_dynamic_task_mapping_with_no_taskflow_operators.py took 0.158 seconds
[2025-01-14T13:55:41.622+0000] {processor.py:186} INFO - Started process (PID=21543) to work on /home/airflow/.local/lib/python3.12/site-packages/airflow/example_dags/example_dynamic_task_mapping_with_no_taskflow_operators.py
[2025-01-14T13:55:41.624+0000] {processor.py:914} INFO - Processing file /home/airflow/.local/lib/python3.12/site-packages/airflow/example_dags/example_dynamic_task_mapping_with_no_taskflow_operators.py for tasks to queue
[2025-01-14T13:55:41.632+0000] {logging_mixin.py:190} INFO - [2025-01-14T13:55:41.631+0000] {dagbag.py:588} INFO - Filling up the DagBag from /home/airflow/.local/lib/python3.12/site-packages/airflow/example_dags/example_dynamic_task_mapping_with_no_taskflow_operators.py
[2025-01-14T13:55:41.654+0000] {processor.py:925} INFO - DAG(s) 'example_dynamic_task_mapping_with_no_taskflow_operators' retrieved from /home/airflow/.local/lib/python3.12/site-packages/airflow/example_dags/example_dynamic_task_mapping_with_no_taskflow_operators.py
[2025-01-14T13:55:41.697+0000] {logging_mixin.py:190} INFO - [2025-01-14T13:55:41.697+0000] {dag.py:3239} INFO - Sync 1 DAGs
[2025-01-14T13:55:41.724+0000] {logging_mixin.py:190} INFO - [2025-01-14T13:55:41.723+0000] {dag.py:4180} INFO - Setting next_dagrun for example_dynamic_task_mapping_with_no_taskflow_operators to None, run_after=None
[2025-01-14T13:55:41.758+0000] {processor.py:208} INFO - Processing /home/airflow/.local/lib/python3.12/site-packages/airflow/example_dags/example_dynamic_task_mapping_with_no_taskflow_operators.py took 0.145 seconds
[2025-01-14T13:56:12.601+0000] {processor.py:186} INFO - Started process (PID=21861) to work on /home/airflow/.local/lib/python3.12/site-packages/airflow/example_dags/example_dynamic_task_mapping_with_no_taskflow_operators.py
[2025-01-14T13:56:12.603+0000] {processor.py:914} INFO - Processing file /home/airflow/.local/lib/python3.12/site-packages/airflow/example_dags/example_dynamic_task_mapping_with_no_taskflow_operators.py for tasks to queue
[2025-01-14T13:56:12.609+0000] {logging_mixin.py:190} INFO - [2025-01-14T13:56:12.608+0000] {dagbag.py:588} INFO - Filling up the DagBag from /home/airflow/.local/lib/python3.12/site-packages/airflow/example_dags/example_dynamic_task_mapping_with_no_taskflow_operators.py
[2025-01-14T13:56:12.625+0000] {processor.py:925} INFO - DAG(s) 'example_dynamic_task_mapping_with_no_taskflow_operators' retrieved from /home/airflow/.local/lib/python3.12/site-packages/airflow/example_dags/example_dynamic_task_mapping_with_no_taskflow_operators.py
[2025-01-14T13:56:12.663+0000] {logging_mixin.py:190} INFO - [2025-01-14T13:56:12.662+0000] {dag.py:3239} INFO - Sync 1 DAGs
[2025-01-14T13:56:12.690+0000] {logging_mixin.py:190} INFO - [2025-01-14T13:56:12.690+0000] {dag.py:4180} INFO - Setting next_dagrun for example_dynamic_task_mapping_with_no_taskflow_operators to None, run_after=None
[2025-01-14T13:56:12.722+0000] {processor.py:208} INFO - Processing /home/airflow/.local/lib/python3.12/site-packages/airflow/example_dags/example_dynamic_task_mapping_with_no_taskflow_operators.py took 0.130 seconds
[2025-01-14T13:56:43.510+0000] {processor.py:186} INFO - Started process (PID=22167) to work on /home/airflow/.local/lib/python3.12/site-packages/airflow/example_dags/example_dynamic_task_mapping_with_no_taskflow_operators.py
[2025-01-14T13:56:43.514+0000] {processor.py:914} INFO - Processing file /home/airflow/.local/lib/python3.12/site-packages/airflow/example_dags/example_dynamic_task_mapping_with_no_taskflow_operators.py for tasks to queue
[2025-01-14T13:56:43.521+0000] {logging_mixin.py:190} INFO - [2025-01-14T13:56:43.520+0000] {dagbag.py:588} INFO - Filling up the DagBag from /home/airflow/.local/lib/python3.12/site-packages/airflow/example_dags/example_dynamic_task_mapping_with_no_taskflow_operators.py
[2025-01-14T13:56:43.534+0000] {processor.py:925} INFO - DAG(s) 'example_dynamic_task_mapping_with_no_taskflow_operators' retrieved from /home/airflow/.local/lib/python3.12/site-packages/airflow/example_dags/example_dynamic_task_mapping_with_no_taskflow_operators.py
[2025-01-14T13:56:43.569+0000] {logging_mixin.py:190} INFO - [2025-01-14T13:56:43.569+0000] {dag.py:3239} INFO - Sync 1 DAGs
[2025-01-14T13:56:43.595+0000] {logging_mixin.py:190} INFO - [2025-01-14T13:56:43.595+0000] {dag.py:4180} INFO - Setting next_dagrun for example_dynamic_task_mapping_with_no_taskflow_operators to None, run_after=None
[2025-01-14T13:56:43.630+0000] {processor.py:208} INFO - Processing /home/airflow/.local/lib/python3.12/site-packages/airflow/example_dags/example_dynamic_task_mapping_with_no_taskflow_operators.py took 0.130 seconds
[2025-01-14T13:57:14.870+0000] {processor.py:186} INFO - Started process (PID=22490) to work on /home/airflow/.local/lib/python3.12/site-packages/airflow/example_dags/example_dynamic_task_mapping_with_no_taskflow_operators.py
[2025-01-14T13:57:14.873+0000] {processor.py:914} INFO - Processing file /home/airflow/.local/lib/python3.12/site-packages/airflow/example_dags/example_dynamic_task_mapping_with_no_taskflow_operators.py for tasks to queue
[2025-01-14T13:57:14.881+0000] {logging_mixin.py:190} INFO - [2025-01-14T13:57:14.880+0000] {dagbag.py:588} INFO - Filling up the DagBag from /home/airflow/.local/lib/python3.12/site-packages/airflow/example_dags/example_dynamic_task_mapping_with_no_taskflow_operators.py
[2025-01-14T13:57:14.907+0000] {processor.py:925} INFO - DAG(s) 'example_dynamic_task_mapping_with_no_taskflow_operators' retrieved from /home/airflow/.local/lib/python3.12/site-packages/airflow/example_dags/example_dynamic_task_mapping_with_no_taskflow_operators.py
[2025-01-14T13:57:14.950+0000] {logging_mixin.py:190} INFO - [2025-01-14T13:57:14.949+0000] {dag.py:3239} INFO - Sync 1 DAGs
[2025-01-14T13:57:14.989+0000] {logging_mixin.py:190} INFO - [2025-01-14T13:57:14.989+0000] {dag.py:4180} INFO - Setting next_dagrun for example_dynamic_task_mapping_with_no_taskflow_operators to None, run_after=None
[2025-01-14T13:57:15.022+0000] {processor.py:208} INFO - Processing /home/airflow/.local/lib/python3.12/site-packages/airflow/example_dags/example_dynamic_task_mapping_with_no_taskflow_operators.py took 0.171 seconds
[2025-01-14T13:57:45.920+0000] {processor.py:186} INFO - Started process (PID=22803) to work on /home/airflow/.local/lib/python3.12/site-packages/airflow/example_dags/example_dynamic_task_mapping_with_no_taskflow_operators.py
[2025-01-14T13:57:45.922+0000] {processor.py:914} INFO - Processing file /home/airflow/.local/lib/python3.12/site-packages/airflow/example_dags/example_dynamic_task_mapping_with_no_taskflow_operators.py for tasks to queue
[2025-01-14T13:57:45.926+0000] {logging_mixin.py:190} INFO - [2025-01-14T13:57:45.925+0000] {dagbag.py:588} INFO - Filling up the DagBag from /home/airflow/.local/lib/python3.12/site-packages/airflow/example_dags/example_dynamic_task_mapping_with_no_taskflow_operators.py
[2025-01-14T13:57:45.940+0000] {processor.py:925} INFO - DAG(s) 'example_dynamic_task_mapping_with_no_taskflow_operators' retrieved from /home/airflow/.local/lib/python3.12/site-packages/airflow/example_dags/example_dynamic_task_mapping_with_no_taskflow_operators.py
[2025-01-14T13:57:45.983+0000] {logging_mixin.py:190} INFO - [2025-01-14T13:57:45.983+0000] {dag.py:3239} INFO - Sync 1 DAGs
[2025-01-14T13:57:46.007+0000] {logging_mixin.py:190} INFO - [2025-01-14T13:57:46.007+0000] {dag.py:4180} INFO - Setting next_dagrun for example_dynamic_task_mapping_with_no_taskflow_operators to None, run_after=None
[2025-01-14T13:57:46.049+0000] {processor.py:208} INFO - Processing /home/airflow/.local/lib/python3.12/site-packages/airflow/example_dags/example_dynamic_task_mapping_with_no_taskflow_operators.py took 0.138 seconds
[2025-01-14T13:58:16.402+0000] {processor.py:186} INFO - Started process (PID=23116) to work on /home/airflow/.local/lib/python3.12/site-packages/airflow/example_dags/example_dynamic_task_mapping_with_no_taskflow_operators.py
[2025-01-14T13:58:16.404+0000] {processor.py:914} INFO - Processing file /home/airflow/.local/lib/python3.12/site-packages/airflow/example_dags/example_dynamic_task_mapping_with_no_taskflow_operators.py for tasks to queue
[2025-01-14T13:58:16.408+0000] {logging_mixin.py:190} INFO - [2025-01-14T13:58:16.407+0000] {dagbag.py:588} INFO - Filling up the DagBag from /home/airflow/.local/lib/python3.12/site-packages/airflow/example_dags/example_dynamic_task_mapping_with_no_taskflow_operators.py
[2025-01-14T13:58:16.421+0000] {processor.py:925} INFO - DAG(s) 'example_dynamic_task_mapping_with_no_taskflow_operators' retrieved from /home/airflow/.local/lib/python3.12/site-packages/airflow/example_dags/example_dynamic_task_mapping_with_no_taskflow_operators.py
[2025-01-14T13:58:16.455+0000] {logging_mixin.py:190} INFO - [2025-01-14T13:58:16.454+0000] {dag.py:3239} INFO - Sync 1 DAGs
[2025-01-14T13:58:16.479+0000] {logging_mixin.py:190} INFO - [2025-01-14T13:58:16.479+0000] {dag.py:4180} INFO - Setting next_dagrun for example_dynamic_task_mapping_with_no_taskflow_operators to None, run_after=None
[2025-01-14T13:58:16.508+0000] {processor.py:208} INFO - Processing /home/airflow/.local/lib/python3.12/site-packages/airflow/example_dags/example_dynamic_task_mapping_with_no_taskflow_operators.py took 0.116 seconds
[2025-01-14T13:58:46.623+0000] {processor.py:186} INFO - Started process (PID=23415) to work on /home/airflow/.local/lib/python3.12/site-packages/airflow/example_dags/example_dynamic_task_mapping_with_no_taskflow_operators.py
[2025-01-14T13:58:46.625+0000] {processor.py:914} INFO - Processing file /home/airflow/.local/lib/python3.12/site-packages/airflow/example_dags/example_dynamic_task_mapping_with_no_taskflow_operators.py for tasks to queue
[2025-01-14T13:58:46.629+0000] {logging_mixin.py:190} INFO - [2025-01-14T13:58:46.628+0000] {dagbag.py:588} INFO - Filling up the DagBag from /home/airflow/.local/lib/python3.12/site-packages/airflow/example_dags/example_dynamic_task_mapping_with_no_taskflow_operators.py
[2025-01-14T13:58:46.642+0000] {processor.py:925} INFO - DAG(s) 'example_dynamic_task_mapping_with_no_taskflow_operators' retrieved from /home/airflow/.local/lib/python3.12/site-packages/airflow/example_dags/example_dynamic_task_mapping_with_no_taskflow_operators.py
[2025-01-14T13:58:46.680+0000] {logging_mixin.py:190} INFO - [2025-01-14T13:58:46.679+0000] {dag.py:3239} INFO - Sync 1 DAGs
[2025-01-14T13:58:46.702+0000] {logging_mixin.py:190} INFO - [2025-01-14T13:58:46.701+0000] {dag.py:4180} INFO - Setting next_dagrun for example_dynamic_task_mapping_with_no_taskflow_operators to None, run_after=None
[2025-01-14T13:58:46.736+0000] {processor.py:208} INFO - Processing /home/airflow/.local/lib/python3.12/site-packages/airflow/example_dags/example_dynamic_task_mapping_with_no_taskflow_operators.py took 0.122 seconds
[2025-01-14T13:59:17.546+0000] {processor.py:186} INFO - Started process (PID=23723) to work on /home/airflow/.local/lib/python3.12/site-packages/airflow/example_dags/example_dynamic_task_mapping_with_no_taskflow_operators.py
[2025-01-14T13:59:17.548+0000] {processor.py:914} INFO - Processing file /home/airflow/.local/lib/python3.12/site-packages/airflow/example_dags/example_dynamic_task_mapping_with_no_taskflow_operators.py for tasks to queue
[2025-01-14T13:59:17.552+0000] {logging_mixin.py:190} INFO - [2025-01-14T13:59:17.551+0000] {dagbag.py:588} INFO - Filling up the DagBag from /home/airflow/.local/lib/python3.12/site-packages/airflow/example_dags/example_dynamic_task_mapping_with_no_taskflow_operators.py
[2025-01-14T13:59:17.566+0000] {processor.py:925} INFO - DAG(s) 'example_dynamic_task_mapping_with_no_taskflow_operators' retrieved from /home/airflow/.local/lib/python3.12/site-packages/airflow/example_dags/example_dynamic_task_mapping_with_no_taskflow_operators.py
[2025-01-14T13:59:17.604+0000] {logging_mixin.py:190} INFO - [2025-01-14T13:59:17.603+0000] {dag.py:3239} INFO - Sync 1 DAGs
[2025-01-14T13:59:17.629+0000] {logging_mixin.py:190} INFO - [2025-01-14T13:59:17.629+0000] {dag.py:4180} INFO - Setting next_dagrun for example_dynamic_task_mapping_with_no_taskflow_operators to None, run_after=None
[2025-01-14T13:59:17.665+0000] {processor.py:208} INFO - Processing /home/airflow/.local/lib/python3.12/site-packages/airflow/example_dags/example_dynamic_task_mapping_with_no_taskflow_operators.py took 0.129 seconds
[2025-01-14T13:59:48.512+0000] {processor.py:186} INFO - Started process (PID=24034) to work on /home/airflow/.local/lib/python3.12/site-packages/airflow/example_dags/example_dynamic_task_mapping_with_no_taskflow_operators.py
[2025-01-14T13:59:48.514+0000] {processor.py:914} INFO - Processing file /home/airflow/.local/lib/python3.12/site-packages/airflow/example_dags/example_dynamic_task_mapping_with_no_taskflow_operators.py for tasks to queue
[2025-01-14T13:59:48.522+0000] {logging_mixin.py:190} INFO - [2025-01-14T13:59:48.520+0000] {dagbag.py:588} INFO - Filling up the DagBag from /home/airflow/.local/lib/python3.12/site-packages/airflow/example_dags/example_dynamic_task_mapping_with_no_taskflow_operators.py
[2025-01-14T13:59:48.536+0000] {processor.py:925} INFO - DAG(s) 'example_dynamic_task_mapping_with_no_taskflow_operators' retrieved from /home/airflow/.local/lib/python3.12/site-packages/airflow/example_dags/example_dynamic_task_mapping_with_no_taskflow_operators.py
[2025-01-14T13:59:48.590+0000] {logging_mixin.py:190} INFO - [2025-01-14T13:59:48.590+0000] {dag.py:3239} INFO - Sync 1 DAGs
[2025-01-14T13:59:48.614+0000] {logging_mixin.py:190} INFO - [2025-01-14T13:59:48.614+0000] {dag.py:4180} INFO - Setting next_dagrun for example_dynamic_task_mapping_with_no_taskflow_operators to None, run_after=None
[2025-01-14T13:59:48.650+0000] {processor.py:208} INFO - Processing /home/airflow/.local/lib/python3.12/site-packages/airflow/example_dags/example_dynamic_task_mapping_with_no_taskflow_operators.py took 0.149 seconds
[2025-01-14T14:00:19.403+0000] {processor.py:186} INFO - Started process (PID=24347) to work on /home/airflow/.local/lib/python3.12/site-packages/airflow/example_dags/example_dynamic_task_mapping_with_no_taskflow_operators.py
[2025-01-14T14:00:19.405+0000] {processor.py:914} INFO - Processing file /home/airflow/.local/lib/python3.12/site-packages/airflow/example_dags/example_dynamic_task_mapping_with_no_taskflow_operators.py for tasks to queue
[2025-01-14T14:00:19.410+0000] {logging_mixin.py:190} INFO - [2025-01-14T14:00:19.410+0000] {dagbag.py:588} INFO - Filling up the DagBag from /home/airflow/.local/lib/python3.12/site-packages/airflow/example_dags/example_dynamic_task_mapping_with_no_taskflow_operators.py
[2025-01-14T14:00:19.428+0000] {processor.py:925} INFO - DAG(s) 'example_dynamic_task_mapping_with_no_taskflow_operators' retrieved from /home/airflow/.local/lib/python3.12/site-packages/airflow/example_dags/example_dynamic_task_mapping_with_no_taskflow_operators.py
[2025-01-14T14:00:19.458+0000] {logging_mixin.py:190} INFO - [2025-01-14T14:00:19.458+0000] {dag.py:3239} INFO - Sync 1 DAGs
[2025-01-14T14:00:19.486+0000] {logging_mixin.py:190} INFO - [2025-01-14T14:00:19.485+0000] {dag.py:4180} INFO - Setting next_dagrun for example_dynamic_task_mapping_with_no_taskflow_operators to None, run_after=None
[2025-01-14T14:00:19.519+0000] {processor.py:208} INFO - Processing /home/airflow/.local/lib/python3.12/site-packages/airflow/example_dags/example_dynamic_task_mapping_with_no_taskflow_operators.py took 0.127 seconds
[2025-01-14T14:00:51.331+0000] {processor.py:186} INFO - Started process (PID=24655) to work on /home/airflow/.local/lib/python3.12/site-packages/airflow/example_dags/example_dynamic_task_mapping_with_no_taskflow_operators.py
[2025-01-14T14:00:51.332+0000] {processor.py:914} INFO - Processing file /home/airflow/.local/lib/python3.12/site-packages/airflow/example_dags/example_dynamic_task_mapping_with_no_taskflow_operators.py for tasks to queue
[2025-01-14T14:00:51.336+0000] {logging_mixin.py:190} INFO - [2025-01-14T14:00:51.336+0000] {dagbag.py:588} INFO - Filling up the DagBag from /home/airflow/.local/lib/python3.12/site-packages/airflow/example_dags/example_dynamic_task_mapping_with_no_taskflow_operators.py
[2025-01-14T14:00:51.359+0000] {processor.py:925} INFO - DAG(s) 'example_dynamic_task_mapping_with_no_taskflow_operators' retrieved from /home/airflow/.local/lib/python3.12/site-packages/airflow/example_dags/example_dynamic_task_mapping_with_no_taskflow_operators.py
[2025-01-14T14:00:51.406+0000] {logging_mixin.py:190} INFO - [2025-01-14T14:00:51.405+0000] {dag.py:3239} INFO - Sync 1 DAGs
[2025-01-14T14:00:51.430+0000] {logging_mixin.py:190} INFO - [2025-01-14T14:00:51.430+0000] {dag.py:4180} INFO - Setting next_dagrun for example_dynamic_task_mapping_with_no_taskflow_operators to None, run_after=None
[2025-01-14T14:00:51.463+0000] {processor.py:208} INFO - Processing /home/airflow/.local/lib/python3.12/site-packages/airflow/example_dags/example_dynamic_task_mapping_with_no_taskflow_operators.py took 0.142 seconds
[2025-01-14T14:01:21.923+0000] {processor.py:186} INFO - Started process (PID=24966) to work on /home/airflow/.local/lib/python3.12/site-packages/airflow/example_dags/example_dynamic_task_mapping_with_no_taskflow_operators.py
[2025-01-14T14:01:21.925+0000] {processor.py:914} INFO - Processing file /home/airflow/.local/lib/python3.12/site-packages/airflow/example_dags/example_dynamic_task_mapping_with_no_taskflow_operators.py for tasks to queue
[2025-01-14T14:01:21.933+0000] {logging_mixin.py:190} INFO - [2025-01-14T14:01:21.932+0000] {dagbag.py:588} INFO - Filling up the DagBag from /home/airflow/.local/lib/python3.12/site-packages/airflow/example_dags/example_dynamic_task_mapping_with_no_taskflow_operators.py
[2025-01-14T14:01:21.953+0000] {processor.py:925} INFO - DAG(s) 'example_dynamic_task_mapping_with_no_taskflow_operators' retrieved from /home/airflow/.local/lib/python3.12/site-packages/airflow/example_dags/example_dynamic_task_mapping_with_no_taskflow_operators.py
[2025-01-14T14:01:21.993+0000] {logging_mixin.py:190} INFO - [2025-01-14T14:01:21.992+0000] {dag.py:3239} INFO - Sync 1 DAGs
[2025-01-14T14:01:22.020+0000] {logging_mixin.py:190} INFO - [2025-01-14T14:01:22.020+0000] {dag.py:4180} INFO - Setting next_dagrun for example_dynamic_task_mapping_with_no_taskflow_operators to None, run_after=None
[2025-01-14T14:01:22.060+0000] {processor.py:208} INFO - Processing /home/airflow/.local/lib/python3.12/site-packages/airflow/example_dags/example_dynamic_task_mapping_with_no_taskflow_operators.py took 0.150 seconds
[2025-01-14T14:01:52.724+0000] {processor.py:186} INFO - Started process (PID=25262) to work on /home/airflow/.local/lib/python3.12/site-packages/airflow/example_dags/example_dynamic_task_mapping_with_no_taskflow_operators.py
[2025-01-14T14:01:52.725+0000] {processor.py:914} INFO - Processing file /home/airflow/.local/lib/python3.12/site-packages/airflow/example_dags/example_dynamic_task_mapping_with_no_taskflow_operators.py for tasks to queue
[2025-01-14T14:01:52.729+0000] {logging_mixin.py:190} INFO - [2025-01-14T14:01:52.729+0000] {dagbag.py:588} INFO - Filling up the DagBag from /home/airflow/.local/lib/python3.12/site-packages/airflow/example_dags/example_dynamic_task_mapping_with_no_taskflow_operators.py
[2025-01-14T14:01:52.743+0000] {processor.py:925} INFO - DAG(s) 'example_dynamic_task_mapping_with_no_taskflow_operators' retrieved from /home/airflow/.local/lib/python3.12/site-packages/airflow/example_dags/example_dynamic_task_mapping_with_no_taskflow_operators.py
[2025-01-14T14:01:52.782+0000] {logging_mixin.py:190} INFO - [2025-01-14T14:01:52.781+0000] {dag.py:3239} INFO - Sync 1 DAGs
[2025-01-14T14:01:52.806+0000] {logging_mixin.py:190} INFO - [2025-01-14T14:01:52.806+0000] {dag.py:4180} INFO - Setting next_dagrun for example_dynamic_task_mapping_with_no_taskflow_operators to None, run_after=None
[2025-01-14T14:01:52.841+0000] {processor.py:208} INFO - Processing /home/airflow/.local/lib/python3.12/site-packages/airflow/example_dags/example_dynamic_task_mapping_with_no_taskflow_operators.py took 0.127 seconds
[2025-01-14T14:02:22.931+0000] {processor.py:186} INFO - Started process (PID=25569) to work on /home/airflow/.local/lib/python3.12/site-packages/airflow/example_dags/example_dynamic_task_mapping_with_no_taskflow_operators.py
[2025-01-14T14:02:22.934+0000] {processor.py:914} INFO - Processing file /home/airflow/.local/lib/python3.12/site-packages/airflow/example_dags/example_dynamic_task_mapping_with_no_taskflow_operators.py for tasks to queue
[2025-01-14T14:02:22.937+0000] {logging_mixin.py:190} INFO - [2025-01-14T14:02:22.937+0000] {dagbag.py:588} INFO - Filling up the DagBag from /home/airflow/.local/lib/python3.12/site-packages/airflow/example_dags/example_dynamic_task_mapping_with_no_taskflow_operators.py
[2025-01-14T14:02:22.951+0000] {processor.py:925} INFO - DAG(s) 'example_dynamic_task_mapping_with_no_taskflow_operators' retrieved from /home/airflow/.local/lib/python3.12/site-packages/airflow/example_dags/example_dynamic_task_mapping_with_no_taskflow_operators.py
[2025-01-14T14:02:22.998+0000] {logging_mixin.py:190} INFO - [2025-01-14T14:02:22.997+0000] {dag.py:3239} INFO - Sync 1 DAGs
[2025-01-14T14:02:23.033+0000] {logging_mixin.py:190} INFO - [2025-01-14T14:02:23.033+0000] {dag.py:4180} INFO - Setting next_dagrun for example_dynamic_task_mapping_with_no_taskflow_operators to None, run_after=None
[2025-01-14T14:02:23.082+0000] {processor.py:208} INFO - Processing /home/airflow/.local/lib/python3.12/site-packages/airflow/example_dags/example_dynamic_task_mapping_with_no_taskflow_operators.py took 0.164 seconds
[2025-01-14T14:02:53.544+0000] {processor.py:186} INFO - Started process (PID=25870) to work on /home/airflow/.local/lib/python3.12/site-packages/airflow/example_dags/example_dynamic_task_mapping_with_no_taskflow_operators.py
[2025-01-14T14:02:53.546+0000] {processor.py:914} INFO - Processing file /home/airflow/.local/lib/python3.12/site-packages/airflow/example_dags/example_dynamic_task_mapping_with_no_taskflow_operators.py for tasks to queue
[2025-01-14T14:02:53.554+0000] {logging_mixin.py:190} INFO - [2025-01-14T14:02:53.553+0000] {dagbag.py:588} INFO - Filling up the DagBag from /home/airflow/.local/lib/python3.12/site-packages/airflow/example_dags/example_dynamic_task_mapping_with_no_taskflow_operators.py
[2025-01-14T14:02:53.567+0000] {processor.py:925} INFO - DAG(s) 'example_dynamic_task_mapping_with_no_taskflow_operators' retrieved from /home/airflow/.local/lib/python3.12/site-packages/airflow/example_dags/example_dynamic_task_mapping_with_no_taskflow_operators.py
[2025-01-14T14:02:53.613+0000] {logging_mixin.py:190} INFO - [2025-01-14T14:02:53.612+0000] {dag.py:3239} INFO - Sync 1 DAGs
[2025-01-14T14:02:53.660+0000] {logging_mixin.py:190} INFO - [2025-01-14T14:02:53.660+0000] {dag.py:4180} INFO - Setting next_dagrun for example_dynamic_task_mapping_with_no_taskflow_operators to None, run_after=None
[2025-01-14T14:02:53.703+0000] {processor.py:208} INFO - Processing /home/airflow/.local/lib/python3.12/site-packages/airflow/example_dags/example_dynamic_task_mapping_with_no_taskflow_operators.py took 0.169 seconds
[2025-01-14T14:03:24.184+0000] {processor.py:186} INFO - Started process (PID=26183) to work on /home/airflow/.local/lib/python3.12/site-packages/airflow/example_dags/example_dynamic_task_mapping_with_no_taskflow_operators.py
[2025-01-14T14:03:24.186+0000] {processor.py:914} INFO - Processing file /home/airflow/.local/lib/python3.12/site-packages/airflow/example_dags/example_dynamic_task_mapping_with_no_taskflow_operators.py for tasks to queue
[2025-01-14T14:03:24.189+0000] {logging_mixin.py:190} INFO - [2025-01-14T14:03:24.189+0000] {dagbag.py:588} INFO - Filling up the DagBag from /home/airflow/.local/lib/python3.12/site-packages/airflow/example_dags/example_dynamic_task_mapping_with_no_taskflow_operators.py
[2025-01-14T14:03:24.205+0000] {processor.py:925} INFO - DAG(s) 'example_dynamic_task_mapping_with_no_taskflow_operators' retrieved from /home/airflow/.local/lib/python3.12/site-packages/airflow/example_dags/example_dynamic_task_mapping_with_no_taskflow_operators.py
[2025-01-14T14:03:24.263+0000] {logging_mixin.py:190} INFO - [2025-01-14T14:03:24.263+0000] {dag.py:3239} INFO - Sync 1 DAGs
[2025-01-14T14:03:24.293+0000] {logging_mixin.py:190} INFO - [2025-01-14T14:03:24.293+0000] {dag.py:4180} INFO - Setting next_dagrun for example_dynamic_task_mapping_with_no_taskflow_operators to None, run_after=None
[2025-01-14T14:03:24.341+0000] {processor.py:208} INFO - Processing /home/airflow/.local/lib/python3.12/site-packages/airflow/example_dags/example_dynamic_task_mapping_with_no_taskflow_operators.py took 0.170 seconds
[2025-01-14T14:03:54.670+0000] {processor.py:186} INFO - Started process (PID=26483) to work on /home/airflow/.local/lib/python3.12/site-packages/airflow/example_dags/example_dynamic_task_mapping_with_no_taskflow_operators.py
[2025-01-14T14:03:54.672+0000] {processor.py:914} INFO - Processing file /home/airflow/.local/lib/python3.12/site-packages/airflow/example_dags/example_dynamic_task_mapping_with_no_taskflow_operators.py for tasks to queue
[2025-01-14T14:03:54.680+0000] {logging_mixin.py:190} INFO - [2025-01-14T14:03:54.679+0000] {dagbag.py:588} INFO - Filling up the DagBag from /home/airflow/.local/lib/python3.12/site-packages/airflow/example_dags/example_dynamic_task_mapping_with_no_taskflow_operators.py
[2025-01-14T14:03:54.699+0000] {processor.py:925} INFO - DAG(s) 'example_dynamic_task_mapping_with_no_taskflow_operators' retrieved from /home/airflow/.local/lib/python3.12/site-packages/airflow/example_dags/example_dynamic_task_mapping_with_no_taskflow_operators.py
[2025-01-14T14:03:54.737+0000] {logging_mixin.py:190} INFO - [2025-01-14T14:03:54.737+0000] {dag.py:3239} INFO - Sync 1 DAGs
[2025-01-14T14:03:54.761+0000] {logging_mixin.py:190} INFO - [2025-01-14T14:03:54.761+0000] {dag.py:4180} INFO - Setting next_dagrun for example_dynamic_task_mapping_with_no_taskflow_operators to None, run_after=None
[2025-01-14T14:03:54.798+0000] {processor.py:208} INFO - Processing /home/airflow/.local/lib/python3.12/site-packages/airflow/example_dags/example_dynamic_task_mapping_with_no_taskflow_operators.py took 0.138 seconds
[2025-01-14T14:04:25.398+0000] {processor.py:186} INFO - Started process (PID=26796) to work on /home/airflow/.local/lib/python3.12/site-packages/airflow/example_dags/example_dynamic_task_mapping_with_no_taskflow_operators.py
[2025-01-14T14:04:25.403+0000] {processor.py:914} INFO - Processing file /home/airflow/.local/lib/python3.12/site-packages/airflow/example_dags/example_dynamic_task_mapping_with_no_taskflow_operators.py for tasks to queue
[2025-01-14T14:04:25.407+0000] {logging_mixin.py:190} INFO - [2025-01-14T14:04:25.406+0000] {dagbag.py:588} INFO - Filling up the DagBag from /home/airflow/.local/lib/python3.12/site-packages/airflow/example_dags/example_dynamic_task_mapping_with_no_taskflow_operators.py
[2025-01-14T14:04:25.432+0000] {processor.py:925} INFO - DAG(s) 'example_dynamic_task_mapping_with_no_taskflow_operators' retrieved from /home/airflow/.local/lib/python3.12/site-packages/airflow/example_dags/example_dynamic_task_mapping_with_no_taskflow_operators.py
[2025-01-14T14:04:25.475+0000] {logging_mixin.py:190} INFO - [2025-01-14T14:04:25.475+0000] {dag.py:3239} INFO - Sync 1 DAGs
[2025-01-14T14:04:25.497+0000] {logging_mixin.py:190} INFO - [2025-01-14T14:04:25.497+0000] {dag.py:4180} INFO - Setting next_dagrun for example_dynamic_task_mapping_with_no_taskflow_operators to None, run_after=None
[2025-01-14T14:04:25.533+0000] {processor.py:208} INFO - Processing /home/airflow/.local/lib/python3.12/site-packages/airflow/example_dags/example_dynamic_task_mapping_with_no_taskflow_operators.py took 0.152 seconds
[2025-01-14T14:04:55.837+0000] {processor.py:186} INFO - Started process (PID=27097) to work on /home/airflow/.local/lib/python3.12/site-packages/airflow/example_dags/example_dynamic_task_mapping_with_no_taskflow_operators.py
[2025-01-14T14:04:55.838+0000] {processor.py:914} INFO - Processing file /home/airflow/.local/lib/python3.12/site-packages/airflow/example_dags/example_dynamic_task_mapping_with_no_taskflow_operators.py for tasks to queue
[2025-01-14T14:04:55.846+0000] {logging_mixin.py:190} INFO - [2025-01-14T14:04:55.845+0000] {dagbag.py:588} INFO - Filling up the DagBag from /home/airflow/.local/lib/python3.12/site-packages/airflow/example_dags/example_dynamic_task_mapping_with_no_taskflow_operators.py
[2025-01-14T14:04:55.869+0000] {processor.py:925} INFO - DAG(s) 'example_dynamic_task_mapping_with_no_taskflow_operators' retrieved from /home/airflow/.local/lib/python3.12/site-packages/airflow/example_dags/example_dynamic_task_mapping_with_no_taskflow_operators.py
[2025-01-14T14:04:55.914+0000] {logging_mixin.py:190} INFO - [2025-01-14T14:04:55.913+0000] {dag.py:3239} INFO - Sync 1 DAGs
[2025-01-14T14:04:55.943+0000] {logging_mixin.py:190} INFO - [2025-01-14T14:04:55.942+0000] {dag.py:4180} INFO - Setting next_dagrun for example_dynamic_task_mapping_with_no_taskflow_operators to None, run_after=None
[2025-01-14T14:04:55.989+0000] {processor.py:208} INFO - Processing /home/airflow/.local/lib/python3.12/site-packages/airflow/example_dags/example_dynamic_task_mapping_with_no_taskflow_operators.py took 0.164 seconds
[2025-01-14T14:05:26.444+0000] {processor.py:186} INFO - Started process (PID=27410) to work on /home/airflow/.local/lib/python3.12/site-packages/airflow/example_dags/example_dynamic_task_mapping_with_no_taskflow_operators.py
[2025-01-14T14:05:26.446+0000] {processor.py:914} INFO - Processing file /home/airflow/.local/lib/python3.12/site-packages/airflow/example_dags/example_dynamic_task_mapping_with_no_taskflow_operators.py for tasks to queue
[2025-01-14T14:05:26.450+0000] {logging_mixin.py:190} INFO - [2025-01-14T14:05:26.450+0000] {dagbag.py:588} INFO - Filling up the DagBag from /home/airflow/.local/lib/python3.12/site-packages/airflow/example_dags/example_dynamic_task_mapping_with_no_taskflow_operators.py
[2025-01-14T14:05:26.466+0000] {processor.py:925} INFO - DAG(s) 'example_dynamic_task_mapping_with_no_taskflow_operators' retrieved from /home/airflow/.local/lib/python3.12/site-packages/airflow/example_dags/example_dynamic_task_mapping_with_no_taskflow_operators.py
[2025-01-14T14:05:26.511+0000] {logging_mixin.py:190} INFO - [2025-01-14T14:05:26.510+0000] {dag.py:3239} INFO - Sync 1 DAGs
[2025-01-14T14:05:26.541+0000] {logging_mixin.py:190} INFO - [2025-01-14T14:05:26.540+0000] {dag.py:4180} INFO - Setting next_dagrun for example_dynamic_task_mapping_with_no_taskflow_operators to None, run_after=None
[2025-01-14T14:05:26.579+0000] {processor.py:208} INFO - Processing /home/airflow/.local/lib/python3.12/site-packages/airflow/example_dags/example_dynamic_task_mapping_with_no_taskflow_operators.py took 0.144 seconds
[2025-01-14T14:05:56.802+0000] {processor.py:186} INFO - Started process (PID=27710) to work on /home/airflow/.local/lib/python3.12/site-packages/airflow/example_dags/example_dynamic_task_mapping_with_no_taskflow_operators.py
[2025-01-14T14:05:56.804+0000] {processor.py:914} INFO - Processing file /home/airflow/.local/lib/python3.12/site-packages/airflow/example_dags/example_dynamic_task_mapping_with_no_taskflow_operators.py for tasks to queue
[2025-01-14T14:05:56.812+0000] {logging_mixin.py:190} INFO - [2025-01-14T14:05:56.811+0000] {dagbag.py:588} INFO - Filling up the DagBag from /home/airflow/.local/lib/python3.12/site-packages/airflow/example_dags/example_dynamic_task_mapping_with_no_taskflow_operators.py
[2025-01-14T14:05:56.838+0000] {processor.py:925} INFO - DAG(s) 'example_dynamic_task_mapping_with_no_taskflow_operators' retrieved from /home/airflow/.local/lib/python3.12/site-packages/airflow/example_dags/example_dynamic_task_mapping_with_no_taskflow_operators.py
[2025-01-14T14:05:56.886+0000] {logging_mixin.py:190} INFO - [2025-01-14T14:05:56.886+0000] {dag.py:3239} INFO - Sync 1 DAGs
[2025-01-14T14:05:56.908+0000] {logging_mixin.py:190} INFO - [2025-01-14T14:05:56.907+0000] {dag.py:4180} INFO - Setting next_dagrun for example_dynamic_task_mapping_with_no_taskflow_operators to None, run_after=None
[2025-01-14T14:05:56.944+0000] {processor.py:208} INFO - Processing /home/airflow/.local/lib/python3.12/site-packages/airflow/example_dags/example_dynamic_task_mapping_with_no_taskflow_operators.py took 0.151 seconds
[2025-01-14T14:06:27.589+0000] {processor.py:186} INFO - Started process (PID=28023) to work on /home/airflow/.local/lib/python3.12/site-packages/airflow/example_dags/example_dynamic_task_mapping_with_no_taskflow_operators.py
[2025-01-14T14:06:27.592+0000] {processor.py:914} INFO - Processing file /home/airflow/.local/lib/python3.12/site-packages/airflow/example_dags/example_dynamic_task_mapping_with_no_taskflow_operators.py for tasks to queue
[2025-01-14T14:06:27.599+0000] {logging_mixin.py:190} INFO - [2025-01-14T14:06:27.598+0000] {dagbag.py:588} INFO - Filling up the DagBag from /home/airflow/.local/lib/python3.12/site-packages/airflow/example_dags/example_dynamic_task_mapping_with_no_taskflow_operators.py
[2025-01-14T14:06:27.619+0000] {processor.py:925} INFO - DAG(s) 'example_dynamic_task_mapping_with_no_taskflow_operators' retrieved from /home/airflow/.local/lib/python3.12/site-packages/airflow/example_dags/example_dynamic_task_mapping_with_no_taskflow_operators.py
[2025-01-14T14:06:27.661+0000] {logging_mixin.py:190} INFO - [2025-01-14T14:06:27.661+0000] {dag.py:3239} INFO - Sync 1 DAGs
[2025-01-14T14:06:27.682+0000] {logging_mixin.py:190} INFO - [2025-01-14T14:06:27.682+0000] {dag.py:4180} INFO - Setting next_dagrun for example_dynamic_task_mapping_with_no_taskflow_operators to None, run_after=None
[2025-01-14T14:06:27.730+0000] {processor.py:208} INFO - Processing /home/airflow/.local/lib/python3.12/site-packages/airflow/example_dags/example_dynamic_task_mapping_with_no_taskflow_operators.py took 0.149 seconds
[2025-01-14T14:06:58.349+0000] {processor.py:186} INFO - Started process (PID=28326) to work on /home/airflow/.local/lib/python3.12/site-packages/airflow/example_dags/example_dynamic_task_mapping_with_no_taskflow_operators.py
[2025-01-14T14:06:58.351+0000] {processor.py:914} INFO - Processing file /home/airflow/.local/lib/python3.12/site-packages/airflow/example_dags/example_dynamic_task_mapping_with_no_taskflow_operators.py for tasks to queue
[2025-01-14T14:06:58.358+0000] {logging_mixin.py:190} INFO - [2025-01-14T14:06:58.357+0000] {dagbag.py:588} INFO - Filling up the DagBag from /home/airflow/.local/lib/python3.12/site-packages/airflow/example_dags/example_dynamic_task_mapping_with_no_taskflow_operators.py
[2025-01-14T14:06:58.380+0000] {processor.py:925} INFO - DAG(s) 'example_dynamic_task_mapping_with_no_taskflow_operators' retrieved from /home/airflow/.local/lib/python3.12/site-packages/airflow/example_dags/example_dynamic_task_mapping_with_no_taskflow_operators.py
[2025-01-14T14:06:58.423+0000] {logging_mixin.py:190} INFO - [2025-01-14T14:06:58.422+0000] {dag.py:3239} INFO - Sync 1 DAGs
[2025-01-14T14:06:58.449+0000] {logging_mixin.py:190} INFO - [2025-01-14T14:06:58.448+0000] {dag.py:4180} INFO - Setting next_dagrun for example_dynamic_task_mapping_with_no_taskflow_operators to None, run_after=None
[2025-01-14T14:06:58.496+0000] {processor.py:208} INFO - Processing /home/airflow/.local/lib/python3.12/site-packages/airflow/example_dags/example_dynamic_task_mapping_with_no_taskflow_operators.py took 0.166 seconds
[2025-01-14T14:07:28.642+0000] {processor.py:186} INFO - Started process (PID=28643) to work on /home/airflow/.local/lib/python3.12/site-packages/airflow/example_dags/example_dynamic_task_mapping_with_no_taskflow_operators.py
[2025-01-14T14:07:28.644+0000] {processor.py:914} INFO - Processing file /home/airflow/.local/lib/python3.12/site-packages/airflow/example_dags/example_dynamic_task_mapping_with_no_taskflow_operators.py for tasks to queue
[2025-01-14T14:07:28.648+0000] {logging_mixin.py:190} INFO - [2025-01-14T14:07:28.648+0000] {dagbag.py:588} INFO - Filling up the DagBag from /home/airflow/.local/lib/python3.12/site-packages/airflow/example_dags/example_dynamic_task_mapping_with_no_taskflow_operators.py
[2025-01-14T14:07:28.675+0000] {processor.py:925} INFO - DAG(s) 'example_dynamic_task_mapping_with_no_taskflow_operators' retrieved from /home/airflow/.local/lib/python3.12/site-packages/airflow/example_dags/example_dynamic_task_mapping_with_no_taskflow_operators.py
[2025-01-14T14:07:28.711+0000] {logging_mixin.py:190} INFO - [2025-01-14T14:07:28.711+0000] {dag.py:3239} INFO - Sync 1 DAGs
[2025-01-14T14:07:28.737+0000] {logging_mixin.py:190} INFO - [2025-01-14T14:07:28.737+0000] {dag.py:4180} INFO - Setting next_dagrun for example_dynamic_task_mapping_with_no_taskflow_operators to None, run_after=None
[2025-01-14T14:07:28.779+0000] {processor.py:208} INFO - Processing /home/airflow/.local/lib/python3.12/site-packages/airflow/example_dags/example_dynamic_task_mapping_with_no_taskflow_operators.py took 0.146 seconds
[2025-01-14T14:07:59.263+0000] {processor.py:186} INFO - Started process (PID=28944) to work on /home/airflow/.local/lib/python3.12/site-packages/airflow/example_dags/example_dynamic_task_mapping_with_no_taskflow_operators.py
[2025-01-14T14:07:59.267+0000] {processor.py:914} INFO - Processing file /home/airflow/.local/lib/python3.12/site-packages/airflow/example_dags/example_dynamic_task_mapping_with_no_taskflow_operators.py for tasks to queue
[2025-01-14T14:07:59.275+0000] {logging_mixin.py:190} INFO - [2025-01-14T14:07:59.275+0000] {dagbag.py:588} INFO - Filling up the DagBag from /home/airflow/.local/lib/python3.12/site-packages/airflow/example_dags/example_dynamic_task_mapping_with_no_taskflow_operators.py
[2025-01-14T14:07:59.303+0000] {processor.py:925} INFO - DAG(s) 'example_dynamic_task_mapping_with_no_taskflow_operators' retrieved from /home/airflow/.local/lib/python3.12/site-packages/airflow/example_dags/example_dynamic_task_mapping_with_no_taskflow_operators.py
[2025-01-14T14:07:59.344+0000] {logging_mixin.py:190} INFO - [2025-01-14T14:07:59.344+0000] {dag.py:3239} INFO - Sync 1 DAGs
[2025-01-14T14:07:59.376+0000] {logging_mixin.py:190} INFO - [2025-01-14T14:07:59.376+0000] {dag.py:4180} INFO - Setting next_dagrun for example_dynamic_task_mapping_with_no_taskflow_operators to None, run_after=None
[2025-01-14T14:07:59.417+0000] {processor.py:208} INFO - Processing /home/airflow/.local/lib/python3.12/site-packages/airflow/example_dags/example_dynamic_task_mapping_with_no_taskflow_operators.py took 0.165 seconds
[2025-01-14T14:08:29.860+0000] {processor.py:186} INFO - Started process (PID=29258) to work on /home/airflow/.local/lib/python3.12/site-packages/airflow/example_dags/example_dynamic_task_mapping_with_no_taskflow_operators.py
[2025-01-14T14:08:29.862+0000] {processor.py:914} INFO - Processing file /home/airflow/.local/lib/python3.12/site-packages/airflow/example_dags/example_dynamic_task_mapping_with_no_taskflow_operators.py for tasks to queue
[2025-01-14T14:08:29.867+0000] {logging_mixin.py:190} INFO - [2025-01-14T14:08:29.866+0000] {dagbag.py:588} INFO - Filling up the DagBag from /home/airflow/.local/lib/python3.12/site-packages/airflow/example_dags/example_dynamic_task_mapping_with_no_taskflow_operators.py
[2025-01-14T14:08:29.890+0000] {processor.py:925} INFO - DAG(s) 'example_dynamic_task_mapping_with_no_taskflow_operators' retrieved from /home/airflow/.local/lib/python3.12/site-packages/airflow/example_dags/example_dynamic_task_mapping_with_no_taskflow_operators.py
[2025-01-14T14:08:29.927+0000] {logging_mixin.py:190} INFO - [2025-01-14T14:08:29.926+0000] {dag.py:3239} INFO - Sync 1 DAGs
[2025-01-14T14:08:29.950+0000] {logging_mixin.py:190} INFO - [2025-01-14T14:08:29.949+0000] {dag.py:4180} INFO - Setting next_dagrun for example_dynamic_task_mapping_with_no_taskflow_operators to None, run_after=None
[2025-01-14T14:08:29.983+0000] {processor.py:208} INFO - Processing /home/airflow/.local/lib/python3.12/site-packages/airflow/example_dags/example_dynamic_task_mapping_with_no_taskflow_operators.py took 0.132 seconds
[2025-01-14T14:09:00.729+0000] {processor.py:186} INFO - Started process (PID=29559) to work on /home/airflow/.local/lib/python3.12/site-packages/airflow/example_dags/example_dynamic_task_mapping_with_no_taskflow_operators.py
[2025-01-14T14:09:00.731+0000] {processor.py:914} INFO - Processing file /home/airflow/.local/lib/python3.12/site-packages/airflow/example_dags/example_dynamic_task_mapping_with_no_taskflow_operators.py for tasks to queue
[2025-01-14T14:09:00.737+0000] {logging_mixin.py:190} INFO - [2025-01-14T14:09:00.736+0000] {dagbag.py:588} INFO - Filling up the DagBag from /home/airflow/.local/lib/python3.12/site-packages/airflow/example_dags/example_dynamic_task_mapping_with_no_taskflow_operators.py
[2025-01-14T14:09:00.751+0000] {processor.py:925} INFO - DAG(s) 'example_dynamic_task_mapping_with_no_taskflow_operators' retrieved from /home/airflow/.local/lib/python3.12/site-packages/airflow/example_dags/example_dynamic_task_mapping_with_no_taskflow_operators.py
[2025-01-14T14:09:00.799+0000] {logging_mixin.py:190} INFO - [2025-01-14T14:09:00.799+0000] {dag.py:3239} INFO - Sync 1 DAGs
[2025-01-14T14:09:00.822+0000] {logging_mixin.py:190} INFO - [2025-01-14T14:09:00.822+0000] {dag.py:4180} INFO - Setting next_dagrun for example_dynamic_task_mapping_with_no_taskflow_operators to None, run_after=None
[2025-01-14T14:09:00.855+0000] {processor.py:208} INFO - Processing /home/airflow/.local/lib/python3.12/site-packages/airflow/example_dags/example_dynamic_task_mapping_with_no_taskflow_operators.py took 0.137 seconds
[2025-01-14T14:09:35.162+0000] {processor.py:186} INFO - Started process (PID=29932) to work on /home/airflow/.local/lib/python3.12/site-packages/airflow/example_dags/example_dynamic_task_mapping_with_no_taskflow_operators.py
[2025-01-14T14:09:35.164+0000] {processor.py:914} INFO - Processing file /home/airflow/.local/lib/python3.12/site-packages/airflow/example_dags/example_dynamic_task_mapping_with_no_taskflow_operators.py for tasks to queue
[2025-01-14T14:09:35.172+0000] {logging_mixin.py:190} INFO - [2025-01-14T14:09:35.170+0000] {dagbag.py:588} INFO - Filling up the DagBag from /home/airflow/.local/lib/python3.12/site-packages/airflow/example_dags/example_dynamic_task_mapping_with_no_taskflow_operators.py
[2025-01-14T14:09:35.200+0000] {processor.py:925} INFO - DAG(s) 'example_dynamic_task_mapping_with_no_taskflow_operators' retrieved from /home/airflow/.local/lib/python3.12/site-packages/airflow/example_dags/example_dynamic_task_mapping_with_no_taskflow_operators.py
[2025-01-14T14:09:35.232+0000] {logging_mixin.py:190} INFO - [2025-01-14T14:09:35.232+0000] {dag.py:3239} INFO - Sync 1 DAGs
[2025-01-14T14:09:35.261+0000] {logging_mixin.py:190} INFO - [2025-01-14T14:09:35.260+0000] {dag.py:4180} INFO - Setting next_dagrun for example_dynamic_task_mapping_with_no_taskflow_operators to None, run_after=None
[2025-01-14T14:09:35.313+0000] {processor.py:208} INFO - Processing /home/airflow/.local/lib/python3.12/site-packages/airflow/example_dags/example_dynamic_task_mapping_with_no_taskflow_operators.py took 0.161 seconds
[2025-01-14T14:10:06.442+0000] {processor.py:186} INFO - Started process (PID=30247) to work on /home/airflow/.local/lib/python3.12/site-packages/airflow/example_dags/example_dynamic_task_mapping_with_no_taskflow_operators.py
[2025-01-14T14:10:06.444+0000] {processor.py:914} INFO - Processing file /home/airflow/.local/lib/python3.12/site-packages/airflow/example_dags/example_dynamic_task_mapping_with_no_taskflow_operators.py for tasks to queue
[2025-01-14T14:10:06.451+0000] {logging_mixin.py:190} INFO - [2025-01-14T14:10:06.450+0000] {dagbag.py:588} INFO - Filling up the DagBag from /home/airflow/.local/lib/python3.12/site-packages/airflow/example_dags/example_dynamic_task_mapping_with_no_taskflow_operators.py
[2025-01-14T14:10:06.473+0000] {processor.py:925} INFO - DAG(s) 'example_dynamic_task_mapping_with_no_taskflow_operators' retrieved from /home/airflow/.local/lib/python3.12/site-packages/airflow/example_dags/example_dynamic_task_mapping_with_no_taskflow_operators.py
[2025-01-14T14:10:06.506+0000] {logging_mixin.py:190} INFO - [2025-01-14T14:10:06.506+0000] {dag.py:3239} INFO - Sync 1 DAGs
[2025-01-14T14:10:06.530+0000] {logging_mixin.py:190} INFO - [2025-01-14T14:10:06.530+0000] {dag.py:4180} INFO - Setting next_dagrun for example_dynamic_task_mapping_with_no_taskflow_operators to None, run_after=None
[2025-01-14T14:10:06.569+0000] {processor.py:208} INFO - Processing /home/airflow/.local/lib/python3.12/site-packages/airflow/example_dags/example_dynamic_task_mapping_with_no_taskflow_operators.py took 0.137 seconds
[2025-01-14T14:10:37.550+0000] {processor.py:186} INFO - Started process (PID=30556) to work on /home/airflow/.local/lib/python3.12/site-packages/airflow/example_dags/example_dynamic_task_mapping_with_no_taskflow_operators.py
[2025-01-14T14:10:37.552+0000] {processor.py:914} INFO - Processing file /home/airflow/.local/lib/python3.12/site-packages/airflow/example_dags/example_dynamic_task_mapping_with_no_taskflow_operators.py for tasks to queue
[2025-01-14T14:10:37.556+0000] {logging_mixin.py:190} INFO - [2025-01-14T14:10:37.555+0000] {dagbag.py:588} INFO - Filling up the DagBag from /home/airflow/.local/lib/python3.12/site-packages/airflow/example_dags/example_dynamic_task_mapping_with_no_taskflow_operators.py
[2025-01-14T14:10:37.570+0000] {processor.py:925} INFO - DAG(s) 'example_dynamic_task_mapping_with_no_taskflow_operators' retrieved from /home/airflow/.local/lib/python3.12/site-packages/airflow/example_dags/example_dynamic_task_mapping_with_no_taskflow_operators.py
[2025-01-14T14:10:37.613+0000] {logging_mixin.py:190} INFO - [2025-01-14T14:10:37.612+0000] {dag.py:3239} INFO - Sync 1 DAGs
[2025-01-14T14:10:37.638+0000] {logging_mixin.py:190} INFO - [2025-01-14T14:10:37.637+0000] {dag.py:4180} INFO - Setting next_dagrun for example_dynamic_task_mapping_with_no_taskflow_operators to None, run_after=None
[2025-01-14T14:10:37.687+0000] {processor.py:208} INFO - Processing /home/airflow/.local/lib/python3.12/site-packages/airflow/example_dags/example_dynamic_task_mapping_with_no_taskflow_operators.py took 0.155 seconds
[2025-01-14T14:11:09.480+0000] {processor.py:186} INFO - Started process (PID=30881) to work on /home/airflow/.local/lib/python3.12/site-packages/airflow/example_dags/example_dynamic_task_mapping_with_no_taskflow_operators.py
[2025-01-14T14:11:09.482+0000] {processor.py:914} INFO - Processing file /home/airflow/.local/lib/python3.12/site-packages/airflow/example_dags/example_dynamic_task_mapping_with_no_taskflow_operators.py for tasks to queue
[2025-01-14T14:11:09.486+0000] {logging_mixin.py:190} INFO - [2025-01-14T14:11:09.486+0000] {dagbag.py:588} INFO - Filling up the DagBag from /home/airflow/.local/lib/python3.12/site-packages/airflow/example_dags/example_dynamic_task_mapping_with_no_taskflow_operators.py
[2025-01-14T14:11:09.500+0000] {processor.py:925} INFO - DAG(s) 'example_dynamic_task_mapping_with_no_taskflow_operators' retrieved from /home/airflow/.local/lib/python3.12/site-packages/airflow/example_dags/example_dynamic_task_mapping_with_no_taskflow_operators.py
[2025-01-14T14:11:09.530+0000] {logging_mixin.py:190} INFO - [2025-01-14T14:11:09.530+0000] {dag.py:3239} INFO - Sync 1 DAGs
[2025-01-14T14:11:09.552+0000] {logging_mixin.py:190} INFO - [2025-01-14T14:11:09.552+0000] {dag.py:4180} INFO - Setting next_dagrun for example_dynamic_task_mapping_with_no_taskflow_operators to None, run_after=None
[2025-01-14T14:11:09.592+0000] {processor.py:208} INFO - Processing /home/airflow/.local/lib/python3.12/site-packages/airflow/example_dags/example_dynamic_task_mapping_with_no_taskflow_operators.py took 0.123 seconds
[2025-01-14T14:11:40.849+0000] {processor.py:186} INFO - Started process (PID=31180) to work on /home/airflow/.local/lib/python3.12/site-packages/airflow/example_dags/example_dynamic_task_mapping_with_no_taskflow_operators.py
[2025-01-14T14:11:40.851+0000] {processor.py:914} INFO - Processing file /home/airflow/.local/lib/python3.12/site-packages/airflow/example_dags/example_dynamic_task_mapping_with_no_taskflow_operators.py for tasks to queue
[2025-01-14T14:11:40.858+0000] {logging_mixin.py:190} INFO - [2025-01-14T14:11:40.857+0000] {dagbag.py:588} INFO - Filling up the DagBag from /home/airflow/.local/lib/python3.12/site-packages/airflow/example_dags/example_dynamic_task_mapping_with_no_taskflow_operators.py
[2025-01-14T14:11:40.874+0000] {processor.py:925} INFO - DAG(s) 'example_dynamic_task_mapping_with_no_taskflow_operators' retrieved from /home/airflow/.local/lib/python3.12/site-packages/airflow/example_dags/example_dynamic_task_mapping_with_no_taskflow_operators.py
[2025-01-14T14:11:40.914+0000] {logging_mixin.py:190} INFO - [2025-01-14T14:11:40.913+0000] {dag.py:3239} INFO - Sync 1 DAGs
[2025-01-14T14:11:40.944+0000] {logging_mixin.py:190} INFO - [2025-01-14T14:11:40.943+0000] {dag.py:4180} INFO - Setting next_dagrun for example_dynamic_task_mapping_with_no_taskflow_operators to None, run_after=None
[2025-01-14T14:11:40.980+0000] {processor.py:208} INFO - Processing /home/airflow/.local/lib/python3.12/site-packages/airflow/example_dags/example_dynamic_task_mapping_with_no_taskflow_operators.py took 0.141 seconds
[2025-01-14T14:12:11.590+0000] {processor.py:186} INFO - Started process (PID=31493) to work on /home/airflow/.local/lib/python3.12/site-packages/airflow/example_dags/example_dynamic_task_mapping_with_no_taskflow_operators.py
[2025-01-14T14:12:11.592+0000] {processor.py:914} INFO - Processing file /home/airflow/.local/lib/python3.12/site-packages/airflow/example_dags/example_dynamic_task_mapping_with_no_taskflow_operators.py for tasks to queue
[2025-01-14T14:12:11.596+0000] {logging_mixin.py:190} INFO - [2025-01-14T14:12:11.596+0000] {dagbag.py:588} INFO - Filling up the DagBag from /home/airflow/.local/lib/python3.12/site-packages/airflow/example_dags/example_dynamic_task_mapping_with_no_taskflow_operators.py
[2025-01-14T14:12:11.611+0000] {processor.py:925} INFO - DAG(s) 'example_dynamic_task_mapping_with_no_taskflow_operators' retrieved from /home/airflow/.local/lib/python3.12/site-packages/airflow/example_dags/example_dynamic_task_mapping_with_no_taskflow_operators.py
[2025-01-14T14:12:11.656+0000] {logging_mixin.py:190} INFO - [2025-01-14T14:12:11.655+0000] {dag.py:3239} INFO - Sync 1 DAGs
[2025-01-14T14:12:11.679+0000] {logging_mixin.py:190} INFO - [2025-01-14T14:12:11.678+0000] {dag.py:4180} INFO - Setting next_dagrun for example_dynamic_task_mapping_with_no_taskflow_operators to None, run_after=None
[2025-01-14T14:12:11.718+0000] {processor.py:208} INFO - Processing /home/airflow/.local/lib/python3.12/site-packages/airflow/example_dags/example_dynamic_task_mapping_with_no_taskflow_operators.py took 0.147 seconds
[2025-01-14T14:12:42.245+0000] {processor.py:186} INFO - Started process (PID=31794) to work on /home/airflow/.local/lib/python3.12/site-packages/airflow/example_dags/example_dynamic_task_mapping_with_no_taskflow_operators.py
[2025-01-14T14:12:42.247+0000] {processor.py:914} INFO - Processing file /home/airflow/.local/lib/python3.12/site-packages/airflow/example_dags/example_dynamic_task_mapping_with_no_taskflow_operators.py for tasks to queue
[2025-01-14T14:12:42.250+0000] {logging_mixin.py:190} INFO - [2025-01-14T14:12:42.250+0000] {dagbag.py:588} INFO - Filling up the DagBag from /home/airflow/.local/lib/python3.12/site-packages/airflow/example_dags/example_dynamic_task_mapping_with_no_taskflow_operators.py
[2025-01-14T14:12:42.264+0000] {processor.py:925} INFO - DAG(s) 'example_dynamic_task_mapping_with_no_taskflow_operators' retrieved from /home/airflow/.local/lib/python3.12/site-packages/airflow/example_dags/example_dynamic_task_mapping_with_no_taskflow_operators.py
[2025-01-14T14:12:42.318+0000] {logging_mixin.py:190} INFO - [2025-01-14T14:12:42.317+0000] {dag.py:3239} INFO - Sync 1 DAGs
[2025-01-14T14:12:42.347+0000] {logging_mixin.py:190} INFO - [2025-01-14T14:12:42.347+0000] {dag.py:4180} INFO - Setting next_dagrun for example_dynamic_task_mapping_with_no_taskflow_operators to None, run_after=None
[2025-01-14T14:12:42.390+0000] {processor.py:208} INFO - Processing /home/airflow/.local/lib/python3.12/site-packages/airflow/example_dags/example_dynamic_task_mapping_with_no_taskflow_operators.py took 0.154 seconds
[2025-01-14T14:13:13.642+0000] {processor.py:186} INFO - Started process (PID=32109) to work on /home/airflow/.local/lib/python3.12/site-packages/airflow/example_dags/example_dynamic_task_mapping_with_no_taskflow_operators.py
[2025-01-14T14:13:13.644+0000] {processor.py:914} INFO - Processing file /home/airflow/.local/lib/python3.12/site-packages/airflow/example_dags/example_dynamic_task_mapping_with_no_taskflow_operators.py for tasks to queue
[2025-01-14T14:13:13.649+0000] {logging_mixin.py:190} INFO - [2025-01-14T14:13:13.648+0000] {dagbag.py:588} INFO - Filling up the DagBag from /home/airflow/.local/lib/python3.12/site-packages/airflow/example_dags/example_dynamic_task_mapping_with_no_taskflow_operators.py
[2025-01-14T14:13:13.663+0000] {processor.py:925} INFO - DAG(s) 'example_dynamic_task_mapping_with_no_taskflow_operators' retrieved from /home/airflow/.local/lib/python3.12/site-packages/airflow/example_dags/example_dynamic_task_mapping_with_no_taskflow_operators.py
[2025-01-14T14:13:13.703+0000] {logging_mixin.py:190} INFO - [2025-01-14T14:13:13.702+0000] {dag.py:3239} INFO - Sync 1 DAGs
[2025-01-14T14:13:13.728+0000] {logging_mixin.py:190} INFO - [2025-01-14T14:13:13.728+0000] {dag.py:4180} INFO - Setting next_dagrun for example_dynamic_task_mapping_with_no_taskflow_operators to None, run_after=None
[2025-01-14T14:13:13.757+0000] {processor.py:208} INFO - Processing /home/airflow/.local/lib/python3.12/site-packages/airflow/example_dags/example_dynamic_task_mapping_with_no_taskflow_operators.py took 0.126 seconds
[2025-01-14T14:13:45.201+0000] {processor.py:186} INFO - Started process (PID=32403) to work on /home/airflow/.local/lib/python3.12/site-packages/airflow/example_dags/example_dynamic_task_mapping_with_no_taskflow_operators.py
[2025-01-14T14:13:45.203+0000] {processor.py:914} INFO - Processing file /home/airflow/.local/lib/python3.12/site-packages/airflow/example_dags/example_dynamic_task_mapping_with_no_taskflow_operators.py for tasks to queue
[2025-01-14T14:13:45.210+0000] {logging_mixin.py:190} INFO - [2025-01-14T14:13:45.209+0000] {dagbag.py:588} INFO - Filling up the DagBag from /home/airflow/.local/lib/python3.12/site-packages/airflow/example_dags/example_dynamic_task_mapping_with_no_taskflow_operators.py
[2025-01-14T14:13:45.232+0000] {processor.py:925} INFO - DAG(s) 'example_dynamic_task_mapping_with_no_taskflow_operators' retrieved from /home/airflow/.local/lib/python3.12/site-packages/airflow/example_dags/example_dynamic_task_mapping_with_no_taskflow_operators.py
[2025-01-14T14:13:45.273+0000] {logging_mixin.py:190} INFO - [2025-01-14T14:13:45.272+0000] {dag.py:3239} INFO - Sync 1 DAGs
[2025-01-14T14:13:45.301+0000] {logging_mixin.py:190} INFO - [2025-01-14T14:13:45.300+0000] {dag.py:4180} INFO - Setting next_dagrun for example_dynamic_task_mapping_with_no_taskflow_operators to None, run_after=None
[2025-01-14T14:13:45.336+0000] {processor.py:208} INFO - Processing /home/airflow/.local/lib/python3.12/site-packages/airflow/example_dags/example_dynamic_task_mapping_with_no_taskflow_operators.py took 0.150 seconds
[2025-01-14T14:14:16.027+0000] {processor.py:186} INFO - Started process (PID=32716) to work on /home/airflow/.local/lib/python3.12/site-packages/airflow/example_dags/example_dynamic_task_mapping_with_no_taskflow_operators.py
[2025-01-14T14:14:16.029+0000] {processor.py:914} INFO - Processing file /home/airflow/.local/lib/python3.12/site-packages/airflow/example_dags/example_dynamic_task_mapping_with_no_taskflow_operators.py for tasks to queue
[2025-01-14T14:14:16.035+0000] {logging_mixin.py:190} INFO - [2025-01-14T14:14:16.034+0000] {dagbag.py:588} INFO - Filling up the DagBag from /home/airflow/.local/lib/python3.12/site-packages/airflow/example_dags/example_dynamic_task_mapping_with_no_taskflow_operators.py
[2025-01-14T14:14:16.050+0000] {processor.py:925} INFO - DAG(s) 'example_dynamic_task_mapping_with_no_taskflow_operators' retrieved from /home/airflow/.local/lib/python3.12/site-packages/airflow/example_dags/example_dynamic_task_mapping_with_no_taskflow_operators.py
[2025-01-14T14:14:16.116+0000] {logging_mixin.py:190} INFO - [2025-01-14T14:14:16.115+0000] {dag.py:3239} INFO - Sync 1 DAGs
[2025-01-14T14:14:16.146+0000] {logging_mixin.py:190} INFO - [2025-01-14T14:14:16.145+0000] {dag.py:4180} INFO - Setting next_dagrun for example_dynamic_task_mapping_with_no_taskflow_operators to None, run_after=None
[2025-01-14T14:14:16.186+0000] {processor.py:208} INFO - Processing /home/airflow/.local/lib/python3.12/site-packages/airflow/example_dags/example_dynamic_task_mapping_with_no_taskflow_operators.py took 0.169 seconds
[2025-01-14T14:14:46.688+0000] {processor.py:186} INFO - Started process (PID=33017) to work on /home/airflow/.local/lib/python3.12/site-packages/airflow/example_dags/example_dynamic_task_mapping_with_no_taskflow_operators.py
[2025-01-14T14:14:46.690+0000] {processor.py:914} INFO - Processing file /home/airflow/.local/lib/python3.12/site-packages/airflow/example_dags/example_dynamic_task_mapping_with_no_taskflow_operators.py for tasks to queue
[2025-01-14T14:14:46.695+0000] {logging_mixin.py:190} INFO - [2025-01-14T14:14:46.694+0000] {dagbag.py:588} INFO - Filling up the DagBag from /home/airflow/.local/lib/python3.12/site-packages/airflow/example_dags/example_dynamic_task_mapping_with_no_taskflow_operators.py
[2025-01-14T14:14:46.714+0000] {processor.py:925} INFO - DAG(s) 'example_dynamic_task_mapping_with_no_taskflow_operators' retrieved from /home/airflow/.local/lib/python3.12/site-packages/airflow/example_dags/example_dynamic_task_mapping_with_no_taskflow_operators.py
[2025-01-14T14:14:46.766+0000] {logging_mixin.py:190} INFO - [2025-01-14T14:14:46.765+0000] {dag.py:3239} INFO - Sync 1 DAGs
[2025-01-14T14:14:46.797+0000] {logging_mixin.py:190} INFO - [2025-01-14T14:14:46.797+0000] {dag.py:4180} INFO - Setting next_dagrun for example_dynamic_task_mapping_with_no_taskflow_operators to None, run_after=None
[2025-01-14T14:14:46.836+0000] {processor.py:208} INFO - Processing /home/airflow/.local/lib/python3.12/site-packages/airflow/example_dags/example_dynamic_task_mapping_with_no_taskflow_operators.py took 0.157 seconds
[2025-01-14T14:15:16.951+0000] {processor.py:186} INFO - Started process (PID=33327) to work on /home/airflow/.local/lib/python3.12/site-packages/airflow/example_dags/example_dynamic_task_mapping_with_no_taskflow_operators.py
[2025-01-14T14:15:16.953+0000] {processor.py:914} INFO - Processing file /home/airflow/.local/lib/python3.12/site-packages/airflow/example_dags/example_dynamic_task_mapping_with_no_taskflow_operators.py for tasks to queue
[2025-01-14T14:15:16.961+0000] {logging_mixin.py:190} INFO - [2025-01-14T14:15:16.960+0000] {dagbag.py:588} INFO - Filling up the DagBag from /home/airflow/.local/lib/python3.12/site-packages/airflow/example_dags/example_dynamic_task_mapping_with_no_taskflow_operators.py
[2025-01-14T14:15:16.985+0000] {processor.py:925} INFO - DAG(s) 'example_dynamic_task_mapping_with_no_taskflow_operators' retrieved from /home/airflow/.local/lib/python3.12/site-packages/airflow/example_dags/example_dynamic_task_mapping_with_no_taskflow_operators.py
[2025-01-14T14:15:17.024+0000] {logging_mixin.py:190} INFO - [2025-01-14T14:15:17.024+0000] {dag.py:3239} INFO - Sync 1 DAGs
[2025-01-14T14:15:17.047+0000] {logging_mixin.py:190} INFO - [2025-01-14T14:15:17.046+0000] {dag.py:4180} INFO - Setting next_dagrun for example_dynamic_task_mapping_with_no_taskflow_operators to None, run_after=None
[2025-01-14T14:15:17.081+0000] {processor.py:208} INFO - Processing /home/airflow/.local/lib/python3.12/site-packages/airflow/example_dags/example_dynamic_task_mapping_with_no_taskflow_operators.py took 0.139 seconds
[2025-01-14T14:15:47.270+0000] {processor.py:186} INFO - Started process (PID=33628) to work on /home/airflow/.local/lib/python3.12/site-packages/airflow/example_dags/example_dynamic_task_mapping_with_no_taskflow_operators.py
[2025-01-14T14:15:47.272+0000] {processor.py:914} INFO - Processing file /home/airflow/.local/lib/python3.12/site-packages/airflow/example_dags/example_dynamic_task_mapping_with_no_taskflow_operators.py for tasks to queue
[2025-01-14T14:15:47.276+0000] {logging_mixin.py:190} INFO - [2025-01-14T14:15:47.275+0000] {dagbag.py:588} INFO - Filling up the DagBag from /home/airflow/.local/lib/python3.12/site-packages/airflow/example_dags/example_dynamic_task_mapping_with_no_taskflow_operators.py
[2025-01-14T14:15:47.290+0000] {processor.py:925} INFO - DAG(s) 'example_dynamic_task_mapping_with_no_taskflow_operators' retrieved from /home/airflow/.local/lib/python3.12/site-packages/airflow/example_dags/example_dynamic_task_mapping_with_no_taskflow_operators.py
[2025-01-14T14:15:47.336+0000] {logging_mixin.py:190} INFO - [2025-01-14T14:15:47.335+0000] {dag.py:3239} INFO - Sync 1 DAGs
[2025-01-14T14:15:47.382+0000] {logging_mixin.py:190} INFO - [2025-01-14T14:15:47.381+0000] {dag.py:4180} INFO - Setting next_dagrun for example_dynamic_task_mapping_with_no_taskflow_operators to None, run_after=None
[2025-01-14T14:15:47.427+0000] {processor.py:208} INFO - Processing /home/airflow/.local/lib/python3.12/site-packages/airflow/example_dags/example_dynamic_task_mapping_with_no_taskflow_operators.py took 0.167 seconds
[2025-01-14T14:16:18.030+0000] {processor.py:186} INFO - Started process (PID=33941) to work on /home/airflow/.local/lib/python3.12/site-packages/airflow/example_dags/example_dynamic_task_mapping_with_no_taskflow_operators.py
[2025-01-14T14:16:18.032+0000] {processor.py:914} INFO - Processing file /home/airflow/.local/lib/python3.12/site-packages/airflow/example_dags/example_dynamic_task_mapping_with_no_taskflow_operators.py for tasks to queue
[2025-01-14T14:16:18.035+0000] {logging_mixin.py:190} INFO - [2025-01-14T14:16:18.035+0000] {dagbag.py:588} INFO - Filling up the DagBag from /home/airflow/.local/lib/python3.12/site-packages/airflow/example_dags/example_dynamic_task_mapping_with_no_taskflow_operators.py
[2025-01-14T14:16:18.049+0000] {processor.py:925} INFO - DAG(s) 'example_dynamic_task_mapping_with_no_taskflow_operators' retrieved from /home/airflow/.local/lib/python3.12/site-packages/airflow/example_dags/example_dynamic_task_mapping_with_no_taskflow_operators.py
[2025-01-14T14:16:18.080+0000] {logging_mixin.py:190} INFO - [2025-01-14T14:16:18.080+0000] {dag.py:3239} INFO - Sync 1 DAGs
[2025-01-14T14:16:18.112+0000] {logging_mixin.py:190} INFO - [2025-01-14T14:16:18.111+0000] {dag.py:4180} INFO - Setting next_dagrun for example_dynamic_task_mapping_with_no_taskflow_operators to None, run_after=None
[2025-01-14T14:16:18.145+0000] {processor.py:208} INFO - Processing /home/airflow/.local/lib/python3.12/site-packages/airflow/example_dags/example_dynamic_task_mapping_with_no_taskflow_operators.py took 0.125 seconds
[2025-01-14T14:16:48.717+0000] {processor.py:186} INFO - Started process (PID=34240) to work on /home/airflow/.local/lib/python3.12/site-packages/airflow/example_dags/example_dynamic_task_mapping_with_no_taskflow_operators.py
[2025-01-14T14:16:48.719+0000] {processor.py:914} INFO - Processing file /home/airflow/.local/lib/python3.12/site-packages/airflow/example_dags/example_dynamic_task_mapping_with_no_taskflow_operators.py for tasks to queue
[2025-01-14T14:16:48.723+0000] {logging_mixin.py:190} INFO - [2025-01-14T14:16:48.722+0000] {dagbag.py:588} INFO - Filling up the DagBag from /home/airflow/.local/lib/python3.12/site-packages/airflow/example_dags/example_dynamic_task_mapping_with_no_taskflow_operators.py
[2025-01-14T14:16:48.738+0000] {processor.py:925} INFO - DAG(s) 'example_dynamic_task_mapping_with_no_taskflow_operators' retrieved from /home/airflow/.local/lib/python3.12/site-packages/airflow/example_dags/example_dynamic_task_mapping_with_no_taskflow_operators.py
[2025-01-14T14:16:48.791+0000] {logging_mixin.py:190} INFO - [2025-01-14T14:16:48.791+0000] {dag.py:3239} INFO - Sync 1 DAGs
[2025-01-14T14:16:48.830+0000] {logging_mixin.py:190} INFO - [2025-01-14T14:16:48.830+0000] {dag.py:4180} INFO - Setting next_dagrun for example_dynamic_task_mapping_with_no_taskflow_operators to None, run_after=None
[2025-01-14T14:16:48.871+0000] {processor.py:208} INFO - Processing /home/airflow/.local/lib/python3.12/site-packages/airflow/example_dags/example_dynamic_task_mapping_with_no_taskflow_operators.py took 0.164 seconds
[2025-01-14T14:17:19.351+0000] {processor.py:186} INFO - Started process (PID=34552) to work on /home/airflow/.local/lib/python3.12/site-packages/airflow/example_dags/example_dynamic_task_mapping_with_no_taskflow_operators.py
[2025-01-14T14:17:19.353+0000] {processor.py:914} INFO - Processing file /home/airflow/.local/lib/python3.12/site-packages/airflow/example_dags/example_dynamic_task_mapping_with_no_taskflow_operators.py for tasks to queue
[2025-01-14T14:17:19.360+0000] {logging_mixin.py:190} INFO - [2025-01-14T14:17:19.359+0000] {dagbag.py:588} INFO - Filling up the DagBag from /home/airflow/.local/lib/python3.12/site-packages/airflow/example_dags/example_dynamic_task_mapping_with_no_taskflow_operators.py
[2025-01-14T14:17:19.382+0000] {processor.py:925} INFO - DAG(s) 'example_dynamic_task_mapping_with_no_taskflow_operators' retrieved from /home/airflow/.local/lib/python3.12/site-packages/airflow/example_dags/example_dynamic_task_mapping_with_no_taskflow_operators.py
[2025-01-14T14:17:19.431+0000] {logging_mixin.py:190} INFO - [2025-01-14T14:17:19.431+0000] {dag.py:3239} INFO - Sync 1 DAGs
[2025-01-14T14:17:19.479+0000] {logging_mixin.py:190} INFO - [2025-01-14T14:17:19.479+0000] {dag.py:4180} INFO - Setting next_dagrun for example_dynamic_task_mapping_with_no_taskflow_operators to None, run_after=None
[2025-01-14T14:17:19.508+0000] {processor.py:208} INFO - Processing /home/airflow/.local/lib/python3.12/site-packages/airflow/example_dags/example_dynamic_task_mapping_with_no_taskflow_operators.py took 0.167 seconds
[2025-01-14T14:17:49.935+0000] {processor.py:186} INFO - Started process (PID=34853) to work on /home/airflow/.local/lib/python3.12/site-packages/airflow/example_dags/example_dynamic_task_mapping_with_no_taskflow_operators.py
[2025-01-14T14:17:49.937+0000] {processor.py:914} INFO - Processing file /home/airflow/.local/lib/python3.12/site-packages/airflow/example_dags/example_dynamic_task_mapping_with_no_taskflow_operators.py for tasks to queue
[2025-01-14T14:17:49.947+0000] {logging_mixin.py:190} INFO - [2025-01-14T14:17:49.946+0000] {dagbag.py:588} INFO - Filling up the DagBag from /home/airflow/.local/lib/python3.12/site-packages/airflow/example_dags/example_dynamic_task_mapping_with_no_taskflow_operators.py
[2025-01-14T14:17:49.966+0000] {processor.py:925} INFO - DAG(s) 'example_dynamic_task_mapping_with_no_taskflow_operators' retrieved from /home/airflow/.local/lib/python3.12/site-packages/airflow/example_dags/example_dynamic_task_mapping_with_no_taskflow_operators.py
[2025-01-14T14:17:49.999+0000] {logging_mixin.py:190} INFO - [2025-01-14T14:17:49.999+0000] {dag.py:3239} INFO - Sync 1 DAGs
[2025-01-14T14:17:50.028+0000] {logging_mixin.py:190} INFO - [2025-01-14T14:17:50.028+0000] {dag.py:4180} INFO - Setting next_dagrun for example_dynamic_task_mapping_with_no_taskflow_operators to None, run_after=None
[2025-01-14T14:17:50.071+0000] {processor.py:208} INFO - Processing /home/airflow/.local/lib/python3.12/site-packages/airflow/example_dags/example_dynamic_task_mapping_with_no_taskflow_operators.py took 0.146 seconds
[2025-01-14T14:18:20.227+0000] {processor.py:186} INFO - Started process (PID=35166) to work on /home/airflow/.local/lib/python3.12/site-packages/airflow/example_dags/example_dynamic_task_mapping_with_no_taskflow_operators.py
[2025-01-14T14:18:20.229+0000] {processor.py:914} INFO - Processing file /home/airflow/.local/lib/python3.12/site-packages/airflow/example_dags/example_dynamic_task_mapping_with_no_taskflow_operators.py for tasks to queue
[2025-01-14T14:18:20.233+0000] {logging_mixin.py:190} INFO - [2025-01-14T14:18:20.232+0000] {dagbag.py:588} INFO - Filling up the DagBag from /home/airflow/.local/lib/python3.12/site-packages/airflow/example_dags/example_dynamic_task_mapping_with_no_taskflow_operators.py
[2025-01-14T14:18:20.247+0000] {processor.py:925} INFO - DAG(s) 'example_dynamic_task_mapping_with_no_taskflow_operators' retrieved from /home/airflow/.local/lib/python3.12/site-packages/airflow/example_dags/example_dynamic_task_mapping_with_no_taskflow_operators.py
[2025-01-14T14:18:20.285+0000] {logging_mixin.py:190} INFO - [2025-01-14T14:18:20.285+0000] {dag.py:3239} INFO - Sync 1 DAGs
[2025-01-14T14:18:20.326+0000] {logging_mixin.py:190} INFO - [2025-01-14T14:18:20.326+0000] {dag.py:4180} INFO - Setting next_dagrun for example_dynamic_task_mapping_with_no_taskflow_operators to None, run_after=None
[2025-01-14T14:18:20.370+0000] {processor.py:208} INFO - Processing /home/airflow/.local/lib/python3.12/site-packages/airflow/example_dags/example_dynamic_task_mapping_with_no_taskflow_operators.py took 0.156 seconds
[2025-01-14T14:18:50.782+0000] {processor.py:186} INFO - Started process (PID=35469) to work on /home/airflow/.local/lib/python3.12/site-packages/airflow/example_dags/example_dynamic_task_mapping_with_no_taskflow_operators.py
[2025-01-14T14:18:50.785+0000] {processor.py:914} INFO - Processing file /home/airflow/.local/lib/python3.12/site-packages/airflow/example_dags/example_dynamic_task_mapping_with_no_taskflow_operators.py for tasks to queue
[2025-01-14T14:18:50.792+0000] {logging_mixin.py:190} INFO - [2025-01-14T14:18:50.791+0000] {dagbag.py:588} INFO - Filling up the DagBag from /home/airflow/.local/lib/python3.12/site-packages/airflow/example_dags/example_dynamic_task_mapping_with_no_taskflow_operators.py
[2025-01-14T14:18:50.811+0000] {processor.py:925} INFO - DAG(s) 'example_dynamic_task_mapping_with_no_taskflow_operators' retrieved from /home/airflow/.local/lib/python3.12/site-packages/airflow/example_dags/example_dynamic_task_mapping_with_no_taskflow_operators.py
[2025-01-14T14:18:50.851+0000] {logging_mixin.py:190} INFO - [2025-01-14T14:18:50.850+0000] {dag.py:3239} INFO - Sync 1 DAGs
[2025-01-14T14:18:50.876+0000] {logging_mixin.py:190} INFO - [2025-01-14T14:18:50.876+0000] {dag.py:4180} INFO - Setting next_dagrun for example_dynamic_task_mapping_with_no_taskflow_operators to None, run_after=None
[2025-01-14T14:18:50.909+0000] {processor.py:208} INFO - Processing /home/airflow/.local/lib/python3.12/site-packages/airflow/example_dags/example_dynamic_task_mapping_with_no_taskflow_operators.py took 0.136 seconds
[2025-01-14T14:19:21.435+0000] {processor.py:186} INFO - Started process (PID=35782) to work on /home/airflow/.local/lib/python3.12/site-packages/airflow/example_dags/example_dynamic_task_mapping_with_no_taskflow_operators.py
[2025-01-14T14:19:21.436+0000] {processor.py:914} INFO - Processing file /home/airflow/.local/lib/python3.12/site-packages/airflow/example_dags/example_dynamic_task_mapping_with_no_taskflow_operators.py for tasks to queue
[2025-01-14T14:19:21.440+0000] {logging_mixin.py:190} INFO - [2025-01-14T14:19:21.440+0000] {dagbag.py:588} INFO - Filling up the DagBag from /home/airflow/.local/lib/python3.12/site-packages/airflow/example_dags/example_dynamic_task_mapping_with_no_taskflow_operators.py
[2025-01-14T14:19:21.454+0000] {processor.py:925} INFO - DAG(s) 'example_dynamic_task_mapping_with_no_taskflow_operators' retrieved from /home/airflow/.local/lib/python3.12/site-packages/airflow/example_dags/example_dynamic_task_mapping_with_no_taskflow_operators.py
[2025-01-14T14:19:21.495+0000] {logging_mixin.py:190} INFO - [2025-01-14T14:19:21.495+0000] {dag.py:3239} INFO - Sync 1 DAGs
[2025-01-14T14:19:21.519+0000] {logging_mixin.py:190} INFO - [2025-01-14T14:19:21.518+0000] {dag.py:4180} INFO - Setting next_dagrun for example_dynamic_task_mapping_with_no_taskflow_operators to None, run_after=None
[2025-01-14T14:19:21.553+0000] {processor.py:208} INFO - Processing /home/airflow/.local/lib/python3.12/site-packages/airflow/example_dags/example_dynamic_task_mapping_with_no_taskflow_operators.py took 0.128 seconds
[2025-01-14T14:19:52.408+0000] {processor.py:186} INFO - Started process (PID=36083) to work on /home/airflow/.local/lib/python3.12/site-packages/airflow/example_dags/example_dynamic_task_mapping_with_no_taskflow_operators.py
[2025-01-14T14:19:52.409+0000] {processor.py:914} INFO - Processing file /home/airflow/.local/lib/python3.12/site-packages/airflow/example_dags/example_dynamic_task_mapping_with_no_taskflow_operators.py for tasks to queue
[2025-01-14T14:19:52.414+0000] {logging_mixin.py:190} INFO - [2025-01-14T14:19:52.413+0000] {dagbag.py:588} INFO - Filling up the DagBag from /home/airflow/.local/lib/python3.12/site-packages/airflow/example_dags/example_dynamic_task_mapping_with_no_taskflow_operators.py
[2025-01-14T14:19:52.428+0000] {processor.py:925} INFO - DAG(s) 'example_dynamic_task_mapping_with_no_taskflow_operators' retrieved from /home/airflow/.local/lib/python3.12/site-packages/airflow/example_dags/example_dynamic_task_mapping_with_no_taskflow_operators.py
[2025-01-14T14:19:52.467+0000] {logging_mixin.py:190} INFO - [2025-01-14T14:19:52.467+0000] {dag.py:3239} INFO - Sync 1 DAGs
[2025-01-14T14:19:52.496+0000] {logging_mixin.py:190} INFO - [2025-01-14T14:19:52.495+0000] {dag.py:4180} INFO - Setting next_dagrun for example_dynamic_task_mapping_with_no_taskflow_operators to None, run_after=None
[2025-01-14T14:19:52.533+0000] {processor.py:208} INFO - Processing /home/airflow/.local/lib/python3.12/site-packages/airflow/example_dags/example_dynamic_task_mapping_with_no_taskflow_operators.py took 0.135 seconds
[2025-01-14T14:20:22.833+0000] {processor.py:186} INFO - Started process (PID=36394) to work on /home/airflow/.local/lib/python3.12/site-packages/airflow/example_dags/example_dynamic_task_mapping_with_no_taskflow_operators.py
[2025-01-14T14:20:22.835+0000] {processor.py:914} INFO - Processing file /home/airflow/.local/lib/python3.12/site-packages/airflow/example_dags/example_dynamic_task_mapping_with_no_taskflow_operators.py for tasks to queue
[2025-01-14T14:20:22.839+0000] {logging_mixin.py:190} INFO - [2025-01-14T14:20:22.838+0000] {dagbag.py:588} INFO - Filling up the DagBag from /home/airflow/.local/lib/python3.12/site-packages/airflow/example_dags/example_dynamic_task_mapping_with_no_taskflow_operators.py
[2025-01-14T14:20:22.853+0000] {processor.py:925} INFO - DAG(s) 'example_dynamic_task_mapping_with_no_taskflow_operators' retrieved from /home/airflow/.local/lib/python3.12/site-packages/airflow/example_dags/example_dynamic_task_mapping_with_no_taskflow_operators.py
[2025-01-14T14:20:22.898+0000] {logging_mixin.py:190} INFO - [2025-01-14T14:20:22.897+0000] {dag.py:3239} INFO - Sync 1 DAGs
[2025-01-14T14:20:22.941+0000] {logging_mixin.py:190} INFO - [2025-01-14T14:20:22.940+0000] {dag.py:4180} INFO - Setting next_dagrun for example_dynamic_task_mapping_with_no_taskflow_operators to None, run_after=None
[2025-01-14T14:20:22.987+0000] {processor.py:208} INFO - Processing /home/airflow/.local/lib/python3.12/site-packages/airflow/example_dags/example_dynamic_task_mapping_with_no_taskflow_operators.py took 0.163 seconds
[2025-01-14T14:20:53.293+0000] {processor.py:186} INFO - Started process (PID=36694) to work on /home/airflow/.local/lib/python3.12/site-packages/airflow/example_dags/example_dynamic_task_mapping_with_no_taskflow_operators.py
[2025-01-14T14:20:53.294+0000] {processor.py:914} INFO - Processing file /home/airflow/.local/lib/python3.12/site-packages/airflow/example_dags/example_dynamic_task_mapping_with_no_taskflow_operators.py for tasks to queue
[2025-01-14T14:20:53.299+0000] {logging_mixin.py:190} INFO - [2025-01-14T14:20:53.298+0000] {dagbag.py:588} INFO - Filling up the DagBag from /home/airflow/.local/lib/python3.12/site-packages/airflow/example_dags/example_dynamic_task_mapping_with_no_taskflow_operators.py
[2025-01-14T14:20:53.314+0000] {processor.py:925} INFO - DAG(s) 'example_dynamic_task_mapping_with_no_taskflow_operators' retrieved from /home/airflow/.local/lib/python3.12/site-packages/airflow/example_dags/example_dynamic_task_mapping_with_no_taskflow_operators.py
[2025-01-14T14:20:53.365+0000] {logging_mixin.py:190} INFO - [2025-01-14T14:20:53.365+0000] {dag.py:3239} INFO - Sync 1 DAGs
[2025-01-14T14:20:53.393+0000] {logging_mixin.py:190} INFO - [2025-01-14T14:20:53.393+0000] {dag.py:4180} INFO - Setting next_dagrun for example_dynamic_task_mapping_with_no_taskflow_operators to None, run_after=None
[2025-01-14T14:20:53.445+0000] {processor.py:208} INFO - Processing /home/airflow/.local/lib/python3.12/site-packages/airflow/example_dags/example_dynamic_task_mapping_with_no_taskflow_operators.py took 0.162 seconds
[2025-01-14T14:21:24.973+0000] {processor.py:186} INFO - Started process (PID=37006) to work on /home/airflow/.local/lib/python3.12/site-packages/airflow/example_dags/example_dynamic_task_mapping_with_no_taskflow_operators.py
[2025-01-14T14:21:24.976+0000] {processor.py:914} INFO - Processing file /home/airflow/.local/lib/python3.12/site-packages/airflow/example_dags/example_dynamic_task_mapping_with_no_taskflow_operators.py for tasks to queue
[2025-01-14T14:21:24.983+0000] {logging_mixin.py:190} INFO - [2025-01-14T14:21:24.982+0000] {dagbag.py:588} INFO - Filling up the DagBag from /home/airflow/.local/lib/python3.12/site-packages/airflow/example_dags/example_dynamic_task_mapping_with_no_taskflow_operators.py
[2025-01-14T14:21:24.998+0000] {processor.py:925} INFO - DAG(s) 'example_dynamic_task_mapping_with_no_taskflow_operators' retrieved from /home/airflow/.local/lib/python3.12/site-packages/airflow/example_dags/example_dynamic_task_mapping_with_no_taskflow_operators.py
[2025-01-14T14:21:25.054+0000] {logging_mixin.py:190} INFO - [2025-01-14T14:21:25.054+0000] {dag.py:3239} INFO - Sync 1 DAGs
[2025-01-14T14:21:25.081+0000] {logging_mixin.py:190} INFO - [2025-01-14T14:21:25.080+0000] {dag.py:4180} INFO - Setting next_dagrun for example_dynamic_task_mapping_with_no_taskflow_operators to None, run_after=None
[2025-01-14T14:21:25.114+0000] {processor.py:208} INFO - Processing /home/airflow/.local/lib/python3.12/site-packages/airflow/example_dags/example_dynamic_task_mapping_with_no_taskflow_operators.py took 0.157 seconds
[2025-01-14T14:21:55.695+0000] {processor.py:186} INFO - Started process (PID=37307) to work on /home/airflow/.local/lib/python3.12/site-packages/airflow/example_dags/example_dynamic_task_mapping_with_no_taskflow_operators.py
[2025-01-14T14:21:55.698+0000] {processor.py:914} INFO - Processing file /home/airflow/.local/lib/python3.12/site-packages/airflow/example_dags/example_dynamic_task_mapping_with_no_taskflow_operators.py for tasks to queue
[2025-01-14T14:21:55.706+0000] {logging_mixin.py:190} INFO - [2025-01-14T14:21:55.705+0000] {dagbag.py:588} INFO - Filling up the DagBag from /home/airflow/.local/lib/python3.12/site-packages/airflow/example_dags/example_dynamic_task_mapping_with_no_taskflow_operators.py
[2025-01-14T14:21:55.734+0000] {processor.py:925} INFO - DAG(s) 'example_dynamic_task_mapping_with_no_taskflow_operators' retrieved from /home/airflow/.local/lib/python3.12/site-packages/airflow/example_dags/example_dynamic_task_mapping_with_no_taskflow_operators.py
[2025-01-14T14:21:55.768+0000] {logging_mixin.py:190} INFO - [2025-01-14T14:21:55.768+0000] {dag.py:3239} INFO - Sync 1 DAGs
[2025-01-14T14:21:55.797+0000] {logging_mixin.py:190} INFO - [2025-01-14T14:21:55.797+0000] {dag.py:4180} INFO - Setting next_dagrun for example_dynamic_task_mapping_with_no_taskflow_operators to None, run_after=None
[2025-01-14T14:21:55.832+0000] {processor.py:208} INFO - Processing /home/airflow/.local/lib/python3.12/site-packages/airflow/example_dags/example_dynamic_task_mapping_with_no_taskflow_operators.py took 0.157 seconds
[2025-01-14T14:22:27.429+0000] {processor.py:186} INFO - Started process (PID=37622) to work on /home/airflow/.local/lib/python3.12/site-packages/airflow/example_dags/example_dynamic_task_mapping_with_no_taskflow_operators.py
[2025-01-14T14:22:27.431+0000] {processor.py:914} INFO - Processing file /home/airflow/.local/lib/python3.12/site-packages/airflow/example_dags/example_dynamic_task_mapping_with_no_taskflow_operators.py for tasks to queue
[2025-01-14T14:22:27.434+0000] {logging_mixin.py:190} INFO - [2025-01-14T14:22:27.434+0000] {dagbag.py:588} INFO - Filling up the DagBag from /home/airflow/.local/lib/python3.12/site-packages/airflow/example_dags/example_dynamic_task_mapping_with_no_taskflow_operators.py
[2025-01-14T14:22:27.447+0000] {processor.py:925} INFO - DAG(s) 'example_dynamic_task_mapping_with_no_taskflow_operators' retrieved from /home/airflow/.local/lib/python3.12/site-packages/airflow/example_dags/example_dynamic_task_mapping_with_no_taskflow_operators.py
[2025-01-14T14:22:27.479+0000] {logging_mixin.py:190} INFO - [2025-01-14T14:22:27.479+0000] {dag.py:3239} INFO - Sync 1 DAGs
[2025-01-14T14:22:27.504+0000] {logging_mixin.py:190} INFO - [2025-01-14T14:22:27.504+0000] {dag.py:4180} INFO - Setting next_dagrun for example_dynamic_task_mapping_with_no_taskflow_operators to None, run_after=None
[2025-01-14T14:22:27.547+0000] {processor.py:208} INFO - Processing /home/airflow/.local/lib/python3.12/site-packages/airflow/example_dags/example_dynamic_task_mapping_with_no_taskflow_operators.py took 0.127 seconds
[2025-01-14T14:22:58.203+0000] {processor.py:186} INFO - Started process (PID=37921) to work on /home/airflow/.local/lib/python3.12/site-packages/airflow/example_dags/example_dynamic_task_mapping_with_no_taskflow_operators.py
[2025-01-14T14:22:58.205+0000] {processor.py:914} INFO - Processing file /home/airflow/.local/lib/python3.12/site-packages/airflow/example_dags/example_dynamic_task_mapping_with_no_taskflow_operators.py for tasks to queue
[2025-01-14T14:22:58.211+0000] {logging_mixin.py:190} INFO - [2025-01-14T14:22:58.210+0000] {dagbag.py:588} INFO - Filling up the DagBag from /home/airflow/.local/lib/python3.12/site-packages/airflow/example_dags/example_dynamic_task_mapping_with_no_taskflow_operators.py
[2025-01-14T14:22:58.237+0000] {processor.py:925} INFO - DAG(s) 'example_dynamic_task_mapping_with_no_taskflow_operators' retrieved from /home/airflow/.local/lib/python3.12/site-packages/airflow/example_dags/example_dynamic_task_mapping_with_no_taskflow_operators.py
[2025-01-14T14:22:58.280+0000] {logging_mixin.py:190} INFO - [2025-01-14T14:22:58.280+0000] {dag.py:3239} INFO - Sync 1 DAGs
[2025-01-14T14:22:58.331+0000] {logging_mixin.py:190} INFO - [2025-01-14T14:22:58.331+0000] {dag.py:4180} INFO - Setting next_dagrun for example_dynamic_task_mapping_with_no_taskflow_operators to None, run_after=None
[2025-01-14T14:22:58.380+0000] {processor.py:208} INFO - Processing /home/airflow/.local/lib/python3.12/site-packages/airflow/example_dags/example_dynamic_task_mapping_with_no_taskflow_operators.py took 0.187 seconds
[2025-01-14T14:23:29.576+0000] {processor.py:186} INFO - Started process (PID=38234) to work on /home/airflow/.local/lib/python3.12/site-packages/airflow/example_dags/example_dynamic_task_mapping_with_no_taskflow_operators.py
[2025-01-14T14:23:29.578+0000] {processor.py:914} INFO - Processing file /home/airflow/.local/lib/python3.12/site-packages/airflow/example_dags/example_dynamic_task_mapping_with_no_taskflow_operators.py for tasks to queue
[2025-01-14T14:23:29.585+0000] {logging_mixin.py:190} INFO - [2025-01-14T14:23:29.584+0000] {dagbag.py:588} INFO - Filling up the DagBag from /home/airflow/.local/lib/python3.12/site-packages/airflow/example_dags/example_dynamic_task_mapping_with_no_taskflow_operators.py
[2025-01-14T14:23:29.607+0000] {processor.py:925} INFO - DAG(s) 'example_dynamic_task_mapping_with_no_taskflow_operators' retrieved from /home/airflow/.local/lib/python3.12/site-packages/airflow/example_dags/example_dynamic_task_mapping_with_no_taskflow_operators.py
[2025-01-14T14:23:29.653+0000] {logging_mixin.py:190} INFO - [2025-01-14T14:23:29.652+0000] {dag.py:3239} INFO - Sync 1 DAGs
[2025-01-14T14:23:29.680+0000] {logging_mixin.py:190} INFO - [2025-01-14T14:23:29.680+0000] {dag.py:4180} INFO - Setting next_dagrun for example_dynamic_task_mapping_with_no_taskflow_operators to None, run_after=None
[2025-01-14T14:23:29.729+0000] {processor.py:208} INFO - Processing /home/airflow/.local/lib/python3.12/site-packages/airflow/example_dags/example_dynamic_task_mapping_with_no_taskflow_operators.py took 0.162 seconds
