[2025-01-20T08:06:41.189+0000] {processor.py:186} INFO - Started process (PID=41526) to work on /home/airflow/.local/lib/python3.12/site-packages/airflow/example_dags/example_task_group.py
[2025-01-20T08:06:41.190+0000] {processor.py:914} INFO - Processing file /home/airflow/.local/lib/python3.12/site-packages/airflow/example_dags/example_task_group.py for tasks to queue
[2025-01-20T08:06:41.192+0000] {logging_mixin.py:190} INFO - [2025-01-20T08:06:41.192+0000] {dagbag.py:588} INFO - Filling up the DagBag from /home/airflow/.local/lib/python3.12/site-packages/airflow/example_dags/example_task_group.py
[2025-01-20T08:06:41.205+0000] {processor.py:925} INFO - DAG(s) 'example_task_group' retrieved from /home/airflow/.local/lib/python3.12/site-packages/airflow/example_dags/example_task_group.py
[2025-01-20T08:06:41.242+0000] {logging_mixin.py:190} INFO - [2025-01-20T08:06:41.242+0000] {dag.py:3239} INFO - Sync 1 DAGs
[2025-01-20T08:06:41.263+0000] {logging_mixin.py:190} INFO - [2025-01-20T08:06:41.262+0000] {dag.py:4180} INFO - Setting next_dagrun for example_task_group to None, run_after=None
[2025-01-20T08:06:41.294+0000] {processor.py:208} INFO - Processing /home/airflow/.local/lib/python3.12/site-packages/airflow/example_dags/example_task_group.py took 0.110 seconds
[2025-01-20T08:07:11.398+0000] {processor.py:186} INFO - Started process (PID=41866) to work on /home/airflow/.local/lib/python3.12/site-packages/airflow/example_dags/example_task_group.py
[2025-01-20T08:07:11.399+0000] {processor.py:914} INFO - Processing file /home/airflow/.local/lib/python3.12/site-packages/airflow/example_dags/example_task_group.py for tasks to queue
[2025-01-20T08:07:11.401+0000] {logging_mixin.py:190} INFO - [2025-01-20T08:07:11.401+0000] {dagbag.py:588} INFO - Filling up the DagBag from /home/airflow/.local/lib/python3.12/site-packages/airflow/example_dags/example_task_group.py
[2025-01-20T08:07:11.408+0000] {processor.py:925} INFO - DAG(s) 'example_task_group' retrieved from /home/airflow/.local/lib/python3.12/site-packages/airflow/example_dags/example_task_group.py
[2025-01-20T08:07:11.424+0000] {logging_mixin.py:190} INFO - [2025-01-20T08:07:11.423+0000] {dag.py:3239} INFO - Sync 1 DAGs
[2025-01-20T08:07:11.432+0000] {logging_mixin.py:190} INFO - [2025-01-20T08:07:11.432+0000] {dag.py:4180} INFO - Setting next_dagrun for example_task_group to None, run_after=None
[2025-01-20T08:07:11.443+0000] {processor.py:208} INFO - Processing /home/airflow/.local/lib/python3.12/site-packages/airflow/example_dags/example_task_group.py took 0.051 seconds
[2025-01-20T08:07:41.542+0000] {processor.py:186} INFO - Started process (PID=42167) to work on /home/airflow/.local/lib/python3.12/site-packages/airflow/example_dags/example_task_group.py
[2025-01-20T08:07:41.543+0000] {processor.py:914} INFO - Processing file /home/airflow/.local/lib/python3.12/site-packages/airflow/example_dags/example_task_group.py for tasks to queue
[2025-01-20T08:07:41.545+0000] {logging_mixin.py:190} INFO - [2025-01-20T08:07:41.544+0000] {dagbag.py:588} INFO - Filling up the DagBag from /home/airflow/.local/lib/python3.12/site-packages/airflow/example_dags/example_task_group.py
[2025-01-20T08:07:41.550+0000] {processor.py:925} INFO - DAG(s) 'example_task_group' retrieved from /home/airflow/.local/lib/python3.12/site-packages/airflow/example_dags/example_task_group.py
[2025-01-20T08:07:41.567+0000] {logging_mixin.py:190} INFO - [2025-01-20T08:07:41.567+0000] {dag.py:3239} INFO - Sync 1 DAGs
[2025-01-20T08:07:41.576+0000] {logging_mixin.py:190} INFO - [2025-01-20T08:07:41.576+0000] {dag.py:4180} INFO - Setting next_dagrun for example_task_group to None, run_after=None
[2025-01-20T08:07:41.590+0000] {processor.py:208} INFO - Processing /home/airflow/.local/lib/python3.12/site-packages/airflow/example_dags/example_task_group.py took 0.051 seconds
[2025-01-20T08:08:12.099+0000] {processor.py:186} INFO - Started process (PID=42473) to work on /home/airflow/.local/lib/python3.12/site-packages/airflow/example_dags/example_task_group.py
[2025-01-20T08:08:12.100+0000] {processor.py:914} INFO - Processing file /home/airflow/.local/lib/python3.12/site-packages/airflow/example_dags/example_task_group.py for tasks to queue
[2025-01-20T08:08:12.102+0000] {logging_mixin.py:190} INFO - [2025-01-20T08:08:12.101+0000] {dagbag.py:588} INFO - Filling up the DagBag from /home/airflow/.local/lib/python3.12/site-packages/airflow/example_dags/example_task_group.py
[2025-01-20T08:08:12.109+0000] {processor.py:925} INFO - DAG(s) 'example_task_group' retrieved from /home/airflow/.local/lib/python3.12/site-packages/airflow/example_dags/example_task_group.py
[2025-01-20T08:08:12.129+0000] {logging_mixin.py:190} INFO - [2025-01-20T08:08:12.129+0000] {dag.py:3239} INFO - Sync 1 DAGs
[2025-01-20T08:08:12.142+0000] {logging_mixin.py:190} INFO - [2025-01-20T08:08:12.142+0000] {dag.py:4180} INFO - Setting next_dagrun for example_task_group to None, run_after=None
[2025-01-20T08:08:12.157+0000] {processor.py:208} INFO - Processing /home/airflow/.local/lib/python3.12/site-packages/airflow/example_dags/example_task_group.py took 0.066 seconds
[2025-01-20T08:08:42.474+0000] {processor.py:186} INFO - Started process (PID=42774) to work on /home/airflow/.local/lib/python3.12/site-packages/airflow/example_dags/example_task_group.py
[2025-01-20T08:08:42.474+0000] {processor.py:914} INFO - Processing file /home/airflow/.local/lib/python3.12/site-packages/airflow/example_dags/example_task_group.py for tasks to queue
[2025-01-20T08:08:42.477+0000] {logging_mixin.py:190} INFO - [2025-01-20T08:08:42.477+0000] {dagbag.py:588} INFO - Filling up the DagBag from /home/airflow/.local/lib/python3.12/site-packages/airflow/example_dags/example_task_group.py
[2025-01-20T08:08:42.490+0000] {processor.py:925} INFO - DAG(s) 'example_task_group' retrieved from /home/airflow/.local/lib/python3.12/site-packages/airflow/example_dags/example_task_group.py
[2025-01-20T08:08:42.526+0000] {logging_mixin.py:190} INFO - [2025-01-20T08:08:42.526+0000] {dag.py:3239} INFO - Sync 1 DAGs
[2025-01-20T08:08:42.536+0000] {logging_mixin.py:190} INFO - [2025-01-20T08:08:42.536+0000] {dag.py:4180} INFO - Setting next_dagrun for example_task_group to None, run_after=None
[2025-01-20T08:08:42.555+0000] {processor.py:208} INFO - Processing /home/airflow/.local/lib/python3.12/site-packages/airflow/example_dags/example_task_group.py took 0.087 seconds
[2025-01-20T08:09:12.922+0000] {processor.py:186} INFO - Started process (PID=43078) to work on /home/airflow/.local/lib/python3.12/site-packages/airflow/example_dags/example_task_group.py
[2025-01-20T08:09:12.923+0000] {processor.py:914} INFO - Processing file /home/airflow/.local/lib/python3.12/site-packages/airflow/example_dags/example_task_group.py for tasks to queue
[2025-01-20T08:09:12.924+0000] {logging_mixin.py:190} INFO - [2025-01-20T08:09:12.924+0000] {dagbag.py:588} INFO - Filling up the DagBag from /home/airflow/.local/lib/python3.12/site-packages/airflow/example_dags/example_task_group.py
[2025-01-20T08:09:12.930+0000] {processor.py:925} INFO - DAG(s) 'example_task_group' retrieved from /home/airflow/.local/lib/python3.12/site-packages/airflow/example_dags/example_task_group.py
[2025-01-20T08:09:12.947+0000] {logging_mixin.py:190} INFO - [2025-01-20T08:09:12.947+0000] {dag.py:3239} INFO - Sync 1 DAGs
[2025-01-20T08:09:12.956+0000] {logging_mixin.py:190} INFO - [2025-01-20T08:09:12.956+0000] {dag.py:4180} INFO - Setting next_dagrun for example_task_group to None, run_after=None
[2025-01-20T08:09:12.969+0000] {processor.py:208} INFO - Processing /home/airflow/.local/lib/python3.12/site-packages/airflow/example_dags/example_task_group.py took 0.051 seconds
[2025-01-20T08:09:43.450+0000] {processor.py:186} INFO - Started process (PID=43379) to work on /home/airflow/.local/lib/python3.12/site-packages/airflow/example_dags/example_task_group.py
[2025-01-20T08:09:43.451+0000] {processor.py:914} INFO - Processing file /home/airflow/.local/lib/python3.12/site-packages/airflow/example_dags/example_task_group.py for tasks to queue
[2025-01-20T08:09:43.453+0000] {logging_mixin.py:190} INFO - [2025-01-20T08:09:43.453+0000] {dagbag.py:588} INFO - Filling up the DagBag from /home/airflow/.local/lib/python3.12/site-packages/airflow/example_dags/example_task_group.py
[2025-01-20T08:09:43.468+0000] {processor.py:925} INFO - DAG(s) 'example_task_group' retrieved from /home/airflow/.local/lib/python3.12/site-packages/airflow/example_dags/example_task_group.py
[2025-01-20T08:09:43.484+0000] {logging_mixin.py:190} INFO - [2025-01-20T08:09:43.483+0000] {dag.py:3239} INFO - Sync 1 DAGs
[2025-01-20T08:09:43.493+0000] {logging_mixin.py:190} INFO - [2025-01-20T08:09:43.493+0000] {dag.py:4180} INFO - Setting next_dagrun for example_task_group to None, run_after=None
[2025-01-20T08:09:43.506+0000] {processor.py:208} INFO - Processing /home/airflow/.local/lib/python3.12/site-packages/airflow/example_dags/example_task_group.py took 0.060 seconds
[2025-01-20T08:10:13.930+0000] {processor.py:186} INFO - Started process (PID=43687) to work on /home/airflow/.local/lib/python3.12/site-packages/airflow/example_dags/example_task_group.py
[2025-01-20T08:10:13.931+0000] {processor.py:914} INFO - Processing file /home/airflow/.local/lib/python3.12/site-packages/airflow/example_dags/example_task_group.py for tasks to queue
[2025-01-20T08:10:13.932+0000] {logging_mixin.py:190} INFO - [2025-01-20T08:10:13.932+0000] {dagbag.py:588} INFO - Filling up the DagBag from /home/airflow/.local/lib/python3.12/site-packages/airflow/example_dags/example_task_group.py
[2025-01-20T08:10:13.938+0000] {processor.py:925} INFO - DAG(s) 'example_task_group' retrieved from /home/airflow/.local/lib/python3.12/site-packages/airflow/example_dags/example_task_group.py
[2025-01-20T08:10:13.955+0000] {logging_mixin.py:190} INFO - [2025-01-20T08:10:13.955+0000] {dag.py:3239} INFO - Sync 1 DAGs
[2025-01-20T08:10:13.965+0000] {logging_mixin.py:190} INFO - [2025-01-20T08:10:13.965+0000] {dag.py:4180} INFO - Setting next_dagrun for example_task_group to None, run_after=None
[2025-01-20T08:10:13.981+0000] {processor.py:208} INFO - Processing /home/airflow/.local/lib/python3.12/site-packages/airflow/example_dags/example_task_group.py took 0.054 seconds
[2025-01-20T08:10:44.356+0000] {processor.py:186} INFO - Started process (PID=43986) to work on /home/airflow/.local/lib/python3.12/site-packages/airflow/example_dags/example_task_group.py
[2025-01-20T08:10:44.356+0000] {processor.py:914} INFO - Processing file /home/airflow/.local/lib/python3.12/site-packages/airflow/example_dags/example_task_group.py for tasks to queue
[2025-01-20T08:10:44.358+0000] {logging_mixin.py:190} INFO - [2025-01-20T08:10:44.358+0000] {dagbag.py:588} INFO - Filling up the DagBag from /home/airflow/.local/lib/python3.12/site-packages/airflow/example_dags/example_task_group.py
[2025-01-20T08:10:44.365+0000] {processor.py:925} INFO - DAG(s) 'example_task_group' retrieved from /home/airflow/.local/lib/python3.12/site-packages/airflow/example_dags/example_task_group.py
[2025-01-20T08:10:44.382+0000] {logging_mixin.py:190} INFO - [2025-01-20T08:10:44.382+0000] {dag.py:3239} INFO - Sync 1 DAGs
[2025-01-20T08:10:44.390+0000] {logging_mixin.py:190} INFO - [2025-01-20T08:10:44.390+0000] {dag.py:4180} INFO - Setting next_dagrun for example_task_group to None, run_after=None
[2025-01-20T08:10:44.405+0000] {processor.py:208} INFO - Processing /home/airflow/.local/lib/python3.12/site-packages/airflow/example_dags/example_task_group.py took 0.056 seconds
[2025-01-20T08:11:14.962+0000] {processor.py:186} INFO - Started process (PID=44292) to work on /home/airflow/.local/lib/python3.12/site-packages/airflow/example_dags/example_task_group.py
[2025-01-20T08:11:14.963+0000] {processor.py:914} INFO - Processing file /home/airflow/.local/lib/python3.12/site-packages/airflow/example_dags/example_task_group.py for tasks to queue
[2025-01-20T08:11:14.966+0000] {logging_mixin.py:190} INFO - [2025-01-20T08:11:14.966+0000] {dagbag.py:588} INFO - Filling up the DagBag from /home/airflow/.local/lib/python3.12/site-packages/airflow/example_dags/example_task_group.py
[2025-01-20T08:11:14.974+0000] {processor.py:925} INFO - DAG(s) 'example_task_group' retrieved from /home/airflow/.local/lib/python3.12/site-packages/airflow/example_dags/example_task_group.py
[2025-01-20T08:11:14.990+0000] {logging_mixin.py:190} INFO - [2025-01-20T08:11:14.990+0000] {dag.py:3239} INFO - Sync 1 DAGs
[2025-01-20T08:11:15.001+0000] {logging_mixin.py:190} INFO - [2025-01-20T08:11:15.001+0000] {dag.py:4180} INFO - Setting next_dagrun for example_task_group to None, run_after=None
[2025-01-20T08:11:15.015+0000] {processor.py:208} INFO - Processing /home/airflow/.local/lib/python3.12/site-packages/airflow/example_dags/example_task_group.py took 0.068 seconds
[2025-01-20T08:11:45.708+0000] {processor.py:186} INFO - Started process (PID=44595) to work on /home/airflow/.local/lib/python3.12/site-packages/airflow/example_dags/example_task_group.py
[2025-01-20T08:11:45.709+0000] {processor.py:914} INFO - Processing file /home/airflow/.local/lib/python3.12/site-packages/airflow/example_dags/example_task_group.py for tasks to queue
[2025-01-20T08:11:45.712+0000] {logging_mixin.py:190} INFO - [2025-01-20T08:11:45.712+0000] {dagbag.py:588} INFO - Filling up the DagBag from /home/airflow/.local/lib/python3.12/site-packages/airflow/example_dags/example_task_group.py
[2025-01-20T08:11:45.725+0000] {processor.py:925} INFO - DAG(s) 'example_task_group' retrieved from /home/airflow/.local/lib/python3.12/site-packages/airflow/example_dags/example_task_group.py
[2025-01-20T08:11:45.755+0000] {logging_mixin.py:190} INFO - [2025-01-20T08:11:45.754+0000] {dag.py:3239} INFO - Sync 1 DAGs
[2025-01-20T08:11:45.765+0000] {logging_mixin.py:190} INFO - [2025-01-20T08:11:45.765+0000] {dag.py:4180} INFO - Setting next_dagrun for example_task_group to None, run_after=None
[2025-01-20T08:11:45.779+0000] {processor.py:208} INFO - Processing /home/airflow/.local/lib/python3.12/site-packages/airflow/example_dags/example_task_group.py took 0.077 seconds
[2025-01-20T08:12:16.190+0000] {processor.py:186} INFO - Started process (PID=44901) to work on /home/airflow/.local/lib/python3.12/site-packages/airflow/example_dags/example_task_group.py
[2025-01-20T08:12:16.191+0000] {processor.py:914} INFO - Processing file /home/airflow/.local/lib/python3.12/site-packages/airflow/example_dags/example_task_group.py for tasks to queue
[2025-01-20T08:12:16.192+0000] {logging_mixin.py:190} INFO - [2025-01-20T08:12:16.192+0000] {dagbag.py:588} INFO - Filling up the DagBag from /home/airflow/.local/lib/python3.12/site-packages/airflow/example_dags/example_task_group.py
[2025-01-20T08:12:16.198+0000] {processor.py:925} INFO - DAG(s) 'example_task_group' retrieved from /home/airflow/.local/lib/python3.12/site-packages/airflow/example_dags/example_task_group.py
[2025-01-20T08:12:16.215+0000] {logging_mixin.py:190} INFO - [2025-01-20T08:12:16.214+0000] {dag.py:3239} INFO - Sync 1 DAGs
[2025-01-20T08:12:16.225+0000] {logging_mixin.py:190} INFO - [2025-01-20T08:12:16.225+0000] {dag.py:4180} INFO - Setting next_dagrun for example_task_group to None, run_after=None
[2025-01-20T08:12:16.241+0000] {processor.py:208} INFO - Processing /home/airflow/.local/lib/python3.12/site-packages/airflow/example_dags/example_task_group.py took 0.056 seconds
[2025-01-20T08:12:47.095+0000] {processor.py:186} INFO - Started process (PID=45200) to work on /home/airflow/.local/lib/python3.12/site-packages/airflow/example_dags/example_task_group.py
[2025-01-20T08:12:47.096+0000] {processor.py:914} INFO - Processing file /home/airflow/.local/lib/python3.12/site-packages/airflow/example_dags/example_task_group.py for tasks to queue
[2025-01-20T08:12:47.099+0000] {logging_mixin.py:190} INFO - [2025-01-20T08:12:47.099+0000] {dagbag.py:588} INFO - Filling up the DagBag from /home/airflow/.local/lib/python3.12/site-packages/airflow/example_dags/example_task_group.py
[2025-01-20T08:12:47.110+0000] {processor.py:925} INFO - DAG(s) 'example_task_group' retrieved from /home/airflow/.local/lib/python3.12/site-packages/airflow/example_dags/example_task_group.py
[2025-01-20T08:12:47.129+0000] {logging_mixin.py:190} INFO - [2025-01-20T08:12:47.128+0000] {dag.py:3239} INFO - Sync 1 DAGs
[2025-01-20T08:12:47.140+0000] {logging_mixin.py:190} INFO - [2025-01-20T08:12:47.140+0000] {dag.py:4180} INFO - Setting next_dagrun for example_task_group to None, run_after=None
[2025-01-20T08:12:47.157+0000] {processor.py:208} INFO - Processing /home/airflow/.local/lib/python3.12/site-packages/airflow/example_dags/example_task_group.py took 0.070 seconds
[2025-01-20T08:13:17.239+0000] {processor.py:186} INFO - Started process (PID=45506) to work on /home/airflow/.local/lib/python3.12/site-packages/airflow/example_dags/example_task_group.py
[2025-01-20T08:13:17.240+0000] {processor.py:914} INFO - Processing file /home/airflow/.local/lib/python3.12/site-packages/airflow/example_dags/example_task_group.py for tasks to queue
[2025-01-20T08:13:17.242+0000] {logging_mixin.py:190} INFO - [2025-01-20T08:13:17.242+0000] {dagbag.py:588} INFO - Filling up the DagBag from /home/airflow/.local/lib/python3.12/site-packages/airflow/example_dags/example_task_group.py
[2025-01-20T08:13:17.249+0000] {processor.py:925} INFO - DAG(s) 'example_task_group' retrieved from /home/airflow/.local/lib/python3.12/site-packages/airflow/example_dags/example_task_group.py
[2025-01-20T08:13:17.264+0000] {logging_mixin.py:190} INFO - [2025-01-20T08:13:17.264+0000] {dag.py:3239} INFO - Sync 1 DAGs
[2025-01-20T08:13:17.274+0000] {logging_mixin.py:190} INFO - [2025-01-20T08:13:17.274+0000] {dag.py:4180} INFO - Setting next_dagrun for example_task_group to None, run_after=None
[2025-01-20T08:13:17.288+0000] {processor.py:208} INFO - Processing /home/airflow/.local/lib/python3.12/site-packages/airflow/example_dags/example_task_group.py took 0.054 seconds
[2025-01-20T08:13:47.959+0000] {processor.py:186} INFO - Started process (PID=45802) to work on /home/airflow/.local/lib/python3.12/site-packages/airflow/example_dags/example_task_group.py
[2025-01-20T08:13:47.960+0000] {processor.py:914} INFO - Processing file /home/airflow/.local/lib/python3.12/site-packages/airflow/example_dags/example_task_group.py for tasks to queue
[2025-01-20T08:13:47.962+0000] {logging_mixin.py:190} INFO - [2025-01-20T08:13:47.962+0000] {dagbag.py:588} INFO - Filling up the DagBag from /home/airflow/.local/lib/python3.12/site-packages/airflow/example_dags/example_task_group.py
[2025-01-20T08:13:47.968+0000] {processor.py:925} INFO - DAG(s) 'example_task_group' retrieved from /home/airflow/.local/lib/python3.12/site-packages/airflow/example_dags/example_task_group.py
[2025-01-20T08:13:47.991+0000] {logging_mixin.py:190} INFO - [2025-01-20T08:13:47.991+0000] {dag.py:3239} INFO - Sync 1 DAGs
[2025-01-20T08:13:48.006+0000] {logging_mixin.py:190} INFO - [2025-01-20T08:13:48.006+0000] {dag.py:4180} INFO - Setting next_dagrun for example_task_group to None, run_after=None
[2025-01-20T08:13:48.024+0000] {processor.py:208} INFO - Processing /home/airflow/.local/lib/python3.12/site-packages/airflow/example_dags/example_task_group.py took 0.071 seconds
[2025-01-20T08:14:19.123+0000] {processor.py:186} INFO - Started process (PID=46115) to work on /home/airflow/.local/lib/python3.12/site-packages/airflow/example_dags/example_task_group.py
[2025-01-20T08:14:19.124+0000] {processor.py:914} INFO - Processing file /home/airflow/.local/lib/python3.12/site-packages/airflow/example_dags/example_task_group.py for tasks to queue
[2025-01-20T08:14:19.127+0000] {logging_mixin.py:190} INFO - [2025-01-20T08:14:19.126+0000] {dagbag.py:588} INFO - Filling up the DagBag from /home/airflow/.local/lib/python3.12/site-packages/airflow/example_dags/example_task_group.py
[2025-01-20T08:14:19.134+0000] {processor.py:925} INFO - DAG(s) 'example_task_group' retrieved from /home/airflow/.local/lib/python3.12/site-packages/airflow/example_dags/example_task_group.py
[2025-01-20T08:14:19.156+0000] {logging_mixin.py:190} INFO - [2025-01-20T08:14:19.156+0000] {dag.py:3239} INFO - Sync 1 DAGs
[2025-01-20T08:14:19.166+0000] {logging_mixin.py:190} INFO - [2025-01-20T08:14:19.166+0000] {dag.py:4180} INFO - Setting next_dagrun for example_task_group to None, run_after=None
[2025-01-20T08:14:19.179+0000] {processor.py:208} INFO - Processing /home/airflow/.local/lib/python3.12/site-packages/airflow/example_dags/example_task_group.py took 0.062 seconds
[2025-01-20T08:14:50.025+0000] {processor.py:186} INFO - Started process (PID=46414) to work on /home/airflow/.local/lib/python3.12/site-packages/airflow/example_dags/example_task_group.py
[2025-01-20T08:14:50.026+0000] {processor.py:914} INFO - Processing file /home/airflow/.local/lib/python3.12/site-packages/airflow/example_dags/example_task_group.py for tasks to queue
[2025-01-20T08:14:50.028+0000] {logging_mixin.py:190} INFO - [2025-01-20T08:14:50.028+0000] {dagbag.py:588} INFO - Filling up the DagBag from /home/airflow/.local/lib/python3.12/site-packages/airflow/example_dags/example_task_group.py
[2025-01-20T08:14:50.035+0000] {processor.py:925} INFO - DAG(s) 'example_task_group' retrieved from /home/airflow/.local/lib/python3.12/site-packages/airflow/example_dags/example_task_group.py
[2025-01-20T08:14:50.054+0000] {logging_mixin.py:190} INFO - [2025-01-20T08:14:50.054+0000] {dag.py:3239} INFO - Sync 1 DAGs
[2025-01-20T08:14:50.064+0000] {logging_mixin.py:190} INFO - [2025-01-20T08:14:50.064+0000] {dag.py:4180} INFO - Setting next_dagrun for example_task_group to None, run_after=None
[2025-01-20T08:14:50.083+0000] {processor.py:208} INFO - Processing /home/airflow/.local/lib/python3.12/site-packages/airflow/example_dags/example_task_group.py took 0.063 seconds
[2025-01-20T08:15:20.914+0000] {processor.py:186} INFO - Started process (PID=46722) to work on /home/airflow/.local/lib/python3.12/site-packages/airflow/example_dags/example_task_group.py
[2025-01-20T08:15:20.914+0000] {processor.py:914} INFO - Processing file /home/airflow/.local/lib/python3.12/site-packages/airflow/example_dags/example_task_group.py for tasks to queue
[2025-01-20T08:15:20.916+0000] {logging_mixin.py:190} INFO - [2025-01-20T08:15:20.916+0000] {dagbag.py:588} INFO - Filling up the DagBag from /home/airflow/.local/lib/python3.12/site-packages/airflow/example_dags/example_task_group.py
[2025-01-20T08:15:20.921+0000] {processor.py:925} INFO - DAG(s) 'example_task_group' retrieved from /home/airflow/.local/lib/python3.12/site-packages/airflow/example_dags/example_task_group.py
[2025-01-20T08:15:21.046+0000] {logging_mixin.py:190} INFO - [2025-01-20T08:15:21.046+0000] {dag.py:3239} INFO - Sync 1 DAGs
[2025-01-20T08:15:21.065+0000] {logging_mixin.py:190} INFO - [2025-01-20T08:15:21.065+0000] {dag.py:4180} INFO - Setting next_dagrun for example_task_group to None, run_after=None
[2025-01-20T08:15:21.094+0000] {processor.py:208} INFO - Processing /home/airflow/.local/lib/python3.12/site-packages/airflow/example_dags/example_task_group.py took 0.184 seconds
[2025-01-20T08:15:51.499+0000] {processor.py:186} INFO - Started process (PID=47021) to work on /home/airflow/.local/lib/python3.12/site-packages/airflow/example_dags/example_task_group.py
[2025-01-20T08:15:51.499+0000] {processor.py:914} INFO - Processing file /home/airflow/.local/lib/python3.12/site-packages/airflow/example_dags/example_task_group.py for tasks to queue
[2025-01-20T08:15:51.501+0000] {logging_mixin.py:190} INFO - [2025-01-20T08:15:51.501+0000] {dagbag.py:588} INFO - Filling up the DagBag from /home/airflow/.local/lib/python3.12/site-packages/airflow/example_dags/example_task_group.py
[2025-01-20T08:15:51.508+0000] {processor.py:925} INFO - DAG(s) 'example_task_group' retrieved from /home/airflow/.local/lib/python3.12/site-packages/airflow/example_dags/example_task_group.py
[2025-01-20T08:15:51.535+0000] {logging_mixin.py:190} INFO - [2025-01-20T08:15:51.534+0000] {dag.py:3239} INFO - Sync 1 DAGs
[2025-01-20T08:15:51.551+0000] {logging_mixin.py:190} INFO - [2025-01-20T08:15:51.551+0000] {dag.py:4180} INFO - Setting next_dagrun for example_task_group to None, run_after=None
[2025-01-20T08:15:51.571+0000] {processor.py:208} INFO - Processing /home/airflow/.local/lib/python3.12/site-packages/airflow/example_dags/example_task_group.py took 0.076 seconds
[2025-01-20T08:16:21.872+0000] {processor.py:186} INFO - Started process (PID=47327) to work on /home/airflow/.local/lib/python3.12/site-packages/airflow/example_dags/example_task_group.py
[2025-01-20T08:16:21.873+0000] {processor.py:914} INFO - Processing file /home/airflow/.local/lib/python3.12/site-packages/airflow/example_dags/example_task_group.py for tasks to queue
[2025-01-20T08:16:21.876+0000] {logging_mixin.py:190} INFO - [2025-01-20T08:16:21.875+0000] {dagbag.py:588} INFO - Filling up the DagBag from /home/airflow/.local/lib/python3.12/site-packages/airflow/example_dags/example_task_group.py
[2025-01-20T08:16:21.881+0000] {processor.py:925} INFO - DAG(s) 'example_task_group' retrieved from /home/airflow/.local/lib/python3.12/site-packages/airflow/example_dags/example_task_group.py
[2025-01-20T08:16:21.894+0000] {logging_mixin.py:190} INFO - [2025-01-20T08:16:21.894+0000] {dag.py:3239} INFO - Sync 1 DAGs
[2025-01-20T08:16:21.904+0000] {logging_mixin.py:190} INFO - [2025-01-20T08:16:21.904+0000] {dag.py:4180} INFO - Setting next_dagrun for example_task_group to None, run_after=None
[2025-01-20T08:16:21.920+0000] {processor.py:208} INFO - Processing /home/airflow/.local/lib/python3.12/site-packages/airflow/example_dags/example_task_group.py took 0.054 seconds
[2025-01-20T08:16:52.788+0000] {processor.py:186} INFO - Started process (PID=47630) to work on /home/airflow/.local/lib/python3.12/site-packages/airflow/example_dags/example_task_group.py
[2025-01-20T08:16:52.789+0000] {processor.py:914} INFO - Processing file /home/airflow/.local/lib/python3.12/site-packages/airflow/example_dags/example_task_group.py for tasks to queue
[2025-01-20T08:16:52.790+0000] {logging_mixin.py:190} INFO - [2025-01-20T08:16:52.790+0000] {dagbag.py:588} INFO - Filling up the DagBag from /home/airflow/.local/lib/python3.12/site-packages/airflow/example_dags/example_task_group.py
[2025-01-20T08:16:52.796+0000] {processor.py:925} INFO - DAG(s) 'example_task_group' retrieved from /home/airflow/.local/lib/python3.12/site-packages/airflow/example_dags/example_task_group.py
[2025-01-20T08:16:52.809+0000] {logging_mixin.py:190} INFO - [2025-01-20T08:16:52.809+0000] {dag.py:3239} INFO - Sync 1 DAGs
[2025-01-20T08:16:52.817+0000] {logging_mixin.py:190} INFO - [2025-01-20T08:16:52.817+0000] {dag.py:4180} INFO - Setting next_dagrun for example_task_group to None, run_after=None
[2025-01-20T08:16:52.829+0000] {processor.py:208} INFO - Processing /home/airflow/.local/lib/python3.12/site-packages/airflow/example_dags/example_task_group.py took 0.045 seconds
[2025-01-20T08:17:23.754+0000] {processor.py:186} INFO - Started process (PID=47934) to work on /home/airflow/.local/lib/python3.12/site-packages/airflow/example_dags/example_task_group.py
[2025-01-20T08:17:23.755+0000] {processor.py:914} INFO - Processing file /home/airflow/.local/lib/python3.12/site-packages/airflow/example_dags/example_task_group.py for tasks to queue
[2025-01-20T08:17:23.757+0000] {logging_mixin.py:190} INFO - [2025-01-20T08:17:23.756+0000] {dagbag.py:588} INFO - Filling up the DagBag from /home/airflow/.local/lib/python3.12/site-packages/airflow/example_dags/example_task_group.py
[2025-01-20T08:17:23.765+0000] {processor.py:925} INFO - DAG(s) 'example_task_group' retrieved from /home/airflow/.local/lib/python3.12/site-packages/airflow/example_dags/example_task_group.py
[2025-01-20T08:17:23.779+0000] {logging_mixin.py:190} INFO - [2025-01-20T08:17:23.779+0000] {dag.py:3239} INFO - Sync 1 DAGs
[2025-01-20T08:17:23.795+0000] {logging_mixin.py:190} INFO - [2025-01-20T08:17:23.795+0000] {dag.py:4180} INFO - Setting next_dagrun for example_task_group to None, run_after=None
[2025-01-20T08:17:23.816+0000] {processor.py:208} INFO - Processing /home/airflow/.local/lib/python3.12/site-packages/airflow/example_dags/example_task_group.py took 0.066 seconds
[2025-01-20T08:17:54.445+0000] {processor.py:186} INFO - Started process (PID=48235) to work on /home/airflow/.local/lib/python3.12/site-packages/airflow/example_dags/example_task_group.py
[2025-01-20T08:17:54.446+0000] {processor.py:914} INFO - Processing file /home/airflow/.local/lib/python3.12/site-packages/airflow/example_dags/example_task_group.py for tasks to queue
[2025-01-20T08:17:54.449+0000] {logging_mixin.py:190} INFO - [2025-01-20T08:17:54.449+0000] {dagbag.py:588} INFO - Filling up the DagBag from /home/airflow/.local/lib/python3.12/site-packages/airflow/example_dags/example_task_group.py
[2025-01-20T08:17:54.455+0000] {processor.py:925} INFO - DAG(s) 'example_task_group' retrieved from /home/airflow/.local/lib/python3.12/site-packages/airflow/example_dags/example_task_group.py
[2025-01-20T08:17:54.476+0000] {logging_mixin.py:190} INFO - [2025-01-20T08:17:54.475+0000] {dag.py:3239} INFO - Sync 1 DAGs
[2025-01-20T08:17:54.490+0000] {logging_mixin.py:190} INFO - [2025-01-20T08:17:54.489+0000] {dag.py:4180} INFO - Setting next_dagrun for example_task_group to None, run_after=None
[2025-01-20T08:17:54.507+0000] {processor.py:208} INFO - Processing /home/airflow/.local/lib/python3.12/site-packages/airflow/example_dags/example_task_group.py took 0.066 seconds
[2025-01-20T08:18:25.294+0000] {processor.py:186} INFO - Started process (PID=48541) to work on /home/airflow/.local/lib/python3.12/site-packages/airflow/example_dags/example_task_group.py
[2025-01-20T08:18:25.295+0000] {processor.py:914} INFO - Processing file /home/airflow/.local/lib/python3.12/site-packages/airflow/example_dags/example_task_group.py for tasks to queue
[2025-01-20T08:18:25.297+0000] {logging_mixin.py:190} INFO - [2025-01-20T08:18:25.297+0000] {dagbag.py:588} INFO - Filling up the DagBag from /home/airflow/.local/lib/python3.12/site-packages/airflow/example_dags/example_task_group.py
[2025-01-20T08:18:25.304+0000] {processor.py:925} INFO - DAG(s) 'example_task_group' retrieved from /home/airflow/.local/lib/python3.12/site-packages/airflow/example_dags/example_task_group.py
[2025-01-20T08:18:25.319+0000] {logging_mixin.py:190} INFO - [2025-01-20T08:18:25.319+0000] {dag.py:3239} INFO - Sync 1 DAGs
[2025-01-20T08:18:25.330+0000] {logging_mixin.py:190} INFO - [2025-01-20T08:18:25.330+0000] {dag.py:4180} INFO - Setting next_dagrun for example_task_group to None, run_after=None
[2025-01-20T08:18:25.351+0000] {processor.py:208} INFO - Processing /home/airflow/.local/lib/python3.12/site-packages/airflow/example_dags/example_task_group.py took 0.064 seconds
[2025-01-20T08:18:56.184+0000] {processor.py:186} INFO - Started process (PID=48843) to work on /home/airflow/.local/lib/python3.12/site-packages/airflow/example_dags/example_task_group.py
[2025-01-20T08:18:56.185+0000] {processor.py:914} INFO - Processing file /home/airflow/.local/lib/python3.12/site-packages/airflow/example_dags/example_task_group.py for tasks to queue
[2025-01-20T08:18:56.187+0000] {logging_mixin.py:190} INFO - [2025-01-20T08:18:56.186+0000] {dagbag.py:588} INFO - Filling up the DagBag from /home/airflow/.local/lib/python3.12/site-packages/airflow/example_dags/example_task_group.py
[2025-01-20T08:18:56.192+0000] {processor.py:925} INFO - DAG(s) 'example_task_group' retrieved from /home/airflow/.local/lib/python3.12/site-packages/airflow/example_dags/example_task_group.py
[2025-01-20T08:18:56.211+0000] {logging_mixin.py:190} INFO - [2025-01-20T08:18:56.211+0000] {dag.py:3239} INFO - Sync 1 DAGs
[2025-01-20T08:18:56.222+0000] {logging_mixin.py:190} INFO - [2025-01-20T08:18:56.222+0000] {dag.py:4180} INFO - Setting next_dagrun for example_task_group to None, run_after=None
[2025-01-20T08:18:56.237+0000] {processor.py:208} INFO - Processing /home/airflow/.local/lib/python3.12/site-packages/airflow/example_dags/example_task_group.py took 0.057 seconds
[2025-01-20T08:19:27.056+0000] {processor.py:186} INFO - Started process (PID=49151) to work on /home/airflow/.local/lib/python3.12/site-packages/airflow/example_dags/example_task_group.py
[2025-01-20T08:19:27.056+0000] {processor.py:914} INFO - Processing file /home/airflow/.local/lib/python3.12/site-packages/airflow/example_dags/example_task_group.py for tasks to queue
[2025-01-20T08:19:27.058+0000] {logging_mixin.py:190} INFO - [2025-01-20T08:19:27.058+0000] {dagbag.py:588} INFO - Filling up the DagBag from /home/airflow/.local/lib/python3.12/site-packages/airflow/example_dags/example_task_group.py
[2025-01-20T08:19:27.064+0000] {processor.py:925} INFO - DAG(s) 'example_task_group' retrieved from /home/airflow/.local/lib/python3.12/site-packages/airflow/example_dags/example_task_group.py
[2025-01-20T08:19:27.086+0000] {logging_mixin.py:190} INFO - [2025-01-20T08:19:27.085+0000] {dag.py:3239} INFO - Sync 1 DAGs
[2025-01-20T08:19:27.109+0000] {logging_mixin.py:190} INFO - [2025-01-20T08:19:27.109+0000] {dag.py:4180} INFO - Setting next_dagrun for example_task_group to None, run_after=None
[2025-01-20T08:19:27.124+0000] {processor.py:208} INFO - Processing /home/airflow/.local/lib/python3.12/site-packages/airflow/example_dags/example_task_group.py took 0.073 seconds
[2025-01-20T08:19:57.822+0000] {processor.py:186} INFO - Started process (PID=49452) to work on /home/airflow/.local/lib/python3.12/site-packages/airflow/example_dags/example_task_group.py
[2025-01-20T08:19:57.823+0000] {processor.py:914} INFO - Processing file /home/airflow/.local/lib/python3.12/site-packages/airflow/example_dags/example_task_group.py for tasks to queue
[2025-01-20T08:19:57.824+0000] {logging_mixin.py:190} INFO - [2025-01-20T08:19:57.824+0000] {dagbag.py:588} INFO - Filling up the DagBag from /home/airflow/.local/lib/python3.12/site-packages/airflow/example_dags/example_task_group.py
[2025-01-20T08:19:57.830+0000] {processor.py:925} INFO - DAG(s) 'example_task_group' retrieved from /home/airflow/.local/lib/python3.12/site-packages/airflow/example_dags/example_task_group.py
[2025-01-20T08:19:57.843+0000] {logging_mixin.py:190} INFO - [2025-01-20T08:19:57.843+0000] {dag.py:3239} INFO - Sync 1 DAGs
[2025-01-20T08:19:57.851+0000] {logging_mixin.py:190} INFO - [2025-01-20T08:19:57.851+0000] {dag.py:4180} INFO - Setting next_dagrun for example_task_group to None, run_after=None
[2025-01-20T08:19:57.864+0000] {processor.py:208} INFO - Processing /home/airflow/.local/lib/python3.12/site-packages/airflow/example_dags/example_task_group.py took 0.045 seconds
[2025-01-20T08:20:28.647+0000] {processor.py:186} INFO - Started process (PID=49756) to work on /home/airflow/.local/lib/python3.12/site-packages/airflow/example_dags/example_task_group.py
[2025-01-20T08:20:28.648+0000] {processor.py:914} INFO - Processing file /home/airflow/.local/lib/python3.12/site-packages/airflow/example_dags/example_task_group.py for tasks to queue
[2025-01-20T08:20:28.650+0000] {logging_mixin.py:190} INFO - [2025-01-20T08:20:28.649+0000] {dagbag.py:588} INFO - Filling up the DagBag from /home/airflow/.local/lib/python3.12/site-packages/airflow/example_dags/example_task_group.py
[2025-01-20T08:20:28.655+0000] {processor.py:925} INFO - DAG(s) 'example_task_group' retrieved from /home/airflow/.local/lib/python3.12/site-packages/airflow/example_dags/example_task_group.py
[2025-01-20T08:20:28.672+0000] {logging_mixin.py:190} INFO - [2025-01-20T08:20:28.672+0000] {dag.py:3239} INFO - Sync 1 DAGs
[2025-01-20T08:20:28.682+0000] {logging_mixin.py:190} INFO - [2025-01-20T08:20:28.682+0000] {dag.py:4180} INFO - Setting next_dagrun for example_task_group to None, run_after=None
[2025-01-20T08:20:28.696+0000] {processor.py:208} INFO - Processing /home/airflow/.local/lib/python3.12/site-packages/airflow/example_dags/example_task_group.py took 0.053 seconds
[2025-01-20T08:20:59.610+0000] {processor.py:186} INFO - Started process (PID=50057) to work on /home/airflow/.local/lib/python3.12/site-packages/airflow/example_dags/example_task_group.py
[2025-01-20T08:20:59.611+0000] {processor.py:914} INFO - Processing file /home/airflow/.local/lib/python3.12/site-packages/airflow/example_dags/example_task_group.py for tasks to queue
[2025-01-20T08:20:59.613+0000] {logging_mixin.py:190} INFO - [2025-01-20T08:20:59.612+0000] {dagbag.py:588} INFO - Filling up the DagBag from /home/airflow/.local/lib/python3.12/site-packages/airflow/example_dags/example_task_group.py
[2025-01-20T08:20:59.618+0000] {processor.py:925} INFO - DAG(s) 'example_task_group' retrieved from /home/airflow/.local/lib/python3.12/site-packages/airflow/example_dags/example_task_group.py
[2025-01-20T08:20:59.642+0000] {logging_mixin.py:190} INFO - [2025-01-20T08:20:59.641+0000] {dag.py:3239} INFO - Sync 1 DAGs
[2025-01-20T08:20:59.652+0000] {logging_mixin.py:190} INFO - [2025-01-20T08:20:59.652+0000] {dag.py:4180} INFO - Setting next_dagrun for example_task_group to None, run_after=None
[2025-01-20T08:20:59.671+0000] {processor.py:208} INFO - Processing /home/airflow/.local/lib/python3.12/site-packages/airflow/example_dags/example_task_group.py took 0.067 seconds
[2025-01-20T08:21:30.378+0000] {processor.py:186} INFO - Started process (PID=50363) to work on /home/airflow/.local/lib/python3.12/site-packages/airflow/example_dags/example_task_group.py
[2025-01-20T08:21:30.379+0000] {processor.py:914} INFO - Processing file /home/airflow/.local/lib/python3.12/site-packages/airflow/example_dags/example_task_group.py for tasks to queue
[2025-01-20T08:21:30.381+0000] {logging_mixin.py:190} INFO - [2025-01-20T08:21:30.381+0000] {dagbag.py:588} INFO - Filling up the DagBag from /home/airflow/.local/lib/python3.12/site-packages/airflow/example_dags/example_task_group.py
[2025-01-20T08:21:30.389+0000] {processor.py:925} INFO - DAG(s) 'example_task_group' retrieved from /home/airflow/.local/lib/python3.12/site-packages/airflow/example_dags/example_task_group.py
[2025-01-20T08:21:30.403+0000] {logging_mixin.py:190} INFO - [2025-01-20T08:21:30.403+0000] {dag.py:3239} INFO - Sync 1 DAGs
[2025-01-20T08:21:30.416+0000] {logging_mixin.py:190} INFO - [2025-01-20T08:21:30.416+0000] {dag.py:4180} INFO - Setting next_dagrun for example_task_group to None, run_after=None
[2025-01-20T08:21:30.435+0000] {processor.py:208} INFO - Processing /home/airflow/.local/lib/python3.12/site-packages/airflow/example_dags/example_task_group.py took 0.063 seconds
[2025-01-20T08:22:01.387+0000] {processor.py:186} INFO - Started process (PID=50665) to work on /home/airflow/.local/lib/python3.12/site-packages/airflow/example_dags/example_task_group.py
[2025-01-20T08:22:01.388+0000] {processor.py:914} INFO - Processing file /home/airflow/.local/lib/python3.12/site-packages/airflow/example_dags/example_task_group.py for tasks to queue
[2025-01-20T08:22:01.390+0000] {logging_mixin.py:190} INFO - [2025-01-20T08:22:01.390+0000] {dagbag.py:588} INFO - Filling up the DagBag from /home/airflow/.local/lib/python3.12/site-packages/airflow/example_dags/example_task_group.py
[2025-01-20T08:22:01.401+0000] {processor.py:925} INFO - DAG(s) 'example_task_group' retrieved from /home/airflow/.local/lib/python3.12/site-packages/airflow/example_dags/example_task_group.py
[2025-01-20T08:22:01.418+0000] {logging_mixin.py:190} INFO - [2025-01-20T08:22:01.418+0000] {dag.py:3239} INFO - Sync 1 DAGs
[2025-01-20T08:22:01.431+0000] {logging_mixin.py:190} INFO - [2025-01-20T08:22:01.430+0000] {dag.py:4180} INFO - Setting next_dagrun for example_task_group to None, run_after=None
[2025-01-20T08:22:01.452+0000] {processor.py:208} INFO - Processing /home/airflow/.local/lib/python3.12/site-packages/airflow/example_dags/example_task_group.py took 0.069 seconds
[2025-01-20T08:22:32.181+0000] {processor.py:186} INFO - Started process (PID=50972) to work on /home/airflow/.local/lib/python3.12/site-packages/airflow/example_dags/example_task_group.py
[2025-01-20T08:22:32.183+0000] {processor.py:914} INFO - Processing file /home/airflow/.local/lib/python3.12/site-packages/airflow/example_dags/example_task_group.py for tasks to queue
[2025-01-20T08:22:32.187+0000] {logging_mixin.py:190} INFO - [2025-01-20T08:22:32.187+0000] {dagbag.py:588} INFO - Filling up the DagBag from /home/airflow/.local/lib/python3.12/site-packages/airflow/example_dags/example_task_group.py
[2025-01-20T08:22:32.201+0000] {processor.py:925} INFO - DAG(s) 'example_task_group' retrieved from /home/airflow/.local/lib/python3.12/site-packages/airflow/example_dags/example_task_group.py
[2025-01-20T08:22:32.232+0000] {logging_mixin.py:190} INFO - [2025-01-20T08:22:32.231+0000] {dag.py:3239} INFO - Sync 1 DAGs
[2025-01-20T08:22:32.250+0000] {logging_mixin.py:190} INFO - [2025-01-20T08:22:32.250+0000] {dag.py:4180} INFO - Setting next_dagrun for example_task_group to None, run_after=None
[2025-01-20T08:22:32.265+0000] {processor.py:208} INFO - Processing /home/airflow/.local/lib/python3.12/site-packages/airflow/example_dags/example_task_group.py took 0.090 seconds
[2025-01-20T08:23:03.188+0000] {processor.py:186} INFO - Started process (PID=51276) to work on /home/airflow/.local/lib/python3.12/site-packages/airflow/example_dags/example_task_group.py
[2025-01-20T08:23:03.189+0000] {processor.py:914} INFO - Processing file /home/airflow/.local/lib/python3.12/site-packages/airflow/example_dags/example_task_group.py for tasks to queue
[2025-01-20T08:23:03.192+0000] {logging_mixin.py:190} INFO - [2025-01-20T08:23:03.191+0000] {dagbag.py:588} INFO - Filling up the DagBag from /home/airflow/.local/lib/python3.12/site-packages/airflow/example_dags/example_task_group.py
[2025-01-20T08:23:03.204+0000] {processor.py:925} INFO - DAG(s) 'example_task_group' retrieved from /home/airflow/.local/lib/python3.12/site-packages/airflow/example_dags/example_task_group.py
[2025-01-20T08:23:03.225+0000] {logging_mixin.py:190} INFO - [2025-01-20T08:23:03.224+0000] {dag.py:3239} INFO - Sync 1 DAGs
[2025-01-20T08:23:03.243+0000] {logging_mixin.py:190} INFO - [2025-01-20T08:23:03.242+0000] {dag.py:4180} INFO - Setting next_dagrun for example_task_group to None, run_after=None
[2025-01-20T08:23:03.260+0000] {processor.py:208} INFO - Processing /home/airflow/.local/lib/python3.12/site-packages/airflow/example_dags/example_task_group.py took 0.080 seconds
[2025-01-20T08:23:34.068+0000] {processor.py:186} INFO - Started process (PID=51577) to work on /home/airflow/.local/lib/python3.12/site-packages/airflow/example_dags/example_task_group.py
[2025-01-20T08:23:34.069+0000] {processor.py:914} INFO - Processing file /home/airflow/.local/lib/python3.12/site-packages/airflow/example_dags/example_task_group.py for tasks to queue
[2025-01-20T08:23:34.070+0000] {logging_mixin.py:190} INFO - [2025-01-20T08:23:34.070+0000] {dagbag.py:588} INFO - Filling up the DagBag from /home/airflow/.local/lib/python3.12/site-packages/airflow/example_dags/example_task_group.py
[2025-01-20T08:23:34.076+0000] {processor.py:925} INFO - DAG(s) 'example_task_group' retrieved from /home/airflow/.local/lib/python3.12/site-packages/airflow/example_dags/example_task_group.py
[2025-01-20T08:23:34.096+0000] {logging_mixin.py:190} INFO - [2025-01-20T08:23:34.096+0000] {dag.py:3239} INFO - Sync 1 DAGs
[2025-01-20T08:23:34.105+0000] {logging_mixin.py:190} INFO - [2025-01-20T08:23:34.105+0000] {dag.py:4180} INFO - Setting next_dagrun for example_task_group to None, run_after=None
[2025-01-20T08:23:34.123+0000] {processor.py:208} INFO - Processing /home/airflow/.local/lib/python3.12/site-packages/airflow/example_dags/example_task_group.py took 0.060 seconds
[2025-01-20T08:24:05.066+0000] {processor.py:186} INFO - Started process (PID=51883) to work on /home/airflow/.local/lib/python3.12/site-packages/airflow/example_dags/example_task_group.py
[2025-01-20T08:24:05.067+0000] {processor.py:914} INFO - Processing file /home/airflow/.local/lib/python3.12/site-packages/airflow/example_dags/example_task_group.py for tasks to queue
[2025-01-20T08:24:05.070+0000] {logging_mixin.py:190} INFO - [2025-01-20T08:24:05.070+0000] {dagbag.py:588} INFO - Filling up the DagBag from /home/airflow/.local/lib/python3.12/site-packages/airflow/example_dags/example_task_group.py
[2025-01-20T08:24:05.080+0000] {processor.py:925} INFO - DAG(s) 'example_task_group' retrieved from /home/airflow/.local/lib/python3.12/site-packages/airflow/example_dags/example_task_group.py
[2025-01-20T08:24:05.096+0000] {logging_mixin.py:190} INFO - [2025-01-20T08:24:05.096+0000] {dag.py:3239} INFO - Sync 1 DAGs
[2025-01-20T08:24:05.105+0000] {logging_mixin.py:190} INFO - [2025-01-20T08:24:05.105+0000] {dag.py:4180} INFO - Setting next_dagrun for example_task_group to None, run_after=None
[2025-01-20T08:24:05.119+0000] {processor.py:208} INFO - Processing /home/airflow/.local/lib/python3.12/site-packages/airflow/example_dags/example_task_group.py took 0.064 seconds
[2025-01-20T08:24:35.975+0000] {processor.py:186} INFO - Started process (PID=52184) to work on /home/airflow/.local/lib/python3.12/site-packages/airflow/example_dags/example_task_group.py
[2025-01-20T08:24:35.976+0000] {processor.py:914} INFO - Processing file /home/airflow/.local/lib/python3.12/site-packages/airflow/example_dags/example_task_group.py for tasks to queue
[2025-01-20T08:24:35.980+0000] {logging_mixin.py:190} INFO - [2025-01-20T08:24:35.979+0000] {dagbag.py:588} INFO - Filling up the DagBag from /home/airflow/.local/lib/python3.12/site-packages/airflow/example_dags/example_task_group.py
[2025-01-20T08:24:35.988+0000] {processor.py:925} INFO - DAG(s) 'example_task_group' retrieved from /home/airflow/.local/lib/python3.12/site-packages/airflow/example_dags/example_task_group.py
[2025-01-20T08:24:36.008+0000] {logging_mixin.py:190} INFO - [2025-01-20T08:24:36.007+0000] {dag.py:3239} INFO - Sync 1 DAGs
[2025-01-20T08:24:36.023+0000] {logging_mixin.py:190} INFO - [2025-01-20T08:24:36.022+0000] {dag.py:4180} INFO - Setting next_dagrun for example_task_group to None, run_after=None
[2025-01-20T08:24:36.035+0000] {processor.py:208} INFO - Processing /home/airflow/.local/lib/python3.12/site-packages/airflow/example_dags/example_task_group.py took 0.071 seconds
[2025-01-20T08:25:06.915+0000] {processor.py:186} INFO - Started process (PID=52490) to work on /home/airflow/.local/lib/python3.12/site-packages/airflow/example_dags/example_task_group.py
[2025-01-20T08:25:06.916+0000] {processor.py:914} INFO - Processing file /home/airflow/.local/lib/python3.12/site-packages/airflow/example_dags/example_task_group.py for tasks to queue
[2025-01-20T08:25:06.918+0000] {logging_mixin.py:190} INFO - [2025-01-20T08:25:06.917+0000] {dagbag.py:588} INFO - Filling up the DagBag from /home/airflow/.local/lib/python3.12/site-packages/airflow/example_dags/example_task_group.py
[2025-01-20T08:25:06.923+0000] {processor.py:925} INFO - DAG(s) 'example_task_group' retrieved from /home/airflow/.local/lib/python3.12/site-packages/airflow/example_dags/example_task_group.py
[2025-01-20T08:25:06.941+0000] {logging_mixin.py:190} INFO - [2025-01-20T08:25:06.941+0000] {dag.py:3239} INFO - Sync 1 DAGs
[2025-01-20T08:25:06.961+0000] {logging_mixin.py:190} INFO - [2025-01-20T08:25:06.961+0000] {dag.py:4180} INFO - Setting next_dagrun for example_task_group to None, run_after=None
[2025-01-20T08:25:06.986+0000] {processor.py:208} INFO - Processing /home/airflow/.local/lib/python3.12/site-packages/airflow/example_dags/example_task_group.py took 0.075 seconds
[2025-01-20T08:25:37.492+0000] {processor.py:186} INFO - Started process (PID=52793) to work on /home/airflow/.local/lib/python3.12/site-packages/airflow/example_dags/example_task_group.py
[2025-01-20T08:25:37.493+0000] {processor.py:914} INFO - Processing file /home/airflow/.local/lib/python3.12/site-packages/airflow/example_dags/example_task_group.py for tasks to queue
[2025-01-20T08:25:37.495+0000] {logging_mixin.py:190} INFO - [2025-01-20T08:25:37.494+0000] {dagbag.py:588} INFO - Filling up the DagBag from /home/airflow/.local/lib/python3.12/site-packages/airflow/example_dags/example_task_group.py
[2025-01-20T08:25:37.500+0000] {processor.py:925} INFO - DAG(s) 'example_task_group' retrieved from /home/airflow/.local/lib/python3.12/site-packages/airflow/example_dags/example_task_group.py
[2025-01-20T08:25:37.515+0000] {logging_mixin.py:190} INFO - [2025-01-20T08:25:37.515+0000] {dag.py:3239} INFO - Sync 1 DAGs
[2025-01-20T08:25:37.524+0000] {logging_mixin.py:190} INFO - [2025-01-20T08:25:37.524+0000] {dag.py:4180} INFO - Setting next_dagrun for example_task_group to None, run_after=None
[2025-01-20T08:25:37.536+0000] {processor.py:208} INFO - Processing /home/airflow/.local/lib/python3.12/site-packages/airflow/example_dags/example_task_group.py took 0.050 seconds
[2025-01-20T08:26:07.756+0000] {processor.py:186} INFO - Started process (PID=53099) to work on /home/airflow/.local/lib/python3.12/site-packages/airflow/example_dags/example_task_group.py
[2025-01-20T08:26:07.757+0000] {processor.py:914} INFO - Processing file /home/airflow/.local/lib/python3.12/site-packages/airflow/example_dags/example_task_group.py for tasks to queue
[2025-01-20T08:26:07.761+0000] {logging_mixin.py:190} INFO - [2025-01-20T08:26:07.760+0000] {dagbag.py:588} INFO - Filling up the DagBag from /home/airflow/.local/lib/python3.12/site-packages/airflow/example_dags/example_task_group.py
[2025-01-20T08:26:07.771+0000] {processor.py:925} INFO - DAG(s) 'example_task_group' retrieved from /home/airflow/.local/lib/python3.12/site-packages/airflow/example_dags/example_task_group.py
[2025-01-20T08:26:07.793+0000] {logging_mixin.py:190} INFO - [2025-01-20T08:26:07.793+0000] {dag.py:3239} INFO - Sync 1 DAGs
[2025-01-20T08:26:07.803+0000] {logging_mixin.py:190} INFO - [2025-01-20T08:26:07.803+0000] {dag.py:4180} INFO - Setting next_dagrun for example_task_group to None, run_after=None
[2025-01-20T08:26:07.817+0000] {processor.py:208} INFO - Processing /home/airflow/.local/lib/python3.12/site-packages/airflow/example_dags/example_task_group.py took 0.067 seconds
[2025-01-20T08:26:38.275+0000] {processor.py:186} INFO - Started process (PID=53398) to work on /home/airflow/.local/lib/python3.12/site-packages/airflow/example_dags/example_task_group.py
[2025-01-20T08:26:38.276+0000] {processor.py:914} INFO - Processing file /home/airflow/.local/lib/python3.12/site-packages/airflow/example_dags/example_task_group.py for tasks to queue
[2025-01-20T08:26:38.278+0000] {logging_mixin.py:190} INFO - [2025-01-20T08:26:38.278+0000] {dagbag.py:588} INFO - Filling up the DagBag from /home/airflow/.local/lib/python3.12/site-packages/airflow/example_dags/example_task_group.py
[2025-01-20T08:26:38.285+0000] {processor.py:925} INFO - DAG(s) 'example_task_group' retrieved from /home/airflow/.local/lib/python3.12/site-packages/airflow/example_dags/example_task_group.py
[2025-01-20T08:26:38.301+0000] {logging_mixin.py:190} INFO - [2025-01-20T08:26:38.301+0000] {dag.py:3239} INFO - Sync 1 DAGs
[2025-01-20T08:26:38.310+0000] {logging_mixin.py:190} INFO - [2025-01-20T08:26:38.310+0000] {dag.py:4180} INFO - Setting next_dagrun for example_task_group to None, run_after=None
[2025-01-20T08:26:38.326+0000] {processor.py:208} INFO - Processing /home/airflow/.local/lib/python3.12/site-packages/airflow/example_dags/example_task_group.py took 0.060 seconds
[2025-01-20T08:27:08.887+0000] {processor.py:186} INFO - Started process (PID=53704) to work on /home/airflow/.local/lib/python3.12/site-packages/airflow/example_dags/example_task_group.py
[2025-01-20T08:27:08.887+0000] {processor.py:914} INFO - Processing file /home/airflow/.local/lib/python3.12/site-packages/airflow/example_dags/example_task_group.py for tasks to queue
[2025-01-20T08:27:08.889+0000] {logging_mixin.py:190} INFO - [2025-01-20T08:27:08.889+0000] {dagbag.py:588} INFO - Filling up the DagBag from /home/airflow/.local/lib/python3.12/site-packages/airflow/example_dags/example_task_group.py
[2025-01-20T08:27:08.900+0000] {processor.py:925} INFO - DAG(s) 'example_task_group' retrieved from /home/airflow/.local/lib/python3.12/site-packages/airflow/example_dags/example_task_group.py
[2025-01-20T08:27:08.917+0000] {logging_mixin.py:190} INFO - [2025-01-20T08:27:08.917+0000] {dag.py:3239} INFO - Sync 1 DAGs
[2025-01-20T08:27:08.930+0000] {logging_mixin.py:190} INFO - [2025-01-20T08:27:08.930+0000] {dag.py:4180} INFO - Setting next_dagrun for example_task_group to None, run_after=None
[2025-01-20T08:27:08.945+0000] {processor.py:208} INFO - Processing /home/airflow/.local/lib/python3.12/site-packages/airflow/example_dags/example_task_group.py took 0.064 seconds
[2025-01-20T08:27:39.445+0000] {processor.py:186} INFO - Started process (PID=54005) to work on /home/airflow/.local/lib/python3.12/site-packages/airflow/example_dags/example_task_group.py
[2025-01-20T08:27:39.446+0000] {processor.py:914} INFO - Processing file /home/airflow/.local/lib/python3.12/site-packages/airflow/example_dags/example_task_group.py for tasks to queue
[2025-01-20T08:27:39.448+0000] {logging_mixin.py:190} INFO - [2025-01-20T08:27:39.448+0000] {dagbag.py:588} INFO - Filling up the DagBag from /home/airflow/.local/lib/python3.12/site-packages/airflow/example_dags/example_task_group.py
[2025-01-20T08:27:39.454+0000] {processor.py:925} INFO - DAG(s) 'example_task_group' retrieved from /home/airflow/.local/lib/python3.12/site-packages/airflow/example_dags/example_task_group.py
[2025-01-20T08:27:39.478+0000] {logging_mixin.py:190} INFO - [2025-01-20T08:27:39.477+0000] {dag.py:3239} INFO - Sync 1 DAGs
[2025-01-20T08:27:39.488+0000] {logging_mixin.py:190} INFO - [2025-01-20T08:27:39.488+0000] {dag.py:4180} INFO - Setting next_dagrun for example_task_group to None, run_after=None
[2025-01-20T08:27:39.504+0000] {processor.py:208} INFO - Processing /home/airflow/.local/lib/python3.12/site-packages/airflow/example_dags/example_task_group.py took 0.066 seconds
[2025-01-20T08:28:09.922+0000] {processor.py:186} INFO - Started process (PID=54313) to work on /home/airflow/.local/lib/python3.12/site-packages/airflow/example_dags/example_task_group.py
[2025-01-20T08:28:09.923+0000] {processor.py:914} INFO - Processing file /home/airflow/.local/lib/python3.12/site-packages/airflow/example_dags/example_task_group.py for tasks to queue
[2025-01-20T08:28:09.926+0000] {logging_mixin.py:190} INFO - [2025-01-20T08:28:09.926+0000] {dagbag.py:588} INFO - Filling up the DagBag from /home/airflow/.local/lib/python3.12/site-packages/airflow/example_dags/example_task_group.py
[2025-01-20T08:28:09.936+0000] {processor.py:925} INFO - DAG(s) 'example_task_group' retrieved from /home/airflow/.local/lib/python3.12/site-packages/airflow/example_dags/example_task_group.py
[2025-01-20T08:28:09.951+0000] {logging_mixin.py:190} INFO - [2025-01-20T08:28:09.951+0000] {dag.py:3239} INFO - Sync 1 DAGs
[2025-01-20T08:28:09.961+0000] {logging_mixin.py:190} INFO - [2025-01-20T08:28:09.961+0000] {dag.py:4180} INFO - Setting next_dagrun for example_task_group to None, run_after=None
[2025-01-20T08:28:09.980+0000] {processor.py:208} INFO - Processing /home/airflow/.local/lib/python3.12/site-packages/airflow/example_dags/example_task_group.py took 0.069 seconds
[2025-01-20T08:28:40.475+0000] {processor.py:186} INFO - Started process (PID=54612) to work on /home/airflow/.local/lib/python3.12/site-packages/airflow/example_dags/example_task_group.py
[2025-01-20T08:28:40.476+0000] {processor.py:914} INFO - Processing file /home/airflow/.local/lib/python3.12/site-packages/airflow/example_dags/example_task_group.py for tasks to queue
[2025-01-20T08:28:40.477+0000] {logging_mixin.py:190} INFO - [2025-01-20T08:28:40.477+0000] {dagbag.py:588} INFO - Filling up the DagBag from /home/airflow/.local/lib/python3.12/site-packages/airflow/example_dags/example_task_group.py
[2025-01-20T08:28:40.484+0000] {processor.py:925} INFO - DAG(s) 'example_task_group' retrieved from /home/airflow/.local/lib/python3.12/site-packages/airflow/example_dags/example_task_group.py
[2025-01-20T08:28:40.497+0000] {logging_mixin.py:190} INFO - [2025-01-20T08:28:40.497+0000] {dag.py:3239} INFO - Sync 1 DAGs
[2025-01-20T08:28:40.507+0000] {logging_mixin.py:190} INFO - [2025-01-20T08:28:40.507+0000] {dag.py:4180} INFO - Setting next_dagrun for example_task_group to None, run_after=None
[2025-01-20T08:28:40.526+0000] {processor.py:208} INFO - Processing /home/airflow/.local/lib/python3.12/site-packages/airflow/example_dags/example_task_group.py took 0.054 seconds
[2025-01-20T08:29:11.228+0000] {processor.py:186} INFO - Started process (PID=54920) to work on /home/airflow/.local/lib/python3.12/site-packages/airflow/example_dags/example_task_group.py
[2025-01-20T08:29:11.229+0000] {processor.py:914} INFO - Processing file /home/airflow/.local/lib/python3.12/site-packages/airflow/example_dags/example_task_group.py for tasks to queue
[2025-01-20T08:29:11.233+0000] {logging_mixin.py:190} INFO - [2025-01-20T08:29:11.232+0000] {dagbag.py:588} INFO - Filling up the DagBag from /home/airflow/.local/lib/python3.12/site-packages/airflow/example_dags/example_task_group.py
[2025-01-20T08:29:11.247+0000] {processor.py:925} INFO - DAG(s) 'example_task_group' retrieved from /home/airflow/.local/lib/python3.12/site-packages/airflow/example_dags/example_task_group.py
[2025-01-20T08:29:11.277+0000] {logging_mixin.py:190} INFO - [2025-01-20T08:29:11.277+0000] {dag.py:3239} INFO - Sync 1 DAGs
[2025-01-20T08:29:11.287+0000] {logging_mixin.py:190} INFO - [2025-01-20T08:29:11.287+0000] {dag.py:4180} INFO - Setting next_dagrun for example_task_group to None, run_after=None
[2025-01-20T08:29:11.302+0000] {processor.py:208} INFO - Processing /home/airflow/.local/lib/python3.12/site-packages/airflow/example_dags/example_task_group.py took 0.081 seconds
[2025-01-20T08:29:41.484+0000] {processor.py:186} INFO - Started process (PID=55219) to work on /home/airflow/.local/lib/python3.12/site-packages/airflow/example_dags/example_task_group.py
[2025-01-20T08:29:41.485+0000] {processor.py:914} INFO - Processing file /home/airflow/.local/lib/python3.12/site-packages/airflow/example_dags/example_task_group.py for tasks to queue
[2025-01-20T08:29:41.488+0000] {logging_mixin.py:190} INFO - [2025-01-20T08:29:41.488+0000] {dagbag.py:588} INFO - Filling up the DagBag from /home/airflow/.local/lib/python3.12/site-packages/airflow/example_dags/example_task_group.py
[2025-01-20T08:29:41.495+0000] {processor.py:925} INFO - DAG(s) 'example_task_group' retrieved from /home/airflow/.local/lib/python3.12/site-packages/airflow/example_dags/example_task_group.py
[2025-01-20T08:29:41.517+0000] {logging_mixin.py:190} INFO - [2025-01-20T08:29:41.516+0000] {dag.py:3239} INFO - Sync 1 DAGs
[2025-01-20T08:29:41.531+0000] {logging_mixin.py:190} INFO - [2025-01-20T08:29:41.531+0000] {dag.py:4180} INFO - Setting next_dagrun for example_task_group to None, run_after=None
[2025-01-20T08:29:41.548+0000] {processor.py:208} INFO - Processing /home/airflow/.local/lib/python3.12/site-packages/airflow/example_dags/example_task_group.py took 0.070 seconds
[2025-01-20T08:30:11.889+0000] {processor.py:186} INFO - Started process (PID=55525) to work on /home/airflow/.local/lib/python3.12/site-packages/airflow/example_dags/example_task_group.py
[2025-01-20T08:30:11.890+0000] {processor.py:914} INFO - Processing file /home/airflow/.local/lib/python3.12/site-packages/airflow/example_dags/example_task_group.py for tasks to queue
[2025-01-20T08:30:11.892+0000] {logging_mixin.py:190} INFO - [2025-01-20T08:30:11.892+0000] {dagbag.py:588} INFO - Filling up the DagBag from /home/airflow/.local/lib/python3.12/site-packages/airflow/example_dags/example_task_group.py
[2025-01-20T08:30:11.900+0000] {processor.py:925} INFO - DAG(s) 'example_task_group' retrieved from /home/airflow/.local/lib/python3.12/site-packages/airflow/example_dags/example_task_group.py
[2025-01-20T08:30:11.917+0000] {logging_mixin.py:190} INFO - [2025-01-20T08:30:11.916+0000] {dag.py:3239} INFO - Sync 1 DAGs
[2025-01-20T08:30:11.933+0000] {logging_mixin.py:190} INFO - [2025-01-20T08:30:11.932+0000] {dag.py:4180} INFO - Setting next_dagrun for example_task_group to None, run_after=None
[2025-01-20T08:30:11.952+0000] {processor.py:208} INFO - Processing /home/airflow/.local/lib/python3.12/site-packages/airflow/example_dags/example_task_group.py took 0.070 seconds
[2025-01-20T08:30:42.394+0000] {processor.py:186} INFO - Started process (PID=55826) to work on /home/airflow/.local/lib/python3.12/site-packages/airflow/example_dags/example_task_group.py
[2025-01-20T08:30:42.395+0000] {processor.py:914} INFO - Processing file /home/airflow/.local/lib/python3.12/site-packages/airflow/example_dags/example_task_group.py for tasks to queue
[2025-01-20T08:30:42.398+0000] {logging_mixin.py:190} INFO - [2025-01-20T08:30:42.398+0000] {dagbag.py:588} INFO - Filling up the DagBag from /home/airflow/.local/lib/python3.12/site-packages/airflow/example_dags/example_task_group.py
[2025-01-20T08:30:42.410+0000] {processor.py:925} INFO - DAG(s) 'example_task_group' retrieved from /home/airflow/.local/lib/python3.12/site-packages/airflow/example_dags/example_task_group.py
[2025-01-20T08:30:42.429+0000] {logging_mixin.py:190} INFO - [2025-01-20T08:30:42.429+0000] {dag.py:3239} INFO - Sync 1 DAGs
[2025-01-20T08:30:42.446+0000] {logging_mixin.py:190} INFO - [2025-01-20T08:30:42.446+0000] {dag.py:4180} INFO - Setting next_dagrun for example_task_group to None, run_after=None
[2025-01-20T08:30:42.466+0000] {processor.py:208} INFO - Processing /home/airflow/.local/lib/python3.12/site-packages/airflow/example_dags/example_task_group.py took 0.080 seconds
[2025-01-20T08:31:13.363+0000] {processor.py:186} INFO - Started process (PID=56140) to work on /home/airflow/.local/lib/python3.12/site-packages/airflow/example_dags/example_task_group.py
[2025-01-20T08:31:13.364+0000] {processor.py:914} INFO - Processing file /home/airflow/.local/lib/python3.12/site-packages/airflow/example_dags/example_task_group.py for tasks to queue
[2025-01-20T08:31:13.366+0000] {logging_mixin.py:190} INFO - [2025-01-20T08:31:13.366+0000] {dagbag.py:588} INFO - Filling up the DagBag from /home/airflow/.local/lib/python3.12/site-packages/airflow/example_dags/example_task_group.py
[2025-01-20T08:31:13.373+0000] {processor.py:925} INFO - DAG(s) 'example_task_group' retrieved from /home/airflow/.local/lib/python3.12/site-packages/airflow/example_dags/example_task_group.py
[2025-01-20T08:31:13.386+0000] {logging_mixin.py:190} INFO - [2025-01-20T08:31:13.386+0000] {dag.py:3239} INFO - Sync 1 DAGs
[2025-01-20T08:31:13.396+0000] {logging_mixin.py:190} INFO - [2025-01-20T08:31:13.396+0000] {dag.py:4180} INFO - Setting next_dagrun for example_task_group to None, run_after=None
[2025-01-20T08:31:13.409+0000] {processor.py:208} INFO - Processing /home/airflow/.local/lib/python3.12/site-packages/airflow/example_dags/example_task_group.py took 0.050 seconds
[2025-01-20T08:31:43.536+0000] {processor.py:186} INFO - Started process (PID=56439) to work on /home/airflow/.local/lib/python3.12/site-packages/airflow/example_dags/example_task_group.py
[2025-01-20T08:31:43.537+0000] {processor.py:914} INFO - Processing file /home/airflow/.local/lib/python3.12/site-packages/airflow/example_dags/example_task_group.py for tasks to queue
[2025-01-20T08:31:43.538+0000] {logging_mixin.py:190} INFO - [2025-01-20T08:31:43.538+0000] {dagbag.py:588} INFO - Filling up the DagBag from /home/airflow/.local/lib/python3.12/site-packages/airflow/example_dags/example_task_group.py
[2025-01-20T08:31:43.545+0000] {processor.py:925} INFO - DAG(s) 'example_task_group' retrieved from /home/airflow/.local/lib/python3.12/site-packages/airflow/example_dags/example_task_group.py
[2025-01-20T08:31:43.567+0000] {logging_mixin.py:190} INFO - [2025-01-20T08:31:43.567+0000] {dag.py:3239} INFO - Sync 1 DAGs
[2025-01-20T08:31:43.585+0000] {logging_mixin.py:190} INFO - [2025-01-20T08:31:43.584+0000] {dag.py:4180} INFO - Setting next_dagrun for example_task_group to None, run_after=None
[2025-01-20T08:31:43.609+0000] {processor.py:208} INFO - Processing /home/airflow/.local/lib/python3.12/site-packages/airflow/example_dags/example_task_group.py took 0.077 seconds
[2025-01-20T08:32:13.971+0000] {processor.py:186} INFO - Started process (PID=56747) to work on /home/airflow/.local/lib/python3.12/site-packages/airflow/example_dags/example_task_group.py
[2025-01-20T08:32:13.972+0000] {processor.py:914} INFO - Processing file /home/airflow/.local/lib/python3.12/site-packages/airflow/example_dags/example_task_group.py for tasks to queue
[2025-01-20T08:32:13.973+0000] {logging_mixin.py:190} INFO - [2025-01-20T08:32:13.973+0000] {dagbag.py:588} INFO - Filling up the DagBag from /home/airflow/.local/lib/python3.12/site-packages/airflow/example_dags/example_task_group.py
[2025-01-20T08:32:13.979+0000] {processor.py:925} INFO - DAG(s) 'example_task_group' retrieved from /home/airflow/.local/lib/python3.12/site-packages/airflow/example_dags/example_task_group.py
[2025-01-20T08:32:13.997+0000] {logging_mixin.py:190} INFO - [2025-01-20T08:32:13.997+0000] {dag.py:3239} INFO - Sync 1 DAGs
[2025-01-20T08:32:14.012+0000] {logging_mixin.py:190} INFO - [2025-01-20T08:32:14.012+0000] {dag.py:4180} INFO - Setting next_dagrun for example_task_group to None, run_after=None
[2025-01-20T08:32:14.033+0000] {processor.py:208} INFO - Processing /home/airflow/.local/lib/python3.12/site-packages/airflow/example_dags/example_task_group.py took 0.067 seconds
[2025-01-20T08:32:45.109+0000] {processor.py:186} INFO - Started process (PID=57048) to work on /home/airflow/.local/lib/python3.12/site-packages/airflow/example_dags/example_task_group.py
[2025-01-20T08:32:45.110+0000] {processor.py:914} INFO - Processing file /home/airflow/.local/lib/python3.12/site-packages/airflow/example_dags/example_task_group.py for tasks to queue
[2025-01-20T08:32:45.113+0000] {logging_mixin.py:190} INFO - [2025-01-20T08:32:45.113+0000] {dagbag.py:588} INFO - Filling up the DagBag from /home/airflow/.local/lib/python3.12/site-packages/airflow/example_dags/example_task_group.py
[2025-01-20T08:32:45.123+0000] {processor.py:925} INFO - DAG(s) 'example_task_group' retrieved from /home/airflow/.local/lib/python3.12/site-packages/airflow/example_dags/example_task_group.py
[2025-01-20T08:32:45.137+0000] {logging_mixin.py:190} INFO - [2025-01-20T08:32:45.137+0000] {dag.py:3239} INFO - Sync 1 DAGs
[2025-01-20T08:32:45.148+0000] {logging_mixin.py:190} INFO - [2025-01-20T08:32:45.148+0000] {dag.py:4180} INFO - Setting next_dagrun for example_task_group to None, run_after=None
[2025-01-20T08:32:45.160+0000] {processor.py:208} INFO - Processing /home/airflow/.local/lib/python3.12/site-packages/airflow/example_dags/example_task_group.py took 0.055 seconds
[2025-01-20T08:33:15.745+0000] {processor.py:186} INFO - Started process (PID=57352) to work on /home/airflow/.local/lib/python3.12/site-packages/airflow/example_dags/example_task_group.py
[2025-01-20T08:33:15.745+0000] {processor.py:914} INFO - Processing file /home/airflow/.local/lib/python3.12/site-packages/airflow/example_dags/example_task_group.py for tasks to queue
[2025-01-20T08:33:15.747+0000] {logging_mixin.py:190} INFO - [2025-01-20T08:33:15.747+0000] {dagbag.py:588} INFO - Filling up the DagBag from /home/airflow/.local/lib/python3.12/site-packages/airflow/example_dags/example_task_group.py
[2025-01-20T08:33:15.753+0000] {processor.py:925} INFO - DAG(s) 'example_task_group' retrieved from /home/airflow/.local/lib/python3.12/site-packages/airflow/example_dags/example_task_group.py
[2025-01-20T08:33:15.769+0000] {logging_mixin.py:190} INFO - [2025-01-20T08:33:15.768+0000] {dag.py:3239} INFO - Sync 1 DAGs
[2025-01-20T08:33:15.777+0000] {logging_mixin.py:190} INFO - [2025-01-20T08:33:15.777+0000] {dag.py:4180} INFO - Setting next_dagrun for example_task_group to None, run_after=None
[2025-01-20T08:33:15.791+0000] {processor.py:208} INFO - Processing /home/airflow/.local/lib/python3.12/site-packages/airflow/example_dags/example_task_group.py took 0.050 seconds
[2025-01-20T08:33:46.219+0000] {processor.py:186} INFO - Started process (PID=57655) to work on /home/airflow/.local/lib/python3.12/site-packages/airflow/example_dags/example_task_group.py
[2025-01-20T08:33:46.219+0000] {processor.py:914} INFO - Processing file /home/airflow/.local/lib/python3.12/site-packages/airflow/example_dags/example_task_group.py for tasks to queue
[2025-01-20T08:33:46.221+0000] {logging_mixin.py:190} INFO - [2025-01-20T08:33:46.221+0000] {dagbag.py:588} INFO - Filling up the DagBag from /home/airflow/.local/lib/python3.12/site-packages/airflow/example_dags/example_task_group.py
[2025-01-20T08:33:46.227+0000] {processor.py:925} INFO - DAG(s) 'example_task_group' retrieved from /home/airflow/.local/lib/python3.12/site-packages/airflow/example_dags/example_task_group.py
[2025-01-20T08:33:46.246+0000] {logging_mixin.py:190} INFO - [2025-01-20T08:33:46.245+0000] {dag.py:3239} INFO - Sync 1 DAGs
[2025-01-20T08:33:46.264+0000] {logging_mixin.py:190} INFO - [2025-01-20T08:33:46.264+0000] {dag.py:4180} INFO - Setting next_dagrun for example_task_group to None, run_after=None
[2025-01-20T08:33:46.279+0000] {processor.py:208} INFO - Processing /home/airflow/.local/lib/python3.12/site-packages/airflow/example_dags/example_task_group.py took 0.064 seconds
[2025-01-20T08:34:16.627+0000] {processor.py:186} INFO - Started process (PID=57961) to work on /home/airflow/.local/lib/python3.12/site-packages/airflow/example_dags/example_task_group.py
[2025-01-20T08:34:16.628+0000] {processor.py:914} INFO - Processing file /home/airflow/.local/lib/python3.12/site-packages/airflow/example_dags/example_task_group.py for tasks to queue
[2025-01-20T08:34:16.630+0000] {logging_mixin.py:190} INFO - [2025-01-20T08:34:16.630+0000] {dagbag.py:588} INFO - Filling up the DagBag from /home/airflow/.local/lib/python3.12/site-packages/airflow/example_dags/example_task_group.py
[2025-01-20T08:34:16.637+0000] {processor.py:925} INFO - DAG(s) 'example_task_group' retrieved from /home/airflow/.local/lib/python3.12/site-packages/airflow/example_dags/example_task_group.py
[2025-01-20T08:34:16.651+0000] {logging_mixin.py:190} INFO - [2025-01-20T08:34:16.651+0000] {dag.py:3239} INFO - Sync 1 DAGs
[2025-01-20T08:34:16.664+0000] {logging_mixin.py:190} INFO - [2025-01-20T08:34:16.664+0000] {dag.py:4180} INFO - Setting next_dagrun for example_task_group to None, run_after=None
[2025-01-20T08:34:16.682+0000] {processor.py:208} INFO - Processing /home/airflow/.local/lib/python3.12/site-packages/airflow/example_dags/example_task_group.py took 0.061 seconds
[2025-01-20T08:34:47.610+0000] {processor.py:186} INFO - Started process (PID=58260) to work on /home/airflow/.local/lib/python3.12/site-packages/airflow/example_dags/example_task_group.py
[2025-01-20T08:34:47.611+0000] {processor.py:914} INFO - Processing file /home/airflow/.local/lib/python3.12/site-packages/airflow/example_dags/example_task_group.py for tasks to queue
[2025-01-20T08:34:47.614+0000] {logging_mixin.py:190} INFO - [2025-01-20T08:34:47.613+0000] {dagbag.py:588} INFO - Filling up the DagBag from /home/airflow/.local/lib/python3.12/site-packages/airflow/example_dags/example_task_group.py
[2025-01-20T08:34:47.625+0000] {processor.py:925} INFO - DAG(s) 'example_task_group' retrieved from /home/airflow/.local/lib/python3.12/site-packages/airflow/example_dags/example_task_group.py
[2025-01-20T08:34:47.645+0000] {logging_mixin.py:190} INFO - [2025-01-20T08:34:47.645+0000] {dag.py:3239} INFO - Sync 1 DAGs
[2025-01-20T08:34:47.655+0000] {logging_mixin.py:190} INFO - [2025-01-20T08:34:47.655+0000] {dag.py:4180} INFO - Setting next_dagrun for example_task_group to None, run_after=None
[2025-01-20T08:34:47.683+0000] {processor.py:208} INFO - Processing /home/airflow/.local/lib/python3.12/site-packages/airflow/example_dags/example_task_group.py took 0.080 seconds
[2025-01-20T08:35:18.560+0000] {processor.py:186} INFO - Started process (PID=58568) to work on /home/airflow/.local/lib/python3.12/site-packages/airflow/example_dags/example_task_group.py
[2025-01-20T08:35:18.561+0000] {processor.py:914} INFO - Processing file /home/airflow/.local/lib/python3.12/site-packages/airflow/example_dags/example_task_group.py for tasks to queue
[2025-01-20T08:35:18.565+0000] {logging_mixin.py:190} INFO - [2025-01-20T08:35:18.565+0000] {dagbag.py:588} INFO - Filling up the DagBag from /home/airflow/.local/lib/python3.12/site-packages/airflow/example_dags/example_task_group.py
[2025-01-20T08:35:18.579+0000] {processor.py:925} INFO - DAG(s) 'example_task_group' retrieved from /home/airflow/.local/lib/python3.12/site-packages/airflow/example_dags/example_task_group.py
[2025-01-20T08:35:18.613+0000] {logging_mixin.py:190} INFO - [2025-01-20T08:35:18.612+0000] {dag.py:3239} INFO - Sync 1 DAGs
[2025-01-20T08:35:18.627+0000] {logging_mixin.py:190} INFO - [2025-01-20T08:35:18.627+0000] {dag.py:4180} INFO - Setting next_dagrun for example_task_group to None, run_after=None
[2025-01-20T08:35:18.640+0000] {processor.py:208} INFO - Processing /home/airflow/.local/lib/python3.12/site-packages/airflow/example_dags/example_task_group.py took 0.086 seconds
[2025-01-20T08:35:48.771+0000] {processor.py:186} INFO - Started process (PID=58867) to work on /home/airflow/.local/lib/python3.12/site-packages/airflow/example_dags/example_task_group.py
[2025-01-20T08:35:48.772+0000] {processor.py:914} INFO - Processing file /home/airflow/.local/lib/python3.12/site-packages/airflow/example_dags/example_task_group.py for tasks to queue
[2025-01-20T08:35:48.775+0000] {logging_mixin.py:190} INFO - [2025-01-20T08:35:48.775+0000] {dagbag.py:588} INFO - Filling up the DagBag from /home/airflow/.local/lib/python3.12/site-packages/airflow/example_dags/example_task_group.py
[2025-01-20T08:35:48.781+0000] {processor.py:925} INFO - DAG(s) 'example_task_group' retrieved from /home/airflow/.local/lib/python3.12/site-packages/airflow/example_dags/example_task_group.py
[2025-01-20T08:35:48.799+0000] {logging_mixin.py:190} INFO - [2025-01-20T08:35:48.799+0000] {dag.py:3239} INFO - Sync 1 DAGs
[2025-01-20T08:35:48.810+0000] {logging_mixin.py:190} INFO - [2025-01-20T08:35:48.810+0000] {dag.py:4180} INFO - Setting next_dagrun for example_task_group to None, run_after=None
[2025-01-20T08:35:48.827+0000] {processor.py:208} INFO - Processing /home/airflow/.local/lib/python3.12/site-packages/airflow/example_dags/example_task_group.py took 0.061 seconds
[2025-01-20T08:36:19.790+0000] {processor.py:186} INFO - Started process (PID=59175) to work on /home/airflow/.local/lib/python3.12/site-packages/airflow/example_dags/example_task_group.py
[2025-01-20T08:36:19.791+0000] {processor.py:914} INFO - Processing file /home/airflow/.local/lib/python3.12/site-packages/airflow/example_dags/example_task_group.py for tasks to queue
[2025-01-20T08:36:19.792+0000] {logging_mixin.py:190} INFO - [2025-01-20T08:36:19.792+0000] {dagbag.py:588} INFO - Filling up the DagBag from /home/airflow/.local/lib/python3.12/site-packages/airflow/example_dags/example_task_group.py
[2025-01-20T08:36:19.798+0000] {processor.py:925} INFO - DAG(s) 'example_task_group' retrieved from /home/airflow/.local/lib/python3.12/site-packages/airflow/example_dags/example_task_group.py
[2025-01-20T08:36:19.815+0000] {logging_mixin.py:190} INFO - [2025-01-20T08:36:19.815+0000] {dag.py:3239} INFO - Sync 1 DAGs
[2025-01-20T08:36:19.825+0000] {logging_mixin.py:190} INFO - [2025-01-20T08:36:19.825+0000] {dag.py:4180} INFO - Setting next_dagrun for example_task_group to None, run_after=None
[2025-01-20T08:36:19.842+0000] {processor.py:208} INFO - Processing /home/airflow/.local/lib/python3.12/site-packages/airflow/example_dags/example_task_group.py took 0.056 seconds
[2025-01-20T08:36:50.053+0000] {processor.py:186} INFO - Started process (PID=59476) to work on /home/airflow/.local/lib/python3.12/site-packages/airflow/example_dags/example_task_group.py
[2025-01-20T08:36:50.054+0000] {processor.py:914} INFO - Processing file /home/airflow/.local/lib/python3.12/site-packages/airflow/example_dags/example_task_group.py for tasks to queue
[2025-01-20T08:36:50.055+0000] {logging_mixin.py:190} INFO - [2025-01-20T08:36:50.055+0000] {dagbag.py:588} INFO - Filling up the DagBag from /home/airflow/.local/lib/python3.12/site-packages/airflow/example_dags/example_task_group.py
[2025-01-20T08:36:50.061+0000] {processor.py:925} INFO - DAG(s) 'example_task_group' retrieved from /home/airflow/.local/lib/python3.12/site-packages/airflow/example_dags/example_task_group.py
[2025-01-20T08:36:50.082+0000] {logging_mixin.py:190} INFO - [2025-01-20T08:36:50.082+0000] {dag.py:3239} INFO - Sync 1 DAGs
[2025-01-20T08:36:50.093+0000] {logging_mixin.py:190} INFO - [2025-01-20T08:36:50.093+0000] {dag.py:4180} INFO - Setting next_dagrun for example_task_group to None, run_after=None
[2025-01-20T08:36:50.113+0000] {processor.py:208} INFO - Processing /home/airflow/.local/lib/python3.12/site-packages/airflow/example_dags/example_task_group.py took 0.066 seconds
[2025-01-20T08:37:20.389+0000] {processor.py:186} INFO - Started process (PID=59780) to work on /home/airflow/.local/lib/python3.12/site-packages/airflow/example_dags/example_task_group.py
[2025-01-20T08:37:20.390+0000] {processor.py:914} INFO - Processing file /home/airflow/.local/lib/python3.12/site-packages/airflow/example_dags/example_task_group.py for tasks to queue
[2025-01-20T08:37:20.392+0000] {logging_mixin.py:190} INFO - [2025-01-20T08:37:20.392+0000] {dagbag.py:588} INFO - Filling up the DagBag from /home/airflow/.local/lib/python3.12/site-packages/airflow/example_dags/example_task_group.py
[2025-01-20T08:37:20.398+0000] {processor.py:925} INFO - DAG(s) 'example_task_group' retrieved from /home/airflow/.local/lib/python3.12/site-packages/airflow/example_dags/example_task_group.py
[2025-01-20T08:37:20.419+0000] {logging_mixin.py:190} INFO - [2025-01-20T08:37:20.419+0000] {dag.py:3239} INFO - Sync 1 DAGs
[2025-01-20T08:37:20.433+0000] {logging_mixin.py:190} INFO - [2025-01-20T08:37:20.432+0000] {dag.py:4180} INFO - Setting next_dagrun for example_task_group to None, run_after=None
[2025-01-20T08:37:20.448+0000] {processor.py:208} INFO - Processing /home/airflow/.local/lib/python3.12/site-packages/airflow/example_dags/example_task_group.py took 0.063 seconds
[2025-01-20T08:37:50.712+0000] {processor.py:186} INFO - Started process (PID=60081) to work on /home/airflow/.local/lib/python3.12/site-packages/airflow/example_dags/example_task_group.py
[2025-01-20T08:37:50.713+0000] {processor.py:914} INFO - Processing file /home/airflow/.local/lib/python3.12/site-packages/airflow/example_dags/example_task_group.py for tasks to queue
[2025-01-20T08:37:50.716+0000] {logging_mixin.py:190} INFO - [2025-01-20T08:37:50.716+0000] {dagbag.py:588} INFO - Filling up the DagBag from /home/airflow/.local/lib/python3.12/site-packages/airflow/example_dags/example_task_group.py
[2025-01-20T08:37:50.726+0000] {processor.py:925} INFO - DAG(s) 'example_task_group' retrieved from /home/airflow/.local/lib/python3.12/site-packages/airflow/example_dags/example_task_group.py
[2025-01-20T08:37:50.747+0000] {logging_mixin.py:190} INFO - [2025-01-20T08:37:50.747+0000] {dag.py:3239} INFO - Sync 1 DAGs
[2025-01-20T08:37:50.765+0000] {logging_mixin.py:190} INFO - [2025-01-20T08:37:50.765+0000] {dag.py:4180} INFO - Setting next_dagrun for example_task_group to None, run_after=None
[2025-01-20T08:37:50.785+0000] {processor.py:208} INFO - Processing /home/airflow/.local/lib/python3.12/site-packages/airflow/example_dags/example_task_group.py took 0.077 seconds
[2025-01-20T08:38:21.506+0000] {processor.py:186} INFO - Started process (PID=60389) to work on /home/airflow/.local/lib/python3.12/site-packages/airflow/example_dags/example_task_group.py
[2025-01-20T08:38:21.507+0000] {processor.py:914} INFO - Processing file /home/airflow/.local/lib/python3.12/site-packages/airflow/example_dags/example_task_group.py for tasks to queue
[2025-01-20T08:38:21.508+0000] {logging_mixin.py:190} INFO - [2025-01-20T08:38:21.508+0000] {dagbag.py:588} INFO - Filling up the DagBag from /home/airflow/.local/lib/python3.12/site-packages/airflow/example_dags/example_task_group.py
[2025-01-20T08:38:21.515+0000] {processor.py:925} INFO - DAG(s) 'example_task_group' retrieved from /home/airflow/.local/lib/python3.12/site-packages/airflow/example_dags/example_task_group.py
[2025-01-20T08:38:21.530+0000] {logging_mixin.py:190} INFO - [2025-01-20T08:38:21.530+0000] {dag.py:3239} INFO - Sync 1 DAGs
[2025-01-20T08:38:21.542+0000] {logging_mixin.py:190} INFO - [2025-01-20T08:38:21.542+0000] {dag.py:4180} INFO - Setting next_dagrun for example_task_group to None, run_after=None
[2025-01-20T08:38:21.557+0000] {processor.py:208} INFO - Processing /home/airflow/.local/lib/python3.12/site-packages/airflow/example_dags/example_task_group.py took 0.056 seconds
[2025-01-20T08:38:52.221+0000] {processor.py:186} INFO - Started process (PID=60688) to work on /home/airflow/.local/lib/python3.12/site-packages/airflow/example_dags/example_task_group.py
[2025-01-20T08:38:52.221+0000] {processor.py:914} INFO - Processing file /home/airflow/.local/lib/python3.12/site-packages/airflow/example_dags/example_task_group.py for tasks to queue
[2025-01-20T08:38:52.224+0000] {logging_mixin.py:190} INFO - [2025-01-20T08:38:52.224+0000] {dagbag.py:588} INFO - Filling up the DagBag from /home/airflow/.local/lib/python3.12/site-packages/airflow/example_dags/example_task_group.py
[2025-01-20T08:38:52.238+0000] {processor.py:925} INFO - DAG(s) 'example_task_group' retrieved from /home/airflow/.local/lib/python3.12/site-packages/airflow/example_dags/example_task_group.py
[2025-01-20T08:38:52.262+0000] {logging_mixin.py:190} INFO - [2025-01-20T08:38:52.261+0000] {dag.py:3239} INFO - Sync 1 DAGs
[2025-01-20T08:38:52.279+0000] {logging_mixin.py:190} INFO - [2025-01-20T08:38:52.278+0000] {dag.py:4180} INFO - Setting next_dagrun for example_task_group to None, run_after=None
[2025-01-20T08:38:52.298+0000] {processor.py:208} INFO - Processing /home/airflow/.local/lib/python3.12/site-packages/airflow/example_dags/example_task_group.py took 0.084 seconds
[2025-01-20T08:39:22.723+0000] {processor.py:186} INFO - Started process (PID=60994) to work on /home/airflow/.local/lib/python3.12/site-packages/airflow/example_dags/example_task_group.py
[2025-01-20T08:39:22.724+0000] {processor.py:914} INFO - Processing file /home/airflow/.local/lib/python3.12/site-packages/airflow/example_dags/example_task_group.py for tasks to queue
[2025-01-20T08:39:22.726+0000] {logging_mixin.py:190} INFO - [2025-01-20T08:39:22.725+0000] {dagbag.py:588} INFO - Filling up the DagBag from /home/airflow/.local/lib/python3.12/site-packages/airflow/example_dags/example_task_group.py
[2025-01-20T08:39:22.732+0000] {processor.py:925} INFO - DAG(s) 'example_task_group' retrieved from /home/airflow/.local/lib/python3.12/site-packages/airflow/example_dags/example_task_group.py
[2025-01-20T08:39:22.745+0000] {logging_mixin.py:190} INFO - [2025-01-20T08:39:22.745+0000] {dag.py:3239} INFO - Sync 1 DAGs
[2025-01-20T08:39:22.756+0000] {logging_mixin.py:190} INFO - [2025-01-20T08:39:22.756+0000] {dag.py:4180} INFO - Setting next_dagrun for example_task_group to None, run_after=None
[2025-01-20T08:39:22.770+0000] {processor.py:208} INFO - Processing /home/airflow/.local/lib/python3.12/site-packages/airflow/example_dags/example_task_group.py took 0.052 seconds
[2025-01-20T08:39:53.885+0000] {processor.py:186} INFO - Started process (PID=61297) to work on /home/airflow/.local/lib/python3.12/site-packages/airflow/example_dags/example_task_group.py
[2025-01-20T08:39:53.886+0000] {processor.py:914} INFO - Processing file /home/airflow/.local/lib/python3.12/site-packages/airflow/example_dags/example_task_group.py for tasks to queue
[2025-01-20T08:39:53.889+0000] {logging_mixin.py:190} INFO - [2025-01-20T08:39:53.888+0000] {dagbag.py:588} INFO - Filling up the DagBag from /home/airflow/.local/lib/python3.12/site-packages/airflow/example_dags/example_task_group.py
[2025-01-20T08:39:53.895+0000] {processor.py:925} INFO - DAG(s) 'example_task_group' retrieved from /home/airflow/.local/lib/python3.12/site-packages/airflow/example_dags/example_task_group.py
[2025-01-20T08:39:53.911+0000] {logging_mixin.py:190} INFO - [2025-01-20T08:39:53.911+0000] {dag.py:3239} INFO - Sync 1 DAGs
[2025-01-20T08:39:53.923+0000] {logging_mixin.py:190} INFO - [2025-01-20T08:39:53.923+0000] {dag.py:4180} INFO - Setting next_dagrun for example_task_group to None, run_after=None
[2025-01-20T08:39:53.939+0000] {processor.py:208} INFO - Processing /home/airflow/.local/lib/python3.12/site-packages/airflow/example_dags/example_task_group.py took 0.059 seconds
[2025-01-20T08:40:24.396+0000] {processor.py:186} INFO - Started process (PID=61601) to work on /home/airflow/.local/lib/python3.12/site-packages/airflow/example_dags/example_task_group.py
[2025-01-20T08:40:24.397+0000] {processor.py:914} INFO - Processing file /home/airflow/.local/lib/python3.12/site-packages/airflow/example_dags/example_task_group.py for tasks to queue
[2025-01-20T08:40:24.399+0000] {logging_mixin.py:190} INFO - [2025-01-20T08:40:24.398+0000] {dagbag.py:588} INFO - Filling up the DagBag from /home/airflow/.local/lib/python3.12/site-packages/airflow/example_dags/example_task_group.py
[2025-01-20T08:40:24.404+0000] {processor.py:925} INFO - DAG(s) 'example_task_group' retrieved from /home/airflow/.local/lib/python3.12/site-packages/airflow/example_dags/example_task_group.py
[2025-01-20T08:40:24.418+0000] {logging_mixin.py:190} INFO - [2025-01-20T08:40:24.417+0000] {dag.py:3239} INFO - Sync 1 DAGs
[2025-01-20T08:40:24.428+0000] {logging_mixin.py:190} INFO - [2025-01-20T08:40:24.427+0000] {dag.py:4180} INFO - Setting next_dagrun for example_task_group to None, run_after=None
[2025-01-20T08:40:24.449+0000] {processor.py:208} INFO - Processing /home/airflow/.local/lib/python3.12/site-packages/airflow/example_dags/example_task_group.py took 0.057 seconds
[2025-01-20T08:40:55.253+0000] {processor.py:186} INFO - Started process (PID=61904) to work on /home/airflow/.local/lib/python3.12/site-packages/airflow/example_dags/example_task_group.py
[2025-01-20T08:40:55.254+0000] {processor.py:914} INFO - Processing file /home/airflow/.local/lib/python3.12/site-packages/airflow/example_dags/example_task_group.py for tasks to queue
[2025-01-20T08:40:55.257+0000] {logging_mixin.py:190} INFO - [2025-01-20T08:40:55.257+0000] {dagbag.py:588} INFO - Filling up the DagBag from /home/airflow/.local/lib/python3.12/site-packages/airflow/example_dags/example_task_group.py
[2025-01-20T08:40:55.268+0000] {processor.py:925} INFO - DAG(s) 'example_task_group' retrieved from /home/airflow/.local/lib/python3.12/site-packages/airflow/example_dags/example_task_group.py
[2025-01-20T08:40:55.292+0000] {logging_mixin.py:190} INFO - [2025-01-20T08:40:55.291+0000] {dag.py:3239} INFO - Sync 1 DAGs
[2025-01-20T08:40:55.310+0000] {logging_mixin.py:190} INFO - [2025-01-20T08:40:55.309+0000] {dag.py:4180} INFO - Setting next_dagrun for example_task_group to None, run_after=None
[2025-01-20T08:40:55.323+0000] {processor.py:208} INFO - Processing /home/airflow/.local/lib/python3.12/site-packages/airflow/example_dags/example_task_group.py took 0.075 seconds
[2025-01-20T08:41:25.615+0000] {processor.py:186} INFO - Started process (PID=62210) to work on /home/airflow/.local/lib/python3.12/site-packages/airflow/example_dags/example_task_group.py
[2025-01-20T08:41:25.616+0000] {processor.py:914} INFO - Processing file /home/airflow/.local/lib/python3.12/site-packages/airflow/example_dags/example_task_group.py for tasks to queue
[2025-01-20T08:41:25.617+0000] {logging_mixin.py:190} INFO - [2025-01-20T08:41:25.617+0000] {dagbag.py:588} INFO - Filling up the DagBag from /home/airflow/.local/lib/python3.12/site-packages/airflow/example_dags/example_task_group.py
[2025-01-20T08:41:25.623+0000] {processor.py:925} INFO - DAG(s) 'example_task_group' retrieved from /home/airflow/.local/lib/python3.12/site-packages/airflow/example_dags/example_task_group.py
[2025-01-20T08:41:25.639+0000] {logging_mixin.py:190} INFO - [2025-01-20T08:41:25.639+0000] {dag.py:3239} INFO - Sync 1 DAGs
[2025-01-20T08:41:25.649+0000] {logging_mixin.py:190} INFO - [2025-01-20T08:41:25.649+0000] {dag.py:4180} INFO - Setting next_dagrun for example_task_group to None, run_after=None
[2025-01-20T08:41:25.663+0000] {processor.py:208} INFO - Processing /home/airflow/.local/lib/python3.12/site-packages/airflow/example_dags/example_task_group.py took 0.052 seconds
[2025-01-20T08:41:55.739+0000] {processor.py:186} INFO - Started process (PID=62510) to work on /home/airflow/.local/lib/python3.12/site-packages/airflow/example_dags/example_task_group.py
[2025-01-20T08:41:55.740+0000] {processor.py:914} INFO - Processing file /home/airflow/.local/lib/python3.12/site-packages/airflow/example_dags/example_task_group.py for tasks to queue
[2025-01-20T08:41:55.743+0000] {logging_mixin.py:190} INFO - [2025-01-20T08:41:55.742+0000] {dagbag.py:588} INFO - Filling up the DagBag from /home/airflow/.local/lib/python3.12/site-packages/airflow/example_dags/example_task_group.py
[2025-01-20T08:41:55.748+0000] {processor.py:925} INFO - DAG(s) 'example_task_group' retrieved from /home/airflow/.local/lib/python3.12/site-packages/airflow/example_dags/example_task_group.py
[2025-01-20T08:41:55.761+0000] {logging_mixin.py:190} INFO - [2025-01-20T08:41:55.761+0000] {dag.py:3239} INFO - Sync 1 DAGs
[2025-01-20T08:41:55.769+0000] {logging_mixin.py:190} INFO - [2025-01-20T08:41:55.769+0000] {dag.py:4180} INFO - Setting next_dagrun for example_task_group to None, run_after=None
[2025-01-20T08:41:55.781+0000] {processor.py:208} INFO - Processing /home/airflow/.local/lib/python3.12/site-packages/airflow/example_dags/example_task_group.py took 0.049 seconds
[2025-01-20T08:42:26.252+0000] {processor.py:186} INFO - Started process (PID=62815) to work on /home/airflow/.local/lib/python3.12/site-packages/airflow/example_dags/example_task_group.py
[2025-01-20T08:42:26.253+0000] {processor.py:914} INFO - Processing file /home/airflow/.local/lib/python3.12/site-packages/airflow/example_dags/example_task_group.py for tasks to queue
[2025-01-20T08:42:26.254+0000] {logging_mixin.py:190} INFO - [2025-01-20T08:42:26.254+0000] {dagbag.py:588} INFO - Filling up the DagBag from /home/airflow/.local/lib/python3.12/site-packages/airflow/example_dags/example_task_group.py
[2025-01-20T08:42:26.260+0000] {processor.py:925} INFO - DAG(s) 'example_task_group' retrieved from /home/airflow/.local/lib/python3.12/site-packages/airflow/example_dags/example_task_group.py
[2025-01-20T08:42:26.288+0000] {logging_mixin.py:190} INFO - [2025-01-20T08:42:26.288+0000] {dag.py:3239} INFO - Sync 1 DAGs
[2025-01-20T08:42:26.303+0000] {logging_mixin.py:190} INFO - [2025-01-20T08:42:26.303+0000] {dag.py:4180} INFO - Setting next_dagrun for example_task_group to None, run_after=None
[2025-01-20T08:42:26.317+0000] {processor.py:208} INFO - Processing /home/airflow/.local/lib/python3.12/site-packages/airflow/example_dags/example_task_group.py took 0.069 seconds
[2025-01-20T08:42:56.849+0000] {processor.py:186} INFO - Started process (PID=63118) to work on /home/airflow/.local/lib/python3.12/site-packages/airflow/example_dags/example_task_group.py
[2025-01-20T08:42:56.854+0000] {processor.py:914} INFO - Processing file /home/airflow/.local/lib/python3.12/site-packages/airflow/example_dags/example_task_group.py for tasks to queue
[2025-01-20T08:42:56.866+0000] {logging_mixin.py:190} INFO - [2025-01-20T08:42:56.864+0000] {dagbag.py:588} INFO - Filling up the DagBag from /home/airflow/.local/lib/python3.12/site-packages/airflow/example_dags/example_task_group.py
[2025-01-20T08:42:56.903+0000] {processor.py:925} INFO - DAG(s) 'example_task_group' retrieved from /home/airflow/.local/lib/python3.12/site-packages/airflow/example_dags/example_task_group.py
[2025-01-20T08:42:56.958+0000] {logging_mixin.py:190} INFO - [2025-01-20T08:42:56.957+0000] {dag.py:3239} INFO - Sync 1 DAGs
[2025-01-20T08:42:56.975+0000] {logging_mixin.py:190} INFO - [2025-01-20T08:42:56.975+0000] {dag.py:4180} INFO - Setting next_dagrun for example_task_group to None, run_after=None
[2025-01-20T08:42:56.993+0000] {processor.py:208} INFO - Processing /home/airflow/.local/lib/python3.12/site-packages/airflow/example_dags/example_task_group.py took 0.161 seconds
[2025-01-20T08:43:27.388+0000] {processor.py:186} INFO - Started process (PID=63422) to work on /home/airflow/.local/lib/python3.12/site-packages/airflow/example_dags/example_task_group.py
[2025-01-20T08:43:27.389+0000] {processor.py:914} INFO - Processing file /home/airflow/.local/lib/python3.12/site-packages/airflow/example_dags/example_task_group.py for tasks to queue
[2025-01-20T08:43:27.392+0000] {logging_mixin.py:190} INFO - [2025-01-20T08:43:27.391+0000] {dagbag.py:588} INFO - Filling up the DagBag from /home/airflow/.local/lib/python3.12/site-packages/airflow/example_dags/example_task_group.py
[2025-01-20T08:43:27.403+0000] {processor.py:925} INFO - DAG(s) 'example_task_group' retrieved from /home/airflow/.local/lib/python3.12/site-packages/airflow/example_dags/example_task_group.py
[2025-01-20T08:43:27.426+0000] {logging_mixin.py:190} INFO - [2025-01-20T08:43:27.425+0000] {dag.py:3239} INFO - Sync 1 DAGs
[2025-01-20T08:43:27.455+0000] {logging_mixin.py:190} INFO - [2025-01-20T08:43:27.455+0000] {dag.py:4180} INFO - Setting next_dagrun for example_task_group to None, run_after=None
[2025-01-20T08:43:27.481+0000] {processor.py:208} INFO - Processing /home/airflow/.local/lib/python3.12/site-packages/airflow/example_dags/example_task_group.py took 0.100 seconds
[2025-01-20T08:43:57.562+0000] {processor.py:186} INFO - Started process (PID=63723) to work on /home/airflow/.local/lib/python3.12/site-packages/airflow/example_dags/example_task_group.py
[2025-01-20T08:43:57.563+0000] {processor.py:914} INFO - Processing file /home/airflow/.local/lib/python3.12/site-packages/airflow/example_dags/example_task_group.py for tasks to queue
[2025-01-20T08:43:57.567+0000] {logging_mixin.py:190} INFO - [2025-01-20T08:43:57.567+0000] {dagbag.py:588} INFO - Filling up the DagBag from /home/airflow/.local/lib/python3.12/site-packages/airflow/example_dags/example_task_group.py
[2025-01-20T08:43:57.578+0000] {processor.py:925} INFO - DAG(s) 'example_task_group' retrieved from /home/airflow/.local/lib/python3.12/site-packages/airflow/example_dags/example_task_group.py
[2025-01-20T08:43:57.599+0000] {logging_mixin.py:190} INFO - [2025-01-20T08:43:57.599+0000] {dag.py:3239} INFO - Sync 1 DAGs
[2025-01-20T08:43:57.611+0000] {logging_mixin.py:190} INFO - [2025-01-20T08:43:57.611+0000] {dag.py:4180} INFO - Setting next_dagrun for example_task_group to None, run_after=None
[2025-01-20T08:43:57.628+0000] {processor.py:208} INFO - Processing /home/airflow/.local/lib/python3.12/site-packages/airflow/example_dags/example_task_group.py took 0.070 seconds
[2025-01-20T08:44:27.748+0000] {processor.py:186} INFO - Started process (PID=64029) to work on /home/airflow/.local/lib/python3.12/site-packages/airflow/example_dags/example_task_group.py
[2025-01-20T08:44:27.749+0000] {processor.py:914} INFO - Processing file /home/airflow/.local/lib/python3.12/site-packages/airflow/example_dags/example_task_group.py for tasks to queue
[2025-01-20T08:44:27.750+0000] {logging_mixin.py:190} INFO - [2025-01-20T08:44:27.750+0000] {dagbag.py:588} INFO - Filling up the DagBag from /home/airflow/.local/lib/python3.12/site-packages/airflow/example_dags/example_task_group.py
[2025-01-20T08:44:27.756+0000] {processor.py:925} INFO - DAG(s) 'example_task_group' retrieved from /home/airflow/.local/lib/python3.12/site-packages/airflow/example_dags/example_task_group.py
[2025-01-20T08:44:27.772+0000] {logging_mixin.py:190} INFO - [2025-01-20T08:44:27.772+0000] {dag.py:3239} INFO - Sync 1 DAGs
[2025-01-20T08:44:27.782+0000] {logging_mixin.py:190} INFO - [2025-01-20T08:44:27.782+0000] {dag.py:4180} INFO - Setting next_dagrun for example_task_group to None, run_after=None
[2025-01-20T08:44:27.796+0000] {processor.py:208} INFO - Processing /home/airflow/.local/lib/python3.12/site-packages/airflow/example_dags/example_task_group.py took 0.052 seconds
[2025-01-20T08:44:58.060+0000] {processor.py:186} INFO - Started process (PID=64330) to work on /home/airflow/.local/lib/python3.12/site-packages/airflow/example_dags/example_task_group.py
[2025-01-20T08:44:58.061+0000] {processor.py:914} INFO - Processing file /home/airflow/.local/lib/python3.12/site-packages/airflow/example_dags/example_task_group.py for tasks to queue
[2025-01-20T08:44:58.064+0000] {logging_mixin.py:190} INFO - [2025-01-20T08:44:58.064+0000] {dagbag.py:588} INFO - Filling up the DagBag from /home/airflow/.local/lib/python3.12/site-packages/airflow/example_dags/example_task_group.py
[2025-01-20T08:44:58.078+0000] {processor.py:925} INFO - DAG(s) 'example_task_group' retrieved from /home/airflow/.local/lib/python3.12/site-packages/airflow/example_dags/example_task_group.py
[2025-01-20T08:44:58.106+0000] {logging_mixin.py:190} INFO - [2025-01-20T08:44:58.105+0000] {dag.py:3239} INFO - Sync 1 DAGs
[2025-01-20T08:44:58.123+0000] {logging_mixin.py:190} INFO - [2025-01-20T08:44:58.123+0000] {dag.py:4180} INFO - Setting next_dagrun for example_task_group to None, run_after=None
[2025-01-20T08:44:58.150+0000] {processor.py:208} INFO - Processing /home/airflow/.local/lib/python3.12/site-packages/airflow/example_dags/example_task_group.py took 0.096 seconds
[2025-01-20T08:45:28.629+0000] {processor.py:186} INFO - Started process (PID=64638) to work on /home/airflow/.local/lib/python3.12/site-packages/airflow/example_dags/example_task_group.py
[2025-01-20T08:45:28.630+0000] {processor.py:914} INFO - Processing file /home/airflow/.local/lib/python3.12/site-packages/airflow/example_dags/example_task_group.py for tasks to queue
[2025-01-20T08:45:28.632+0000] {logging_mixin.py:190} INFO - [2025-01-20T08:45:28.632+0000] {dagbag.py:588} INFO - Filling up the DagBag from /home/airflow/.local/lib/python3.12/site-packages/airflow/example_dags/example_task_group.py
[2025-01-20T08:45:28.639+0000] {processor.py:925} INFO - DAG(s) 'example_task_group' retrieved from /home/airflow/.local/lib/python3.12/site-packages/airflow/example_dags/example_task_group.py
[2025-01-20T08:45:28.655+0000] {logging_mixin.py:190} INFO - [2025-01-20T08:45:28.655+0000] {dag.py:3239} INFO - Sync 1 DAGs
[2025-01-20T08:45:28.665+0000] {logging_mixin.py:190} INFO - [2025-01-20T08:45:28.665+0000] {dag.py:4180} INFO - Setting next_dagrun for example_task_group to None, run_after=None
[2025-01-20T08:45:28.678+0000] {processor.py:208} INFO - Processing /home/airflow/.local/lib/python3.12/site-packages/airflow/example_dags/example_task_group.py took 0.055 seconds
[2025-01-20T08:45:59.233+0000] {processor.py:186} INFO - Started process (PID=64939) to work on /home/airflow/.local/lib/python3.12/site-packages/airflow/example_dags/example_task_group.py
[2025-01-20T08:45:59.233+0000] {processor.py:914} INFO - Processing file /home/airflow/.local/lib/python3.12/site-packages/airflow/example_dags/example_task_group.py for tasks to queue
[2025-01-20T08:45:59.235+0000] {logging_mixin.py:190} INFO - [2025-01-20T08:45:59.235+0000] {dagbag.py:588} INFO - Filling up the DagBag from /home/airflow/.local/lib/python3.12/site-packages/airflow/example_dags/example_task_group.py
[2025-01-20T08:45:59.241+0000] {processor.py:925} INFO - DAG(s) 'example_task_group' retrieved from /home/airflow/.local/lib/python3.12/site-packages/airflow/example_dags/example_task_group.py
[2025-01-20T08:45:59.257+0000] {logging_mixin.py:190} INFO - [2025-01-20T08:45:59.257+0000] {dag.py:3239} INFO - Sync 1 DAGs
[2025-01-20T08:45:59.267+0000] {logging_mixin.py:190} INFO - [2025-01-20T08:45:59.267+0000] {dag.py:4180} INFO - Setting next_dagrun for example_task_group to None, run_after=None
[2025-01-20T08:45:59.280+0000] {processor.py:208} INFO - Processing /home/airflow/.local/lib/python3.12/site-packages/airflow/example_dags/example_task_group.py took 0.051 seconds
[2025-01-20T08:46:29.747+0000] {processor.py:186} INFO - Started process (PID=65243) to work on /home/airflow/.local/lib/python3.12/site-packages/airflow/example_dags/example_task_group.py
[2025-01-20T08:46:29.748+0000] {processor.py:914} INFO - Processing file /home/airflow/.local/lib/python3.12/site-packages/airflow/example_dags/example_task_group.py for tasks to queue
[2025-01-20T08:46:29.751+0000] {logging_mixin.py:190} INFO - [2025-01-20T08:46:29.751+0000] {dagbag.py:588} INFO - Filling up the DagBag from /home/airflow/.local/lib/python3.12/site-packages/airflow/example_dags/example_task_group.py
[2025-01-20T08:46:29.758+0000] {processor.py:925} INFO - DAG(s) 'example_task_group' retrieved from /home/airflow/.local/lib/python3.12/site-packages/airflow/example_dags/example_task_group.py
[2025-01-20T08:46:29.782+0000] {logging_mixin.py:190} INFO - [2025-01-20T08:46:29.782+0000] {dag.py:3239} INFO - Sync 1 DAGs
[2025-01-20T08:46:29.802+0000] {logging_mixin.py:190} INFO - [2025-01-20T08:46:29.802+0000] {dag.py:4180} INFO - Setting next_dagrun for example_task_group to None, run_after=None
[2025-01-20T08:46:29.822+0000] {processor.py:208} INFO - Processing /home/airflow/.local/lib/python3.12/site-packages/airflow/example_dags/example_task_group.py took 0.079 seconds
[2025-01-20T08:47:00.454+0000] {processor.py:186} INFO - Started process (PID=65545) to work on /home/airflow/.local/lib/python3.12/site-packages/airflow/example_dags/example_task_group.py
[2025-01-20T08:47:00.455+0000] {processor.py:914} INFO - Processing file /home/airflow/.local/lib/python3.12/site-packages/airflow/example_dags/example_task_group.py for tasks to queue
[2025-01-20T08:47:00.458+0000] {logging_mixin.py:190} INFO - [2025-01-20T08:47:00.457+0000] {dagbag.py:588} INFO - Filling up the DagBag from /home/airflow/.local/lib/python3.12/site-packages/airflow/example_dags/example_task_group.py
[2025-01-20T08:47:00.470+0000] {processor.py:925} INFO - DAG(s) 'example_task_group' retrieved from /home/airflow/.local/lib/python3.12/site-packages/airflow/example_dags/example_task_group.py
[2025-01-20T08:47:00.487+0000] {logging_mixin.py:190} INFO - [2025-01-20T08:47:00.487+0000] {dag.py:3239} INFO - Sync 1 DAGs
[2025-01-20T08:47:00.504+0000] {logging_mixin.py:190} INFO - [2025-01-20T08:47:00.504+0000] {dag.py:4180} INFO - Setting next_dagrun for example_task_group to None, run_after=None
[2025-01-20T08:47:00.525+0000] {processor.py:208} INFO - Processing /home/airflow/.local/lib/python3.12/site-packages/airflow/example_dags/example_task_group.py took 0.075 seconds
[2025-01-20T08:47:30.721+0000] {processor.py:186} INFO - Started process (PID=65850) to work on /home/airflow/.local/lib/python3.12/site-packages/airflow/example_dags/example_task_group.py
[2025-01-20T08:47:30.722+0000] {processor.py:914} INFO - Processing file /home/airflow/.local/lib/python3.12/site-packages/airflow/example_dags/example_task_group.py for tasks to queue
[2025-01-20T08:47:30.724+0000] {logging_mixin.py:190} INFO - [2025-01-20T08:47:30.724+0000] {dagbag.py:588} INFO - Filling up the DagBag from /home/airflow/.local/lib/python3.12/site-packages/airflow/example_dags/example_task_group.py
[2025-01-20T08:47:30.730+0000] {processor.py:925} INFO - DAG(s) 'example_task_group' retrieved from /home/airflow/.local/lib/python3.12/site-packages/airflow/example_dags/example_task_group.py
[2025-01-20T08:47:30.747+0000] {logging_mixin.py:190} INFO - [2025-01-20T08:47:30.747+0000] {dag.py:3239} INFO - Sync 1 DAGs
[2025-01-20T08:47:30.766+0000] {logging_mixin.py:190} INFO - [2025-01-20T08:47:30.766+0000] {dag.py:4180} INFO - Setting next_dagrun for example_task_group to None, run_after=None
[2025-01-20T08:47:30.780+0000] {processor.py:208} INFO - Processing /home/airflow/.local/lib/python3.12/site-packages/airflow/example_dags/example_task_group.py took 0.063 seconds
[2025-01-20T08:48:01.047+0000] {processor.py:186} INFO - Started process (PID=66152) to work on /home/airflow/.local/lib/python3.12/site-packages/airflow/example_dags/example_task_group.py
[2025-01-20T08:48:01.048+0000] {processor.py:914} INFO - Processing file /home/airflow/.local/lib/python3.12/site-packages/airflow/example_dags/example_task_group.py for tasks to queue
[2025-01-20T08:48:01.051+0000] {logging_mixin.py:190} INFO - [2025-01-20T08:48:01.051+0000] {dagbag.py:588} INFO - Filling up the DagBag from /home/airflow/.local/lib/python3.12/site-packages/airflow/example_dags/example_task_group.py
[2025-01-20T08:48:01.062+0000] {processor.py:925} INFO - DAG(s) 'example_task_group' retrieved from /home/airflow/.local/lib/python3.12/site-packages/airflow/example_dags/example_task_group.py
[2025-01-20T08:48:01.076+0000] {logging_mixin.py:190} INFO - [2025-01-20T08:48:01.076+0000] {dag.py:3239} INFO - Sync 1 DAGs
[2025-01-20T08:48:01.086+0000] {logging_mixin.py:190} INFO - [2025-01-20T08:48:01.086+0000] {dag.py:4180} INFO - Setting next_dagrun for example_task_group to None, run_after=None
[2025-01-20T08:48:01.101+0000] {processor.py:208} INFO - Processing /home/airflow/.local/lib/python3.12/site-packages/airflow/example_dags/example_task_group.py took 0.062 seconds
[2025-01-20T08:48:31.241+0000] {processor.py:186} INFO - Started process (PID=66459) to work on /home/airflow/.local/lib/python3.12/site-packages/airflow/example_dags/example_task_group.py
[2025-01-20T08:48:31.241+0000] {processor.py:914} INFO - Processing file /home/airflow/.local/lib/python3.12/site-packages/airflow/example_dags/example_task_group.py for tasks to queue
[2025-01-20T08:48:31.243+0000] {logging_mixin.py:190} INFO - [2025-01-20T08:48:31.243+0000] {dagbag.py:588} INFO - Filling up the DagBag from /home/airflow/.local/lib/python3.12/site-packages/airflow/example_dags/example_task_group.py
[2025-01-20T08:48:31.249+0000] {processor.py:925} INFO - DAG(s) 'example_task_group' retrieved from /home/airflow/.local/lib/python3.12/site-packages/airflow/example_dags/example_task_group.py
[2025-01-20T08:48:31.262+0000] {logging_mixin.py:190} INFO - [2025-01-20T08:48:31.262+0000] {dag.py:3239} INFO - Sync 1 DAGs
[2025-01-20T08:48:31.271+0000] {logging_mixin.py:190} INFO - [2025-01-20T08:48:31.271+0000] {dag.py:4180} INFO - Setting next_dagrun for example_task_group to None, run_after=None
[2025-01-20T08:48:31.285+0000] {processor.py:208} INFO - Processing /home/airflow/.local/lib/python3.12/site-packages/airflow/example_dags/example_task_group.py took 0.048 seconds
[2025-01-20T08:49:01.755+0000] {processor.py:186} INFO - Started process (PID=66763) to work on /home/airflow/.local/lib/python3.12/site-packages/airflow/example_dags/example_task_group.py
[2025-01-20T08:49:01.756+0000] {processor.py:914} INFO - Processing file /home/airflow/.local/lib/python3.12/site-packages/airflow/example_dags/example_task_group.py for tasks to queue
[2025-01-20T08:49:01.758+0000] {logging_mixin.py:190} INFO - [2025-01-20T08:49:01.758+0000] {dagbag.py:588} INFO - Filling up the DagBag from /home/airflow/.local/lib/python3.12/site-packages/airflow/example_dags/example_task_group.py
[2025-01-20T08:49:01.764+0000] {processor.py:925} INFO - DAG(s) 'example_task_group' retrieved from /home/airflow/.local/lib/python3.12/site-packages/airflow/example_dags/example_task_group.py
[2025-01-20T08:49:01.781+0000] {logging_mixin.py:190} INFO - [2025-01-20T08:49:01.780+0000] {dag.py:3239} INFO - Sync 1 DAGs
[2025-01-20T08:49:01.790+0000] {logging_mixin.py:190} INFO - [2025-01-20T08:49:01.790+0000] {dag.py:4180} INFO - Setting next_dagrun for example_task_group to None, run_after=None
[2025-01-20T08:49:01.804+0000] {processor.py:208} INFO - Processing /home/airflow/.local/lib/python3.12/site-packages/airflow/example_dags/example_task_group.py took 0.053 seconds
[2025-01-20T08:49:32.899+0000] {processor.py:186} INFO - Started process (PID=67064) to work on /home/airflow/.local/lib/python3.12/site-packages/airflow/example_dags/example_task_group.py
[2025-01-20T08:49:32.900+0000] {processor.py:914} INFO - Processing file /home/airflow/.local/lib/python3.12/site-packages/airflow/example_dags/example_task_group.py for tasks to queue
[2025-01-20T08:49:32.901+0000] {logging_mixin.py:190} INFO - [2025-01-20T08:49:32.901+0000] {dagbag.py:588} INFO - Filling up the DagBag from /home/airflow/.local/lib/python3.12/site-packages/airflow/example_dags/example_task_group.py
[2025-01-20T08:49:32.908+0000] {processor.py:925} INFO - DAG(s) 'example_task_group' retrieved from /home/airflow/.local/lib/python3.12/site-packages/airflow/example_dags/example_task_group.py
[2025-01-20T08:49:32.924+0000] {logging_mixin.py:190} INFO - [2025-01-20T08:49:32.924+0000] {dag.py:3239} INFO - Sync 1 DAGs
[2025-01-20T08:49:32.942+0000] {logging_mixin.py:190} INFO - [2025-01-20T08:49:32.941+0000] {dag.py:4180} INFO - Setting next_dagrun for example_task_group to None, run_after=None
[2025-01-20T08:49:32.957+0000] {processor.py:208} INFO - Processing /home/airflow/.local/lib/python3.12/site-packages/airflow/example_dags/example_task_group.py took 0.063 seconds
[2025-01-20T08:50:03.138+0000] {processor.py:186} INFO - Started process (PID=67370) to work on /home/airflow/.local/lib/python3.12/site-packages/airflow/example_dags/example_task_group.py
[2025-01-20T08:50:03.139+0000] {processor.py:914} INFO - Processing file /home/airflow/.local/lib/python3.12/site-packages/airflow/example_dags/example_task_group.py for tasks to queue
[2025-01-20T08:50:03.142+0000] {logging_mixin.py:190} INFO - [2025-01-20T08:50:03.142+0000] {dagbag.py:588} INFO - Filling up the DagBag from /home/airflow/.local/lib/python3.12/site-packages/airflow/example_dags/example_task_group.py
[2025-01-20T08:50:03.148+0000] {processor.py:925} INFO - DAG(s) 'example_task_group' retrieved from /home/airflow/.local/lib/python3.12/site-packages/airflow/example_dags/example_task_group.py
[2025-01-20T08:50:03.170+0000] {logging_mixin.py:190} INFO - [2025-01-20T08:50:03.170+0000] {dag.py:3239} INFO - Sync 1 DAGs
[2025-01-20T08:50:03.186+0000] {logging_mixin.py:190} INFO - [2025-01-20T08:50:03.186+0000] {dag.py:4180} INFO - Setting next_dagrun for example_task_group to None, run_after=None
[2025-01-20T08:50:03.207+0000] {processor.py:208} INFO - Processing /home/airflow/.local/lib/python3.12/site-packages/airflow/example_dags/example_task_group.py took 0.075 seconds
[2025-01-20T08:50:33.499+0000] {processor.py:186} INFO - Started process (PID=67673) to work on /home/airflow/.local/lib/python3.12/site-packages/airflow/example_dags/example_task_group.py
[2025-01-20T08:50:33.500+0000] {processor.py:914} INFO - Processing file /home/airflow/.local/lib/python3.12/site-packages/airflow/example_dags/example_task_group.py for tasks to queue
[2025-01-20T08:50:33.505+0000] {logging_mixin.py:190} INFO - [2025-01-20T08:50:33.505+0000] {dagbag.py:588} INFO - Filling up the DagBag from /home/airflow/.local/lib/python3.12/site-packages/airflow/example_dags/example_task_group.py
[2025-01-20T08:50:33.522+0000] {processor.py:925} INFO - DAG(s) 'example_task_group' retrieved from /home/airflow/.local/lib/python3.12/site-packages/airflow/example_dags/example_task_group.py
[2025-01-20T08:50:33.556+0000] {logging_mixin.py:190} INFO - [2025-01-20T08:50:33.556+0000] {dag.py:3239} INFO - Sync 1 DAGs
[2025-01-20T08:50:33.578+0000] {logging_mixin.py:190} INFO - [2025-01-20T08:50:33.578+0000] {dag.py:4180} INFO - Setting next_dagrun for example_task_group to None, run_after=None
[2025-01-20T08:50:33.610+0000] {processor.py:208} INFO - Processing /home/airflow/.local/lib/python3.12/site-packages/airflow/example_dags/example_task_group.py took 0.118 seconds
[2025-01-20T08:51:04.292+0000] {processor.py:186} INFO - Started process (PID=67977) to work on /home/airflow/.local/lib/python3.12/site-packages/airflow/example_dags/example_task_group.py
[2025-01-20T08:51:04.293+0000] {processor.py:914} INFO - Processing file /home/airflow/.local/lib/python3.12/site-packages/airflow/example_dags/example_task_group.py for tasks to queue
[2025-01-20T08:51:04.295+0000] {logging_mixin.py:190} INFO - [2025-01-20T08:51:04.294+0000] {dagbag.py:588} INFO - Filling up the DagBag from /home/airflow/.local/lib/python3.12/site-packages/airflow/example_dags/example_task_group.py
[2025-01-20T08:51:04.304+0000] {processor.py:925} INFO - DAG(s) 'example_task_group' retrieved from /home/airflow/.local/lib/python3.12/site-packages/airflow/example_dags/example_task_group.py
[2025-01-20T08:51:04.324+0000] {logging_mixin.py:190} INFO - [2025-01-20T08:51:04.324+0000] {dag.py:3239} INFO - Sync 1 DAGs
[2025-01-20T08:51:04.336+0000] {logging_mixin.py:190} INFO - [2025-01-20T08:51:04.336+0000] {dag.py:4180} INFO - Setting next_dagrun for example_task_group to None, run_after=None
[2025-01-20T08:51:04.357+0000] {processor.py:208} INFO - Processing /home/airflow/.local/lib/python3.12/site-packages/airflow/example_dags/example_task_group.py took 0.071 seconds
[2025-01-20T08:51:34.418+0000] {processor.py:186} INFO - Started process (PID=68278) to work on /home/airflow/.local/lib/python3.12/site-packages/airflow/example_dags/example_task_group.py
[2025-01-20T08:51:34.420+0000] {processor.py:914} INFO - Processing file /home/airflow/.local/lib/python3.12/site-packages/airflow/example_dags/example_task_group.py for tasks to queue
[2025-01-20T08:51:34.422+0000] {logging_mixin.py:190} INFO - [2025-01-20T08:51:34.422+0000] {dagbag.py:588} INFO - Filling up the DagBag from /home/airflow/.local/lib/python3.12/site-packages/airflow/example_dags/example_task_group.py
[2025-01-20T08:51:34.431+0000] {processor.py:925} INFO - DAG(s) 'example_task_group' retrieved from /home/airflow/.local/lib/python3.12/site-packages/airflow/example_dags/example_task_group.py
[2025-01-20T08:51:34.451+0000] {logging_mixin.py:190} INFO - [2025-01-20T08:51:34.450+0000] {dag.py:3239} INFO - Sync 1 DAGs
[2025-01-20T08:51:34.460+0000] {logging_mixin.py:190} INFO - [2025-01-20T08:51:34.460+0000] {dag.py:4180} INFO - Setting next_dagrun for example_task_group to None, run_after=None
[2025-01-20T08:51:34.476+0000] {processor.py:208} INFO - Processing /home/airflow/.local/lib/python3.12/site-packages/airflow/example_dags/example_task_group.py took 0.064 seconds
[2025-01-20T08:52:04.910+0000] {processor.py:186} INFO - Started process (PID=68579) to work on /home/airflow/.local/lib/python3.12/site-packages/airflow/example_dags/example_task_group.py
[2025-01-20T08:52:04.912+0000] {processor.py:914} INFO - Processing file /home/airflow/.local/lib/python3.12/site-packages/airflow/example_dags/example_task_group.py for tasks to queue
[2025-01-20T08:52:04.917+0000] {logging_mixin.py:190} INFO - [2025-01-20T08:52:04.916+0000] {dagbag.py:588} INFO - Filling up the DagBag from /home/airflow/.local/lib/python3.12/site-packages/airflow/example_dags/example_task_group.py
[2025-01-20T08:52:04.930+0000] {processor.py:925} INFO - DAG(s) 'example_task_group' retrieved from /home/airflow/.local/lib/python3.12/site-packages/airflow/example_dags/example_task_group.py
[2025-01-20T08:52:04.956+0000] {logging_mixin.py:190} INFO - [2025-01-20T08:52:04.956+0000] {dag.py:3239} INFO - Sync 1 DAGs
[2025-01-20T08:52:04.973+0000] {logging_mixin.py:190} INFO - [2025-01-20T08:52:04.972+0000] {dag.py:4180} INFO - Setting next_dagrun for example_task_group to None, run_after=None
[2025-01-20T08:52:04.995+0000] {processor.py:208} INFO - Processing /home/airflow/.local/lib/python3.12/site-packages/airflow/example_dags/example_task_group.py took 0.091 seconds
[2025-01-20T08:52:35.259+0000] {processor.py:186} INFO - Started process (PID=68882) to work on /home/airflow/.local/lib/python3.12/site-packages/airflow/example_dags/example_task_group.py
[2025-01-20T08:52:35.261+0000] {processor.py:914} INFO - Processing file /home/airflow/.local/lib/python3.12/site-packages/airflow/example_dags/example_task_group.py for tasks to queue
[2025-01-20T08:52:35.264+0000] {logging_mixin.py:190} INFO - [2025-01-20T08:52:35.264+0000] {dagbag.py:588} INFO - Filling up the DagBag from /home/airflow/.local/lib/python3.12/site-packages/airflow/example_dags/example_task_group.py
[2025-01-20T08:52:35.271+0000] {processor.py:925} INFO - DAG(s) 'example_task_group' retrieved from /home/airflow/.local/lib/python3.12/site-packages/airflow/example_dags/example_task_group.py
[2025-01-20T08:52:35.291+0000] {logging_mixin.py:190} INFO - [2025-01-20T08:52:35.291+0000] {dag.py:3239} INFO - Sync 1 DAGs
[2025-01-20T08:52:35.310+0000] {logging_mixin.py:190} INFO - [2025-01-20T08:52:35.310+0000] {dag.py:4180} INFO - Setting next_dagrun for example_task_group to None, run_after=None
[2025-01-20T08:52:35.329+0000] {processor.py:208} INFO - Processing /home/airflow/.local/lib/python3.12/site-packages/airflow/example_dags/example_task_group.py took 0.077 seconds
[2025-01-20T08:53:05.757+0000] {processor.py:186} INFO - Started process (PID=69191) to work on /home/airflow/.local/lib/python3.12/site-packages/airflow/example_dags/example_task_group.py
[2025-01-20T08:53:05.758+0000] {processor.py:914} INFO - Processing file /home/airflow/.local/lib/python3.12/site-packages/airflow/example_dags/example_task_group.py for tasks to queue
[2025-01-20T08:53:05.760+0000] {logging_mixin.py:190} INFO - [2025-01-20T08:53:05.760+0000] {dagbag.py:588} INFO - Filling up the DagBag from /home/airflow/.local/lib/python3.12/site-packages/airflow/example_dags/example_task_group.py
[2025-01-20T08:53:05.767+0000] {processor.py:925} INFO - DAG(s) 'example_task_group' retrieved from /home/airflow/.local/lib/python3.12/site-packages/airflow/example_dags/example_task_group.py
[2025-01-20T08:53:05.781+0000] {logging_mixin.py:190} INFO - [2025-01-20T08:53:05.781+0000] {dag.py:3239} INFO - Sync 1 DAGs
[2025-01-20T08:53:05.790+0000] {logging_mixin.py:190} INFO - [2025-01-20T08:53:05.790+0000] {dag.py:4180} INFO - Setting next_dagrun for example_task_group to None, run_after=None
[2025-01-20T08:53:05.804+0000] {processor.py:208} INFO - Processing /home/airflow/.local/lib/python3.12/site-packages/airflow/example_dags/example_task_group.py took 0.052 seconds
[2025-01-20T08:53:36.498+0000] {processor.py:186} INFO - Started process (PID=69488) to work on /home/airflow/.local/lib/python3.12/site-packages/airflow/example_dags/example_task_group.py
[2025-01-20T08:53:36.499+0000] {processor.py:914} INFO - Processing file /home/airflow/.local/lib/python3.12/site-packages/airflow/example_dags/example_task_group.py for tasks to queue
[2025-01-20T08:53:36.501+0000] {logging_mixin.py:190} INFO - [2025-01-20T08:53:36.501+0000] {dagbag.py:588} INFO - Filling up the DagBag from /home/airflow/.local/lib/python3.12/site-packages/airflow/example_dags/example_task_group.py
[2025-01-20T08:53:36.507+0000] {processor.py:925} INFO - DAG(s) 'example_task_group' retrieved from /home/airflow/.local/lib/python3.12/site-packages/airflow/example_dags/example_task_group.py
[2025-01-20T08:53:36.532+0000] {logging_mixin.py:190} INFO - [2025-01-20T08:53:36.531+0000] {dag.py:3239} INFO - Sync 1 DAGs
[2025-01-20T08:53:36.543+0000] {logging_mixin.py:190} INFO - [2025-01-20T08:53:36.543+0000] {dag.py:4180} INFO - Setting next_dagrun for example_task_group to None, run_after=None
[2025-01-20T08:53:36.560+0000] {processor.py:208} INFO - Processing /home/airflow/.local/lib/python3.12/site-packages/airflow/example_dags/example_task_group.py took 0.069 seconds
[2025-01-20T08:54:07.347+0000] {processor.py:186} INFO - Started process (PID=69773) to work on /home/airflow/.local/lib/python3.12/site-packages/airflow/example_dags/example_task_group.py
[2025-01-20T08:54:07.349+0000] {processor.py:914} INFO - Processing file /home/airflow/.local/lib/python3.12/site-packages/airflow/example_dags/example_task_group.py for tasks to queue
[2025-01-20T08:54:07.353+0000] {logging_mixin.py:190} INFO - [2025-01-20T08:54:07.353+0000] {dagbag.py:588} INFO - Filling up the DagBag from /home/airflow/.local/lib/python3.12/site-packages/airflow/example_dags/example_task_group.py
[2025-01-20T08:54:07.369+0000] {processor.py:925} INFO - DAG(s) 'example_task_group' retrieved from /home/airflow/.local/lib/python3.12/site-packages/airflow/example_dags/example_task_group.py
[2025-01-20T08:54:07.389+0000] {logging_mixin.py:190} INFO - [2025-01-20T08:54:07.389+0000] {dag.py:3239} INFO - Sync 1 DAGs
[2025-01-20T08:54:07.401+0000] {logging_mixin.py:190} INFO - [2025-01-20T08:54:07.400+0000] {dag.py:4180} INFO - Setting next_dagrun for example_task_group to None, run_after=None
[2025-01-20T08:54:07.415+0000] {processor.py:208} INFO - Processing /home/airflow/.local/lib/python3.12/site-packages/airflow/example_dags/example_task_group.py took 0.075 seconds
[2025-01-20T08:54:38.160+0000] {processor.py:186} INFO - Started process (PID=70053) to work on /home/airflow/.local/lib/python3.12/site-packages/airflow/example_dags/example_task_group.py
[2025-01-20T08:54:38.162+0000] {processor.py:914} INFO - Processing file /home/airflow/.local/lib/python3.12/site-packages/airflow/example_dags/example_task_group.py for tasks to queue
[2025-01-20T08:54:38.166+0000] {logging_mixin.py:190} INFO - [2025-01-20T08:54:38.166+0000] {dagbag.py:588} INFO - Filling up the DagBag from /home/airflow/.local/lib/python3.12/site-packages/airflow/example_dags/example_task_group.py
[2025-01-20T08:54:38.178+0000] {processor.py:925} INFO - DAG(s) 'example_task_group' retrieved from /home/airflow/.local/lib/python3.12/site-packages/airflow/example_dags/example_task_group.py
[2025-01-20T08:54:38.198+0000] {logging_mixin.py:190} INFO - [2025-01-20T08:54:38.198+0000] {dag.py:3239} INFO - Sync 1 DAGs
[2025-01-20T08:54:38.214+0000] {logging_mixin.py:190} INFO - [2025-01-20T08:54:38.213+0000] {dag.py:4180} INFO - Setting next_dagrun for example_task_group to None, run_after=None
[2025-01-20T08:54:38.235+0000] {processor.py:208} INFO - Processing /home/airflow/.local/lib/python3.12/site-packages/airflow/example_dags/example_task_group.py took 0.083 seconds
[2025-01-20T08:55:08.378+0000] {processor.py:186} INFO - Started process (PID=70359) to work on /home/airflow/.local/lib/python3.12/site-packages/airflow/example_dags/example_task_group.py
[2025-01-20T08:55:08.379+0000] {processor.py:914} INFO - Processing file /home/airflow/.local/lib/python3.12/site-packages/airflow/example_dags/example_task_group.py for tasks to queue
[2025-01-20T08:55:08.382+0000] {logging_mixin.py:190} INFO - [2025-01-20T08:55:08.381+0000] {dagbag.py:588} INFO - Filling up the DagBag from /home/airflow/.local/lib/python3.12/site-packages/airflow/example_dags/example_task_group.py
[2025-01-20T08:55:08.392+0000] {processor.py:925} INFO - DAG(s) 'example_task_group' retrieved from /home/airflow/.local/lib/python3.12/site-packages/airflow/example_dags/example_task_group.py
[2025-01-20T08:55:08.409+0000] {logging_mixin.py:190} INFO - [2025-01-20T08:55:08.409+0000] {dag.py:3239} INFO - Sync 1 DAGs
[2025-01-20T08:55:08.419+0000] {logging_mixin.py:190} INFO - [2025-01-20T08:55:08.419+0000] {dag.py:4180} INFO - Setting next_dagrun for example_task_group to None, run_after=None
[2025-01-20T08:55:08.438+0000] {processor.py:208} INFO - Processing /home/airflow/.local/lib/python3.12/site-packages/airflow/example_dags/example_task_group.py took 0.073 seconds
[2025-01-20T08:55:38.909+0000] {processor.py:186} INFO - Started process (PID=70660) to work on /home/airflow/.local/lib/python3.12/site-packages/airflow/example_dags/example_task_group.py
[2025-01-20T08:55:38.910+0000] {processor.py:914} INFO - Processing file /home/airflow/.local/lib/python3.12/site-packages/airflow/example_dags/example_task_group.py for tasks to queue
[2025-01-20T08:55:38.914+0000] {logging_mixin.py:190} INFO - [2025-01-20T08:55:38.913+0000] {dagbag.py:588} INFO - Filling up the DagBag from /home/airflow/.local/lib/python3.12/site-packages/airflow/example_dags/example_task_group.py
[2025-01-20T08:55:38.920+0000] {processor.py:925} INFO - DAG(s) 'example_task_group' retrieved from /home/airflow/.local/lib/python3.12/site-packages/airflow/example_dags/example_task_group.py
[2025-01-20T08:55:38.943+0000] {logging_mixin.py:190} INFO - [2025-01-20T08:55:38.943+0000] {dag.py:3239} INFO - Sync 1 DAGs
[2025-01-20T08:55:38.954+0000] {logging_mixin.py:190} INFO - [2025-01-20T08:55:38.953+0000] {dag.py:4180} INFO - Setting next_dagrun for example_task_group to None, run_after=None
[2025-01-20T08:55:38.969+0000] {processor.py:208} INFO - Processing /home/airflow/.local/lib/python3.12/site-packages/airflow/example_dags/example_task_group.py took 0.069 seconds
[2025-01-20T08:56:09.373+0000] {processor.py:186} INFO - Started process (PID=70966) to work on /home/airflow/.local/lib/python3.12/site-packages/airflow/example_dags/example_task_group.py
[2025-01-20T08:56:09.374+0000] {processor.py:914} INFO - Processing file /home/airflow/.local/lib/python3.12/site-packages/airflow/example_dags/example_task_group.py for tasks to queue
[2025-01-20T08:56:09.376+0000] {logging_mixin.py:190} INFO - [2025-01-20T08:56:09.376+0000] {dagbag.py:588} INFO - Filling up the DagBag from /home/airflow/.local/lib/python3.12/site-packages/airflow/example_dags/example_task_group.py
[2025-01-20T08:56:09.383+0000] {processor.py:925} INFO - DAG(s) 'example_task_group' retrieved from /home/airflow/.local/lib/python3.12/site-packages/airflow/example_dags/example_task_group.py
[2025-01-20T08:56:09.408+0000] {logging_mixin.py:190} INFO - [2025-01-20T08:56:09.407+0000] {dag.py:3239} INFO - Sync 1 DAGs
[2025-01-20T08:56:09.424+0000] {logging_mixin.py:190} INFO - [2025-01-20T08:56:09.423+0000] {dag.py:4180} INFO - Setting next_dagrun for example_task_group to None, run_after=None
[2025-01-20T08:56:09.444+0000] {processor.py:208} INFO - Processing /home/airflow/.local/lib/python3.12/site-packages/airflow/example_dags/example_task_group.py took 0.079 seconds
[2025-01-20T08:56:39.864+0000] {processor.py:186} INFO - Started process (PID=71266) to work on /home/airflow/.local/lib/python3.12/site-packages/airflow/example_dags/example_task_group.py
[2025-01-20T08:56:39.865+0000] {processor.py:914} INFO - Processing file /home/airflow/.local/lib/python3.12/site-packages/airflow/example_dags/example_task_group.py for tasks to queue
[2025-01-20T08:56:39.868+0000] {logging_mixin.py:190} INFO - [2025-01-20T08:56:39.867+0000] {dagbag.py:588} INFO - Filling up the DagBag from /home/airflow/.local/lib/python3.12/site-packages/airflow/example_dags/example_task_group.py
[2025-01-20T08:56:39.890+0000] {processor.py:925} INFO - DAG(s) 'example_task_group' retrieved from /home/airflow/.local/lib/python3.12/site-packages/airflow/example_dags/example_task_group.py
[2025-01-20T08:56:39.924+0000] {logging_mixin.py:190} INFO - [2025-01-20T08:56:39.924+0000] {dag.py:3239} INFO - Sync 1 DAGs
[2025-01-20T08:56:39.947+0000] {logging_mixin.py:190} INFO - [2025-01-20T08:56:39.946+0000] {dag.py:4180} INFO - Setting next_dagrun for example_task_group to None, run_after=None
[2025-01-20T08:56:39.995+0000] {processor.py:208} INFO - Processing /home/airflow/.local/lib/python3.12/site-packages/airflow/example_dags/example_task_group.py took 0.146 seconds
[2025-01-20T08:57:10.197+0000] {processor.py:186} INFO - Started process (PID=71572) to work on /home/airflow/.local/lib/python3.12/site-packages/airflow/example_dags/example_task_group.py
[2025-01-20T08:57:10.198+0000] {processor.py:914} INFO - Processing file /home/airflow/.local/lib/python3.12/site-packages/airflow/example_dags/example_task_group.py for tasks to queue
[2025-01-20T08:57:10.202+0000] {logging_mixin.py:190} INFO - [2025-01-20T08:57:10.202+0000] {dagbag.py:588} INFO - Filling up the DagBag from /home/airflow/.local/lib/python3.12/site-packages/airflow/example_dags/example_task_group.py
[2025-01-20T08:57:10.215+0000] {processor.py:925} INFO - DAG(s) 'example_task_group' retrieved from /home/airflow/.local/lib/python3.12/site-packages/airflow/example_dags/example_task_group.py
[2025-01-20T08:57:10.237+0000] {logging_mixin.py:190} INFO - [2025-01-20T08:57:10.237+0000] {dag.py:3239} INFO - Sync 1 DAGs
[2025-01-20T08:57:10.251+0000] {logging_mixin.py:190} INFO - [2025-01-20T08:57:10.251+0000] {dag.py:4180} INFO - Setting next_dagrun for example_task_group to None, run_after=None
[2025-01-20T08:57:10.273+0000] {processor.py:208} INFO - Processing /home/airflow/.local/lib/python3.12/site-packages/airflow/example_dags/example_task_group.py took 0.091 seconds
[2025-01-20T08:57:40.389+0000] {processor.py:186} INFO - Started process (PID=71875) to work on /home/airflow/.local/lib/python3.12/site-packages/airflow/example_dags/example_task_group.py
[2025-01-20T08:57:40.391+0000] {processor.py:914} INFO - Processing file /home/airflow/.local/lib/python3.12/site-packages/airflow/example_dags/example_task_group.py for tasks to queue
[2025-01-20T08:57:40.394+0000] {logging_mixin.py:190} INFO - [2025-01-20T08:57:40.394+0000] {dagbag.py:588} INFO - Filling up the DagBag from /home/airflow/.local/lib/python3.12/site-packages/airflow/example_dags/example_task_group.py
[2025-01-20T08:57:40.401+0000] {processor.py:925} INFO - DAG(s) 'example_task_group' retrieved from /home/airflow/.local/lib/python3.12/site-packages/airflow/example_dags/example_task_group.py
[2025-01-20T08:57:40.419+0000] {logging_mixin.py:190} INFO - [2025-01-20T08:57:40.419+0000] {dag.py:3239} INFO - Sync 1 DAGs
[2025-01-20T08:57:40.428+0000] {logging_mixin.py:190} INFO - [2025-01-20T08:57:40.428+0000] {dag.py:4180} INFO - Setting next_dagrun for example_task_group to None, run_after=None
[2025-01-20T08:57:40.445+0000] {processor.py:208} INFO - Processing /home/airflow/.local/lib/python3.12/site-packages/airflow/example_dags/example_task_group.py took 0.064 seconds
[2025-01-20T08:58:10.957+0000] {processor.py:186} INFO - Started process (PID=72181) to work on /home/airflow/.local/lib/python3.12/site-packages/airflow/example_dags/example_task_group.py
[2025-01-20T08:58:10.958+0000] {processor.py:914} INFO - Processing file /home/airflow/.local/lib/python3.12/site-packages/airflow/example_dags/example_task_group.py for tasks to queue
[2025-01-20T08:58:10.960+0000] {logging_mixin.py:190} INFO - [2025-01-20T08:58:10.960+0000] {dagbag.py:588} INFO - Filling up the DagBag from /home/airflow/.local/lib/python3.12/site-packages/airflow/example_dags/example_task_group.py
[2025-01-20T08:58:10.967+0000] {processor.py:925} INFO - DAG(s) 'example_task_group' retrieved from /home/airflow/.local/lib/python3.12/site-packages/airflow/example_dags/example_task_group.py
[2025-01-20T08:58:10.984+0000] {logging_mixin.py:190} INFO - [2025-01-20T08:58:10.984+0000] {dag.py:3239} INFO - Sync 1 DAGs
[2025-01-20T08:58:10.994+0000] {logging_mixin.py:190} INFO - [2025-01-20T08:58:10.994+0000] {dag.py:4180} INFO - Setting next_dagrun for example_task_group to None, run_after=None
[2025-01-20T08:58:11.008+0000] {processor.py:208} INFO - Processing /home/airflow/.local/lib/python3.12/site-packages/airflow/example_dags/example_task_group.py took 0.057 seconds
[2025-01-20T08:58:41.800+0000] {processor.py:186} INFO - Started process (PID=72477) to work on /home/airflow/.local/lib/python3.12/site-packages/airflow/example_dags/example_task_group.py
[2025-01-20T08:58:41.801+0000] {processor.py:914} INFO - Processing file /home/airflow/.local/lib/python3.12/site-packages/airflow/example_dags/example_task_group.py for tasks to queue
[2025-01-20T08:58:41.804+0000] {logging_mixin.py:190} INFO - [2025-01-20T08:58:41.803+0000] {dagbag.py:588} INFO - Filling up the DagBag from /home/airflow/.local/lib/python3.12/site-packages/airflow/example_dags/example_task_group.py
[2025-01-20T08:58:41.820+0000] {processor.py:925} INFO - DAG(s) 'example_task_group' retrieved from /home/airflow/.local/lib/python3.12/site-packages/airflow/example_dags/example_task_group.py
[2025-01-20T08:58:41.838+0000] {logging_mixin.py:190} INFO - [2025-01-20T08:58:41.838+0000] {dag.py:3239} INFO - Sync 1 DAGs
[2025-01-20T08:58:41.849+0000] {logging_mixin.py:190} INFO - [2025-01-20T08:58:41.849+0000] {dag.py:4180} INFO - Setting next_dagrun for example_task_group to None, run_after=None
[2025-01-20T08:58:41.867+0000] {processor.py:208} INFO - Processing /home/airflow/.local/lib/python3.12/site-packages/airflow/example_dags/example_task_group.py took 0.080 seconds
[2025-01-20T08:59:12.200+0000] {processor.py:186} INFO - Started process (PID=72783) to work on /home/airflow/.local/lib/python3.12/site-packages/airflow/example_dags/example_task_group.py
[2025-01-20T08:59:12.201+0000] {processor.py:914} INFO - Processing file /home/airflow/.local/lib/python3.12/site-packages/airflow/example_dags/example_task_group.py for tasks to queue
[2025-01-20T08:59:12.203+0000] {logging_mixin.py:190} INFO - [2025-01-20T08:59:12.203+0000] {dagbag.py:588} INFO - Filling up the DagBag from /home/airflow/.local/lib/python3.12/site-packages/airflow/example_dags/example_task_group.py
[2025-01-20T08:59:12.210+0000] {processor.py:925} INFO - DAG(s) 'example_task_group' retrieved from /home/airflow/.local/lib/python3.12/site-packages/airflow/example_dags/example_task_group.py
[2025-01-20T08:59:12.225+0000] {logging_mixin.py:190} INFO - [2025-01-20T08:59:12.225+0000] {dag.py:3239} INFO - Sync 1 DAGs
[2025-01-20T08:59:12.234+0000] {logging_mixin.py:190} INFO - [2025-01-20T08:59:12.234+0000] {dag.py:4180} INFO - Setting next_dagrun for example_task_group to None, run_after=None
[2025-01-20T08:59:12.248+0000] {processor.py:208} INFO - Processing /home/airflow/.local/lib/python3.12/site-packages/airflow/example_dags/example_task_group.py took 0.056 seconds
[2025-01-20T08:59:42.763+0000] {processor.py:186} INFO - Started process (PID=73084) to work on /home/airflow/.local/lib/python3.12/site-packages/airflow/example_dags/example_task_group.py
[2025-01-20T08:59:42.764+0000] {processor.py:914} INFO - Processing file /home/airflow/.local/lib/python3.12/site-packages/airflow/example_dags/example_task_group.py for tasks to queue
[2025-01-20T08:59:42.768+0000] {logging_mixin.py:190} INFO - [2025-01-20T08:59:42.767+0000] {dagbag.py:588} INFO - Filling up the DagBag from /home/airflow/.local/lib/python3.12/site-packages/airflow/example_dags/example_task_group.py
[2025-01-20T08:59:42.783+0000] {processor.py:925} INFO - DAG(s) 'example_task_group' retrieved from /home/airflow/.local/lib/python3.12/site-packages/airflow/example_dags/example_task_group.py
[2025-01-20T08:59:42.811+0000] {logging_mixin.py:190} INFO - [2025-01-20T08:59:42.811+0000] {dag.py:3239} INFO - Sync 1 DAGs
[2025-01-20T08:59:42.826+0000] {logging_mixin.py:190} INFO - [2025-01-20T08:59:42.825+0000] {dag.py:4180} INFO - Setting next_dagrun for example_task_group to None, run_after=None
[2025-01-20T08:59:42.845+0000] {processor.py:208} INFO - Processing /home/airflow/.local/lib/python3.12/site-packages/airflow/example_dags/example_task_group.py took 0.091 seconds
[2025-01-20T09:00:13.065+0000] {processor.py:186} INFO - Started process (PID=73390) to work on /home/airflow/.local/lib/python3.12/site-packages/airflow/example_dags/example_task_group.py
[2025-01-20T09:00:13.067+0000] {processor.py:914} INFO - Processing file /home/airflow/.local/lib/python3.12/site-packages/airflow/example_dags/example_task_group.py for tasks to queue
[2025-01-20T09:00:13.070+0000] {logging_mixin.py:190} INFO - [2025-01-20T09:00:13.069+0000] {dagbag.py:588} INFO - Filling up the DagBag from /home/airflow/.local/lib/python3.12/site-packages/airflow/example_dags/example_task_group.py
[2025-01-20T09:00:13.080+0000] {processor.py:925} INFO - DAG(s) 'example_task_group' retrieved from /home/airflow/.local/lib/python3.12/site-packages/airflow/example_dags/example_task_group.py
[2025-01-20T09:00:13.102+0000] {logging_mixin.py:190} INFO - [2025-01-20T09:00:13.102+0000] {dag.py:3239} INFO - Sync 1 DAGs
[2025-01-20T09:00:13.117+0000] {logging_mixin.py:190} INFO - [2025-01-20T09:00:13.117+0000] {dag.py:4180} INFO - Setting next_dagrun for example_task_group to None, run_after=None
[2025-01-20T09:00:13.137+0000] {processor.py:208} INFO - Processing /home/airflow/.local/lib/python3.12/site-packages/airflow/example_dags/example_task_group.py took 0.083 seconds
[2025-01-20T09:00:43.410+0000] {processor.py:186} INFO - Started process (PID=73691) to work on /home/airflow/.local/lib/python3.12/site-packages/airflow/example_dags/example_task_group.py
[2025-01-20T09:00:43.410+0000] {processor.py:914} INFO - Processing file /home/airflow/.local/lib/python3.12/site-packages/airflow/example_dags/example_task_group.py for tasks to queue
[2025-01-20T09:00:43.412+0000] {logging_mixin.py:190} INFO - [2025-01-20T09:00:43.412+0000] {dagbag.py:588} INFO - Filling up the DagBag from /home/airflow/.local/lib/python3.12/site-packages/airflow/example_dags/example_task_group.py
[2025-01-20T09:00:43.424+0000] {processor.py:925} INFO - DAG(s) 'example_task_group' retrieved from /home/airflow/.local/lib/python3.12/site-packages/airflow/example_dags/example_task_group.py
[2025-01-20T09:00:43.454+0000] {logging_mixin.py:190} INFO - [2025-01-20T09:00:43.454+0000] {dag.py:3239} INFO - Sync 1 DAGs
[2025-01-20T09:00:43.471+0000] {logging_mixin.py:190} INFO - [2025-01-20T09:00:43.470+0000] {dag.py:4180} INFO - Setting next_dagrun for example_task_group to None, run_after=None
[2025-01-20T09:00:43.486+0000] {processor.py:208} INFO - Processing /home/airflow/.local/lib/python3.12/site-packages/airflow/example_dags/example_task_group.py took 0.081 seconds
[2025-01-20T09:01:14.033+0000] {processor.py:186} INFO - Started process (PID=73997) to work on /home/airflow/.local/lib/python3.12/site-packages/airflow/example_dags/example_task_group.py
[2025-01-20T09:01:14.035+0000] {processor.py:914} INFO - Processing file /home/airflow/.local/lib/python3.12/site-packages/airflow/example_dags/example_task_group.py for tasks to queue
[2025-01-20T09:01:14.038+0000] {logging_mixin.py:190} INFO - [2025-01-20T09:01:14.037+0000] {dagbag.py:588} INFO - Filling up the DagBag from /home/airflow/.local/lib/python3.12/site-packages/airflow/example_dags/example_task_group.py
[2025-01-20T09:01:14.048+0000] {processor.py:925} INFO - DAG(s) 'example_task_group' retrieved from /home/airflow/.local/lib/python3.12/site-packages/airflow/example_dags/example_task_group.py
[2025-01-20T09:01:14.071+0000] {logging_mixin.py:190} INFO - [2025-01-20T09:01:14.070+0000] {dag.py:3239} INFO - Sync 1 DAGs
[2025-01-20T09:01:14.080+0000] {logging_mixin.py:190} INFO - [2025-01-20T09:01:14.079+0000] {dag.py:4180} INFO - Setting next_dagrun for example_task_group to None, run_after=None
[2025-01-20T09:01:14.098+0000] {processor.py:208} INFO - Processing /home/airflow/.local/lib/python3.12/site-packages/airflow/example_dags/example_task_group.py took 0.076 seconds
[2025-01-20T09:01:44.444+0000] {processor.py:186} INFO - Started process (PID=74298) to work on /home/airflow/.local/lib/python3.12/site-packages/airflow/example_dags/example_task_group.py
[2025-01-20T09:01:44.444+0000] {processor.py:914} INFO - Processing file /home/airflow/.local/lib/python3.12/site-packages/airflow/example_dags/example_task_group.py for tasks to queue
[2025-01-20T09:01:44.446+0000] {logging_mixin.py:190} INFO - [2025-01-20T09:01:44.446+0000] {dagbag.py:588} INFO - Filling up the DagBag from /home/airflow/.local/lib/python3.12/site-packages/airflow/example_dags/example_task_group.py
[2025-01-20T09:01:44.454+0000] {processor.py:925} INFO - DAG(s) 'example_task_group' retrieved from /home/airflow/.local/lib/python3.12/site-packages/airflow/example_dags/example_task_group.py
[2025-01-20T09:01:44.481+0000] {logging_mixin.py:190} INFO - [2025-01-20T09:01:44.480+0000] {dag.py:3239} INFO - Sync 1 DAGs
[2025-01-20T09:01:44.491+0000] {logging_mixin.py:190} INFO - [2025-01-20T09:01:44.491+0000] {dag.py:4180} INFO - Setting next_dagrun for example_task_group to None, run_after=None
[2025-01-20T09:01:44.507+0000] {processor.py:208} INFO - Processing /home/airflow/.local/lib/python3.12/site-packages/airflow/example_dags/example_task_group.py took 0.069 seconds
[2025-01-20T09:02:14.944+0000] {processor.py:186} INFO - Started process (PID=74604) to work on /home/airflow/.local/lib/python3.12/site-packages/airflow/example_dags/example_task_group.py
[2025-01-20T09:02:14.945+0000] {processor.py:914} INFO - Processing file /home/airflow/.local/lib/python3.12/site-packages/airflow/example_dags/example_task_group.py for tasks to queue
[2025-01-20T09:02:14.947+0000] {logging_mixin.py:190} INFO - [2025-01-20T09:02:14.947+0000] {dagbag.py:588} INFO - Filling up the DagBag from /home/airflow/.local/lib/python3.12/site-packages/airflow/example_dags/example_task_group.py
[2025-01-20T09:02:14.955+0000] {processor.py:925} INFO - DAG(s) 'example_task_group' retrieved from /home/airflow/.local/lib/python3.12/site-packages/airflow/example_dags/example_task_group.py
[2025-01-20T09:02:14.976+0000] {logging_mixin.py:190} INFO - [2025-01-20T09:02:14.976+0000] {dag.py:3239} INFO - Sync 1 DAGs
[2025-01-20T09:02:14.989+0000] {logging_mixin.py:190} INFO - [2025-01-20T09:02:14.988+0000] {dag.py:4180} INFO - Setting next_dagrun for example_task_group to None, run_after=None
[2025-01-20T09:02:15.009+0000] {processor.py:208} INFO - Processing /home/airflow/.local/lib/python3.12/site-packages/airflow/example_dags/example_task_group.py took 0.075 seconds
[2025-01-20T09:02:45.203+0000] {processor.py:186} INFO - Started process (PID=74911) to work on /home/airflow/.local/lib/python3.12/site-packages/airflow/example_dags/example_task_group.py
[2025-01-20T09:02:45.205+0000] {processor.py:914} INFO - Processing file /home/airflow/.local/lib/python3.12/site-packages/airflow/example_dags/example_task_group.py for tasks to queue
[2025-01-20T09:02:45.213+0000] {logging_mixin.py:190} INFO - [2025-01-20T09:02:45.212+0000] {dagbag.py:588} INFO - Filling up the DagBag from /home/airflow/.local/lib/python3.12/site-packages/airflow/example_dags/example_task_group.py
[2025-01-20T09:02:45.224+0000] {processor.py:925} INFO - DAG(s) 'example_task_group' retrieved from /home/airflow/.local/lib/python3.12/site-packages/airflow/example_dags/example_task_group.py
[2025-01-20T09:02:45.247+0000] {logging_mixin.py:190} INFO - [2025-01-20T09:02:45.247+0000] {dag.py:3239} INFO - Sync 1 DAGs
[2025-01-20T09:02:45.267+0000] {logging_mixin.py:190} INFO - [2025-01-20T09:02:45.266+0000] {dag.py:4180} INFO - Setting next_dagrun for example_task_group to None, run_after=None
[2025-01-20T09:02:45.291+0000] {processor.py:208} INFO - Processing /home/airflow/.local/lib/python3.12/site-packages/airflow/example_dags/example_task_group.py took 0.099 seconds
[2025-01-20T09:03:15.446+0000] {processor.py:186} INFO - Started process (PID=75217) to work on /home/airflow/.local/lib/python3.12/site-packages/airflow/example_dags/example_task_group.py
[2025-01-20T09:03:15.448+0000] {processor.py:914} INFO - Processing file /home/airflow/.local/lib/python3.12/site-packages/airflow/example_dags/example_task_group.py for tasks to queue
[2025-01-20T09:03:15.452+0000] {logging_mixin.py:190} INFO - [2025-01-20T09:03:15.452+0000] {dagbag.py:588} INFO - Filling up the DagBag from /home/airflow/.local/lib/python3.12/site-packages/airflow/example_dags/example_task_group.py
[2025-01-20T09:03:15.464+0000] {processor.py:925} INFO - DAG(s) 'example_task_group' retrieved from /home/airflow/.local/lib/python3.12/site-packages/airflow/example_dags/example_task_group.py
[2025-01-20T09:03:15.480+0000] {logging_mixin.py:190} INFO - [2025-01-20T09:03:15.480+0000] {dag.py:3239} INFO - Sync 1 DAGs
[2025-01-20T09:03:15.489+0000] {logging_mixin.py:190} INFO - [2025-01-20T09:03:15.489+0000] {dag.py:4180} INFO - Setting next_dagrun for example_task_group to None, run_after=None
[2025-01-20T09:03:15.502+0000] {processor.py:208} INFO - Processing /home/airflow/.local/lib/python3.12/site-packages/airflow/example_dags/example_task_group.py took 0.066 seconds
[2025-01-20T09:03:46.253+0000] {processor.py:186} INFO - Started process (PID=75518) to work on /home/airflow/.local/lib/python3.12/site-packages/airflow/example_dags/example_task_group.py
[2025-01-20T09:03:46.254+0000] {processor.py:914} INFO - Processing file /home/airflow/.local/lib/python3.12/site-packages/airflow/example_dags/example_task_group.py for tasks to queue
[2025-01-20T09:03:46.257+0000] {logging_mixin.py:190} INFO - [2025-01-20T09:03:46.257+0000] {dagbag.py:588} INFO - Filling up the DagBag from /home/airflow/.local/lib/python3.12/site-packages/airflow/example_dags/example_task_group.py
[2025-01-20T09:03:46.264+0000] {processor.py:925} INFO - DAG(s) 'example_task_group' retrieved from /home/airflow/.local/lib/python3.12/site-packages/airflow/example_dags/example_task_group.py
[2025-01-20T09:03:46.290+0000] {logging_mixin.py:190} INFO - [2025-01-20T09:03:46.289+0000] {dag.py:3239} INFO - Sync 1 DAGs
[2025-01-20T09:03:46.306+0000] {logging_mixin.py:190} INFO - [2025-01-20T09:03:46.306+0000] {dag.py:4180} INFO - Setting next_dagrun for example_task_group to None, run_after=None
[2025-01-20T09:03:46.459+0000] {processor.py:208} INFO - Processing /home/airflow/.local/lib/python3.12/site-packages/airflow/example_dags/example_task_group.py took 0.211 seconds
[2025-01-20T09:04:16.597+0000] {processor.py:186} INFO - Started process (PID=75824) to work on /home/airflow/.local/lib/python3.12/site-packages/airflow/example_dags/example_task_group.py
[2025-01-20T09:04:16.597+0000] {processor.py:914} INFO - Processing file /home/airflow/.local/lib/python3.12/site-packages/airflow/example_dags/example_task_group.py for tasks to queue
[2025-01-20T09:04:16.600+0000] {logging_mixin.py:190} INFO - [2025-01-20T09:04:16.599+0000] {dagbag.py:588} INFO - Filling up the DagBag from /home/airflow/.local/lib/python3.12/site-packages/airflow/example_dags/example_task_group.py
[2025-01-20T09:04:16.612+0000] {processor.py:925} INFO - DAG(s) 'example_task_group' retrieved from /home/airflow/.local/lib/python3.12/site-packages/airflow/example_dags/example_task_group.py
[2025-01-20T09:04:16.635+0000] {logging_mixin.py:190} INFO - [2025-01-20T09:04:16.635+0000] {dag.py:3239} INFO - Sync 1 DAGs
[2025-01-20T09:04:16.649+0000] {logging_mixin.py:190} INFO - [2025-01-20T09:04:16.648+0000] {dag.py:4180} INFO - Setting next_dagrun for example_task_group to None, run_after=None
[2025-01-20T09:04:16.784+0000] {processor.py:208} INFO - Processing /home/airflow/.local/lib/python3.12/site-packages/airflow/example_dags/example_task_group.py took 0.193 seconds
[2025-01-20T09:04:47.476+0000] {processor.py:186} INFO - Started process (PID=76125) to work on /home/airflow/.local/lib/python3.12/site-packages/airflow/example_dags/example_task_group.py
[2025-01-20T09:04:47.478+0000] {processor.py:914} INFO - Processing file /home/airflow/.local/lib/python3.12/site-packages/airflow/example_dags/example_task_group.py for tasks to queue
[2025-01-20T09:04:47.481+0000] {logging_mixin.py:190} INFO - [2025-01-20T09:04:47.481+0000] {dagbag.py:588} INFO - Filling up the DagBag from /home/airflow/.local/lib/python3.12/site-packages/airflow/example_dags/example_task_group.py
[2025-01-20T09:04:47.494+0000] {processor.py:925} INFO - DAG(s) 'example_task_group' retrieved from /home/airflow/.local/lib/python3.12/site-packages/airflow/example_dags/example_task_group.py
[2025-01-20T09:04:47.520+0000] {logging_mixin.py:190} INFO - [2025-01-20T09:04:47.519+0000] {dag.py:3239} INFO - Sync 1 DAGs
[2025-01-20T09:04:47.567+0000] {logging_mixin.py:190} INFO - [2025-01-20T09:04:47.566+0000] {dag.py:4180} INFO - Setting next_dagrun for example_task_group to None, run_after=None
[2025-01-20T09:04:47.596+0000] {processor.py:208} INFO - Processing /home/airflow/.local/lib/python3.12/site-packages/airflow/example_dags/example_task_group.py took 0.137 seconds
[2025-01-20T09:05:17.860+0000] {processor.py:186} INFO - Started process (PID=76431) to work on /home/airflow/.local/lib/python3.12/site-packages/airflow/example_dags/example_task_group.py
[2025-01-20T09:05:17.861+0000] {processor.py:914} INFO - Processing file /home/airflow/.local/lib/python3.12/site-packages/airflow/example_dags/example_task_group.py for tasks to queue
[2025-01-20T09:05:17.866+0000] {logging_mixin.py:190} INFO - [2025-01-20T09:05:17.865+0000] {dagbag.py:588} INFO - Filling up the DagBag from /home/airflow/.local/lib/python3.12/site-packages/airflow/example_dags/example_task_group.py
[2025-01-20T09:05:17.878+0000] {processor.py:925} INFO - DAG(s) 'example_task_group' retrieved from /home/airflow/.local/lib/python3.12/site-packages/airflow/example_dags/example_task_group.py
[2025-01-20T09:05:17.902+0000] {logging_mixin.py:190} INFO - [2025-01-20T09:05:17.902+0000] {dag.py:3239} INFO - Sync 1 DAGs
[2025-01-20T09:05:17.917+0000] {logging_mixin.py:190} INFO - [2025-01-20T09:05:17.917+0000] {dag.py:4180} INFO - Setting next_dagrun for example_task_group to None, run_after=None
[2025-01-20T09:05:17.938+0000] {processor.py:208} INFO - Processing /home/airflow/.local/lib/python3.12/site-packages/airflow/example_dags/example_task_group.py took 0.089 seconds
[2025-01-20T09:05:48.071+0000] {processor.py:186} INFO - Started process (PID=76727) to work on /home/airflow/.local/lib/python3.12/site-packages/airflow/example_dags/example_task_group.py
[2025-01-20T09:05:48.072+0000] {processor.py:914} INFO - Processing file /home/airflow/.local/lib/python3.12/site-packages/airflow/example_dags/example_task_group.py for tasks to queue
[2025-01-20T09:05:48.074+0000] {logging_mixin.py:190} INFO - [2025-01-20T09:05:48.074+0000] {dagbag.py:588} INFO - Filling up the DagBag from /home/airflow/.local/lib/python3.12/site-packages/airflow/example_dags/example_task_group.py
[2025-01-20T09:05:48.081+0000] {processor.py:925} INFO - DAG(s) 'example_task_group' retrieved from /home/airflow/.local/lib/python3.12/site-packages/airflow/example_dags/example_task_group.py
[2025-01-20T09:05:48.097+0000] {logging_mixin.py:190} INFO - [2025-01-20T09:05:48.097+0000] {dag.py:3239} INFO - Sync 1 DAGs
[2025-01-20T09:05:48.110+0000] {logging_mixin.py:190} INFO - [2025-01-20T09:05:48.110+0000] {dag.py:4180} INFO - Setting next_dagrun for example_task_group to None, run_after=None
[2025-01-20T09:05:48.135+0000] {processor.py:208} INFO - Processing /home/airflow/.local/lib/python3.12/site-packages/airflow/example_dags/example_task_group.py took 0.069 seconds
[2025-01-20T09:06:19.083+0000] {processor.py:186} INFO - Started process (PID=77033) to work on /home/airflow/.local/lib/python3.12/site-packages/airflow/example_dags/example_task_group.py
[2025-01-20T09:06:19.086+0000] {processor.py:914} INFO - Processing file /home/airflow/.local/lib/python3.12/site-packages/airflow/example_dags/example_task_group.py for tasks to queue
[2025-01-20T09:06:19.092+0000] {logging_mixin.py:190} INFO - [2025-01-20T09:06:19.091+0000] {dagbag.py:588} INFO - Filling up the DagBag from /home/airflow/.local/lib/python3.12/site-packages/airflow/example_dags/example_task_group.py
[2025-01-20T09:06:19.110+0000] {processor.py:925} INFO - DAG(s) 'example_task_group' retrieved from /home/airflow/.local/lib/python3.12/site-packages/airflow/example_dags/example_task_group.py
[2025-01-20T09:06:19.131+0000] {logging_mixin.py:190} INFO - [2025-01-20T09:06:19.131+0000] {dag.py:3239} INFO - Sync 1 DAGs
[2025-01-20T09:06:19.149+0000] {logging_mixin.py:190} INFO - [2025-01-20T09:06:19.149+0000] {dag.py:4180} INFO - Setting next_dagrun for example_task_group to None, run_after=None
[2025-01-20T09:06:19.168+0000] {processor.py:208} INFO - Processing /home/airflow/.local/lib/python3.12/site-packages/airflow/example_dags/example_task_group.py took 0.099 seconds
[2025-01-20T09:06:49.990+0000] {processor.py:186} INFO - Started process (PID=77334) to work on /home/airflow/.local/lib/python3.12/site-packages/airflow/example_dags/example_task_group.py
[2025-01-20T09:06:49.991+0000] {processor.py:914} INFO - Processing file /home/airflow/.local/lib/python3.12/site-packages/airflow/example_dags/example_task_group.py for tasks to queue
[2025-01-20T09:06:49.995+0000] {logging_mixin.py:190} INFO - [2025-01-20T09:06:49.994+0000] {dagbag.py:588} INFO - Filling up the DagBag from /home/airflow/.local/lib/python3.12/site-packages/airflow/example_dags/example_task_group.py
[2025-01-20T09:06:50.012+0000] {processor.py:925} INFO - DAG(s) 'example_task_group' retrieved from /home/airflow/.local/lib/python3.12/site-packages/airflow/example_dags/example_task_group.py
[2025-01-20T09:06:50.040+0000] {logging_mixin.py:190} INFO - [2025-01-20T09:06:50.040+0000] {dag.py:3239} INFO - Sync 1 DAGs
[2025-01-20T09:06:50.058+0000] {logging_mixin.py:190} INFO - [2025-01-20T09:06:50.058+0000] {dag.py:4180} INFO - Setting next_dagrun for example_task_group to None, run_after=None
[2025-01-20T09:06:50.080+0000] {processor.py:208} INFO - Processing /home/airflow/.local/lib/python3.12/site-packages/airflow/example_dags/example_task_group.py took 0.096 seconds
[2025-01-20T09:07:20.905+0000] {processor.py:186} INFO - Started process (PID=77640) to work on /home/airflow/.local/lib/python3.12/site-packages/airflow/example_dags/example_task_group.py
[2025-01-20T09:07:20.906+0000] {processor.py:914} INFO - Processing file /home/airflow/.local/lib/python3.12/site-packages/airflow/example_dags/example_task_group.py for tasks to queue
[2025-01-20T09:07:20.908+0000] {logging_mixin.py:190} INFO - [2025-01-20T09:07:20.908+0000] {dagbag.py:588} INFO - Filling up the DagBag from /home/airflow/.local/lib/python3.12/site-packages/airflow/example_dags/example_task_group.py
[2025-01-20T09:07:20.923+0000] {processor.py:925} INFO - DAG(s) 'example_task_group' retrieved from /home/airflow/.local/lib/python3.12/site-packages/airflow/example_dags/example_task_group.py
[2025-01-20T09:07:20.945+0000] {logging_mixin.py:190} INFO - [2025-01-20T09:07:20.945+0000] {dag.py:3239} INFO - Sync 1 DAGs
[2025-01-20T09:07:20.957+0000] {logging_mixin.py:190} INFO - [2025-01-20T09:07:20.957+0000] {dag.py:4180} INFO - Setting next_dagrun for example_task_group to None, run_after=None
[2025-01-20T09:07:20.968+0000] {processor.py:208} INFO - Processing /home/airflow/.local/lib/python3.12/site-packages/airflow/example_dags/example_task_group.py took 0.070 seconds
[2025-01-20T09:07:51.770+0000] {processor.py:186} INFO - Started process (PID=77941) to work on /home/airflow/.local/lib/python3.12/site-packages/airflow/example_dags/example_task_group.py
[2025-01-20T09:07:51.771+0000] {processor.py:914} INFO - Processing file /home/airflow/.local/lib/python3.12/site-packages/airflow/example_dags/example_task_group.py for tasks to queue
[2025-01-20T09:07:51.778+0000] {logging_mixin.py:190} INFO - [2025-01-20T09:07:51.777+0000] {dagbag.py:588} INFO - Filling up the DagBag from /home/airflow/.local/lib/python3.12/site-packages/airflow/example_dags/example_task_group.py
[2025-01-20T09:07:51.790+0000] {processor.py:925} INFO - DAG(s) 'example_task_group' retrieved from /home/airflow/.local/lib/python3.12/site-packages/airflow/example_dags/example_task_group.py
[2025-01-20T09:07:51.815+0000] {logging_mixin.py:190} INFO - [2025-01-20T09:07:51.815+0000] {dag.py:3239} INFO - Sync 1 DAGs
[2025-01-20T09:07:51.835+0000] {logging_mixin.py:190} INFO - [2025-01-20T09:07:51.835+0000] {dag.py:4180} INFO - Setting next_dagrun for example_task_group to None, run_after=None
[2025-01-20T09:07:51.855+0000] {processor.py:208} INFO - Processing /home/airflow/.local/lib/python3.12/site-packages/airflow/example_dags/example_task_group.py took 0.092 seconds
[2025-01-20T09:08:22.035+0000] {processor.py:186} INFO - Started process (PID=78247) to work on /home/airflow/.local/lib/python3.12/site-packages/airflow/example_dags/example_task_group.py
[2025-01-20T09:08:22.036+0000] {processor.py:914} INFO - Processing file /home/airflow/.local/lib/python3.12/site-packages/airflow/example_dags/example_task_group.py for tasks to queue
[2025-01-20T09:08:22.037+0000] {logging_mixin.py:190} INFO - [2025-01-20T09:08:22.037+0000] {dagbag.py:588} INFO - Filling up the DagBag from /home/airflow/.local/lib/python3.12/site-packages/airflow/example_dags/example_task_group.py
[2025-01-20T09:08:22.045+0000] {processor.py:925} INFO - DAG(s) 'example_task_group' retrieved from /home/airflow/.local/lib/python3.12/site-packages/airflow/example_dags/example_task_group.py
[2025-01-20T09:08:22.067+0000] {logging_mixin.py:190} INFO - [2025-01-20T09:08:22.067+0000] {dag.py:3239} INFO - Sync 1 DAGs
[2025-01-20T09:08:22.080+0000] {logging_mixin.py:190} INFO - [2025-01-20T09:08:22.080+0000] {dag.py:4180} INFO - Setting next_dagrun for example_task_group to None, run_after=None
[2025-01-20T09:08:22.098+0000] {processor.py:208} INFO - Processing /home/airflow/.local/lib/python3.12/site-packages/airflow/example_dags/example_task_group.py took 0.076 seconds
[2025-01-20T09:08:52.184+0000] {processor.py:186} INFO - Started process (PID=78548) to work on /home/airflow/.local/lib/python3.12/site-packages/airflow/example_dags/example_task_group.py
[2025-01-20T09:08:52.187+0000] {processor.py:914} INFO - Processing file /home/airflow/.local/lib/python3.12/site-packages/airflow/example_dags/example_task_group.py for tasks to queue
[2025-01-20T09:08:52.190+0000] {logging_mixin.py:190} INFO - [2025-01-20T09:08:52.190+0000] {dagbag.py:588} INFO - Filling up the DagBag from /home/airflow/.local/lib/python3.12/site-packages/airflow/example_dags/example_task_group.py
[2025-01-20T09:08:52.208+0000] {processor.py:925} INFO - DAG(s) 'example_task_group' retrieved from /home/airflow/.local/lib/python3.12/site-packages/airflow/example_dags/example_task_group.py
[2025-01-20T09:08:52.233+0000] {logging_mixin.py:190} INFO - [2025-01-20T09:08:52.232+0000] {dag.py:3239} INFO - Sync 1 DAGs
[2025-01-20T09:08:52.249+0000] {logging_mixin.py:190} INFO - [2025-01-20T09:08:52.248+0000] {dag.py:4180} INFO - Setting next_dagrun for example_task_group to None, run_after=None
[2025-01-20T09:08:52.265+0000] {processor.py:208} INFO - Processing /home/airflow/.local/lib/python3.12/site-packages/airflow/example_dags/example_task_group.py took 0.092 seconds
[2025-01-20T09:09:22.467+0000] {processor.py:186} INFO - Started process (PID=78854) to work on /home/airflow/.local/lib/python3.12/site-packages/airflow/example_dags/example_task_group.py
[2025-01-20T09:09:22.470+0000] {processor.py:914} INFO - Processing file /home/airflow/.local/lib/python3.12/site-packages/airflow/example_dags/example_task_group.py for tasks to queue
[2025-01-20T09:09:22.477+0000] {logging_mixin.py:190} INFO - [2025-01-20T09:09:22.476+0000] {dagbag.py:588} INFO - Filling up the DagBag from /home/airflow/.local/lib/python3.12/site-packages/airflow/example_dags/example_task_group.py
[2025-01-20T09:09:22.498+0000] {processor.py:925} INFO - DAG(s) 'example_task_group' retrieved from /home/airflow/.local/lib/python3.12/site-packages/airflow/example_dags/example_task_group.py
[2025-01-20T09:09:22.523+0000] {logging_mixin.py:190} INFO - [2025-01-20T09:09:22.523+0000] {dag.py:3239} INFO - Sync 1 DAGs
[2025-01-20T09:09:22.541+0000] {logging_mixin.py:190} INFO - [2025-01-20T09:09:22.541+0000] {dag.py:4180} INFO - Setting next_dagrun for example_task_group to None, run_after=None
[2025-01-20T09:09:22.560+0000] {processor.py:208} INFO - Processing /home/airflow/.local/lib/python3.12/site-packages/airflow/example_dags/example_task_group.py took 0.112 seconds
