[2025-01-20T08:06:41.780+0000] {processor.py:186} INFO - Started process (PID=41556) to work on /home/airflow/.local/lib/python3.12/site-packages/airflow/example_dags/example_python_decorator.py
[2025-01-20T08:06:41.783+0000] {processor.py:914} INFO - Processing file /home/airflow/.local/lib/python3.12/site-packages/airflow/example_dags/example_python_decorator.py for tasks to queue
[2025-01-20T08:06:41.787+0000] {logging_mixin.py:190} INFO - [2025-01-20T08:06:41.786+0000] {dagbag.py:588} INFO - Filling up the DagBag from /home/airflow/.local/lib/python3.12/site-packages/airflow/example_dags/example_python_decorator.py
[2025-01-20T08:06:41.809+0000] {processor.py:925} INFO - DAG(s) 'example_python_decorator' retrieved from /home/airflow/.local/lib/python3.12/site-packages/airflow/example_dags/example_python_decorator.py
[2025-01-20T08:06:41.853+0000] {logging_mixin.py:190} INFO - [2025-01-20T08:06:41.852+0000] {dag.py:3239} INFO - Sync 1 DAGs
[2025-01-20T08:06:41.881+0000] {logging_mixin.py:190} INFO - [2025-01-20T08:06:41.876+0000] {dag.py:4180} INFO - Setting next_dagrun for example_python_decorator to None, run_after=None
[2025-01-20T08:06:41.932+0000] {processor.py:208} INFO - Processing /home/airflow/.local/lib/python3.12/site-packages/airflow/example_dags/example_python_decorator.py took 0.160 seconds
[2025-01-20T08:07:12.746+0000] {processor.py:186} INFO - Started process (PID=41894) to work on /home/airflow/.local/lib/python3.12/site-packages/airflow/example_dags/example_python_decorator.py
[2025-01-20T08:07:12.746+0000] {processor.py:914} INFO - Processing file /home/airflow/.local/lib/python3.12/site-packages/airflow/example_dags/example_python_decorator.py for tasks to queue
[2025-01-20T08:07:12.749+0000] {logging_mixin.py:190} INFO - [2025-01-20T08:07:12.748+0000] {dagbag.py:588} INFO - Filling up the DagBag from /home/airflow/.local/lib/python3.12/site-packages/airflow/example_dags/example_python_decorator.py
[2025-01-20T08:07:12.760+0000] {processor.py:925} INFO - DAG(s) 'example_python_decorator' retrieved from /home/airflow/.local/lib/python3.12/site-packages/airflow/example_dags/example_python_decorator.py
[2025-01-20T08:07:12.775+0000] {logging_mixin.py:190} INFO - [2025-01-20T08:07:12.775+0000] {dag.py:3239} INFO - Sync 1 DAGs
[2025-01-20T08:07:12.788+0000] {logging_mixin.py:190} INFO - [2025-01-20T08:07:12.788+0000] {dag.py:4180} INFO - Setting next_dagrun for example_python_decorator to None, run_after=None
[2025-01-20T08:07:12.803+0000] {processor.py:208} INFO - Processing /home/airflow/.local/lib/python3.12/site-packages/airflow/example_dags/example_python_decorator.py took 0.061 seconds
[2025-01-20T08:07:42.865+0000] {processor.py:186} INFO - Started process (PID=42195) to work on /home/airflow/.local/lib/python3.12/site-packages/airflow/example_dags/example_python_decorator.py
[2025-01-20T08:07:42.866+0000] {processor.py:914} INFO - Processing file /home/airflow/.local/lib/python3.12/site-packages/airflow/example_dags/example_python_decorator.py for tasks to queue
[2025-01-20T08:07:42.868+0000] {logging_mixin.py:190} INFO - [2025-01-20T08:07:42.868+0000] {dagbag.py:588} INFO - Filling up the DagBag from /home/airflow/.local/lib/python3.12/site-packages/airflow/example_dags/example_python_decorator.py
[2025-01-20T08:07:42.884+0000] {processor.py:925} INFO - DAG(s) 'example_python_decorator' retrieved from /home/airflow/.local/lib/python3.12/site-packages/airflow/example_dags/example_python_decorator.py
[2025-01-20T08:07:42.900+0000] {logging_mixin.py:190} INFO - [2025-01-20T08:07:42.900+0000] {dag.py:3239} INFO - Sync 1 DAGs
[2025-01-20T08:07:42.910+0000] {logging_mixin.py:190} INFO - [2025-01-20T08:07:42.910+0000] {dag.py:4180} INFO - Setting next_dagrun for example_python_decorator to None, run_after=None
[2025-01-20T08:07:42.928+0000] {processor.py:208} INFO - Processing /home/airflow/.local/lib/python3.12/site-packages/airflow/example_dags/example_python_decorator.py took 0.068 seconds
[2025-01-20T08:08:13.374+0000] {processor.py:186} INFO - Started process (PID=42503) to work on /home/airflow/.local/lib/python3.12/site-packages/airflow/example_dags/example_python_decorator.py
[2025-01-20T08:08:13.374+0000] {processor.py:914} INFO - Processing file /home/airflow/.local/lib/python3.12/site-packages/airflow/example_dags/example_python_decorator.py for tasks to queue
[2025-01-20T08:08:13.377+0000] {logging_mixin.py:190} INFO - [2025-01-20T08:08:13.376+0000] {dagbag.py:588} INFO - Filling up the DagBag from /home/airflow/.local/lib/python3.12/site-packages/airflow/example_dags/example_python_decorator.py
[2025-01-20T08:08:13.388+0000] {processor.py:925} INFO - DAG(s) 'example_python_decorator' retrieved from /home/airflow/.local/lib/python3.12/site-packages/airflow/example_dags/example_python_decorator.py
[2025-01-20T08:08:13.409+0000] {logging_mixin.py:190} INFO - [2025-01-20T08:08:13.409+0000] {dag.py:3239} INFO - Sync 1 DAGs
[2025-01-20T08:08:13.422+0000] {logging_mixin.py:190} INFO - [2025-01-20T08:08:13.421+0000] {dag.py:4180} INFO - Setting next_dagrun for example_python_decorator to None, run_after=None
[2025-01-20T08:08:13.439+0000] {processor.py:208} INFO - Processing /home/airflow/.local/lib/python3.12/site-packages/airflow/example_dags/example_python_decorator.py took 0.069 seconds
[2025-01-20T08:08:43.821+0000] {processor.py:186} INFO - Started process (PID=42804) to work on /home/airflow/.local/lib/python3.12/site-packages/airflow/example_dags/example_python_decorator.py
[2025-01-20T08:08:43.821+0000] {processor.py:914} INFO - Processing file /home/airflow/.local/lib/python3.12/site-packages/airflow/example_dags/example_python_decorator.py for tasks to queue
[2025-01-20T08:08:43.823+0000] {logging_mixin.py:190} INFO - [2025-01-20T08:08:43.823+0000] {dagbag.py:588} INFO - Filling up the DagBag from /home/airflow/.local/lib/python3.12/site-packages/airflow/example_dags/example_python_decorator.py
[2025-01-20T08:08:43.832+0000] {processor.py:925} INFO - DAG(s) 'example_python_decorator' retrieved from /home/airflow/.local/lib/python3.12/site-packages/airflow/example_dags/example_python_decorator.py
[2025-01-20T08:08:43.852+0000] {logging_mixin.py:190} INFO - [2025-01-20T08:08:43.852+0000] {dag.py:3239} INFO - Sync 1 DAGs
[2025-01-20T08:08:43.866+0000] {logging_mixin.py:190} INFO - [2025-01-20T08:08:43.866+0000] {dag.py:4180} INFO - Setting next_dagrun for example_python_decorator to None, run_after=None
[2025-01-20T08:08:43.933+0000] {processor.py:208} INFO - Processing /home/airflow/.local/lib/python3.12/site-packages/airflow/example_dags/example_python_decorator.py took 0.118 seconds
[2025-01-20T08:09:14.205+0000] {processor.py:186} INFO - Started process (PID=43108) to work on /home/airflow/.local/lib/python3.12/site-packages/airflow/example_dags/example_python_decorator.py
[2025-01-20T08:09:14.206+0000] {processor.py:914} INFO - Processing file /home/airflow/.local/lib/python3.12/site-packages/airflow/example_dags/example_python_decorator.py for tasks to queue
[2025-01-20T08:09:14.207+0000] {logging_mixin.py:190} INFO - [2025-01-20T08:09:14.207+0000] {dagbag.py:588} INFO - Filling up the DagBag from /home/airflow/.local/lib/python3.12/site-packages/airflow/example_dags/example_python_decorator.py
[2025-01-20T08:09:14.216+0000] {processor.py:925} INFO - DAG(s) 'example_python_decorator' retrieved from /home/airflow/.local/lib/python3.12/site-packages/airflow/example_dags/example_python_decorator.py
[2025-01-20T08:09:14.240+0000] {logging_mixin.py:190} INFO - [2025-01-20T08:09:14.240+0000] {dag.py:3239} INFO - Sync 1 DAGs
[2025-01-20T08:09:14.253+0000] {logging_mixin.py:190} INFO - [2025-01-20T08:09:14.253+0000] {dag.py:4180} INFO - Setting next_dagrun for example_python_decorator to None, run_after=None
[2025-01-20T08:09:14.269+0000] {processor.py:208} INFO - Processing /home/airflow/.local/lib/python3.12/site-packages/airflow/example_dags/example_python_decorator.py took 0.068 seconds
[2025-01-20T08:09:44.760+0000] {processor.py:186} INFO - Started process (PID=43411) to work on /home/airflow/.local/lib/python3.12/site-packages/airflow/example_dags/example_python_decorator.py
[2025-01-20T08:09:44.761+0000] {processor.py:914} INFO - Processing file /home/airflow/.local/lib/python3.12/site-packages/airflow/example_dags/example_python_decorator.py for tasks to queue
[2025-01-20T08:09:44.766+0000] {logging_mixin.py:190} INFO - [2025-01-20T08:09:44.765+0000] {dagbag.py:588} INFO - Filling up the DagBag from /home/airflow/.local/lib/python3.12/site-packages/airflow/example_dags/example_python_decorator.py
[2025-01-20T08:09:44.786+0000] {processor.py:925} INFO - DAG(s) 'example_python_decorator' retrieved from /home/airflow/.local/lib/python3.12/site-packages/airflow/example_dags/example_python_decorator.py
[2025-01-20T08:09:44.815+0000] {logging_mixin.py:190} INFO - [2025-01-20T08:09:44.814+0000] {dag.py:3239} INFO - Sync 1 DAGs
[2025-01-20T08:09:44.835+0000] {logging_mixin.py:190} INFO - [2025-01-20T08:09:44.834+0000] {dag.py:4180} INFO - Setting next_dagrun for example_python_decorator to None, run_after=None
[2025-01-20T08:09:44.853+0000] {processor.py:208} INFO - Processing /home/airflow/.local/lib/python3.12/site-packages/airflow/example_dags/example_python_decorator.py took 0.108 seconds
[2025-01-20T08:10:15.209+0000] {processor.py:186} INFO - Started process (PID=43715) to work on /home/airflow/.local/lib/python3.12/site-packages/airflow/example_dags/example_python_decorator.py
[2025-01-20T08:10:15.210+0000] {processor.py:914} INFO - Processing file /home/airflow/.local/lib/python3.12/site-packages/airflow/example_dags/example_python_decorator.py for tasks to queue
[2025-01-20T08:10:15.213+0000] {logging_mixin.py:190} INFO - [2025-01-20T08:10:15.212+0000] {dagbag.py:588} INFO - Filling up the DagBag from /home/airflow/.local/lib/python3.12/site-packages/airflow/example_dags/example_python_decorator.py
[2025-01-20T08:10:15.226+0000] {processor.py:925} INFO - DAG(s) 'example_python_decorator' retrieved from /home/airflow/.local/lib/python3.12/site-packages/airflow/example_dags/example_python_decorator.py
[2025-01-20T08:10:15.253+0000] {logging_mixin.py:190} INFO - [2025-01-20T08:10:15.253+0000] {dag.py:3239} INFO - Sync 1 DAGs
[2025-01-20T08:10:15.272+0000] {logging_mixin.py:190} INFO - [2025-01-20T08:10:15.271+0000] {dag.py:4180} INFO - Setting next_dagrun for example_python_decorator to None, run_after=None
[2025-01-20T08:10:15.284+0000] {processor.py:208} INFO - Processing /home/airflow/.local/lib/python3.12/site-packages/airflow/example_dags/example_python_decorator.py took 0.082 seconds
[2025-01-20T08:10:45.627+0000] {processor.py:186} INFO - Started process (PID=44018) to work on /home/airflow/.local/lib/python3.12/site-packages/airflow/example_dags/example_python_decorator.py
[2025-01-20T08:10:45.628+0000] {processor.py:914} INFO - Processing file /home/airflow/.local/lib/python3.12/site-packages/airflow/example_dags/example_python_decorator.py for tasks to queue
[2025-01-20T08:10:45.629+0000] {logging_mixin.py:190} INFO - [2025-01-20T08:10:45.629+0000] {dagbag.py:588} INFO - Filling up the DagBag from /home/airflow/.local/lib/python3.12/site-packages/airflow/example_dags/example_python_decorator.py
[2025-01-20T08:10:45.638+0000] {processor.py:925} INFO - DAG(s) 'example_python_decorator' retrieved from /home/airflow/.local/lib/python3.12/site-packages/airflow/example_dags/example_python_decorator.py
[2025-01-20T08:10:45.653+0000] {logging_mixin.py:190} INFO - [2025-01-20T08:10:45.653+0000] {dag.py:3239} INFO - Sync 1 DAGs
[2025-01-20T08:10:45.662+0000] {logging_mixin.py:190} INFO - [2025-01-20T08:10:45.661+0000] {dag.py:4180} INFO - Setting next_dagrun for example_python_decorator to None, run_after=None
[2025-01-20T08:10:45.672+0000] {processor.py:208} INFO - Processing /home/airflow/.local/lib/python3.12/site-packages/airflow/example_dags/example_python_decorator.py took 0.049 seconds
[2025-01-20T08:11:16.264+0000] {processor.py:186} INFO - Started process (PID=44322) to work on /home/airflow/.local/lib/python3.12/site-packages/airflow/example_dags/example_python_decorator.py
[2025-01-20T08:11:16.265+0000] {processor.py:914} INFO - Processing file /home/airflow/.local/lib/python3.12/site-packages/airflow/example_dags/example_python_decorator.py for tasks to queue
[2025-01-20T08:11:16.267+0000] {logging_mixin.py:190} INFO - [2025-01-20T08:11:16.267+0000] {dagbag.py:588} INFO - Filling up the DagBag from /home/airflow/.local/lib/python3.12/site-packages/airflow/example_dags/example_python_decorator.py
[2025-01-20T08:11:16.278+0000] {processor.py:925} INFO - DAG(s) 'example_python_decorator' retrieved from /home/airflow/.local/lib/python3.12/site-packages/airflow/example_dags/example_python_decorator.py
[2025-01-20T08:11:16.297+0000] {logging_mixin.py:190} INFO - [2025-01-20T08:11:16.297+0000] {dag.py:3239} INFO - Sync 1 DAGs
[2025-01-20T08:11:16.315+0000] {logging_mixin.py:190} INFO - [2025-01-20T08:11:16.315+0000] {dag.py:4180} INFO - Setting next_dagrun for example_python_decorator to None, run_after=None
[2025-01-20T08:11:16.331+0000] {processor.py:208} INFO - Processing /home/airflow/.local/lib/python3.12/site-packages/airflow/example_dags/example_python_decorator.py took 0.071 seconds
[2025-01-20T08:11:47.086+0000] {processor.py:186} INFO - Started process (PID=44625) to work on /home/airflow/.local/lib/python3.12/site-packages/airflow/example_dags/example_python_decorator.py
[2025-01-20T08:11:47.087+0000] {processor.py:914} INFO - Processing file /home/airflow/.local/lib/python3.12/site-packages/airflow/example_dags/example_python_decorator.py for tasks to queue
[2025-01-20T08:11:47.090+0000] {logging_mixin.py:190} INFO - [2025-01-20T08:11:47.089+0000] {dagbag.py:588} INFO - Filling up the DagBag from /home/airflow/.local/lib/python3.12/site-packages/airflow/example_dags/example_python_decorator.py
[2025-01-20T08:11:47.107+0000] {processor.py:925} INFO - DAG(s) 'example_python_decorator' retrieved from /home/airflow/.local/lib/python3.12/site-packages/airflow/example_dags/example_python_decorator.py
[2025-01-20T08:11:47.127+0000] {logging_mixin.py:190} INFO - [2025-01-20T08:11:47.127+0000] {dag.py:3239} INFO - Sync 1 DAGs
[2025-01-20T08:11:47.137+0000] {logging_mixin.py:190} INFO - [2025-01-20T08:11:47.137+0000] {dag.py:4180} INFO - Setting next_dagrun for example_python_decorator to None, run_after=None
[2025-01-20T08:11:47.149+0000] {processor.py:208} INFO - Processing /home/airflow/.local/lib/python3.12/site-packages/airflow/example_dags/example_python_decorator.py took 0.070 seconds
[2025-01-20T08:12:17.441+0000] {processor.py:186} INFO - Started process (PID=44929) to work on /home/airflow/.local/lib/python3.12/site-packages/airflow/example_dags/example_python_decorator.py
[2025-01-20T08:12:17.441+0000] {processor.py:914} INFO - Processing file /home/airflow/.local/lib/python3.12/site-packages/airflow/example_dags/example_python_decorator.py for tasks to queue
[2025-01-20T08:12:17.443+0000] {logging_mixin.py:190} INFO - [2025-01-20T08:12:17.443+0000] {dagbag.py:588} INFO - Filling up the DagBag from /home/airflow/.local/lib/python3.12/site-packages/airflow/example_dags/example_python_decorator.py
[2025-01-20T08:12:17.452+0000] {processor.py:925} INFO - DAG(s) 'example_python_decorator' retrieved from /home/airflow/.local/lib/python3.12/site-packages/airflow/example_dags/example_python_decorator.py
[2025-01-20T08:12:17.471+0000] {logging_mixin.py:190} INFO - [2025-01-20T08:12:17.470+0000] {dag.py:3239} INFO - Sync 1 DAGs
[2025-01-20T08:12:17.483+0000] {logging_mixin.py:190} INFO - [2025-01-20T08:12:17.482+0000] {dag.py:4180} INFO - Setting next_dagrun for example_python_decorator to None, run_after=None
[2025-01-20T08:12:17.495+0000] {processor.py:208} INFO - Processing /home/airflow/.local/lib/python3.12/site-packages/airflow/example_dags/example_python_decorator.py took 0.058 seconds
[2025-01-20T08:12:48.631+0000] {processor.py:186} INFO - Started process (PID=45232) to work on /home/airflow/.local/lib/python3.12/site-packages/airflow/example_dags/example_python_decorator.py
[2025-01-20T08:12:48.632+0000] {processor.py:914} INFO - Processing file /home/airflow/.local/lib/python3.12/site-packages/airflow/example_dags/example_python_decorator.py for tasks to queue
[2025-01-20T08:12:48.635+0000] {logging_mixin.py:190} INFO - [2025-01-20T08:12:48.635+0000] {dagbag.py:588} INFO - Filling up the DagBag from /home/airflow/.local/lib/python3.12/site-packages/airflow/example_dags/example_python_decorator.py
[2025-01-20T08:12:48.648+0000] {processor.py:925} INFO - DAG(s) 'example_python_decorator' retrieved from /home/airflow/.local/lib/python3.12/site-packages/airflow/example_dags/example_python_decorator.py
[2025-01-20T08:12:48.662+0000] {logging_mixin.py:190} INFO - [2025-01-20T08:12:48.662+0000] {dag.py:3239} INFO - Sync 1 DAGs
[2025-01-20T08:12:48.672+0000] {logging_mixin.py:190} INFO - [2025-01-20T08:12:48.672+0000] {dag.py:4180} INFO - Setting next_dagrun for example_python_decorator to None, run_after=None
[2025-01-20T08:12:48.684+0000] {processor.py:208} INFO - Processing /home/airflow/.local/lib/python3.12/site-packages/airflow/example_dags/example_python_decorator.py took 0.061 seconds
[2025-01-20T08:13:19.600+0000] {processor.py:186} INFO - Started process (PID=45538) to work on /home/airflow/.local/lib/python3.12/site-packages/airflow/example_dags/example_python_decorator.py
[2025-01-20T08:13:19.601+0000] {processor.py:914} INFO - Processing file /home/airflow/.local/lib/python3.12/site-packages/airflow/example_dags/example_python_decorator.py for tasks to queue
[2025-01-20T08:13:19.602+0000] {logging_mixin.py:190} INFO - [2025-01-20T08:13:19.602+0000] {dagbag.py:588} INFO - Filling up the DagBag from /home/airflow/.local/lib/python3.12/site-packages/airflow/example_dags/example_python_decorator.py
[2025-01-20T08:13:19.611+0000] {processor.py:925} INFO - DAG(s) 'example_python_decorator' retrieved from /home/airflow/.local/lib/python3.12/site-packages/airflow/example_dags/example_python_decorator.py
[2025-01-20T08:13:19.628+0000] {logging_mixin.py:190} INFO - [2025-01-20T08:13:19.628+0000] {dag.py:3239} INFO - Sync 1 DAGs
[2025-01-20T08:13:19.638+0000] {logging_mixin.py:190} INFO - [2025-01-20T08:13:19.637+0000] {dag.py:4180} INFO - Setting next_dagrun for example_python_decorator to None, run_after=None
[2025-01-20T08:13:19.652+0000] {processor.py:208} INFO - Processing /home/airflow/.local/lib/python3.12/site-packages/airflow/example_dags/example_python_decorator.py took 0.056 seconds
[2025-01-20T08:13:50.434+0000] {processor.py:186} INFO - Started process (PID=45837) to work on /home/airflow/.local/lib/python3.12/site-packages/airflow/example_dags/example_python_decorator.py
[2025-01-20T08:13:50.435+0000] {processor.py:914} INFO - Processing file /home/airflow/.local/lib/python3.12/site-packages/airflow/example_dags/example_python_decorator.py for tasks to queue
[2025-01-20T08:13:50.436+0000] {logging_mixin.py:190} INFO - [2025-01-20T08:13:50.436+0000] {dagbag.py:588} INFO - Filling up the DagBag from /home/airflow/.local/lib/python3.12/site-packages/airflow/example_dags/example_python_decorator.py
[2025-01-20T08:13:50.445+0000] {processor.py:925} INFO - DAG(s) 'example_python_decorator' retrieved from /home/airflow/.local/lib/python3.12/site-packages/airflow/example_dags/example_python_decorator.py
[2025-01-20T08:13:50.458+0000] {logging_mixin.py:190} INFO - [2025-01-20T08:13:50.458+0000] {dag.py:3239} INFO - Sync 1 DAGs
[2025-01-20T08:13:50.470+0000] {logging_mixin.py:190} INFO - [2025-01-20T08:13:50.470+0000] {dag.py:4180} INFO - Setting next_dagrun for example_python_decorator to None, run_after=None
[2025-01-20T08:13:50.485+0000] {processor.py:208} INFO - Processing /home/airflow/.local/lib/python3.12/site-packages/airflow/example_dags/example_python_decorator.py took 0.059 seconds
[2025-01-20T08:14:21.384+0000] {processor.py:186} INFO - Started process (PID=46145) to work on /home/airflow/.local/lib/python3.12/site-packages/airflow/example_dags/example_python_decorator.py
[2025-01-20T08:14:21.385+0000] {processor.py:914} INFO - Processing file /home/airflow/.local/lib/python3.12/site-packages/airflow/example_dags/example_python_decorator.py for tasks to queue
[2025-01-20T08:14:21.387+0000] {logging_mixin.py:190} INFO - [2025-01-20T08:14:21.387+0000] {dagbag.py:588} INFO - Filling up the DagBag from /home/airflow/.local/lib/python3.12/site-packages/airflow/example_dags/example_python_decorator.py
[2025-01-20T08:14:21.396+0000] {processor.py:925} INFO - DAG(s) 'example_python_decorator' retrieved from /home/airflow/.local/lib/python3.12/site-packages/airflow/example_dags/example_python_decorator.py
[2025-01-20T08:14:21.411+0000] {logging_mixin.py:190} INFO - [2025-01-20T08:14:21.411+0000] {dag.py:3239} INFO - Sync 1 DAGs
[2025-01-20T08:14:21.420+0000] {logging_mixin.py:190} INFO - [2025-01-20T08:14:21.420+0000] {dag.py:4180} INFO - Setting next_dagrun for example_python_decorator to None, run_after=None
[2025-01-20T08:14:21.432+0000] {processor.py:208} INFO - Processing /home/airflow/.local/lib/python3.12/site-packages/airflow/example_dags/example_python_decorator.py took 0.051 seconds
[2025-01-20T08:14:52.380+0000] {processor.py:186} INFO - Started process (PID=46446) to work on /home/airflow/.local/lib/python3.12/site-packages/airflow/example_dags/example_python_decorator.py
[2025-01-20T08:14:52.381+0000] {processor.py:914} INFO - Processing file /home/airflow/.local/lib/python3.12/site-packages/airflow/example_dags/example_python_decorator.py for tasks to queue
[2025-01-20T08:14:52.383+0000] {logging_mixin.py:190} INFO - [2025-01-20T08:14:52.383+0000] {dagbag.py:588} INFO - Filling up the DagBag from /home/airflow/.local/lib/python3.12/site-packages/airflow/example_dags/example_python_decorator.py
[2025-01-20T08:14:52.395+0000] {processor.py:925} INFO - DAG(s) 'example_python_decorator' retrieved from /home/airflow/.local/lib/python3.12/site-packages/airflow/example_dags/example_python_decorator.py
[2025-01-20T08:14:52.409+0000] {logging_mixin.py:190} INFO - [2025-01-20T08:14:52.409+0000] {dag.py:3239} INFO - Sync 1 DAGs
[2025-01-20T08:14:52.418+0000] {logging_mixin.py:190} INFO - [2025-01-20T08:14:52.418+0000] {dag.py:4180} INFO - Setting next_dagrun for example_python_decorator to None, run_after=None
[2025-01-20T08:14:52.432+0000] {processor.py:208} INFO - Processing /home/airflow/.local/lib/python3.12/site-packages/airflow/example_dags/example_python_decorator.py took 0.059 seconds
[2025-01-20T08:15:22.616+0000] {processor.py:186} INFO - Started process (PID=46752) to work on /home/airflow/.local/lib/python3.12/site-packages/airflow/example_dags/example_python_decorator.py
[2025-01-20T08:15:22.617+0000] {processor.py:914} INFO - Processing file /home/airflow/.local/lib/python3.12/site-packages/airflow/example_dags/example_python_decorator.py for tasks to queue
[2025-01-20T08:15:22.619+0000] {logging_mixin.py:190} INFO - [2025-01-20T08:15:22.619+0000] {dagbag.py:588} INFO - Filling up the DagBag from /home/airflow/.local/lib/python3.12/site-packages/airflow/example_dags/example_python_decorator.py
[2025-01-20T08:15:22.756+0000] {processor.py:925} INFO - DAG(s) 'example_python_decorator' retrieved from /home/airflow/.local/lib/python3.12/site-packages/airflow/example_dags/example_python_decorator.py
[2025-01-20T08:15:22.771+0000] {logging_mixin.py:190} INFO - [2025-01-20T08:15:22.771+0000] {dag.py:3239} INFO - Sync 1 DAGs
[2025-01-20T08:15:22.782+0000] {logging_mixin.py:190} INFO - [2025-01-20T08:15:22.782+0000] {dag.py:4180} INFO - Setting next_dagrun for example_python_decorator to None, run_after=None
[2025-01-20T08:15:22.794+0000] {processor.py:208} INFO - Processing /home/airflow/.local/lib/python3.12/site-packages/airflow/example_dags/example_python_decorator.py took 0.181 seconds
[2025-01-20T08:15:52.826+0000] {processor.py:186} INFO - Started process (PID=47051) to work on /home/airflow/.local/lib/python3.12/site-packages/airflow/example_dags/example_python_decorator.py
[2025-01-20T08:15:52.827+0000] {processor.py:914} INFO - Processing file /home/airflow/.local/lib/python3.12/site-packages/airflow/example_dags/example_python_decorator.py for tasks to queue
[2025-01-20T08:15:52.829+0000] {logging_mixin.py:190} INFO - [2025-01-20T08:15:52.829+0000] {dagbag.py:588} INFO - Filling up the DagBag from /home/airflow/.local/lib/python3.12/site-packages/airflow/example_dags/example_python_decorator.py
[2025-01-20T08:15:52.846+0000] {processor.py:925} INFO - DAG(s) 'example_python_decorator' retrieved from /home/airflow/.local/lib/python3.12/site-packages/airflow/example_dags/example_python_decorator.py
[2025-01-20T08:15:52.869+0000] {logging_mixin.py:190} INFO - [2025-01-20T08:15:52.869+0000] {dag.py:3239} INFO - Sync 1 DAGs
[2025-01-20T08:15:52.879+0000] {logging_mixin.py:190} INFO - [2025-01-20T08:15:52.879+0000] {dag.py:4180} INFO - Setting next_dagrun for example_python_decorator to None, run_after=None
[2025-01-20T08:15:52.895+0000] {processor.py:208} INFO - Processing /home/airflow/.local/lib/python3.12/site-packages/airflow/example_dags/example_python_decorator.py took 0.077 seconds
[2025-01-20T08:16:23.216+0000] {processor.py:186} INFO - Started process (PID=47357) to work on /home/airflow/.local/lib/python3.12/site-packages/airflow/example_dags/example_python_decorator.py
[2025-01-20T08:16:23.217+0000] {processor.py:914} INFO - Processing file /home/airflow/.local/lib/python3.12/site-packages/airflow/example_dags/example_python_decorator.py for tasks to queue
[2025-01-20T08:16:23.218+0000] {logging_mixin.py:190} INFO - [2025-01-20T08:16:23.218+0000] {dagbag.py:588} INFO - Filling up the DagBag from /home/airflow/.local/lib/python3.12/site-packages/airflow/example_dags/example_python_decorator.py
[2025-01-20T08:16:23.228+0000] {processor.py:925} INFO - DAG(s) 'example_python_decorator' retrieved from /home/airflow/.local/lib/python3.12/site-packages/airflow/example_dags/example_python_decorator.py
[2025-01-20T08:16:23.244+0000] {logging_mixin.py:190} INFO - [2025-01-20T08:16:23.244+0000] {dag.py:3239} INFO - Sync 1 DAGs
[2025-01-20T08:16:23.254+0000] {logging_mixin.py:190} INFO - [2025-01-20T08:16:23.254+0000] {dag.py:4180} INFO - Setting next_dagrun for example_python_decorator to None, run_after=None
[2025-01-20T08:16:23.267+0000] {processor.py:208} INFO - Processing /home/airflow/.local/lib/python3.12/site-packages/airflow/example_dags/example_python_decorator.py took 0.055 seconds
[2025-01-20T08:16:54.085+0000] {processor.py:186} INFO - Started process (PID=47660) to work on /home/airflow/.local/lib/python3.12/site-packages/airflow/example_dags/example_python_decorator.py
[2025-01-20T08:16:54.086+0000] {processor.py:914} INFO - Processing file /home/airflow/.local/lib/python3.12/site-packages/airflow/example_dags/example_python_decorator.py for tasks to queue
[2025-01-20T08:16:54.089+0000] {logging_mixin.py:190} INFO - [2025-01-20T08:16:54.089+0000] {dagbag.py:588} INFO - Filling up the DagBag from /home/airflow/.local/lib/python3.12/site-packages/airflow/example_dags/example_python_decorator.py
[2025-01-20T08:16:54.100+0000] {processor.py:925} INFO - DAG(s) 'example_python_decorator' retrieved from /home/airflow/.local/lib/python3.12/site-packages/airflow/example_dags/example_python_decorator.py
[2025-01-20T08:16:54.116+0000] {logging_mixin.py:190} INFO - [2025-01-20T08:16:54.116+0000] {dag.py:3239} INFO - Sync 1 DAGs
[2025-01-20T08:16:54.126+0000] {logging_mixin.py:190} INFO - [2025-01-20T08:16:54.125+0000] {dag.py:4180} INFO - Setting next_dagrun for example_python_decorator to None, run_after=None
[2025-01-20T08:16:54.143+0000] {processor.py:208} INFO - Processing /home/airflow/.local/lib/python3.12/site-packages/airflow/example_dags/example_python_decorator.py took 0.062 seconds
[2025-01-20T08:17:25.072+0000] {processor.py:186} INFO - Started process (PID=47966) to work on /home/airflow/.local/lib/python3.12/site-packages/airflow/example_dags/example_python_decorator.py
[2025-01-20T08:17:25.072+0000] {processor.py:914} INFO - Processing file /home/airflow/.local/lib/python3.12/site-packages/airflow/example_dags/example_python_decorator.py for tasks to queue
[2025-01-20T08:17:25.074+0000] {logging_mixin.py:190} INFO - [2025-01-20T08:17:25.074+0000] {dagbag.py:588} INFO - Filling up the DagBag from /home/airflow/.local/lib/python3.12/site-packages/airflow/example_dags/example_python_decorator.py
[2025-01-20T08:17:25.085+0000] {processor.py:925} INFO - DAG(s) 'example_python_decorator' retrieved from /home/airflow/.local/lib/python3.12/site-packages/airflow/example_dags/example_python_decorator.py
[2025-01-20T08:17:25.115+0000] {logging_mixin.py:190} INFO - [2025-01-20T08:17:25.115+0000] {dag.py:3239} INFO - Sync 1 DAGs
[2025-01-20T08:17:25.127+0000] {logging_mixin.py:190} INFO - [2025-01-20T08:17:25.127+0000] {dag.py:4180} INFO - Setting next_dagrun for example_python_decorator to None, run_after=None
[2025-01-20T08:17:25.143+0000] {processor.py:208} INFO - Processing /home/airflow/.local/lib/python3.12/site-packages/airflow/example_dags/example_python_decorator.py took 0.075 seconds
[2025-01-20T08:17:55.825+0000] {processor.py:186} INFO - Started process (PID=48267) to work on /home/airflow/.local/lib/python3.12/site-packages/airflow/example_dags/example_python_decorator.py
[2025-01-20T08:17:55.826+0000] {processor.py:914} INFO - Processing file /home/airflow/.local/lib/python3.12/site-packages/airflow/example_dags/example_python_decorator.py for tasks to queue
[2025-01-20T08:17:55.828+0000] {logging_mixin.py:190} INFO - [2025-01-20T08:17:55.828+0000] {dagbag.py:588} INFO - Filling up the DagBag from /home/airflow/.local/lib/python3.12/site-packages/airflow/example_dags/example_python_decorator.py
[2025-01-20T08:17:55.838+0000] {processor.py:925} INFO - DAG(s) 'example_python_decorator' retrieved from /home/airflow/.local/lib/python3.12/site-packages/airflow/example_dags/example_python_decorator.py
[2025-01-20T08:17:55.851+0000] {logging_mixin.py:190} INFO - [2025-01-20T08:17:55.851+0000] {dag.py:3239} INFO - Sync 1 DAGs
[2025-01-20T08:17:55.860+0000] {logging_mixin.py:190} INFO - [2025-01-20T08:17:55.859+0000] {dag.py:4180} INFO - Setting next_dagrun for example_python_decorator to None, run_after=None
[2025-01-20T08:17:55.871+0000] {processor.py:208} INFO - Processing /home/airflow/.local/lib/python3.12/site-packages/airflow/example_dags/example_python_decorator.py took 0.049 seconds
[2025-01-20T08:18:26.597+0000] {processor.py:186} INFO - Started process (PID=48573) to work on /home/airflow/.local/lib/python3.12/site-packages/airflow/example_dags/example_python_decorator.py
[2025-01-20T08:18:26.598+0000] {processor.py:914} INFO - Processing file /home/airflow/.local/lib/python3.12/site-packages/airflow/example_dags/example_python_decorator.py for tasks to queue
[2025-01-20T08:18:26.600+0000] {logging_mixin.py:190} INFO - [2025-01-20T08:18:26.600+0000] {dagbag.py:588} INFO - Filling up the DagBag from /home/airflow/.local/lib/python3.12/site-packages/airflow/example_dags/example_python_decorator.py
[2025-01-20T08:18:26.610+0000] {processor.py:925} INFO - DAG(s) 'example_python_decorator' retrieved from /home/airflow/.local/lib/python3.12/site-packages/airflow/example_dags/example_python_decorator.py
[2025-01-20T08:18:26.627+0000] {logging_mixin.py:190} INFO - [2025-01-20T08:18:26.627+0000] {dag.py:3239} INFO - Sync 1 DAGs
[2025-01-20T08:18:26.639+0000] {logging_mixin.py:190} INFO - [2025-01-20T08:18:26.638+0000] {dag.py:4180} INFO - Setting next_dagrun for example_python_decorator to None, run_after=None
[2025-01-20T08:18:26.654+0000] {processor.py:208} INFO - Processing /home/airflow/.local/lib/python3.12/site-packages/airflow/example_dags/example_python_decorator.py took 0.060 seconds
[2025-01-20T08:18:57.515+0000] {processor.py:186} INFO - Started process (PID=48875) to work on /home/airflow/.local/lib/python3.12/site-packages/airflow/example_dags/example_python_decorator.py
[2025-01-20T08:18:57.516+0000] {processor.py:914} INFO - Processing file /home/airflow/.local/lib/python3.12/site-packages/airflow/example_dags/example_python_decorator.py for tasks to queue
[2025-01-20T08:18:57.518+0000] {logging_mixin.py:190} INFO - [2025-01-20T08:18:57.518+0000] {dagbag.py:588} INFO - Filling up the DagBag from /home/airflow/.local/lib/python3.12/site-packages/airflow/example_dags/example_python_decorator.py
[2025-01-20T08:18:57.540+0000] {processor.py:925} INFO - DAG(s) 'example_python_decorator' retrieved from /home/airflow/.local/lib/python3.12/site-packages/airflow/example_dags/example_python_decorator.py
[2025-01-20T08:18:57.570+0000] {logging_mixin.py:190} INFO - [2025-01-20T08:18:57.569+0000] {dag.py:3239} INFO - Sync 1 DAGs
[2025-01-20T08:18:57.582+0000] {logging_mixin.py:190} INFO - [2025-01-20T08:18:57.581+0000] {dag.py:4180} INFO - Setting next_dagrun for example_python_decorator to None, run_after=None
[2025-01-20T08:18:57.607+0000] {processor.py:208} INFO - Processing /home/airflow/.local/lib/python3.12/site-packages/airflow/example_dags/example_python_decorator.py took 0.099 seconds
[2025-01-20T08:19:28.406+0000] {processor.py:186} INFO - Started process (PID=49181) to work on /home/airflow/.local/lib/python3.12/site-packages/airflow/example_dags/example_python_decorator.py
[2025-01-20T08:19:28.407+0000] {processor.py:914} INFO - Processing file /home/airflow/.local/lib/python3.12/site-packages/airflow/example_dags/example_python_decorator.py for tasks to queue
[2025-01-20T08:19:28.410+0000] {logging_mixin.py:190} INFO - [2025-01-20T08:19:28.409+0000] {dagbag.py:588} INFO - Filling up the DagBag from /home/airflow/.local/lib/python3.12/site-packages/airflow/example_dags/example_python_decorator.py
[2025-01-20T08:19:28.420+0000] {processor.py:925} INFO - DAG(s) 'example_python_decorator' retrieved from /home/airflow/.local/lib/python3.12/site-packages/airflow/example_dags/example_python_decorator.py
[2025-01-20T08:19:28.433+0000] {logging_mixin.py:190} INFO - [2025-01-20T08:19:28.433+0000] {dag.py:3239} INFO - Sync 1 DAGs
[2025-01-20T08:19:28.442+0000] {logging_mixin.py:190} INFO - [2025-01-20T08:19:28.442+0000] {dag.py:4180} INFO - Setting next_dagrun for example_python_decorator to None, run_after=None
[2025-01-20T08:19:28.453+0000] {processor.py:208} INFO - Processing /home/airflow/.local/lib/python3.12/site-packages/airflow/example_dags/example_python_decorator.py took 0.055 seconds
[2025-01-20T08:19:59.129+0000] {processor.py:186} INFO - Started process (PID=49482) to work on /home/airflow/.local/lib/python3.12/site-packages/airflow/example_dags/example_python_decorator.py
[2025-01-20T08:19:59.130+0000] {processor.py:914} INFO - Processing file /home/airflow/.local/lib/python3.12/site-packages/airflow/example_dags/example_python_decorator.py for tasks to queue
[2025-01-20T08:19:59.132+0000] {logging_mixin.py:190} INFO - [2025-01-20T08:19:59.132+0000] {dagbag.py:588} INFO - Filling up the DagBag from /home/airflow/.local/lib/python3.12/site-packages/airflow/example_dags/example_python_decorator.py
[2025-01-20T08:19:59.142+0000] {processor.py:925} INFO - DAG(s) 'example_python_decorator' retrieved from /home/airflow/.local/lib/python3.12/site-packages/airflow/example_dags/example_python_decorator.py
[2025-01-20T08:19:59.155+0000] {logging_mixin.py:190} INFO - [2025-01-20T08:19:59.155+0000] {dag.py:3239} INFO - Sync 1 DAGs
[2025-01-20T08:19:59.164+0000] {logging_mixin.py:190} INFO - [2025-01-20T08:19:59.164+0000] {dag.py:4180} INFO - Setting next_dagrun for example_python_decorator to None, run_after=None
[2025-01-20T08:19:59.177+0000] {processor.py:208} INFO - Processing /home/airflow/.local/lib/python3.12/site-packages/airflow/example_dags/example_python_decorator.py took 0.054 seconds
[2025-01-20T08:20:29.902+0000] {processor.py:186} INFO - Started process (PID=49786) to work on /home/airflow/.local/lib/python3.12/site-packages/airflow/example_dags/example_python_decorator.py
[2025-01-20T08:20:29.903+0000] {processor.py:914} INFO - Processing file /home/airflow/.local/lib/python3.12/site-packages/airflow/example_dags/example_python_decorator.py for tasks to queue
[2025-01-20T08:20:29.906+0000] {logging_mixin.py:190} INFO - [2025-01-20T08:20:29.905+0000] {dagbag.py:588} INFO - Filling up the DagBag from /home/airflow/.local/lib/python3.12/site-packages/airflow/example_dags/example_python_decorator.py
[2025-01-20T08:20:29.917+0000] {processor.py:925} INFO - DAG(s) 'example_python_decorator' retrieved from /home/airflow/.local/lib/python3.12/site-packages/airflow/example_dags/example_python_decorator.py
[2025-01-20T08:20:29.933+0000] {logging_mixin.py:190} INFO - [2025-01-20T08:20:29.933+0000] {dag.py:3239} INFO - Sync 1 DAGs
[2025-01-20T08:20:29.948+0000] {logging_mixin.py:190} INFO - [2025-01-20T08:20:29.948+0000] {dag.py:4180} INFO - Setting next_dagrun for example_python_decorator to None, run_after=None
[2025-01-20T08:20:29.975+0000] {processor.py:208} INFO - Processing /home/airflow/.local/lib/python3.12/site-packages/airflow/example_dags/example_python_decorator.py took 0.080 seconds
[2025-01-20T08:21:00.906+0000] {processor.py:186} INFO - Started process (PID=50088) to work on /home/airflow/.local/lib/python3.12/site-packages/airflow/example_dags/example_python_decorator.py
[2025-01-20T08:21:00.907+0000] {processor.py:914} INFO - Processing file /home/airflow/.local/lib/python3.12/site-packages/airflow/example_dags/example_python_decorator.py for tasks to queue
[2025-01-20T08:21:00.910+0000] {logging_mixin.py:190} INFO - [2025-01-20T08:21:00.909+0000] {dagbag.py:588} INFO - Filling up the DagBag from /home/airflow/.local/lib/python3.12/site-packages/airflow/example_dags/example_python_decorator.py
[2025-01-20T08:21:00.926+0000] {processor.py:925} INFO - DAG(s) 'example_python_decorator' retrieved from /home/airflow/.local/lib/python3.12/site-packages/airflow/example_dags/example_python_decorator.py
[2025-01-20T08:21:00.953+0000] {logging_mixin.py:190} INFO - [2025-01-20T08:21:00.953+0000] {dag.py:3239} INFO - Sync 1 DAGs
[2025-01-20T08:21:00.970+0000] {logging_mixin.py:190} INFO - [2025-01-20T08:21:00.970+0000] {dag.py:4180} INFO - Setting next_dagrun for example_python_decorator to None, run_after=None
[2025-01-20T08:21:00.990+0000] {processor.py:208} INFO - Processing /home/airflow/.local/lib/python3.12/site-packages/airflow/example_dags/example_python_decorator.py took 0.088 seconds
[2025-01-20T08:21:31.653+0000] {processor.py:186} INFO - Started process (PID=50395) to work on /home/airflow/.local/lib/python3.12/site-packages/airflow/example_dags/example_python_decorator.py
[2025-01-20T08:21:31.655+0000] {processor.py:914} INFO - Processing file /home/airflow/.local/lib/python3.12/site-packages/airflow/example_dags/example_python_decorator.py for tasks to queue
[2025-01-20T08:21:31.660+0000] {logging_mixin.py:190} INFO - [2025-01-20T08:21:31.659+0000] {dagbag.py:588} INFO - Filling up the DagBag from /home/airflow/.local/lib/python3.12/site-packages/airflow/example_dags/example_python_decorator.py
[2025-01-20T08:21:31.676+0000] {processor.py:925} INFO - DAG(s) 'example_python_decorator' retrieved from /home/airflow/.local/lib/python3.12/site-packages/airflow/example_dags/example_python_decorator.py
[2025-01-20T08:21:31.695+0000] {logging_mixin.py:190} INFO - [2025-01-20T08:21:31.694+0000] {dag.py:3239} INFO - Sync 1 DAGs
[2025-01-20T08:21:31.713+0000] {logging_mixin.py:190} INFO - [2025-01-20T08:21:31.713+0000] {dag.py:4180} INFO - Setting next_dagrun for example_python_decorator to None, run_after=None
[2025-01-20T08:21:31.736+0000] {processor.py:208} INFO - Processing /home/airflow/.local/lib/python3.12/site-packages/airflow/example_dags/example_python_decorator.py took 0.090 seconds
[2025-01-20T08:22:02.681+0000] {processor.py:186} INFO - Started process (PID=50699) to work on /home/airflow/.local/lib/python3.12/site-packages/airflow/example_dags/example_python_decorator.py
[2025-01-20T08:22:02.682+0000] {processor.py:914} INFO - Processing file /home/airflow/.local/lib/python3.12/site-packages/airflow/example_dags/example_python_decorator.py for tasks to queue
[2025-01-20T08:22:02.684+0000] {logging_mixin.py:190} INFO - [2025-01-20T08:22:02.683+0000] {dagbag.py:588} INFO - Filling up the DagBag from /home/airflow/.local/lib/python3.12/site-packages/airflow/example_dags/example_python_decorator.py
[2025-01-20T08:22:02.697+0000] {processor.py:925} INFO - DAG(s) 'example_python_decorator' retrieved from /home/airflow/.local/lib/python3.12/site-packages/airflow/example_dags/example_python_decorator.py
[2025-01-20T08:22:02.722+0000] {logging_mixin.py:190} INFO - [2025-01-20T08:22:02.721+0000] {dag.py:3239} INFO - Sync 1 DAGs
[2025-01-20T08:22:02.731+0000] {logging_mixin.py:190} INFO - [2025-01-20T08:22:02.731+0000] {dag.py:4180} INFO - Setting next_dagrun for example_python_decorator to None, run_after=None
[2025-01-20T08:22:02.743+0000] {processor.py:208} INFO - Processing /home/airflow/.local/lib/python3.12/site-packages/airflow/example_dags/example_python_decorator.py took 0.066 seconds
[2025-01-20T08:22:33.507+0000] {processor.py:186} INFO - Started process (PID=51000) to work on /home/airflow/.local/lib/python3.12/site-packages/airflow/example_dags/example_python_decorator.py
[2025-01-20T08:22:33.508+0000] {processor.py:914} INFO - Processing file /home/airflow/.local/lib/python3.12/site-packages/airflow/example_dags/example_python_decorator.py for tasks to queue
[2025-01-20T08:22:33.509+0000] {logging_mixin.py:190} INFO - [2025-01-20T08:22:33.509+0000] {dagbag.py:588} INFO - Filling up the DagBag from /home/airflow/.local/lib/python3.12/site-packages/airflow/example_dags/example_python_decorator.py
[2025-01-20T08:22:33.518+0000] {processor.py:925} INFO - DAG(s) 'example_python_decorator' retrieved from /home/airflow/.local/lib/python3.12/site-packages/airflow/example_dags/example_python_decorator.py
[2025-01-20T08:22:33.535+0000] {logging_mixin.py:190} INFO - [2025-01-20T08:22:33.535+0000] {dag.py:3239} INFO - Sync 1 DAGs
[2025-01-20T08:22:33.547+0000] {logging_mixin.py:190} INFO - [2025-01-20T08:22:33.547+0000] {dag.py:4180} INFO - Setting next_dagrun for example_python_decorator to None, run_after=None
[2025-01-20T08:22:33.572+0000] {processor.py:208} INFO - Processing /home/airflow/.local/lib/python3.12/site-packages/airflow/example_dags/example_python_decorator.py took 0.073 seconds
[2025-01-20T08:23:04.500+0000] {processor.py:186} INFO - Started process (PID=51308) to work on /home/airflow/.local/lib/python3.12/site-packages/airflow/example_dags/example_python_decorator.py
[2025-01-20T08:23:04.501+0000] {processor.py:914} INFO - Processing file /home/airflow/.local/lib/python3.12/site-packages/airflow/example_dags/example_python_decorator.py for tasks to queue
[2025-01-20T08:23:04.506+0000] {logging_mixin.py:190} INFO - [2025-01-20T08:23:04.505+0000] {dagbag.py:588} INFO - Filling up the DagBag from /home/airflow/.local/lib/python3.12/site-packages/airflow/example_dags/example_python_decorator.py
[2025-01-20T08:23:04.526+0000] {processor.py:925} INFO - DAG(s) 'example_python_decorator' retrieved from /home/airflow/.local/lib/python3.12/site-packages/airflow/example_dags/example_python_decorator.py
[2025-01-20T08:23:04.543+0000] {logging_mixin.py:190} INFO - [2025-01-20T08:23:04.543+0000] {dag.py:3239} INFO - Sync 1 DAGs
[2025-01-20T08:23:04.554+0000] {logging_mixin.py:190} INFO - [2025-01-20T08:23:04.554+0000] {dag.py:4180} INFO - Setting next_dagrun for example_python_decorator to None, run_after=None
[2025-01-20T08:23:04.568+0000] {processor.py:208} INFO - Processing /home/airflow/.local/lib/python3.12/site-packages/airflow/example_dags/example_python_decorator.py took 0.076 seconds
[2025-01-20T08:23:35.339+0000] {processor.py:186} INFO - Started process (PID=51607) to work on /home/airflow/.local/lib/python3.12/site-packages/airflow/example_dags/example_python_decorator.py
[2025-01-20T08:23:35.340+0000] {processor.py:914} INFO - Processing file /home/airflow/.local/lib/python3.12/site-packages/airflow/example_dags/example_python_decorator.py for tasks to queue
[2025-01-20T08:23:35.343+0000] {logging_mixin.py:190} INFO - [2025-01-20T08:23:35.342+0000] {dagbag.py:588} INFO - Filling up the DagBag from /home/airflow/.local/lib/python3.12/site-packages/airflow/example_dags/example_python_decorator.py
[2025-01-20T08:23:35.359+0000] {processor.py:925} INFO - DAG(s) 'example_python_decorator' retrieved from /home/airflow/.local/lib/python3.12/site-packages/airflow/example_dags/example_python_decorator.py
[2025-01-20T08:23:35.377+0000] {logging_mixin.py:190} INFO - [2025-01-20T08:23:35.377+0000] {dag.py:3239} INFO - Sync 1 DAGs
[2025-01-20T08:23:35.393+0000] {logging_mixin.py:190} INFO - [2025-01-20T08:23:35.393+0000] {dag.py:4180} INFO - Setting next_dagrun for example_python_decorator to None, run_after=None
[2025-01-20T08:23:35.408+0000] {processor.py:208} INFO - Processing /home/airflow/.local/lib/python3.12/site-packages/airflow/example_dags/example_python_decorator.py took 0.076 seconds
[2025-01-20T08:24:06.428+0000] {processor.py:186} INFO - Started process (PID=51913) to work on /home/airflow/.local/lib/python3.12/site-packages/airflow/example_dags/example_python_decorator.py
[2025-01-20T08:24:06.429+0000] {processor.py:914} INFO - Processing file /home/airflow/.local/lib/python3.12/site-packages/airflow/example_dags/example_python_decorator.py for tasks to queue
[2025-01-20T08:24:06.431+0000] {logging_mixin.py:190} INFO - [2025-01-20T08:24:06.431+0000] {dagbag.py:588} INFO - Filling up the DagBag from /home/airflow/.local/lib/python3.12/site-packages/airflow/example_dags/example_python_decorator.py
[2025-01-20T08:24:06.441+0000] {processor.py:925} INFO - DAG(s) 'example_python_decorator' retrieved from /home/airflow/.local/lib/python3.12/site-packages/airflow/example_dags/example_python_decorator.py
[2025-01-20T08:24:06.454+0000] {logging_mixin.py:190} INFO - [2025-01-20T08:24:06.454+0000] {dag.py:3239} INFO - Sync 1 DAGs
[2025-01-20T08:24:06.464+0000] {logging_mixin.py:190} INFO - [2025-01-20T08:24:06.463+0000] {dag.py:4180} INFO - Setting next_dagrun for example_python_decorator to None, run_after=None
[2025-01-20T08:24:06.477+0000] {processor.py:208} INFO - Processing /home/airflow/.local/lib/python3.12/site-packages/airflow/example_dags/example_python_decorator.py took 0.053 seconds
[2025-01-20T08:24:37.285+0000] {processor.py:186} INFO - Started process (PID=52216) to work on /home/airflow/.local/lib/python3.12/site-packages/airflow/example_dags/example_python_decorator.py
[2025-01-20T08:24:37.287+0000] {processor.py:914} INFO - Processing file /home/airflow/.local/lib/python3.12/site-packages/airflow/example_dags/example_python_decorator.py for tasks to queue
[2025-01-20T08:24:37.288+0000] {logging_mixin.py:190} INFO - [2025-01-20T08:24:37.288+0000] {dagbag.py:588} INFO - Filling up the DagBag from /home/airflow/.local/lib/python3.12/site-packages/airflow/example_dags/example_python_decorator.py
[2025-01-20T08:24:37.299+0000] {processor.py:925} INFO - DAG(s) 'example_python_decorator' retrieved from /home/airflow/.local/lib/python3.12/site-packages/airflow/example_dags/example_python_decorator.py
[2025-01-20T08:24:37.323+0000] {logging_mixin.py:190} INFO - [2025-01-20T08:24:37.323+0000] {dag.py:3239} INFO - Sync 1 DAGs
[2025-01-20T08:24:37.334+0000] {logging_mixin.py:190} INFO - [2025-01-20T08:24:37.334+0000] {dag.py:4180} INFO - Setting next_dagrun for example_python_decorator to None, run_after=None
[2025-01-20T08:24:37.350+0000] {processor.py:208} INFO - Processing /home/airflow/.local/lib/python3.12/site-packages/airflow/example_dags/example_python_decorator.py took 0.074 seconds
[2025-01-20T08:25:08.267+0000] {processor.py:186} INFO - Started process (PID=52520) to work on /home/airflow/.local/lib/python3.12/site-packages/airflow/example_dags/example_python_decorator.py
[2025-01-20T08:25:08.268+0000] {processor.py:914} INFO - Processing file /home/airflow/.local/lib/python3.12/site-packages/airflow/example_dags/example_python_decorator.py for tasks to queue
[2025-01-20T08:25:08.274+0000] {logging_mixin.py:190} INFO - [2025-01-20T08:25:08.274+0000] {dagbag.py:588} INFO - Filling up the DagBag from /home/airflow/.local/lib/python3.12/site-packages/airflow/example_dags/example_python_decorator.py
[2025-01-20T08:25:08.292+0000] {processor.py:925} INFO - DAG(s) 'example_python_decorator' retrieved from /home/airflow/.local/lib/python3.12/site-packages/airflow/example_dags/example_python_decorator.py
[2025-01-20T08:25:08.317+0000] {logging_mixin.py:190} INFO - [2025-01-20T08:25:08.317+0000] {dag.py:3239} INFO - Sync 1 DAGs
[2025-01-20T08:25:08.332+0000] {logging_mixin.py:190} INFO - [2025-01-20T08:25:08.332+0000] {dag.py:4180} INFO - Setting next_dagrun for example_python_decorator to None, run_after=None
[2025-01-20T08:25:08.351+0000] {processor.py:208} INFO - Processing /home/airflow/.local/lib/python3.12/site-packages/airflow/example_dags/example_python_decorator.py took 0.091 seconds
[2025-01-20T08:25:38.806+0000] {processor.py:186} INFO - Started process (PID=52823) to work on /home/airflow/.local/lib/python3.12/site-packages/airflow/example_dags/example_python_decorator.py
[2025-01-20T08:25:38.807+0000] {processor.py:914} INFO - Processing file /home/airflow/.local/lib/python3.12/site-packages/airflow/example_dags/example_python_decorator.py for tasks to queue
[2025-01-20T08:25:38.810+0000] {logging_mixin.py:190} INFO - [2025-01-20T08:25:38.810+0000] {dagbag.py:588} INFO - Filling up the DagBag from /home/airflow/.local/lib/python3.12/site-packages/airflow/example_dags/example_python_decorator.py
[2025-01-20T08:25:38.821+0000] {processor.py:925} INFO - DAG(s) 'example_python_decorator' retrieved from /home/airflow/.local/lib/python3.12/site-packages/airflow/example_dags/example_python_decorator.py
[2025-01-20T08:25:38.845+0000] {logging_mixin.py:190} INFO - [2025-01-20T08:25:38.845+0000] {dag.py:3239} INFO - Sync 1 DAGs
[2025-01-20T08:25:38.861+0000] {logging_mixin.py:190} INFO - [2025-01-20T08:25:38.861+0000] {dag.py:4180} INFO - Setting next_dagrun for example_python_decorator to None, run_after=None
[2025-01-20T08:25:38.876+0000] {processor.py:208} INFO - Processing /home/airflow/.local/lib/python3.12/site-packages/airflow/example_dags/example_python_decorator.py took 0.074 seconds
[2025-01-20T08:26:09.029+0000] {processor.py:186} INFO - Started process (PID=53129) to work on /home/airflow/.local/lib/python3.12/site-packages/airflow/example_dags/example_python_decorator.py
[2025-01-20T08:26:09.029+0000] {processor.py:914} INFO - Processing file /home/airflow/.local/lib/python3.12/site-packages/airflow/example_dags/example_python_decorator.py for tasks to queue
[2025-01-20T08:26:09.031+0000] {logging_mixin.py:190} INFO - [2025-01-20T08:26:09.031+0000] {dagbag.py:588} INFO - Filling up the DagBag from /home/airflow/.local/lib/python3.12/site-packages/airflow/example_dags/example_python_decorator.py
[2025-01-20T08:26:09.040+0000] {processor.py:925} INFO - DAG(s) 'example_python_decorator' retrieved from /home/airflow/.local/lib/python3.12/site-packages/airflow/example_dags/example_python_decorator.py
[2025-01-20T08:26:09.054+0000] {logging_mixin.py:190} INFO - [2025-01-20T08:26:09.054+0000] {dag.py:3239} INFO - Sync 1 DAGs
[2025-01-20T08:26:09.063+0000] {logging_mixin.py:190} INFO - [2025-01-20T08:26:09.063+0000] {dag.py:4180} INFO - Setting next_dagrun for example_python_decorator to None, run_after=None
[2025-01-20T08:26:09.078+0000] {processor.py:208} INFO - Processing /home/airflow/.local/lib/python3.12/site-packages/airflow/example_dags/example_python_decorator.py took 0.053 seconds
[2025-01-20T08:26:39.558+0000] {processor.py:186} INFO - Started process (PID=53430) to work on /home/airflow/.local/lib/python3.12/site-packages/airflow/example_dags/example_python_decorator.py
[2025-01-20T08:26:39.558+0000] {processor.py:914} INFO - Processing file /home/airflow/.local/lib/python3.12/site-packages/airflow/example_dags/example_python_decorator.py for tasks to queue
[2025-01-20T08:26:39.562+0000] {logging_mixin.py:190} INFO - [2025-01-20T08:26:39.561+0000] {dagbag.py:588} INFO - Filling up the DagBag from /home/airflow/.local/lib/python3.12/site-packages/airflow/example_dags/example_python_decorator.py
[2025-01-20T08:26:39.576+0000] {processor.py:925} INFO - DAG(s) 'example_python_decorator' retrieved from /home/airflow/.local/lib/python3.12/site-packages/airflow/example_dags/example_python_decorator.py
[2025-01-20T08:26:39.592+0000] {logging_mixin.py:190} INFO - [2025-01-20T08:26:39.592+0000] {dag.py:3239} INFO - Sync 1 DAGs
[2025-01-20T08:26:39.608+0000] {logging_mixin.py:190} INFO - [2025-01-20T08:26:39.608+0000] {dag.py:4180} INFO - Setting next_dagrun for example_python_decorator to None, run_after=None
[2025-01-20T08:26:39.626+0000] {processor.py:208} INFO - Processing /home/airflow/.local/lib/python3.12/site-packages/airflow/example_dags/example_python_decorator.py took 0.074 seconds
[2025-01-20T08:27:10.174+0000] {processor.py:186} INFO - Started process (PID=53736) to work on /home/airflow/.local/lib/python3.12/site-packages/airflow/example_dags/example_python_decorator.py
[2025-01-20T08:27:10.174+0000] {processor.py:914} INFO - Processing file /home/airflow/.local/lib/python3.12/site-packages/airflow/example_dags/example_python_decorator.py for tasks to queue
[2025-01-20T08:27:10.176+0000] {logging_mixin.py:190} INFO - [2025-01-20T08:27:10.176+0000] {dagbag.py:588} INFO - Filling up the DagBag from /home/airflow/.local/lib/python3.12/site-packages/airflow/example_dags/example_python_decorator.py
[2025-01-20T08:27:10.186+0000] {processor.py:925} INFO - DAG(s) 'example_python_decorator' retrieved from /home/airflow/.local/lib/python3.12/site-packages/airflow/example_dags/example_python_decorator.py
[2025-01-20T08:27:10.200+0000] {logging_mixin.py:190} INFO - [2025-01-20T08:27:10.200+0000] {dag.py:3239} INFO - Sync 1 DAGs
[2025-01-20T08:27:10.209+0000] {logging_mixin.py:190} INFO - [2025-01-20T08:27:10.208+0000] {dag.py:4180} INFO - Setting next_dagrun for example_python_decorator to None, run_after=None
[2025-01-20T08:27:10.221+0000] {processor.py:208} INFO - Processing /home/airflow/.local/lib/python3.12/site-packages/airflow/example_dags/example_python_decorator.py took 0.050 seconds
[2025-01-20T08:27:40.767+0000] {processor.py:186} INFO - Started process (PID=54036) to work on /home/airflow/.local/lib/python3.12/site-packages/airflow/example_dags/example_python_decorator.py
[2025-01-20T08:27:40.768+0000] {processor.py:914} INFO - Processing file /home/airflow/.local/lib/python3.12/site-packages/airflow/example_dags/example_python_decorator.py for tasks to queue
[2025-01-20T08:27:40.770+0000] {logging_mixin.py:190} INFO - [2025-01-20T08:27:40.770+0000] {dagbag.py:588} INFO - Filling up the DagBag from /home/airflow/.local/lib/python3.12/site-packages/airflow/example_dags/example_python_decorator.py
[2025-01-20T08:27:40.788+0000] {processor.py:925} INFO - DAG(s) 'example_python_decorator' retrieved from /home/airflow/.local/lib/python3.12/site-packages/airflow/example_dags/example_python_decorator.py
[2025-01-20T08:27:40.811+0000] {logging_mixin.py:190} INFO - [2025-01-20T08:27:40.811+0000] {dag.py:3239} INFO - Sync 1 DAGs
[2025-01-20T08:27:40.827+0000] {logging_mixin.py:190} INFO - [2025-01-20T08:27:40.827+0000] {dag.py:4180} INFO - Setting next_dagrun for example_python_decorator to None, run_after=None
[2025-01-20T08:27:40.845+0000] {processor.py:208} INFO - Processing /home/airflow/.local/lib/python3.12/site-packages/airflow/example_dags/example_python_decorator.py took 0.083 seconds
[2025-01-20T08:28:11.243+0000] {processor.py:186} INFO - Started process (PID=54343) to work on /home/airflow/.local/lib/python3.12/site-packages/airflow/example_dags/example_python_decorator.py
[2025-01-20T08:28:11.243+0000] {processor.py:914} INFO - Processing file /home/airflow/.local/lib/python3.12/site-packages/airflow/example_dags/example_python_decorator.py for tasks to queue
[2025-01-20T08:28:11.245+0000] {logging_mixin.py:190} INFO - [2025-01-20T08:28:11.245+0000] {dagbag.py:588} INFO - Filling up the DagBag from /home/airflow/.local/lib/python3.12/site-packages/airflow/example_dags/example_python_decorator.py
[2025-01-20T08:28:11.254+0000] {processor.py:925} INFO - DAG(s) 'example_python_decorator' retrieved from /home/airflow/.local/lib/python3.12/site-packages/airflow/example_dags/example_python_decorator.py
[2025-01-20T08:28:11.275+0000] {logging_mixin.py:190} INFO - [2025-01-20T08:28:11.275+0000] {dag.py:3239} INFO - Sync 1 DAGs
[2025-01-20T08:28:11.285+0000] {logging_mixin.py:190} INFO - [2025-01-20T08:28:11.285+0000] {dag.py:4180} INFO - Setting next_dagrun for example_python_decorator to None, run_after=None
[2025-01-20T08:28:11.302+0000] {processor.py:208} INFO - Processing /home/airflow/.local/lib/python3.12/site-packages/airflow/example_dags/example_python_decorator.py took 0.065 seconds
[2025-01-20T08:28:41.753+0000] {processor.py:186} INFO - Started process (PID=54642) to work on /home/airflow/.local/lib/python3.12/site-packages/airflow/example_dags/example_python_decorator.py
[2025-01-20T08:28:41.754+0000] {processor.py:914} INFO - Processing file /home/airflow/.local/lib/python3.12/site-packages/airflow/example_dags/example_python_decorator.py for tasks to queue
[2025-01-20T08:28:41.757+0000] {logging_mixin.py:190} INFO - [2025-01-20T08:28:41.756+0000] {dagbag.py:588} INFO - Filling up the DagBag from /home/airflow/.local/lib/python3.12/site-packages/airflow/example_dags/example_python_decorator.py
[2025-01-20T08:28:41.768+0000] {processor.py:925} INFO - DAG(s) 'example_python_decorator' retrieved from /home/airflow/.local/lib/python3.12/site-packages/airflow/example_dags/example_python_decorator.py
[2025-01-20T08:28:41.785+0000] {logging_mixin.py:190} INFO - [2025-01-20T08:28:41.785+0000] {dag.py:3239} INFO - Sync 1 DAGs
[2025-01-20T08:28:41.798+0000] {logging_mixin.py:190} INFO - [2025-01-20T08:28:41.798+0000] {dag.py:4180} INFO - Setting next_dagrun for example_python_decorator to None, run_after=None
[2025-01-20T08:28:41.816+0000] {processor.py:208} INFO - Processing /home/airflow/.local/lib/python3.12/site-packages/airflow/example_dags/example_python_decorator.py took 0.067 seconds
[2025-01-20T08:29:12.582+0000] {processor.py:186} INFO - Started process (PID=54950) to work on /home/airflow/.local/lib/python3.12/site-packages/airflow/example_dags/example_python_decorator.py
[2025-01-20T08:29:12.583+0000] {processor.py:914} INFO - Processing file /home/airflow/.local/lib/python3.12/site-packages/airflow/example_dags/example_python_decorator.py for tasks to queue
[2025-01-20T08:29:12.585+0000] {logging_mixin.py:190} INFO - [2025-01-20T08:29:12.584+0000] {dagbag.py:588} INFO - Filling up the DagBag from /home/airflow/.local/lib/python3.12/site-packages/airflow/example_dags/example_python_decorator.py
[2025-01-20T08:29:12.594+0000] {processor.py:925} INFO - DAG(s) 'example_python_decorator' retrieved from /home/airflow/.local/lib/python3.12/site-packages/airflow/example_dags/example_python_decorator.py
[2025-01-20T08:29:12.608+0000] {logging_mixin.py:190} INFO - [2025-01-20T08:29:12.608+0000] {dag.py:3239} INFO - Sync 1 DAGs
[2025-01-20T08:29:12.618+0000] {logging_mixin.py:190} INFO - [2025-01-20T08:29:12.617+0000] {dag.py:4180} INFO - Setting next_dagrun for example_python_decorator to None, run_after=None
[2025-01-20T08:29:12.633+0000] {processor.py:208} INFO - Processing /home/airflow/.local/lib/python3.12/site-packages/airflow/example_dags/example_python_decorator.py took 0.055 seconds
[2025-01-20T08:29:42.813+0000] {processor.py:186} INFO - Started process (PID=55251) to work on /home/airflow/.local/lib/python3.12/site-packages/airflow/example_dags/example_python_decorator.py
[2025-01-20T08:29:42.814+0000] {processor.py:914} INFO - Processing file /home/airflow/.local/lib/python3.12/site-packages/airflow/example_dags/example_python_decorator.py for tasks to queue
[2025-01-20T08:29:42.816+0000] {logging_mixin.py:190} INFO - [2025-01-20T08:29:42.816+0000] {dagbag.py:588} INFO - Filling up the DagBag from /home/airflow/.local/lib/python3.12/site-packages/airflow/example_dags/example_python_decorator.py
[2025-01-20T08:29:42.827+0000] {processor.py:925} INFO - DAG(s) 'example_python_decorator' retrieved from /home/airflow/.local/lib/python3.12/site-packages/airflow/example_dags/example_python_decorator.py
[2025-01-20T08:29:42.840+0000] {logging_mixin.py:190} INFO - [2025-01-20T08:29:42.840+0000] {dag.py:3239} INFO - Sync 1 DAGs
[2025-01-20T08:29:42.850+0000] {logging_mixin.py:190} INFO - [2025-01-20T08:29:42.850+0000] {dag.py:4180} INFO - Setting next_dagrun for example_python_decorator to None, run_after=None
[2025-01-20T08:29:42.863+0000] {processor.py:208} INFO - Processing /home/airflow/.local/lib/python3.12/site-packages/airflow/example_dags/example_python_decorator.py took 0.055 seconds
[2025-01-20T08:30:13.219+0000] {processor.py:186} INFO - Started process (PID=55557) to work on /home/airflow/.local/lib/python3.12/site-packages/airflow/example_dags/example_python_decorator.py
[2025-01-20T08:30:13.220+0000] {processor.py:914} INFO - Processing file /home/airflow/.local/lib/python3.12/site-packages/airflow/example_dags/example_python_decorator.py for tasks to queue
[2025-01-20T08:30:13.222+0000] {logging_mixin.py:190} INFO - [2025-01-20T08:30:13.222+0000] {dagbag.py:588} INFO - Filling up the DagBag from /home/airflow/.local/lib/python3.12/site-packages/airflow/example_dags/example_python_decorator.py
[2025-01-20T08:30:13.234+0000] {processor.py:925} INFO - DAG(s) 'example_python_decorator' retrieved from /home/airflow/.local/lib/python3.12/site-packages/airflow/example_dags/example_python_decorator.py
[2025-01-20T08:30:13.251+0000] {logging_mixin.py:190} INFO - [2025-01-20T08:30:13.251+0000] {dag.py:3239} INFO - Sync 1 DAGs
[2025-01-20T08:30:13.260+0000] {logging_mixin.py:190} INFO - [2025-01-20T08:30:13.260+0000] {dag.py:4180} INFO - Setting next_dagrun for example_python_decorator to None, run_after=None
[2025-01-20T08:30:13.272+0000] {processor.py:208} INFO - Processing /home/airflow/.local/lib/python3.12/site-packages/airflow/example_dags/example_python_decorator.py took 0.060 seconds
[2025-01-20T08:30:43.722+0000] {processor.py:186} INFO - Started process (PID=55864) to work on /home/airflow/.local/lib/python3.12/site-packages/airflow/example_dags/example_python_decorator.py
[2025-01-20T08:30:43.723+0000] {processor.py:914} INFO - Processing file /home/airflow/.local/lib/python3.12/site-packages/airflow/example_dags/example_python_decorator.py for tasks to queue
[2025-01-20T08:30:43.726+0000] {logging_mixin.py:190} INFO - [2025-01-20T08:30:43.726+0000] {dagbag.py:588} INFO - Filling up the DagBag from /home/airflow/.local/lib/python3.12/site-packages/airflow/example_dags/example_python_decorator.py
[2025-01-20T08:30:43.738+0000] {processor.py:925} INFO - DAG(s) 'example_python_decorator' retrieved from /home/airflow/.local/lib/python3.12/site-packages/airflow/example_dags/example_python_decorator.py
[2025-01-20T08:30:43.756+0000] {logging_mixin.py:190} INFO - [2025-01-20T08:30:43.756+0000] {dag.py:3239} INFO - Sync 1 DAGs
[2025-01-20T08:30:43.766+0000] {logging_mixin.py:190} INFO - [2025-01-20T08:30:43.766+0000] {dag.py:4180} INFO - Setting next_dagrun for example_python_decorator to None, run_after=None
[2025-01-20T08:30:43.784+0000] {processor.py:208} INFO - Processing /home/airflow/.local/lib/python3.12/site-packages/airflow/example_dags/example_python_decorator.py took 0.069 seconds
[2025-01-20T08:31:14.629+0000] {processor.py:186} INFO - Started process (PID=56168) to work on /home/airflow/.local/lib/python3.12/site-packages/airflow/example_dags/example_python_decorator.py
[2025-01-20T08:31:14.630+0000] {processor.py:914} INFO - Processing file /home/airflow/.local/lib/python3.12/site-packages/airflow/example_dags/example_python_decorator.py for tasks to queue
[2025-01-20T08:31:14.632+0000] {logging_mixin.py:190} INFO - [2025-01-20T08:31:14.632+0000] {dagbag.py:588} INFO - Filling up the DagBag from /home/airflow/.local/lib/python3.12/site-packages/airflow/example_dags/example_python_decorator.py
[2025-01-20T08:31:14.642+0000] {processor.py:925} INFO - DAG(s) 'example_python_decorator' retrieved from /home/airflow/.local/lib/python3.12/site-packages/airflow/example_dags/example_python_decorator.py
[2025-01-20T08:31:14.656+0000] {logging_mixin.py:190} INFO - [2025-01-20T08:31:14.655+0000] {dag.py:3239} INFO - Sync 1 DAGs
[2025-01-20T08:31:14.666+0000] {logging_mixin.py:190} INFO - [2025-01-20T08:31:14.666+0000] {dag.py:4180} INFO - Setting next_dagrun for example_python_decorator to None, run_after=None
[2025-01-20T08:31:14.686+0000] {processor.py:208} INFO - Processing /home/airflow/.local/lib/python3.12/site-packages/airflow/example_dags/example_python_decorator.py took 0.064 seconds
[2025-01-20T08:31:44.886+0000] {processor.py:186} INFO - Started process (PID=56469) to work on /home/airflow/.local/lib/python3.12/site-packages/airflow/example_dags/example_python_decorator.py
[2025-01-20T08:31:44.887+0000] {processor.py:914} INFO - Processing file /home/airflow/.local/lib/python3.12/site-packages/airflow/example_dags/example_python_decorator.py for tasks to queue
[2025-01-20T08:31:44.890+0000] {logging_mixin.py:190} INFO - [2025-01-20T08:31:44.890+0000] {dagbag.py:588} INFO - Filling up the DagBag from /home/airflow/.local/lib/python3.12/site-packages/airflow/example_dags/example_python_decorator.py
[2025-01-20T08:31:44.913+0000] {processor.py:925} INFO - DAG(s) 'example_python_decorator' retrieved from /home/airflow/.local/lib/python3.12/site-packages/airflow/example_dags/example_python_decorator.py
[2025-01-20T08:31:44.940+0000] {logging_mixin.py:190} INFO - [2025-01-20T08:31:44.940+0000] {dag.py:3239} INFO - Sync 1 DAGs
[2025-01-20T08:31:44.959+0000] {logging_mixin.py:190} INFO - [2025-01-20T08:31:44.958+0000] {dag.py:4180} INFO - Setting next_dagrun for example_python_decorator to None, run_after=None
[2025-01-20T08:31:44.989+0000] {processor.py:208} INFO - Processing /home/airflow/.local/lib/python3.12/site-packages/airflow/example_dags/example_python_decorator.py took 0.110 seconds
[2025-01-20T08:32:15.265+0000] {processor.py:186} INFO - Started process (PID=56777) to work on /home/airflow/.local/lib/python3.12/site-packages/airflow/example_dags/example_python_decorator.py
[2025-01-20T08:32:15.265+0000] {processor.py:914} INFO - Processing file /home/airflow/.local/lib/python3.12/site-packages/airflow/example_dags/example_python_decorator.py for tasks to queue
[2025-01-20T08:32:15.267+0000] {logging_mixin.py:190} INFO - [2025-01-20T08:32:15.267+0000] {dagbag.py:588} INFO - Filling up the DagBag from /home/airflow/.local/lib/python3.12/site-packages/airflow/example_dags/example_python_decorator.py
[2025-01-20T08:32:15.276+0000] {processor.py:925} INFO - DAG(s) 'example_python_decorator' retrieved from /home/airflow/.local/lib/python3.12/site-packages/airflow/example_dags/example_python_decorator.py
[2025-01-20T08:32:15.289+0000] {logging_mixin.py:190} INFO - [2025-01-20T08:32:15.289+0000] {dag.py:3239} INFO - Sync 1 DAGs
[2025-01-20T08:32:15.298+0000] {logging_mixin.py:190} INFO - [2025-01-20T08:32:15.298+0000] {dag.py:4180} INFO - Setting next_dagrun for example_python_decorator to None, run_after=None
[2025-01-20T08:32:15.313+0000] {processor.py:208} INFO - Processing /home/airflow/.local/lib/python3.12/site-packages/airflow/example_dags/example_python_decorator.py took 0.052 seconds
[2025-01-20T08:32:45.470+0000] {processor.py:186} INFO - Started process (PID=57078) to work on /home/airflow/.local/lib/python3.12/site-packages/airflow/example_dags/example_python_decorator.py
[2025-01-20T08:32:45.471+0000] {processor.py:914} INFO - Processing file /home/airflow/.local/lib/python3.12/site-packages/airflow/example_dags/example_python_decorator.py for tasks to queue
[2025-01-20T08:32:45.475+0000] {logging_mixin.py:190} INFO - [2025-01-20T08:32:45.474+0000] {dagbag.py:588} INFO - Filling up the DagBag from /home/airflow/.local/lib/python3.12/site-packages/airflow/example_dags/example_python_decorator.py
[2025-01-20T08:32:45.490+0000] {processor.py:925} INFO - DAG(s) 'example_python_decorator' retrieved from /home/airflow/.local/lib/python3.12/site-packages/airflow/example_dags/example_python_decorator.py
[2025-01-20T08:32:45.511+0000] {logging_mixin.py:190} INFO - [2025-01-20T08:32:45.511+0000] {dag.py:3239} INFO - Sync 1 DAGs
[2025-01-20T08:32:45.524+0000] {logging_mixin.py:190} INFO - [2025-01-20T08:32:45.524+0000] {dag.py:4180} INFO - Setting next_dagrun for example_python_decorator to None, run_after=None
[2025-01-20T08:32:45.544+0000] {processor.py:208} INFO - Processing /home/airflow/.local/lib/python3.12/site-packages/airflow/example_dags/example_python_decorator.py took 0.079 seconds
[2025-01-20T08:33:16.075+0000] {processor.py:186} INFO - Started process (PID=57384) to work on /home/airflow/.local/lib/python3.12/site-packages/airflow/example_dags/example_python_decorator.py
[2025-01-20T08:33:16.076+0000] {processor.py:914} INFO - Processing file /home/airflow/.local/lib/python3.12/site-packages/airflow/example_dags/example_python_decorator.py for tasks to queue
[2025-01-20T08:33:16.081+0000] {logging_mixin.py:190} INFO - [2025-01-20T08:33:16.080+0000] {dagbag.py:588} INFO - Filling up the DagBag from /home/airflow/.local/lib/python3.12/site-packages/airflow/example_dags/example_python_decorator.py
[2025-01-20T08:33:16.108+0000] {processor.py:925} INFO - DAG(s) 'example_python_decorator' retrieved from /home/airflow/.local/lib/python3.12/site-packages/airflow/example_dags/example_python_decorator.py
[2025-01-20T08:33:16.144+0000] {logging_mixin.py:190} INFO - [2025-01-20T08:33:16.144+0000] {dag.py:3239} INFO - Sync 1 DAGs
[2025-01-20T08:33:16.161+0000] {logging_mixin.py:190} INFO - [2025-01-20T08:33:16.161+0000] {dag.py:4180} INFO - Setting next_dagrun for example_python_decorator to None, run_after=None
[2025-01-20T08:33:16.191+0000] {processor.py:208} INFO - Processing /home/airflow/.local/lib/python3.12/site-packages/airflow/example_dags/example_python_decorator.py took 0.126 seconds
[2025-01-20T08:33:46.560+0000] {processor.py:186} INFO - Started process (PID=57685) to work on /home/airflow/.local/lib/python3.12/site-packages/airflow/example_dags/example_python_decorator.py
[2025-01-20T08:33:46.561+0000] {processor.py:914} INFO - Processing file /home/airflow/.local/lib/python3.12/site-packages/airflow/example_dags/example_python_decorator.py for tasks to queue
[2025-01-20T08:33:46.563+0000] {logging_mixin.py:190} INFO - [2025-01-20T08:33:46.563+0000] {dagbag.py:588} INFO - Filling up the DagBag from /home/airflow/.local/lib/python3.12/site-packages/airflow/example_dags/example_python_decorator.py
[2025-01-20T08:33:46.571+0000] {processor.py:925} INFO - DAG(s) 'example_python_decorator' retrieved from /home/airflow/.local/lib/python3.12/site-packages/airflow/example_dags/example_python_decorator.py
[2025-01-20T08:33:46.585+0000] {logging_mixin.py:190} INFO - [2025-01-20T08:33:46.585+0000] {dag.py:3239} INFO - Sync 1 DAGs
[2025-01-20T08:33:46.593+0000] {logging_mixin.py:190} INFO - [2025-01-20T08:33:46.593+0000] {dag.py:4180} INFO - Setting next_dagrun for example_python_decorator to None, run_after=None
[2025-01-20T08:33:46.606+0000] {processor.py:208} INFO - Processing /home/airflow/.local/lib/python3.12/site-packages/airflow/example_dags/example_python_decorator.py took 0.049 seconds
[2025-01-20T08:34:16.909+0000] {processor.py:186} INFO - Started process (PID=57989) to work on /home/airflow/.local/lib/python3.12/site-packages/airflow/example_dags/example_python_decorator.py
[2025-01-20T08:34:16.910+0000] {processor.py:914} INFO - Processing file /home/airflow/.local/lib/python3.12/site-packages/airflow/example_dags/example_python_decorator.py for tasks to queue
[2025-01-20T08:34:16.911+0000] {logging_mixin.py:190} INFO - [2025-01-20T08:34:16.911+0000] {dagbag.py:588} INFO - Filling up the DagBag from /home/airflow/.local/lib/python3.12/site-packages/airflow/example_dags/example_python_decorator.py
[2025-01-20T08:34:16.921+0000] {processor.py:925} INFO - DAG(s) 'example_python_decorator' retrieved from /home/airflow/.local/lib/python3.12/site-packages/airflow/example_dags/example_python_decorator.py
[2025-01-20T08:34:16.943+0000] {logging_mixin.py:190} INFO - [2025-01-20T08:34:16.943+0000] {dag.py:3239} INFO - Sync 1 DAGs
[2025-01-20T08:34:16.954+0000] {logging_mixin.py:190} INFO - [2025-01-20T08:34:16.954+0000] {dag.py:4180} INFO - Setting next_dagrun for example_python_decorator to None, run_after=None
[2025-01-20T08:34:16.971+0000] {processor.py:208} INFO - Processing /home/airflow/.local/lib/python3.12/site-packages/airflow/example_dags/example_python_decorator.py took 0.070 seconds
[2025-01-20T08:34:47.940+0000] {processor.py:186} INFO - Started process (PID=58290) to work on /home/airflow/.local/lib/python3.12/site-packages/airflow/example_dags/example_python_decorator.py
[2025-01-20T08:34:47.941+0000] {processor.py:914} INFO - Processing file /home/airflow/.local/lib/python3.12/site-packages/airflow/example_dags/example_python_decorator.py for tasks to queue
[2025-01-20T08:34:47.942+0000] {logging_mixin.py:190} INFO - [2025-01-20T08:34:47.942+0000] {dagbag.py:588} INFO - Filling up the DagBag from /home/airflow/.local/lib/python3.12/site-packages/airflow/example_dags/example_python_decorator.py
[2025-01-20T08:34:47.952+0000] {processor.py:925} INFO - DAG(s) 'example_python_decorator' retrieved from /home/airflow/.local/lib/python3.12/site-packages/airflow/example_dags/example_python_decorator.py
[2025-01-20T08:34:47.966+0000] {logging_mixin.py:190} INFO - [2025-01-20T08:34:47.966+0000] {dag.py:3239} INFO - Sync 1 DAGs
[2025-01-20T08:34:47.975+0000] {logging_mixin.py:190} INFO - [2025-01-20T08:34:47.975+0000] {dag.py:4180} INFO - Setting next_dagrun for example_python_decorator to None, run_after=None
[2025-01-20T08:34:47.988+0000] {processor.py:208} INFO - Processing /home/airflow/.local/lib/python3.12/site-packages/airflow/example_dags/example_python_decorator.py took 0.052 seconds
[2025-01-20T08:35:19.033+0000] {processor.py:186} INFO - Started process (PID=58598) to work on /home/airflow/.local/lib/python3.12/site-packages/airflow/example_dags/example_python_decorator.py
[2025-01-20T08:35:19.035+0000] {processor.py:914} INFO - Processing file /home/airflow/.local/lib/python3.12/site-packages/airflow/example_dags/example_python_decorator.py for tasks to queue
[2025-01-20T08:35:19.040+0000] {logging_mixin.py:190} INFO - [2025-01-20T08:35:19.039+0000] {dagbag.py:588} INFO - Filling up the DagBag from /home/airflow/.local/lib/python3.12/site-packages/airflow/example_dags/example_python_decorator.py
[2025-01-20T08:35:19.060+0000] {processor.py:925} INFO - DAG(s) 'example_python_decorator' retrieved from /home/airflow/.local/lib/python3.12/site-packages/airflow/example_dags/example_python_decorator.py
[2025-01-20T08:35:19.089+0000] {logging_mixin.py:190} INFO - [2025-01-20T08:35:19.089+0000] {dag.py:3239} INFO - Sync 1 DAGs
[2025-01-20T08:35:19.111+0000] {logging_mixin.py:190} INFO - [2025-01-20T08:35:19.111+0000] {dag.py:4180} INFO - Setting next_dagrun for example_python_decorator to None, run_after=None
[2025-01-20T08:35:19.133+0000] {processor.py:208} INFO - Processing /home/airflow/.local/lib/python3.12/site-packages/airflow/example_dags/example_python_decorator.py took 0.104 seconds
[2025-01-20T08:35:50.053+0000] {processor.py:186} INFO - Started process (PID=58897) to work on /home/airflow/.local/lib/python3.12/site-packages/airflow/example_dags/example_python_decorator.py
[2025-01-20T08:35:50.054+0000] {processor.py:914} INFO - Processing file /home/airflow/.local/lib/python3.12/site-packages/airflow/example_dags/example_python_decorator.py for tasks to queue
[2025-01-20T08:35:50.056+0000] {logging_mixin.py:190} INFO - [2025-01-20T08:35:50.056+0000] {dagbag.py:588} INFO - Filling up the DagBag from /home/airflow/.local/lib/python3.12/site-packages/airflow/example_dags/example_python_decorator.py
[2025-01-20T08:35:50.065+0000] {processor.py:925} INFO - DAG(s) 'example_python_decorator' retrieved from /home/airflow/.local/lib/python3.12/site-packages/airflow/example_dags/example_python_decorator.py
[2025-01-20T08:35:50.081+0000] {logging_mixin.py:190} INFO - [2025-01-20T08:35:50.081+0000] {dag.py:3239} INFO - Sync 1 DAGs
[2025-01-20T08:35:50.097+0000] {logging_mixin.py:190} INFO - [2025-01-20T08:35:50.096+0000] {dag.py:4180} INFO - Setting next_dagrun for example_python_decorator to None, run_after=None
[2025-01-20T08:35:50.124+0000] {processor.py:208} INFO - Processing /home/airflow/.local/lib/python3.12/site-packages/airflow/example_dags/example_python_decorator.py took 0.079 seconds
[2025-01-20T08:36:21.019+0000] {processor.py:186} INFO - Started process (PID=59205) to work on /home/airflow/.local/lib/python3.12/site-packages/airflow/example_dags/example_python_decorator.py
[2025-01-20T08:36:21.020+0000] {processor.py:914} INFO - Processing file /home/airflow/.local/lib/python3.12/site-packages/airflow/example_dags/example_python_decorator.py for tasks to queue
[2025-01-20T08:36:21.022+0000] {logging_mixin.py:190} INFO - [2025-01-20T08:36:21.022+0000] {dagbag.py:588} INFO - Filling up the DagBag from /home/airflow/.local/lib/python3.12/site-packages/airflow/example_dags/example_python_decorator.py
[2025-01-20T08:36:21.032+0000] {processor.py:925} INFO - DAG(s) 'example_python_decorator' retrieved from /home/airflow/.local/lib/python3.12/site-packages/airflow/example_dags/example_python_decorator.py
[2025-01-20T08:36:21.049+0000] {logging_mixin.py:190} INFO - [2025-01-20T08:36:21.048+0000] {dag.py:3239} INFO - Sync 1 DAGs
[2025-01-20T08:36:21.059+0000] {logging_mixin.py:190} INFO - [2025-01-20T08:36:21.058+0000] {dag.py:4180} INFO - Setting next_dagrun for example_python_decorator to None, run_after=None
[2025-01-20T08:36:21.074+0000] {processor.py:208} INFO - Processing /home/airflow/.local/lib/python3.12/site-packages/airflow/example_dags/example_python_decorator.py took 0.061 seconds
[2025-01-20T08:36:51.364+0000] {processor.py:186} INFO - Started process (PID=59506) to work on /home/airflow/.local/lib/python3.12/site-packages/airflow/example_dags/example_python_decorator.py
[2025-01-20T08:36:51.365+0000] {processor.py:914} INFO - Processing file /home/airflow/.local/lib/python3.12/site-packages/airflow/example_dags/example_python_decorator.py for tasks to queue
[2025-01-20T08:36:51.367+0000] {logging_mixin.py:190} INFO - [2025-01-20T08:36:51.366+0000] {dagbag.py:588} INFO - Filling up the DagBag from /home/airflow/.local/lib/python3.12/site-packages/airflow/example_dags/example_python_decorator.py
[2025-01-20T08:36:51.377+0000] {processor.py:925} INFO - DAG(s) 'example_python_decorator' retrieved from /home/airflow/.local/lib/python3.12/site-packages/airflow/example_dags/example_python_decorator.py
[2025-01-20T08:36:51.393+0000] {logging_mixin.py:190} INFO - [2025-01-20T08:36:51.393+0000] {dag.py:3239} INFO - Sync 1 DAGs
[2025-01-20T08:36:51.403+0000] {logging_mixin.py:190} INFO - [2025-01-20T08:36:51.403+0000] {dag.py:4180} INFO - Setting next_dagrun for example_python_decorator to None, run_after=None
[2025-01-20T08:36:51.416+0000] {processor.py:208} INFO - Processing /home/airflow/.local/lib/python3.12/site-packages/airflow/example_dags/example_python_decorator.py took 0.056 seconds
[2025-01-20T08:37:21.675+0000] {processor.py:186} INFO - Started process (PID=59812) to work on /home/airflow/.local/lib/python3.12/site-packages/airflow/example_dags/example_python_decorator.py
[2025-01-20T08:37:21.676+0000] {processor.py:914} INFO - Processing file /home/airflow/.local/lib/python3.12/site-packages/airflow/example_dags/example_python_decorator.py for tasks to queue
[2025-01-20T08:37:21.678+0000] {logging_mixin.py:190} INFO - [2025-01-20T08:37:21.678+0000] {dagbag.py:588} INFO - Filling up the DagBag from /home/airflow/.local/lib/python3.12/site-packages/airflow/example_dags/example_python_decorator.py
[2025-01-20T08:37:21.699+0000] {processor.py:925} INFO - DAG(s) 'example_python_decorator' retrieved from /home/airflow/.local/lib/python3.12/site-packages/airflow/example_dags/example_python_decorator.py
[2025-01-20T08:37:21.731+0000] {logging_mixin.py:190} INFO - [2025-01-20T08:37:21.730+0000] {dag.py:3239} INFO - Sync 1 DAGs
[2025-01-20T08:37:21.741+0000] {logging_mixin.py:190} INFO - [2025-01-20T08:37:21.741+0000] {dag.py:4180} INFO - Setting next_dagrun for example_python_decorator to None, run_after=None
[2025-01-20T08:37:21.752+0000] {processor.py:208} INFO - Processing /home/airflow/.local/lib/python3.12/site-packages/airflow/example_dags/example_python_decorator.py took 0.082 seconds
[2025-01-20T08:37:52.078+0000] {processor.py:186} INFO - Started process (PID=60111) to work on /home/airflow/.local/lib/python3.12/site-packages/airflow/example_dags/example_python_decorator.py
[2025-01-20T08:37:52.080+0000] {processor.py:914} INFO - Processing file /home/airflow/.local/lib/python3.12/site-packages/airflow/example_dags/example_python_decorator.py for tasks to queue
[2025-01-20T08:37:52.083+0000] {logging_mixin.py:190} INFO - [2025-01-20T08:37:52.082+0000] {dagbag.py:588} INFO - Filling up the DagBag from /home/airflow/.local/lib/python3.12/site-packages/airflow/example_dags/example_python_decorator.py
[2025-01-20T08:37:52.092+0000] {processor.py:925} INFO - DAG(s) 'example_python_decorator' retrieved from /home/airflow/.local/lib/python3.12/site-packages/airflow/example_dags/example_python_decorator.py
[2025-01-20T08:37:52.106+0000] {logging_mixin.py:190} INFO - [2025-01-20T08:37:52.106+0000] {dag.py:3239} INFO - Sync 1 DAGs
[2025-01-20T08:37:52.115+0000] {logging_mixin.py:190} INFO - [2025-01-20T08:37:52.114+0000] {dag.py:4180} INFO - Setting next_dagrun for example_python_decorator to None, run_after=None
[2025-01-20T08:37:52.132+0000] {processor.py:208} INFO - Processing /home/airflow/.local/lib/python3.12/site-packages/airflow/example_dags/example_python_decorator.py took 0.058 seconds
[2025-01-20T08:38:22.784+0000] {processor.py:186} INFO - Started process (PID=60419) to work on /home/airflow/.local/lib/python3.12/site-packages/airflow/example_dags/example_python_decorator.py
[2025-01-20T08:38:22.785+0000] {processor.py:914} INFO - Processing file /home/airflow/.local/lib/python3.12/site-packages/airflow/example_dags/example_python_decorator.py for tasks to queue
[2025-01-20T08:38:22.787+0000] {logging_mixin.py:190} INFO - [2025-01-20T08:38:22.787+0000] {dagbag.py:588} INFO - Filling up the DagBag from /home/airflow/.local/lib/python3.12/site-packages/airflow/example_dags/example_python_decorator.py
[2025-01-20T08:38:22.796+0000] {processor.py:925} INFO - DAG(s) 'example_python_decorator' retrieved from /home/airflow/.local/lib/python3.12/site-packages/airflow/example_dags/example_python_decorator.py
[2025-01-20T08:38:22.813+0000] {logging_mixin.py:190} INFO - [2025-01-20T08:38:22.813+0000] {dag.py:3239} INFO - Sync 1 DAGs
[2025-01-20T08:38:22.823+0000] {logging_mixin.py:190} INFO - [2025-01-20T08:38:22.823+0000] {dag.py:4180} INFO - Setting next_dagrun for example_python_decorator to None, run_after=None
[2025-01-20T08:38:22.835+0000] {processor.py:208} INFO - Processing /home/airflow/.local/lib/python3.12/site-packages/airflow/example_dags/example_python_decorator.py took 0.057 seconds
[2025-01-20T08:38:53.551+0000] {processor.py:186} INFO - Started process (PID=60720) to work on /home/airflow/.local/lib/python3.12/site-packages/airflow/example_dags/example_python_decorator.py
[2025-01-20T08:38:53.551+0000] {processor.py:914} INFO - Processing file /home/airflow/.local/lib/python3.12/site-packages/airflow/example_dags/example_python_decorator.py for tasks to queue
[2025-01-20T08:38:53.553+0000] {logging_mixin.py:190} INFO - [2025-01-20T08:38:53.553+0000] {dagbag.py:588} INFO - Filling up the DagBag from /home/airflow/.local/lib/python3.12/site-packages/airflow/example_dags/example_python_decorator.py
[2025-01-20T08:38:53.564+0000] {processor.py:925} INFO - DAG(s) 'example_python_decorator' retrieved from /home/airflow/.local/lib/python3.12/site-packages/airflow/example_dags/example_python_decorator.py
[2025-01-20T08:38:53.577+0000] {logging_mixin.py:190} INFO - [2025-01-20T08:38:53.577+0000] {dag.py:3239} INFO - Sync 1 DAGs
[2025-01-20T08:38:53.586+0000] {logging_mixin.py:190} INFO - [2025-01-20T08:38:53.586+0000] {dag.py:4180} INFO - Setting next_dagrun for example_python_decorator to None, run_after=None
[2025-01-20T08:38:53.599+0000] {processor.py:208} INFO - Processing /home/airflow/.local/lib/python3.12/site-packages/airflow/example_dags/example_python_decorator.py took 0.052 seconds
[2025-01-20T08:39:24.006+0000] {processor.py:186} INFO - Started process (PID=61026) to work on /home/airflow/.local/lib/python3.12/site-packages/airflow/example_dags/example_python_decorator.py
[2025-01-20T08:39:24.008+0000] {processor.py:914} INFO - Processing file /home/airflow/.local/lib/python3.12/site-packages/airflow/example_dags/example_python_decorator.py for tasks to queue
[2025-01-20T08:39:24.011+0000] {logging_mixin.py:190} INFO - [2025-01-20T08:39:24.010+0000] {dagbag.py:588} INFO - Filling up the DagBag from /home/airflow/.local/lib/python3.12/site-packages/airflow/example_dags/example_python_decorator.py
[2025-01-20T08:39:24.026+0000] {processor.py:925} INFO - DAG(s) 'example_python_decorator' retrieved from /home/airflow/.local/lib/python3.12/site-packages/airflow/example_dags/example_python_decorator.py
[2025-01-20T08:39:24.041+0000] {logging_mixin.py:190} INFO - [2025-01-20T08:39:24.041+0000] {dag.py:3239} INFO - Sync 1 DAGs
[2025-01-20T08:39:24.051+0000] {logging_mixin.py:190} INFO - [2025-01-20T08:39:24.051+0000] {dag.py:4180} INFO - Setting next_dagrun for example_python_decorator to None, run_after=None
[2025-01-20T08:39:24.063+0000] {processor.py:208} INFO - Processing /home/airflow/.local/lib/python3.12/site-packages/airflow/example_dags/example_python_decorator.py took 0.067 seconds
[2025-01-20T08:39:54.203+0000] {processor.py:186} INFO - Started process (PID=61327) to work on /home/airflow/.local/lib/python3.12/site-packages/airflow/example_dags/example_python_decorator.py
[2025-01-20T08:39:54.204+0000] {processor.py:914} INFO - Processing file /home/airflow/.local/lib/python3.12/site-packages/airflow/example_dags/example_python_decorator.py for tasks to queue
[2025-01-20T08:39:54.206+0000] {logging_mixin.py:190} INFO - [2025-01-20T08:39:54.206+0000] {dagbag.py:588} INFO - Filling up the DagBag from /home/airflow/.local/lib/python3.12/site-packages/airflow/example_dags/example_python_decorator.py
[2025-01-20T08:39:54.215+0000] {processor.py:925} INFO - DAG(s) 'example_python_decorator' retrieved from /home/airflow/.local/lib/python3.12/site-packages/airflow/example_dags/example_python_decorator.py
[2025-01-20T08:39:54.230+0000] {logging_mixin.py:190} INFO - [2025-01-20T08:39:54.230+0000] {dag.py:3239} INFO - Sync 1 DAGs
[2025-01-20T08:39:54.240+0000] {logging_mixin.py:190} INFO - [2025-01-20T08:39:54.240+0000] {dag.py:4180} INFO - Setting next_dagrun for example_python_decorator to None, run_after=None
[2025-01-20T08:39:54.254+0000] {processor.py:208} INFO - Processing /home/airflow/.local/lib/python3.12/site-packages/airflow/example_dags/example_python_decorator.py took 0.054 seconds
[2025-01-20T08:40:24.737+0000] {processor.py:186} INFO - Started process (PID=61631) to work on /home/airflow/.local/lib/python3.12/site-packages/airflow/example_dags/example_python_decorator.py
[2025-01-20T08:40:24.738+0000] {processor.py:914} INFO - Processing file /home/airflow/.local/lib/python3.12/site-packages/airflow/example_dags/example_python_decorator.py for tasks to queue
[2025-01-20T08:40:24.742+0000] {logging_mixin.py:190} INFO - [2025-01-20T08:40:24.741+0000] {dagbag.py:588} INFO - Filling up the DagBag from /home/airflow/.local/lib/python3.12/site-packages/airflow/example_dags/example_python_decorator.py
[2025-01-20T08:40:24.763+0000] {processor.py:925} INFO - DAG(s) 'example_python_decorator' retrieved from /home/airflow/.local/lib/python3.12/site-packages/airflow/example_dags/example_python_decorator.py
[2025-01-20T08:40:24.777+0000] {logging_mixin.py:190} INFO - [2025-01-20T08:40:24.776+0000] {dag.py:3239} INFO - Sync 1 DAGs
[2025-01-20T08:40:24.786+0000] {logging_mixin.py:190} INFO - [2025-01-20T08:40:24.785+0000] {dag.py:4180} INFO - Setting next_dagrun for example_python_decorator to None, run_after=None
[2025-01-20T08:40:24.798+0000] {processor.py:208} INFO - Processing /home/airflow/.local/lib/python3.12/site-packages/airflow/example_dags/example_python_decorator.py took 0.068 seconds
[2025-01-20T08:40:55.579+0000] {processor.py:186} INFO - Started process (PID=61934) to work on /home/airflow/.local/lib/python3.12/site-packages/airflow/example_dags/example_python_decorator.py
[2025-01-20T08:40:55.580+0000] {processor.py:914} INFO - Processing file /home/airflow/.local/lib/python3.12/site-packages/airflow/example_dags/example_python_decorator.py for tasks to queue
[2025-01-20T08:40:55.582+0000] {logging_mixin.py:190} INFO - [2025-01-20T08:40:55.582+0000] {dagbag.py:588} INFO - Filling up the DagBag from /home/airflow/.local/lib/python3.12/site-packages/airflow/example_dags/example_python_decorator.py
[2025-01-20T08:40:55.594+0000] {processor.py:925} INFO - DAG(s) 'example_python_decorator' retrieved from /home/airflow/.local/lib/python3.12/site-packages/airflow/example_dags/example_python_decorator.py
[2025-01-20T08:40:55.612+0000] {logging_mixin.py:190} INFO - [2025-01-20T08:40:55.612+0000] {dag.py:3239} INFO - Sync 1 DAGs
[2025-01-20T08:40:55.621+0000] {logging_mixin.py:190} INFO - [2025-01-20T08:40:55.621+0000] {dag.py:4180} INFO - Setting next_dagrun for example_python_decorator to None, run_after=None
[2025-01-20T08:40:55.637+0000] {processor.py:208} INFO - Processing /home/airflow/.local/lib/python3.12/site-packages/airflow/example_dags/example_python_decorator.py took 0.065 seconds
[2025-01-20T08:41:25.956+0000] {processor.py:186} INFO - Started process (PID=62238) to work on /home/airflow/.local/lib/python3.12/site-packages/airflow/example_dags/example_python_decorator.py
[2025-01-20T08:41:25.957+0000] {processor.py:914} INFO - Processing file /home/airflow/.local/lib/python3.12/site-packages/airflow/example_dags/example_python_decorator.py for tasks to queue
[2025-01-20T08:41:25.959+0000] {logging_mixin.py:190} INFO - [2025-01-20T08:41:25.959+0000] {dagbag.py:588} INFO - Filling up the DagBag from /home/airflow/.local/lib/python3.12/site-packages/airflow/example_dags/example_python_decorator.py
[2025-01-20T08:41:25.969+0000] {processor.py:925} INFO - DAG(s) 'example_python_decorator' retrieved from /home/airflow/.local/lib/python3.12/site-packages/airflow/example_dags/example_python_decorator.py
[2025-01-20T08:41:25.990+0000] {logging_mixin.py:190} INFO - [2025-01-20T08:41:25.990+0000] {dag.py:3239} INFO - Sync 1 DAGs
[2025-01-20T08:41:26.007+0000] {logging_mixin.py:190} INFO - [2025-01-20T08:41:26.006+0000] {dag.py:4180} INFO - Setting next_dagrun for example_python_decorator to None, run_after=None
[2025-01-20T08:41:26.022+0000] {processor.py:208} INFO - Processing /home/airflow/.local/lib/python3.12/site-packages/airflow/example_dags/example_python_decorator.py took 0.072 seconds
[2025-01-20T08:41:56.247+0000] {processor.py:186} INFO - Started process (PID=62541) to work on /home/airflow/.local/lib/python3.12/site-packages/airflow/example_dags/example_python_decorator.py
[2025-01-20T08:41:56.249+0000] {processor.py:914} INFO - Processing file /home/airflow/.local/lib/python3.12/site-packages/airflow/example_dags/example_python_decorator.py for tasks to queue
[2025-01-20T08:41:56.251+0000] {logging_mixin.py:190} INFO - [2025-01-20T08:41:56.251+0000] {dagbag.py:588} INFO - Filling up the DagBag from /home/airflow/.local/lib/python3.12/site-packages/airflow/example_dags/example_python_decorator.py
[2025-01-20T08:41:56.264+0000] {processor.py:925} INFO - DAG(s) 'example_python_decorator' retrieved from /home/airflow/.local/lib/python3.12/site-packages/airflow/example_dags/example_python_decorator.py
[2025-01-20T08:41:56.278+0000] {logging_mixin.py:190} INFO - [2025-01-20T08:41:56.278+0000] {dag.py:3239} INFO - Sync 1 DAGs
[2025-01-20T08:41:56.295+0000] {logging_mixin.py:190} INFO - [2025-01-20T08:41:56.294+0000] {dag.py:4180} INFO - Setting next_dagrun for example_python_decorator to None, run_after=None
[2025-01-20T08:41:56.340+0000] {processor.py:208} INFO - Processing /home/airflow/.local/lib/python3.12/site-packages/airflow/example_dags/example_python_decorator.py took 0.101 seconds
[2025-01-20T08:42:26.629+0000] {processor.py:186} INFO - Started process (PID=62847) to work on /home/airflow/.local/lib/python3.12/site-packages/airflow/example_dags/example_python_decorator.py
[2025-01-20T08:42:26.630+0000] {processor.py:914} INFO - Processing file /home/airflow/.local/lib/python3.12/site-packages/airflow/example_dags/example_python_decorator.py for tasks to queue
[2025-01-20T08:42:26.634+0000] {logging_mixin.py:190} INFO - [2025-01-20T08:42:26.633+0000] {dagbag.py:588} INFO - Filling up the DagBag from /home/airflow/.local/lib/python3.12/site-packages/airflow/example_dags/example_python_decorator.py
[2025-01-20T08:42:26.648+0000] {processor.py:925} INFO - DAG(s) 'example_python_decorator' retrieved from /home/airflow/.local/lib/python3.12/site-packages/airflow/example_dags/example_python_decorator.py
[2025-01-20T08:42:26.669+0000] {logging_mixin.py:190} INFO - [2025-01-20T08:42:26.669+0000] {dag.py:3239} INFO - Sync 1 DAGs
[2025-01-20T08:42:26.681+0000] {logging_mixin.py:190} INFO - [2025-01-20T08:42:26.681+0000] {dag.py:4180} INFO - Setting next_dagrun for example_python_decorator to None, run_after=None
[2025-01-20T08:42:26.696+0000] {processor.py:208} INFO - Processing /home/airflow/.local/lib/python3.12/site-packages/airflow/example_dags/example_python_decorator.py took 0.073 seconds
[2025-01-20T08:42:57.417+0000] {processor.py:186} INFO - Started process (PID=63148) to work on /home/airflow/.local/lib/python3.12/site-packages/airflow/example_dags/example_python_decorator.py
[2025-01-20T08:42:57.418+0000] {processor.py:914} INFO - Processing file /home/airflow/.local/lib/python3.12/site-packages/airflow/example_dags/example_python_decorator.py for tasks to queue
[2025-01-20T08:42:57.421+0000] {logging_mixin.py:190} INFO - [2025-01-20T08:42:57.420+0000] {dagbag.py:588} INFO - Filling up the DagBag from /home/airflow/.local/lib/python3.12/site-packages/airflow/example_dags/example_python_decorator.py
[2025-01-20T08:42:57.436+0000] {processor.py:925} INFO - DAG(s) 'example_python_decorator' retrieved from /home/airflow/.local/lib/python3.12/site-packages/airflow/example_dags/example_python_decorator.py
[2025-01-20T08:42:57.463+0000] {logging_mixin.py:190} INFO - [2025-01-20T08:42:57.463+0000] {dag.py:3239} INFO - Sync 1 DAGs
[2025-01-20T08:42:57.472+0000] {logging_mixin.py:190} INFO - [2025-01-20T08:42:57.472+0000] {dag.py:4180} INFO - Setting next_dagrun for example_python_decorator to None, run_after=None
[2025-01-20T08:42:57.485+0000] {processor.py:208} INFO - Processing /home/airflow/.local/lib/python3.12/site-packages/airflow/example_dags/example_python_decorator.py took 0.078 seconds
[2025-01-20T08:43:27.685+0000] {processor.py:186} INFO - Started process (PID=63452) to work on /home/airflow/.local/lib/python3.12/site-packages/airflow/example_dags/example_python_decorator.py
[2025-01-20T08:43:27.686+0000] {processor.py:914} INFO - Processing file /home/airflow/.local/lib/python3.12/site-packages/airflow/example_dags/example_python_decorator.py for tasks to queue
[2025-01-20T08:43:27.689+0000] {logging_mixin.py:190} INFO - [2025-01-20T08:43:27.688+0000] {dagbag.py:588} INFO - Filling up the DagBag from /home/airflow/.local/lib/python3.12/site-packages/airflow/example_dags/example_python_decorator.py
[2025-01-20T08:43:27.700+0000] {processor.py:925} INFO - DAG(s) 'example_python_decorator' retrieved from /home/airflow/.local/lib/python3.12/site-packages/airflow/example_dags/example_python_decorator.py
[2025-01-20T08:43:27.716+0000] {logging_mixin.py:190} INFO - [2025-01-20T08:43:27.715+0000] {dag.py:3239} INFO - Sync 1 DAGs
[2025-01-20T08:43:27.725+0000] {logging_mixin.py:190} INFO - [2025-01-20T08:43:27.725+0000] {dag.py:4180} INFO - Setting next_dagrun for example_python_decorator to None, run_after=None
[2025-01-20T08:43:27.742+0000] {processor.py:208} INFO - Processing /home/airflow/.local/lib/python3.12/site-packages/airflow/example_dags/example_python_decorator.py took 0.064 seconds
[2025-01-20T08:43:57.852+0000] {processor.py:186} INFO - Started process (PID=63753) to work on /home/airflow/.local/lib/python3.12/site-packages/airflow/example_dags/example_python_decorator.py
[2025-01-20T08:43:57.853+0000] {processor.py:914} INFO - Processing file /home/airflow/.local/lib/python3.12/site-packages/airflow/example_dags/example_python_decorator.py for tasks to queue
[2025-01-20T08:43:57.855+0000] {logging_mixin.py:190} INFO - [2025-01-20T08:43:57.855+0000] {dagbag.py:588} INFO - Filling up the DagBag from /home/airflow/.local/lib/python3.12/site-packages/airflow/example_dags/example_python_decorator.py
[2025-01-20T08:43:57.866+0000] {processor.py:925} INFO - DAG(s) 'example_python_decorator' retrieved from /home/airflow/.local/lib/python3.12/site-packages/airflow/example_dags/example_python_decorator.py
[2025-01-20T08:43:57.891+0000] {logging_mixin.py:190} INFO - [2025-01-20T08:43:57.891+0000] {dag.py:3239} INFO - Sync 1 DAGs
[2025-01-20T08:43:57.910+0000] {logging_mixin.py:190} INFO - [2025-01-20T08:43:57.910+0000] {dag.py:4180} INFO - Setting next_dagrun for example_python_decorator to None, run_after=None
[2025-01-20T08:43:57.933+0000] {processor.py:208} INFO - Processing /home/airflow/.local/lib/python3.12/site-packages/airflow/example_dags/example_python_decorator.py took 0.087 seconds
[2025-01-20T08:44:28.122+0000] {processor.py:186} INFO - Started process (PID=64059) to work on /home/airflow/.local/lib/python3.12/site-packages/airflow/example_dags/example_python_decorator.py
[2025-01-20T08:44:28.123+0000] {processor.py:914} INFO - Processing file /home/airflow/.local/lib/python3.12/site-packages/airflow/example_dags/example_python_decorator.py for tasks to queue
[2025-01-20T08:44:28.126+0000] {logging_mixin.py:190} INFO - [2025-01-20T08:44:28.126+0000] {dagbag.py:588} INFO - Filling up the DagBag from /home/airflow/.local/lib/python3.12/site-packages/airflow/example_dags/example_python_decorator.py
[2025-01-20T08:44:28.143+0000] {processor.py:925} INFO - DAG(s) 'example_python_decorator' retrieved from /home/airflow/.local/lib/python3.12/site-packages/airflow/example_dags/example_python_decorator.py
[2025-01-20T08:44:28.163+0000] {logging_mixin.py:190} INFO - [2025-01-20T08:44:28.163+0000] {dag.py:3239} INFO - Sync 1 DAGs
[2025-01-20T08:44:28.176+0000] {logging_mixin.py:190} INFO - [2025-01-20T08:44:28.176+0000] {dag.py:4180} INFO - Setting next_dagrun for example_python_decorator to None, run_after=None
[2025-01-20T08:44:28.197+0000] {processor.py:208} INFO - Processing /home/airflow/.local/lib/python3.12/site-packages/airflow/example_dags/example_python_decorator.py took 0.082 seconds
[2025-01-20T08:44:58.409+0000] {processor.py:186} INFO - Started process (PID=64362) to work on /home/airflow/.local/lib/python3.12/site-packages/airflow/example_dags/example_python_decorator.py
[2025-01-20T08:44:58.410+0000] {processor.py:914} INFO - Processing file /home/airflow/.local/lib/python3.12/site-packages/airflow/example_dags/example_python_decorator.py for tasks to queue
[2025-01-20T08:44:58.412+0000] {logging_mixin.py:190} INFO - [2025-01-20T08:44:58.411+0000] {dagbag.py:588} INFO - Filling up the DagBag from /home/airflow/.local/lib/python3.12/site-packages/airflow/example_dags/example_python_decorator.py
[2025-01-20T08:44:58.421+0000] {processor.py:925} INFO - DAG(s) 'example_python_decorator' retrieved from /home/airflow/.local/lib/python3.12/site-packages/airflow/example_dags/example_python_decorator.py
[2025-01-20T08:44:58.448+0000] {logging_mixin.py:190} INFO - [2025-01-20T08:44:58.447+0000] {dag.py:3239} INFO - Sync 1 DAGs
[2025-01-20T08:44:58.462+0000] {logging_mixin.py:190} INFO - [2025-01-20T08:44:58.462+0000] {dag.py:4180} INFO - Setting next_dagrun for example_python_decorator to None, run_after=None
[2025-01-20T08:44:58.481+0000] {processor.py:208} INFO - Processing /home/airflow/.local/lib/python3.12/site-packages/airflow/example_dags/example_python_decorator.py took 0.078 seconds
[2025-01-20T08:45:28.900+0000] {processor.py:186} INFO - Started process (PID=64666) to work on /home/airflow/.local/lib/python3.12/site-packages/airflow/example_dags/example_python_decorator.py
[2025-01-20T08:45:28.901+0000] {processor.py:914} INFO - Processing file /home/airflow/.local/lib/python3.12/site-packages/airflow/example_dags/example_python_decorator.py for tasks to queue
[2025-01-20T08:45:28.903+0000] {logging_mixin.py:190} INFO - [2025-01-20T08:45:28.903+0000] {dagbag.py:588} INFO - Filling up the DagBag from /home/airflow/.local/lib/python3.12/site-packages/airflow/example_dags/example_python_decorator.py
[2025-01-20T08:45:28.914+0000] {processor.py:925} INFO - DAG(s) 'example_python_decorator' retrieved from /home/airflow/.local/lib/python3.12/site-packages/airflow/example_dags/example_python_decorator.py
[2025-01-20T08:45:28.938+0000] {logging_mixin.py:190} INFO - [2025-01-20T08:45:28.937+0000] {dag.py:3239} INFO - Sync 1 DAGs
[2025-01-20T08:45:28.949+0000] {logging_mixin.py:190} INFO - [2025-01-20T08:45:28.949+0000] {dag.py:4180} INFO - Setting next_dagrun for example_python_decorator to None, run_after=None
[2025-01-20T08:45:28.970+0000] {processor.py:208} INFO - Processing /home/airflow/.local/lib/python3.12/site-packages/airflow/example_dags/example_python_decorator.py took 0.074 seconds
[2025-01-20T08:45:59.549+0000] {processor.py:186} INFO - Started process (PID=64967) to work on /home/airflow/.local/lib/python3.12/site-packages/airflow/example_dags/example_python_decorator.py
[2025-01-20T08:45:59.550+0000] {processor.py:914} INFO - Processing file /home/airflow/.local/lib/python3.12/site-packages/airflow/example_dags/example_python_decorator.py for tasks to queue
[2025-01-20T08:45:59.553+0000] {logging_mixin.py:190} INFO - [2025-01-20T08:45:59.552+0000] {dagbag.py:588} INFO - Filling up the DagBag from /home/airflow/.local/lib/python3.12/site-packages/airflow/example_dags/example_python_decorator.py
[2025-01-20T08:45:59.571+0000] {processor.py:925} INFO - DAG(s) 'example_python_decorator' retrieved from /home/airflow/.local/lib/python3.12/site-packages/airflow/example_dags/example_python_decorator.py
[2025-01-20T08:45:59.592+0000] {logging_mixin.py:190} INFO - [2025-01-20T08:45:59.592+0000] {dag.py:3239} INFO - Sync 1 DAGs
[2025-01-20T08:45:59.610+0000] {logging_mixin.py:190} INFO - [2025-01-20T08:45:59.610+0000] {dag.py:4180} INFO - Setting next_dagrun for example_python_decorator to None, run_after=None
[2025-01-20T08:45:59.631+0000] {processor.py:208} INFO - Processing /home/airflow/.local/lib/python3.12/site-packages/airflow/example_dags/example_python_decorator.py took 0.086 seconds
[2025-01-20T08:46:30.050+0000] {processor.py:186} INFO - Started process (PID=65273) to work on /home/airflow/.local/lib/python3.12/site-packages/airflow/example_dags/example_python_decorator.py
[2025-01-20T08:46:30.050+0000] {processor.py:914} INFO - Processing file /home/airflow/.local/lib/python3.12/site-packages/airflow/example_dags/example_python_decorator.py for tasks to queue
[2025-01-20T08:46:30.054+0000] {logging_mixin.py:190} INFO - [2025-01-20T08:46:30.053+0000] {dagbag.py:588} INFO - Filling up the DagBag from /home/airflow/.local/lib/python3.12/site-packages/airflow/example_dags/example_python_decorator.py
[2025-01-20T08:46:30.072+0000] {processor.py:925} INFO - DAG(s) 'example_python_decorator' retrieved from /home/airflow/.local/lib/python3.12/site-packages/airflow/example_dags/example_python_decorator.py
[2025-01-20T08:46:30.096+0000] {logging_mixin.py:190} INFO - [2025-01-20T08:46:30.096+0000] {dag.py:3239} INFO - Sync 1 DAGs
[2025-01-20T08:46:30.114+0000] {logging_mixin.py:190} INFO - [2025-01-20T08:46:30.113+0000] {dag.py:4180} INFO - Setting next_dagrun for example_python_decorator to None, run_after=None
[2025-01-20T08:46:30.137+0000] {processor.py:208} INFO - Processing /home/airflow/.local/lib/python3.12/site-packages/airflow/example_dags/example_python_decorator.py took 0.094 seconds
[2025-01-20T08:47:00.771+0000] {processor.py:186} INFO - Started process (PID=65575) to work on /home/airflow/.local/lib/python3.12/site-packages/airflow/example_dags/example_python_decorator.py
[2025-01-20T08:47:00.772+0000] {processor.py:914} INFO - Processing file /home/airflow/.local/lib/python3.12/site-packages/airflow/example_dags/example_python_decorator.py for tasks to queue
[2025-01-20T08:47:00.775+0000] {logging_mixin.py:190} INFO - [2025-01-20T08:47:00.774+0000] {dagbag.py:588} INFO - Filling up the DagBag from /home/airflow/.local/lib/python3.12/site-packages/airflow/example_dags/example_python_decorator.py
[2025-01-20T08:47:00.785+0000] {processor.py:925} INFO - DAG(s) 'example_python_decorator' retrieved from /home/airflow/.local/lib/python3.12/site-packages/airflow/example_dags/example_python_decorator.py
[2025-01-20T08:47:00.803+0000] {logging_mixin.py:190} INFO - [2025-01-20T08:47:00.803+0000] {dag.py:3239} INFO - Sync 1 DAGs
[2025-01-20T08:47:00.815+0000] {logging_mixin.py:190} INFO - [2025-01-20T08:47:00.814+0000] {dag.py:4180} INFO - Setting next_dagrun for example_python_decorator to None, run_after=None
[2025-01-20T08:47:00.833+0000] {processor.py:208} INFO - Processing /home/airflow/.local/lib/python3.12/site-packages/airflow/example_dags/example_python_decorator.py took 0.066 seconds
[2025-01-20T08:47:31.018+0000] {processor.py:186} INFO - Started process (PID=65880) to work on /home/airflow/.local/lib/python3.12/site-packages/airflow/example_dags/example_python_decorator.py
[2025-01-20T08:47:31.019+0000] {processor.py:914} INFO - Processing file /home/airflow/.local/lib/python3.12/site-packages/airflow/example_dags/example_python_decorator.py for tasks to queue
[2025-01-20T08:47:31.022+0000] {logging_mixin.py:190} INFO - [2025-01-20T08:47:31.021+0000] {dagbag.py:588} INFO - Filling up the DagBag from /home/airflow/.local/lib/python3.12/site-packages/airflow/example_dags/example_python_decorator.py
[2025-01-20T08:47:31.032+0000] {processor.py:925} INFO - DAG(s) 'example_python_decorator' retrieved from /home/airflow/.local/lib/python3.12/site-packages/airflow/example_dags/example_python_decorator.py
[2025-01-20T08:47:31.053+0000] {logging_mixin.py:190} INFO - [2025-01-20T08:47:31.053+0000] {dag.py:3239} INFO - Sync 1 DAGs
[2025-01-20T08:47:31.070+0000] {logging_mixin.py:190} INFO - [2025-01-20T08:47:31.070+0000] {dag.py:4180} INFO - Setting next_dagrun for example_python_decorator to None, run_after=None
[2025-01-20T08:47:31.089+0000] {processor.py:208} INFO - Processing /home/airflow/.local/lib/python3.12/site-packages/airflow/example_dags/example_python_decorator.py took 0.079 seconds
[2025-01-20T08:48:01.381+0000] {processor.py:186} INFO - Started process (PID=66182) to work on /home/airflow/.local/lib/python3.12/site-packages/airflow/example_dags/example_python_decorator.py
[2025-01-20T08:48:01.382+0000] {processor.py:914} INFO - Processing file /home/airflow/.local/lib/python3.12/site-packages/airflow/example_dags/example_python_decorator.py for tasks to queue
[2025-01-20T08:48:01.385+0000] {logging_mixin.py:190} INFO - [2025-01-20T08:48:01.384+0000] {dagbag.py:588} INFO - Filling up the DagBag from /home/airflow/.local/lib/python3.12/site-packages/airflow/example_dags/example_python_decorator.py
[2025-01-20T08:48:01.398+0000] {processor.py:925} INFO - DAG(s) 'example_python_decorator' retrieved from /home/airflow/.local/lib/python3.12/site-packages/airflow/example_dags/example_python_decorator.py
[2025-01-20T08:48:01.417+0000] {logging_mixin.py:190} INFO - [2025-01-20T08:48:01.417+0000] {dag.py:3239} INFO - Sync 1 DAGs
[2025-01-20T08:48:01.434+0000] {logging_mixin.py:190} INFO - [2025-01-20T08:48:01.433+0000] {dag.py:4180} INFO - Setting next_dagrun for example_python_decorator to None, run_after=None
[2025-01-20T08:48:01.453+0000] {processor.py:208} INFO - Processing /home/airflow/.local/lib/python3.12/site-packages/airflow/example_dags/example_python_decorator.py took 0.076 seconds
[2025-01-20T08:48:31.652+0000] {processor.py:186} INFO - Started process (PID=66487) to work on /home/airflow/.local/lib/python3.12/site-packages/airflow/example_dags/example_python_decorator.py
[2025-01-20T08:48:31.653+0000] {processor.py:914} INFO - Processing file /home/airflow/.local/lib/python3.12/site-packages/airflow/example_dags/example_python_decorator.py for tasks to queue
[2025-01-20T08:48:31.655+0000] {logging_mixin.py:190} INFO - [2025-01-20T08:48:31.654+0000] {dagbag.py:588} INFO - Filling up the DagBag from /home/airflow/.local/lib/python3.12/site-packages/airflow/example_dags/example_python_decorator.py
[2025-01-20T08:48:31.664+0000] {processor.py:925} INFO - DAG(s) 'example_python_decorator' retrieved from /home/airflow/.local/lib/python3.12/site-packages/airflow/example_dags/example_python_decorator.py
[2025-01-20T08:48:31.681+0000] {logging_mixin.py:190} INFO - [2025-01-20T08:48:31.680+0000] {dag.py:3239} INFO - Sync 1 DAGs
[2025-01-20T08:48:31.689+0000] {logging_mixin.py:190} INFO - [2025-01-20T08:48:31.689+0000] {dag.py:4180} INFO - Setting next_dagrun for example_python_decorator to None, run_after=None
[2025-01-20T08:48:31.706+0000] {processor.py:208} INFO - Processing /home/airflow/.local/lib/python3.12/site-packages/airflow/example_dags/example_python_decorator.py took 0.060 seconds
[2025-01-20T08:49:02.013+0000] {processor.py:186} INFO - Started process (PID=66795) to work on /home/airflow/.local/lib/python3.12/site-packages/airflow/example_dags/example_python_decorator.py
[2025-01-20T08:49:02.014+0000] {processor.py:914} INFO - Processing file /home/airflow/.local/lib/python3.12/site-packages/airflow/example_dags/example_python_decorator.py for tasks to queue
[2025-01-20T08:49:02.017+0000] {logging_mixin.py:190} INFO - [2025-01-20T08:49:02.017+0000] {dagbag.py:588} INFO - Filling up the DagBag from /home/airflow/.local/lib/python3.12/site-packages/airflow/example_dags/example_python_decorator.py
[2025-01-20T08:49:02.031+0000] {processor.py:925} INFO - DAG(s) 'example_python_decorator' retrieved from /home/airflow/.local/lib/python3.12/site-packages/airflow/example_dags/example_python_decorator.py
[2025-01-20T08:49:02.046+0000] {logging_mixin.py:190} INFO - [2025-01-20T08:49:02.046+0000] {dag.py:3239} INFO - Sync 1 DAGs
[2025-01-20T08:49:02.057+0000] {logging_mixin.py:190} INFO - [2025-01-20T08:49:02.057+0000] {dag.py:4180} INFO - Setting next_dagrun for example_python_decorator to None, run_after=None
[2025-01-20T08:49:02.073+0000] {processor.py:208} INFO - Processing /home/airflow/.local/lib/python3.12/site-packages/airflow/example_dags/example_python_decorator.py took 0.066 seconds
[2025-01-20T08:49:33.206+0000] {processor.py:186} INFO - Started process (PID=67094) to work on /home/airflow/.local/lib/python3.12/site-packages/airflow/example_dags/example_python_decorator.py
[2025-01-20T08:49:33.206+0000] {processor.py:914} INFO - Processing file /home/airflow/.local/lib/python3.12/site-packages/airflow/example_dags/example_python_decorator.py for tasks to queue
[2025-01-20T08:49:33.210+0000] {logging_mixin.py:190} INFO - [2025-01-20T08:49:33.210+0000] {dagbag.py:588} INFO - Filling up the DagBag from /home/airflow/.local/lib/python3.12/site-packages/airflow/example_dags/example_python_decorator.py
[2025-01-20T08:49:33.228+0000] {processor.py:925} INFO - DAG(s) 'example_python_decorator' retrieved from /home/airflow/.local/lib/python3.12/site-packages/airflow/example_dags/example_python_decorator.py
[2025-01-20T08:49:33.253+0000] {logging_mixin.py:190} INFO - [2025-01-20T08:49:33.253+0000] {dag.py:3239} INFO - Sync 1 DAGs
[2025-01-20T08:49:33.273+0000] {logging_mixin.py:190} INFO - [2025-01-20T08:49:33.272+0000] {dag.py:4180} INFO - Setting next_dagrun for example_python_decorator to None, run_after=None
[2025-01-20T08:49:33.303+0000] {processor.py:208} INFO - Processing /home/airflow/.local/lib/python3.12/site-packages/airflow/example_dags/example_python_decorator.py took 0.101 seconds
[2025-01-20T08:50:03.414+0000] {processor.py:186} INFO - Started process (PID=67402) to work on /home/airflow/.local/lib/python3.12/site-packages/airflow/example_dags/example_python_decorator.py
[2025-01-20T08:50:03.415+0000] {processor.py:914} INFO - Processing file /home/airflow/.local/lib/python3.12/site-packages/airflow/example_dags/example_python_decorator.py for tasks to queue
[2025-01-20T08:50:03.418+0000] {logging_mixin.py:190} INFO - [2025-01-20T08:50:03.417+0000] {dagbag.py:588} INFO - Filling up the DagBag from /home/airflow/.local/lib/python3.12/site-packages/airflow/example_dags/example_python_decorator.py
[2025-01-20T08:50:03.433+0000] {processor.py:925} INFO - DAG(s) 'example_python_decorator' retrieved from /home/airflow/.local/lib/python3.12/site-packages/airflow/example_dags/example_python_decorator.py
[2025-01-20T08:50:03.450+0000] {logging_mixin.py:190} INFO - [2025-01-20T08:50:03.450+0000] {dag.py:3239} INFO - Sync 1 DAGs
[2025-01-20T08:50:03.459+0000] {logging_mixin.py:190} INFO - [2025-01-20T08:50:03.459+0000] {dag.py:4180} INFO - Setting next_dagrun for example_python_decorator to None, run_after=None
[2025-01-20T08:50:03.472+0000] {processor.py:208} INFO - Processing /home/airflow/.local/lib/python3.12/site-packages/airflow/example_dags/example_python_decorator.py took 0.063 seconds
[2025-01-20T08:50:33.940+0000] {processor.py:186} INFO - Started process (PID=67703) to work on /home/airflow/.local/lib/python3.12/site-packages/airflow/example_dags/example_python_decorator.py
[2025-01-20T08:50:33.940+0000] {processor.py:914} INFO - Processing file /home/airflow/.local/lib/python3.12/site-packages/airflow/example_dags/example_python_decorator.py for tasks to queue
[2025-01-20T08:50:33.942+0000] {logging_mixin.py:190} INFO - [2025-01-20T08:50:33.941+0000] {dagbag.py:588} INFO - Filling up the DagBag from /home/airflow/.local/lib/python3.12/site-packages/airflow/example_dags/example_python_decorator.py
[2025-01-20T08:50:33.951+0000] {processor.py:925} INFO - DAG(s) 'example_python_decorator' retrieved from /home/airflow/.local/lib/python3.12/site-packages/airflow/example_dags/example_python_decorator.py
[2025-01-20T08:50:33.965+0000] {logging_mixin.py:190} INFO - [2025-01-20T08:50:33.964+0000] {dag.py:3239} INFO - Sync 1 DAGs
[2025-01-20T08:50:33.973+0000] {logging_mixin.py:190} INFO - [2025-01-20T08:50:33.973+0000] {dag.py:4180} INFO - Setting next_dagrun for example_python_decorator to None, run_after=None
[2025-01-20T08:50:33.986+0000] {processor.py:208} INFO - Processing /home/airflow/.local/lib/python3.12/site-packages/airflow/example_dags/example_python_decorator.py took 0.050 seconds
[2025-01-20T08:51:04.726+0000] {processor.py:186} INFO - Started process (PID=68007) to work on /home/airflow/.local/lib/python3.12/site-packages/airflow/example_dags/example_python_decorator.py
[2025-01-20T08:51:04.727+0000] {processor.py:914} INFO - Processing file /home/airflow/.local/lib/python3.12/site-packages/airflow/example_dags/example_python_decorator.py for tasks to queue
[2025-01-20T08:51:04.729+0000] {logging_mixin.py:190} INFO - [2025-01-20T08:51:04.729+0000] {dagbag.py:588} INFO - Filling up the DagBag from /home/airflow/.local/lib/python3.12/site-packages/airflow/example_dags/example_python_decorator.py
[2025-01-20T08:51:04.739+0000] {processor.py:925} INFO - DAG(s) 'example_python_decorator' retrieved from /home/airflow/.local/lib/python3.12/site-packages/airflow/example_dags/example_python_decorator.py
[2025-01-20T08:51:04.756+0000] {logging_mixin.py:190} INFO - [2025-01-20T08:51:04.756+0000] {dag.py:3239} INFO - Sync 1 DAGs
[2025-01-20T08:51:04.766+0000] {logging_mixin.py:190} INFO - [2025-01-20T08:51:04.766+0000] {dag.py:4180} INFO - Setting next_dagrun for example_python_decorator to None, run_after=None
[2025-01-20T08:51:04.781+0000] {processor.py:208} INFO - Processing /home/airflow/.local/lib/python3.12/site-packages/airflow/example_dags/example_python_decorator.py took 0.062 seconds
[2025-01-20T08:51:34.820+0000] {processor.py:186} INFO - Started process (PID=68308) to work on /home/airflow/.local/lib/python3.12/site-packages/airflow/example_dags/example_python_decorator.py
[2025-01-20T08:51:34.821+0000] {processor.py:914} INFO - Processing file /home/airflow/.local/lib/python3.12/site-packages/airflow/example_dags/example_python_decorator.py for tasks to queue
[2025-01-20T08:51:34.824+0000] {logging_mixin.py:190} INFO - [2025-01-20T08:51:34.823+0000] {dagbag.py:588} INFO - Filling up the DagBag from /home/airflow/.local/lib/python3.12/site-packages/airflow/example_dags/example_python_decorator.py
[2025-01-20T08:51:34.836+0000] {processor.py:925} INFO - DAG(s) 'example_python_decorator' retrieved from /home/airflow/.local/lib/python3.12/site-packages/airflow/example_dags/example_python_decorator.py
[2025-01-20T08:51:34.858+0000] {logging_mixin.py:190} INFO - [2025-01-20T08:51:34.858+0000] {dag.py:3239} INFO - Sync 1 DAGs
[2025-01-20T08:51:34.873+0000] {logging_mixin.py:190} INFO - [2025-01-20T08:51:34.872+0000] {dag.py:4180} INFO - Setting next_dagrun for example_python_decorator to None, run_after=None
[2025-01-20T08:51:34.891+0000] {processor.py:208} INFO - Processing /home/airflow/.local/lib/python3.12/site-packages/airflow/example_dags/example_python_decorator.py took 0.075 seconds
[2025-01-20T08:52:05.344+0000] {processor.py:186} INFO - Started process (PID=68614) to work on /home/airflow/.local/lib/python3.12/site-packages/airflow/example_dags/example_python_decorator.py
[2025-01-20T08:52:05.345+0000] {processor.py:914} INFO - Processing file /home/airflow/.local/lib/python3.12/site-packages/airflow/example_dags/example_python_decorator.py for tasks to queue
[2025-01-20T08:52:05.348+0000] {logging_mixin.py:190} INFO - [2025-01-20T08:52:05.347+0000] {dagbag.py:588} INFO - Filling up the DagBag from /home/airflow/.local/lib/python3.12/site-packages/airflow/example_dags/example_python_decorator.py
[2025-01-20T08:52:05.357+0000] {processor.py:925} INFO - DAG(s) 'example_python_decorator' retrieved from /home/airflow/.local/lib/python3.12/site-packages/airflow/example_dags/example_python_decorator.py
[2025-01-20T08:52:05.375+0000] {logging_mixin.py:190} INFO - [2025-01-20T08:52:05.374+0000] {dag.py:3239} INFO - Sync 1 DAGs
[2025-01-20T08:52:05.389+0000] {logging_mixin.py:190} INFO - [2025-01-20T08:52:05.388+0000] {dag.py:4180} INFO - Setting next_dagrun for example_python_decorator to None, run_after=None
[2025-01-20T08:52:05.412+0000] {processor.py:208} INFO - Processing /home/airflow/.local/lib/python3.12/site-packages/airflow/example_dags/example_python_decorator.py took 0.072 seconds
[2025-01-20T08:52:35.668+0000] {processor.py:186} INFO - Started process (PID=68915) to work on /home/airflow/.local/lib/python3.12/site-packages/airflow/example_dags/example_python_decorator.py
[2025-01-20T08:52:35.669+0000] {processor.py:914} INFO - Processing file /home/airflow/.local/lib/python3.12/site-packages/airflow/example_dags/example_python_decorator.py for tasks to queue
[2025-01-20T08:52:35.672+0000] {logging_mixin.py:190} INFO - [2025-01-20T08:52:35.672+0000] {dagbag.py:588} INFO - Filling up the DagBag from /home/airflow/.local/lib/python3.12/site-packages/airflow/example_dags/example_python_decorator.py
[2025-01-20T08:52:35.691+0000] {processor.py:925} INFO - DAG(s) 'example_python_decorator' retrieved from /home/airflow/.local/lib/python3.12/site-packages/airflow/example_dags/example_python_decorator.py
[2025-01-20T08:52:35.715+0000] {logging_mixin.py:190} INFO - [2025-01-20T08:52:35.714+0000] {dag.py:3239} INFO - Sync 1 DAGs
[2025-01-20T08:52:35.734+0000] {logging_mixin.py:190} INFO - [2025-01-20T08:52:35.734+0000] {dag.py:4180} INFO - Setting next_dagrun for example_python_decorator to None, run_after=None
[2025-01-20T08:52:35.753+0000] {processor.py:208} INFO - Processing /home/airflow/.local/lib/python3.12/site-packages/airflow/example_dags/example_python_decorator.py took 0.089 seconds
[2025-01-20T08:53:06.142+0000] {processor.py:186} INFO - Started process (PID=69223) to work on /home/airflow/.local/lib/python3.12/site-packages/airflow/example_dags/example_python_decorator.py
[2025-01-20T08:53:06.143+0000] {processor.py:914} INFO - Processing file /home/airflow/.local/lib/python3.12/site-packages/airflow/example_dags/example_python_decorator.py for tasks to queue
[2025-01-20T08:53:06.146+0000] {logging_mixin.py:190} INFO - [2025-01-20T08:53:06.145+0000] {dagbag.py:588} INFO - Filling up the DagBag from /home/airflow/.local/lib/python3.12/site-packages/airflow/example_dags/example_python_decorator.py
[2025-01-20T08:53:06.158+0000] {processor.py:925} INFO - DAG(s) 'example_python_decorator' retrieved from /home/airflow/.local/lib/python3.12/site-packages/airflow/example_dags/example_python_decorator.py
[2025-01-20T08:53:06.176+0000] {logging_mixin.py:190} INFO - [2025-01-20T08:53:06.176+0000] {dag.py:3239} INFO - Sync 1 DAGs
[2025-01-20T08:53:06.186+0000] {logging_mixin.py:190} INFO - [2025-01-20T08:53:06.186+0000] {dag.py:4180} INFO - Setting next_dagrun for example_python_decorator to None, run_after=None
[2025-01-20T08:53:06.202+0000] {processor.py:208} INFO - Processing /home/airflow/.local/lib/python3.12/site-packages/airflow/example_dags/example_python_decorator.py took 0.065 seconds
[2025-01-20T08:53:36.765+0000] {processor.py:186} INFO - Started process (PID=69517) to work on /home/airflow/.local/lib/python3.12/site-packages/airflow/example_dags/example_python_decorator.py
[2025-01-20T08:53:36.765+0000] {processor.py:914} INFO - Processing file /home/airflow/.local/lib/python3.12/site-packages/airflow/example_dags/example_python_decorator.py for tasks to queue
[2025-01-20T08:53:36.769+0000] {logging_mixin.py:190} INFO - [2025-01-20T08:53:36.768+0000] {dagbag.py:588} INFO - Filling up the DagBag from /home/airflow/.local/lib/python3.12/site-packages/airflow/example_dags/example_python_decorator.py
[2025-01-20T08:53:36.779+0000] {processor.py:925} INFO - DAG(s) 'example_python_decorator' retrieved from /home/airflow/.local/lib/python3.12/site-packages/airflow/example_dags/example_python_decorator.py
[2025-01-20T08:53:36.796+0000] {logging_mixin.py:190} INFO - [2025-01-20T08:53:36.796+0000] {dag.py:3239} INFO - Sync 1 DAGs
[2025-01-20T08:53:36.814+0000] {logging_mixin.py:190} INFO - [2025-01-20T08:53:36.814+0000] {dag.py:4180} INFO - Setting next_dagrun for example_python_decorator to None, run_after=None
[2025-01-20T08:53:36.835+0000] {processor.py:208} INFO - Processing /home/airflow/.local/lib/python3.12/site-packages/airflow/example_dags/example_python_decorator.py took 0.075 seconds
[2025-01-20T08:54:07.662+0000] {processor.py:186} INFO - Started process (PID=69803) to work on /home/airflow/.local/lib/python3.12/site-packages/airflow/example_dags/example_python_decorator.py
[2025-01-20T08:54:07.663+0000] {processor.py:914} INFO - Processing file /home/airflow/.local/lib/python3.12/site-packages/airflow/example_dags/example_python_decorator.py for tasks to queue
[2025-01-20T08:54:07.665+0000] {logging_mixin.py:190} INFO - [2025-01-20T08:54:07.664+0000] {dagbag.py:588} INFO - Filling up the DagBag from /home/airflow/.local/lib/python3.12/site-packages/airflow/example_dags/example_python_decorator.py
[2025-01-20T08:54:07.674+0000] {processor.py:925} INFO - DAG(s) 'example_python_decorator' retrieved from /home/airflow/.local/lib/python3.12/site-packages/airflow/example_dags/example_python_decorator.py
[2025-01-20T08:54:07.699+0000] {logging_mixin.py:190} INFO - [2025-01-20T08:54:07.698+0000] {dag.py:3239} INFO - Sync 1 DAGs
[2025-01-20T08:54:07.711+0000] {logging_mixin.py:190} INFO - [2025-01-20T08:54:07.711+0000] {dag.py:4180} INFO - Setting next_dagrun for example_python_decorator to None, run_after=None
[2025-01-20T08:54:07.733+0000] {processor.py:208} INFO - Processing /home/airflow/.local/lib/python3.12/site-packages/airflow/example_dags/example_python_decorator.py took 0.074 seconds
[2025-01-20T08:54:38.541+0000] {processor.py:186} INFO - Started process (PID=70083) to work on /home/airflow/.local/lib/python3.12/site-packages/airflow/example_dags/example_python_decorator.py
[2025-01-20T08:54:38.542+0000] {processor.py:914} INFO - Processing file /home/airflow/.local/lib/python3.12/site-packages/airflow/example_dags/example_python_decorator.py for tasks to queue
[2025-01-20T08:54:38.545+0000] {logging_mixin.py:190} INFO - [2025-01-20T08:54:38.545+0000] {dagbag.py:588} INFO - Filling up the DagBag from /home/airflow/.local/lib/python3.12/site-packages/airflow/example_dags/example_python_decorator.py
[2025-01-20T08:54:38.562+0000] {processor.py:925} INFO - DAG(s) 'example_python_decorator' retrieved from /home/airflow/.local/lib/python3.12/site-packages/airflow/example_dags/example_python_decorator.py
[2025-01-20T08:54:38.587+0000] {logging_mixin.py:190} INFO - [2025-01-20T08:54:38.587+0000] {dag.py:3239} INFO - Sync 1 DAGs
[2025-01-20T08:54:38.604+0000] {logging_mixin.py:190} INFO - [2025-01-20T08:54:38.603+0000] {dag.py:4180} INFO - Setting next_dagrun for example_python_decorator to None, run_after=None
[2025-01-20T08:54:38.624+0000] {processor.py:208} INFO - Processing /home/airflow/.local/lib/python3.12/site-packages/airflow/example_dags/example_python_decorator.py took 0.091 seconds
[2025-01-20T08:55:08.667+0000] {processor.py:186} INFO - Started process (PID=70389) to work on /home/airflow/.local/lib/python3.12/site-packages/airflow/example_dags/example_python_decorator.py
[2025-01-20T08:55:08.667+0000] {processor.py:914} INFO - Processing file /home/airflow/.local/lib/python3.12/site-packages/airflow/example_dags/example_python_decorator.py for tasks to queue
[2025-01-20T08:55:08.669+0000] {logging_mixin.py:190} INFO - [2025-01-20T08:55:08.669+0000] {dagbag.py:588} INFO - Filling up the DagBag from /home/airflow/.local/lib/python3.12/site-packages/airflow/example_dags/example_python_decorator.py
[2025-01-20T08:55:08.678+0000] {processor.py:925} INFO - DAG(s) 'example_python_decorator' retrieved from /home/airflow/.local/lib/python3.12/site-packages/airflow/example_dags/example_python_decorator.py
[2025-01-20T08:55:08.695+0000] {logging_mixin.py:190} INFO - [2025-01-20T08:55:08.695+0000] {dag.py:3239} INFO - Sync 1 DAGs
[2025-01-20T08:55:08.704+0000] {logging_mixin.py:190} INFO - [2025-01-20T08:55:08.704+0000] {dag.py:4180} INFO - Setting next_dagrun for example_python_decorator to None, run_after=None
[2025-01-20T08:55:08.718+0000] {processor.py:208} INFO - Processing /home/airflow/.local/lib/python3.12/site-packages/airflow/example_dags/example_python_decorator.py took 0.055 seconds
[2025-01-20T08:55:39.252+0000] {processor.py:186} INFO - Started process (PID=70690) to work on /home/airflow/.local/lib/python3.12/site-packages/airflow/example_dags/example_python_decorator.py
[2025-01-20T08:55:39.253+0000] {processor.py:914} INFO - Processing file /home/airflow/.local/lib/python3.12/site-packages/airflow/example_dags/example_python_decorator.py for tasks to queue
[2025-01-20T08:55:39.255+0000] {logging_mixin.py:190} INFO - [2025-01-20T08:55:39.254+0000] {dagbag.py:588} INFO - Filling up the DagBag from /home/airflow/.local/lib/python3.12/site-packages/airflow/example_dags/example_python_decorator.py
[2025-01-20T08:55:39.264+0000] {processor.py:925} INFO - DAG(s) 'example_python_decorator' retrieved from /home/airflow/.local/lib/python3.12/site-packages/airflow/example_dags/example_python_decorator.py
[2025-01-20T08:55:39.282+0000] {logging_mixin.py:190} INFO - [2025-01-20T08:55:39.282+0000] {dag.py:3239} INFO - Sync 1 DAGs
[2025-01-20T08:55:39.292+0000] {logging_mixin.py:190} INFO - [2025-01-20T08:55:39.292+0000] {dag.py:4180} INFO - Setting next_dagrun for example_python_decorator to None, run_after=None
[2025-01-20T08:55:39.316+0000] {processor.py:208} INFO - Processing /home/airflow/.local/lib/python3.12/site-packages/airflow/example_dags/example_python_decorator.py took 0.071 seconds
[2025-01-20T08:56:09.635+0000] {processor.py:186} INFO - Started process (PID=70993) to work on /home/airflow/.local/lib/python3.12/site-packages/airflow/example_dags/example_python_decorator.py
[2025-01-20T08:56:09.636+0000] {processor.py:914} INFO - Processing file /home/airflow/.local/lib/python3.12/site-packages/airflow/example_dags/example_python_decorator.py for tasks to queue
[2025-01-20T08:56:09.638+0000] {logging_mixin.py:190} INFO - [2025-01-20T08:56:09.637+0000] {dagbag.py:588} INFO - Filling up the DagBag from /home/airflow/.local/lib/python3.12/site-packages/airflow/example_dags/example_python_decorator.py
[2025-01-20T08:56:09.648+0000] {processor.py:925} INFO - DAG(s) 'example_python_decorator' retrieved from /home/airflow/.local/lib/python3.12/site-packages/airflow/example_dags/example_python_decorator.py
[2025-01-20T08:56:09.668+0000] {logging_mixin.py:190} INFO - [2025-01-20T08:56:09.668+0000] {dag.py:3239} INFO - Sync 1 DAGs
[2025-01-20T08:56:09.678+0000] {logging_mixin.py:190} INFO - [2025-01-20T08:56:09.678+0000] {dag.py:4180} INFO - Setting next_dagrun for example_python_decorator to None, run_after=None
[2025-01-20T08:56:09.696+0000] {processor.py:208} INFO - Processing /home/airflow/.local/lib/python3.12/site-packages/airflow/example_dags/example_python_decorator.py took 0.065 seconds
[2025-01-20T08:56:40.299+0000] {processor.py:186} INFO - Started process (PID=71296) to work on /home/airflow/.local/lib/python3.12/site-packages/airflow/example_dags/example_python_decorator.py
[2025-01-20T08:56:40.301+0000] {processor.py:914} INFO - Processing file /home/airflow/.local/lib/python3.12/site-packages/airflow/example_dags/example_python_decorator.py for tasks to queue
[2025-01-20T08:56:40.309+0000] {logging_mixin.py:190} INFO - [2025-01-20T08:56:40.309+0000] {dagbag.py:588} INFO - Filling up the DagBag from /home/airflow/.local/lib/python3.12/site-packages/airflow/example_dags/example_python_decorator.py
[2025-01-20T08:56:40.323+0000] {processor.py:925} INFO - DAG(s) 'example_python_decorator' retrieved from /home/airflow/.local/lib/python3.12/site-packages/airflow/example_dags/example_python_decorator.py
[2025-01-20T08:56:40.351+0000] {logging_mixin.py:190} INFO - [2025-01-20T08:56:40.350+0000] {dag.py:3239} INFO - Sync 1 DAGs
[2025-01-20T08:56:40.369+0000] {logging_mixin.py:190} INFO - [2025-01-20T08:56:40.369+0000] {dag.py:4180} INFO - Setting next_dagrun for example_python_decorator to None, run_after=None
[2025-01-20T08:56:40.383+0000] {processor.py:208} INFO - Processing /home/airflow/.local/lib/python3.12/site-packages/airflow/example_dags/example_python_decorator.py took 0.089 seconds
[2025-01-20T08:57:10.602+0000] {processor.py:186} INFO - Started process (PID=71602) to work on /home/airflow/.local/lib/python3.12/site-packages/airflow/example_dags/example_python_decorator.py
[2025-01-20T08:57:10.603+0000] {processor.py:914} INFO - Processing file /home/airflow/.local/lib/python3.12/site-packages/airflow/example_dags/example_python_decorator.py for tasks to queue
[2025-01-20T08:57:10.605+0000] {logging_mixin.py:190} INFO - [2025-01-20T08:57:10.604+0000] {dagbag.py:588} INFO - Filling up the DagBag from /home/airflow/.local/lib/python3.12/site-packages/airflow/example_dags/example_python_decorator.py
[2025-01-20T08:57:10.613+0000] {processor.py:925} INFO - DAG(s) 'example_python_decorator' retrieved from /home/airflow/.local/lib/python3.12/site-packages/airflow/example_dags/example_python_decorator.py
[2025-01-20T08:57:10.629+0000] {logging_mixin.py:190} INFO - [2025-01-20T08:57:10.629+0000] {dag.py:3239} INFO - Sync 1 DAGs
[2025-01-20T08:57:10.639+0000] {logging_mixin.py:190} INFO - [2025-01-20T08:57:10.639+0000] {dag.py:4180} INFO - Setting next_dagrun for example_python_decorator to None, run_after=None
[2025-01-20T08:57:10.653+0000] {processor.py:208} INFO - Processing /home/airflow/.local/lib/python3.12/site-packages/airflow/example_dags/example_python_decorator.py took 0.055 seconds
[2025-01-20T08:57:41.710+0000] {processor.py:186} INFO - Started process (PID=71905) to work on /home/airflow/.local/lib/python3.12/site-packages/airflow/example_dags/example_python_decorator.py
[2025-01-20T08:57:41.711+0000] {processor.py:914} INFO - Processing file /home/airflow/.local/lib/python3.12/site-packages/airflow/example_dags/example_python_decorator.py for tasks to queue
[2025-01-20T08:57:41.713+0000] {logging_mixin.py:190} INFO - [2025-01-20T08:57:41.713+0000] {dagbag.py:588} INFO - Filling up the DagBag from /home/airflow/.local/lib/python3.12/site-packages/airflow/example_dags/example_python_decorator.py
[2025-01-20T08:57:41.725+0000] {processor.py:925} INFO - DAG(s) 'example_python_decorator' retrieved from /home/airflow/.local/lib/python3.12/site-packages/airflow/example_dags/example_python_decorator.py
[2025-01-20T08:57:41.746+0000] {logging_mixin.py:190} INFO - [2025-01-20T08:57:41.746+0000] {dag.py:3239} INFO - Sync 1 DAGs
[2025-01-20T08:57:41.756+0000] {logging_mixin.py:190} INFO - [2025-01-20T08:57:41.756+0000] {dag.py:4180} INFO - Setting next_dagrun for example_python_decorator to None, run_after=None
[2025-01-20T08:57:41.769+0000] {processor.py:208} INFO - Processing /home/airflow/.local/lib/python3.12/site-packages/airflow/example_dags/example_python_decorator.py took 0.068 seconds
[2025-01-20T08:58:12.180+0000] {processor.py:186} INFO - Started process (PID=72209) to work on /home/airflow/.local/lib/python3.12/site-packages/airflow/example_dags/example_python_decorator.py
[2025-01-20T08:58:12.181+0000] {processor.py:914} INFO - Processing file /home/airflow/.local/lib/python3.12/site-packages/airflow/example_dags/example_python_decorator.py for tasks to queue
[2025-01-20T08:58:12.182+0000] {logging_mixin.py:190} INFO - [2025-01-20T08:58:12.182+0000] {dagbag.py:588} INFO - Filling up the DagBag from /home/airflow/.local/lib/python3.12/site-packages/airflow/example_dags/example_python_decorator.py
[2025-01-20T08:58:12.191+0000] {processor.py:925} INFO - DAG(s) 'example_python_decorator' retrieved from /home/airflow/.local/lib/python3.12/site-packages/airflow/example_dags/example_python_decorator.py
[2025-01-20T08:58:12.212+0000] {logging_mixin.py:190} INFO - [2025-01-20T08:58:12.212+0000] {dag.py:3239} INFO - Sync 1 DAGs
[2025-01-20T08:58:12.231+0000] {logging_mixin.py:190} INFO - [2025-01-20T08:58:12.230+0000] {dag.py:4180} INFO - Setting next_dagrun for example_python_decorator to None, run_after=None
[2025-01-20T08:58:12.253+0000] {processor.py:208} INFO - Processing /home/airflow/.local/lib/python3.12/site-packages/airflow/example_dags/example_python_decorator.py took 0.077 seconds
[2025-01-20T08:58:42.486+0000] {processor.py:186} INFO - Started process (PID=72510) to work on /home/airflow/.local/lib/python3.12/site-packages/airflow/example_dags/example_python_decorator.py
[2025-01-20T08:58:42.487+0000] {processor.py:914} INFO - Processing file /home/airflow/.local/lib/python3.12/site-packages/airflow/example_dags/example_python_decorator.py for tasks to queue
[2025-01-20T08:58:42.489+0000] {logging_mixin.py:190} INFO - [2025-01-20T08:58:42.489+0000] {dagbag.py:588} INFO - Filling up the DagBag from /home/airflow/.local/lib/python3.12/site-packages/airflow/example_dags/example_python_decorator.py
[2025-01-20T08:58:42.504+0000] {processor.py:925} INFO - DAG(s) 'example_python_decorator' retrieved from /home/airflow/.local/lib/python3.12/site-packages/airflow/example_dags/example_python_decorator.py
[2025-01-20T08:58:42.541+0000] {logging_mixin.py:190} INFO - [2025-01-20T08:58:42.541+0000] {dag.py:3239} INFO - Sync 1 DAGs
[2025-01-20T08:58:42.556+0000] {logging_mixin.py:190} INFO - [2025-01-20T08:58:42.556+0000] {dag.py:4180} INFO - Setting next_dagrun for example_python_decorator to None, run_after=None
[2025-01-20T08:58:42.575+0000] {processor.py:208} INFO - Processing /home/airflow/.local/lib/python3.12/site-packages/airflow/example_dags/example_python_decorator.py took 0.098 seconds
[2025-01-20T08:59:12.932+0000] {processor.py:186} INFO - Started process (PID=72816) to work on /home/airflow/.local/lib/python3.12/site-packages/airflow/example_dags/example_python_decorator.py
[2025-01-20T08:59:12.933+0000] {processor.py:914} INFO - Processing file /home/airflow/.local/lib/python3.12/site-packages/airflow/example_dags/example_python_decorator.py for tasks to queue
[2025-01-20T08:59:12.936+0000] {logging_mixin.py:190} INFO - [2025-01-20T08:59:12.935+0000] {dagbag.py:588} INFO - Filling up the DagBag from /home/airflow/.local/lib/python3.12/site-packages/airflow/example_dags/example_python_decorator.py
[2025-01-20T08:59:12.946+0000] {processor.py:925} INFO - DAG(s) 'example_python_decorator' retrieved from /home/airflow/.local/lib/python3.12/site-packages/airflow/example_dags/example_python_decorator.py
[2025-01-20T08:59:12.966+0000] {logging_mixin.py:190} INFO - [2025-01-20T08:59:12.966+0000] {dag.py:3239} INFO - Sync 1 DAGs
[2025-01-20T08:59:12.978+0000] {logging_mixin.py:190} INFO - [2025-01-20T08:59:12.977+0000] {dag.py:4180} INFO - Setting next_dagrun for example_python_decorator to None, run_after=None
[2025-01-20T08:59:12.994+0000] {processor.py:208} INFO - Processing /home/airflow/.local/lib/python3.12/site-packages/airflow/example_dags/example_python_decorator.py took 0.069 seconds
[2025-01-20T08:59:43.213+0000] {processor.py:186} INFO - Started process (PID=73117) to work on /home/airflow/.local/lib/python3.12/site-packages/airflow/example_dags/example_python_decorator.py
[2025-01-20T08:59:43.214+0000] {processor.py:914} INFO - Processing file /home/airflow/.local/lib/python3.12/site-packages/airflow/example_dags/example_python_decorator.py for tasks to queue
[2025-01-20T08:59:43.216+0000] {logging_mixin.py:190} INFO - [2025-01-20T08:59:43.216+0000] {dagbag.py:588} INFO - Filling up the DagBag from /home/airflow/.local/lib/python3.12/site-packages/airflow/example_dags/example_python_decorator.py
[2025-01-20T08:59:43.227+0000] {processor.py:925} INFO - DAG(s) 'example_python_decorator' retrieved from /home/airflow/.local/lib/python3.12/site-packages/airflow/example_dags/example_python_decorator.py
[2025-01-20T08:59:43.248+0000] {logging_mixin.py:190} INFO - [2025-01-20T08:59:43.248+0000] {dag.py:3239} INFO - Sync 1 DAGs
[2025-01-20T08:59:43.257+0000] {logging_mixin.py:190} INFO - [2025-01-20T08:59:43.257+0000] {dag.py:4180} INFO - Setting next_dagrun for example_python_decorator to None, run_after=None
[2025-01-20T08:59:43.273+0000] {processor.py:208} INFO - Processing /home/airflow/.local/lib/python3.12/site-packages/airflow/example_dags/example_python_decorator.py took 0.067 seconds
[2025-01-20T09:00:13.529+0000] {processor.py:186} INFO - Started process (PID=73420) to work on /home/airflow/.local/lib/python3.12/site-packages/airflow/example_dags/example_python_decorator.py
[2025-01-20T09:00:13.530+0000] {processor.py:914} INFO - Processing file /home/airflow/.local/lib/python3.12/site-packages/airflow/example_dags/example_python_decorator.py for tasks to queue
[2025-01-20T09:00:13.532+0000] {logging_mixin.py:190} INFO - [2025-01-20T09:00:13.531+0000] {dagbag.py:588} INFO - Filling up the DagBag from /home/airflow/.local/lib/python3.12/site-packages/airflow/example_dags/example_python_decorator.py
[2025-01-20T09:00:13.541+0000] {processor.py:925} INFO - DAG(s) 'example_python_decorator' retrieved from /home/airflow/.local/lib/python3.12/site-packages/airflow/example_dags/example_python_decorator.py
[2025-01-20T09:00:13.562+0000] {logging_mixin.py:190} INFO - [2025-01-20T09:00:13.562+0000] {dag.py:3239} INFO - Sync 1 DAGs
[2025-01-20T09:00:13.576+0000] {logging_mixin.py:190} INFO - [2025-01-20T09:00:13.576+0000] {dag.py:4180} INFO - Setting next_dagrun for example_python_decorator to None, run_after=None
[2025-01-20T09:00:13.598+0000] {processor.py:208} INFO - Processing /home/airflow/.local/lib/python3.12/site-packages/airflow/example_dags/example_python_decorator.py took 0.075 seconds
[2025-01-20T09:00:43.694+0000] {processor.py:186} INFO - Started process (PID=73719) to work on /home/airflow/.local/lib/python3.12/site-packages/airflow/example_dags/example_python_decorator.py
[2025-01-20T09:00:43.695+0000] {processor.py:914} INFO - Processing file /home/airflow/.local/lib/python3.12/site-packages/airflow/example_dags/example_python_decorator.py for tasks to queue
[2025-01-20T09:00:43.697+0000] {logging_mixin.py:190} INFO - [2025-01-20T09:00:43.697+0000] {dagbag.py:588} INFO - Filling up the DagBag from /home/airflow/.local/lib/python3.12/site-packages/airflow/example_dags/example_python_decorator.py
[2025-01-20T09:00:43.707+0000] {processor.py:925} INFO - DAG(s) 'example_python_decorator' retrieved from /home/airflow/.local/lib/python3.12/site-packages/airflow/example_dags/example_python_decorator.py
[2025-01-20T09:00:43.723+0000] {logging_mixin.py:190} INFO - [2025-01-20T09:00:43.722+0000] {dag.py:3239} INFO - Sync 1 DAGs
[2025-01-20T09:00:43.743+0000] {logging_mixin.py:190} INFO - [2025-01-20T09:00:43.743+0000] {dag.py:4180} INFO - Setting next_dagrun for example_python_decorator to None, run_after=None
[2025-01-20T09:00:43.768+0000] {processor.py:208} INFO - Processing /home/airflow/.local/lib/python3.12/site-packages/airflow/example_dags/example_python_decorator.py took 0.078 seconds
[2025-01-20T09:01:14.412+0000] {processor.py:186} INFO - Started process (PID=74027) to work on /home/airflow/.local/lib/python3.12/site-packages/airflow/example_dags/example_python_decorator.py
[2025-01-20T09:01:14.413+0000] {processor.py:914} INFO - Processing file /home/airflow/.local/lib/python3.12/site-packages/airflow/example_dags/example_python_decorator.py for tasks to queue
[2025-01-20T09:01:14.416+0000] {logging_mixin.py:190} INFO - [2025-01-20T09:01:14.415+0000] {dagbag.py:588} INFO - Filling up the DagBag from /home/airflow/.local/lib/python3.12/site-packages/airflow/example_dags/example_python_decorator.py
[2025-01-20T09:01:14.432+0000] {processor.py:925} INFO - DAG(s) 'example_python_decorator' retrieved from /home/airflow/.local/lib/python3.12/site-packages/airflow/example_dags/example_python_decorator.py
[2025-01-20T09:01:14.455+0000] {logging_mixin.py:190} INFO - [2025-01-20T09:01:14.455+0000] {dag.py:3239} INFO - Sync 1 DAGs
[2025-01-20T09:01:14.466+0000] {logging_mixin.py:190} INFO - [2025-01-20T09:01:14.466+0000] {dag.py:4180} INFO - Setting next_dagrun for example_python_decorator to None, run_after=None
[2025-01-20T09:01:14.479+0000] {processor.py:208} INFO - Processing /home/airflow/.local/lib/python3.12/site-packages/airflow/example_dags/example_python_decorator.py took 0.074 seconds
[2025-01-20T09:01:44.795+0000] {processor.py:186} INFO - Started process (PID=74328) to work on /home/airflow/.local/lib/python3.12/site-packages/airflow/example_dags/example_python_decorator.py
[2025-01-20T09:01:44.796+0000] {processor.py:914} INFO - Processing file /home/airflow/.local/lib/python3.12/site-packages/airflow/example_dags/example_python_decorator.py for tasks to queue
[2025-01-20T09:01:44.798+0000] {logging_mixin.py:190} INFO - [2025-01-20T09:01:44.797+0000] {dagbag.py:588} INFO - Filling up the DagBag from /home/airflow/.local/lib/python3.12/site-packages/airflow/example_dags/example_python_decorator.py
[2025-01-20T09:01:44.807+0000] {processor.py:925} INFO - DAG(s) 'example_python_decorator' retrieved from /home/airflow/.local/lib/python3.12/site-packages/airflow/example_dags/example_python_decorator.py
[2025-01-20T09:01:44.822+0000] {logging_mixin.py:190} INFO - [2025-01-20T09:01:44.822+0000] {dag.py:3239} INFO - Sync 1 DAGs
[2025-01-20T09:01:44.833+0000] {logging_mixin.py:190} INFO - [2025-01-20T09:01:44.832+0000] {dag.py:4180} INFO - Setting next_dagrun for example_python_decorator to None, run_after=None
[2025-01-20T09:01:44.852+0000] {processor.py:208} INFO - Processing /home/airflow/.local/lib/python3.12/site-packages/airflow/example_dags/example_python_decorator.py took 0.061 seconds
[2025-01-20T09:02:15.208+0000] {processor.py:186} INFO - Started process (PID=74638) to work on /home/airflow/.local/lib/python3.12/site-packages/airflow/example_dags/example_python_decorator.py
[2025-01-20T09:02:15.209+0000] {processor.py:914} INFO - Processing file /home/airflow/.local/lib/python3.12/site-packages/airflow/example_dags/example_python_decorator.py for tasks to queue
[2025-01-20T09:02:15.212+0000] {logging_mixin.py:190} INFO - [2025-01-20T09:02:15.212+0000] {dagbag.py:588} INFO - Filling up the DagBag from /home/airflow/.local/lib/python3.12/site-packages/airflow/example_dags/example_python_decorator.py
[2025-01-20T09:02:15.233+0000] {processor.py:925} INFO - DAG(s) 'example_python_decorator' retrieved from /home/airflow/.local/lib/python3.12/site-packages/airflow/example_dags/example_python_decorator.py
[2025-01-20T09:02:15.258+0000] {logging_mixin.py:190} INFO - [2025-01-20T09:02:15.258+0000] {dag.py:3239} INFO - Sync 1 DAGs
[2025-01-20T09:02:15.274+0000] {logging_mixin.py:190} INFO - [2025-01-20T09:02:15.273+0000] {dag.py:4180} INFO - Setting next_dagrun for example_python_decorator to None, run_after=None
[2025-01-20T09:02:15.287+0000] {processor.py:208} INFO - Processing /home/airflow/.local/lib/python3.12/site-packages/airflow/example_dags/example_python_decorator.py took 0.086 seconds
[2025-01-20T09:02:45.593+0000] {processor.py:186} INFO - Started process (PID=74941) to work on /home/airflow/.local/lib/python3.12/site-packages/airflow/example_dags/example_python_decorator.py
[2025-01-20T09:02:45.594+0000] {processor.py:914} INFO - Processing file /home/airflow/.local/lib/python3.12/site-packages/airflow/example_dags/example_python_decorator.py for tasks to queue
[2025-01-20T09:02:45.596+0000] {logging_mixin.py:190} INFO - [2025-01-20T09:02:45.595+0000] {dagbag.py:588} INFO - Filling up the DagBag from /home/airflow/.local/lib/python3.12/site-packages/airflow/example_dags/example_python_decorator.py
[2025-01-20T09:02:45.608+0000] {processor.py:925} INFO - DAG(s) 'example_python_decorator' retrieved from /home/airflow/.local/lib/python3.12/site-packages/airflow/example_dags/example_python_decorator.py
[2025-01-20T09:02:45.623+0000] {logging_mixin.py:190} INFO - [2025-01-20T09:02:45.623+0000] {dag.py:3239} INFO - Sync 1 DAGs
[2025-01-20T09:02:45.632+0000] {logging_mixin.py:190} INFO - [2025-01-20T09:02:45.632+0000] {dag.py:4180} INFO - Setting next_dagrun for example_python_decorator to None, run_after=None
[2025-01-20T09:02:45.646+0000] {processor.py:208} INFO - Processing /home/airflow/.local/lib/python3.12/site-packages/airflow/example_dags/example_python_decorator.py took 0.056 seconds
[2025-01-20T09:03:15.780+0000] {processor.py:186} INFO - Started process (PID=75245) to work on /home/airflow/.local/lib/python3.12/site-packages/airflow/example_dags/example_python_decorator.py
[2025-01-20T09:03:15.781+0000] {processor.py:914} INFO - Processing file /home/airflow/.local/lib/python3.12/site-packages/airflow/example_dags/example_python_decorator.py for tasks to queue
[2025-01-20T09:03:15.784+0000] {logging_mixin.py:190} INFO - [2025-01-20T09:03:15.783+0000] {dagbag.py:588} INFO - Filling up the DagBag from /home/airflow/.local/lib/python3.12/site-packages/airflow/example_dags/example_python_decorator.py
[2025-01-20T09:03:15.794+0000] {processor.py:925} INFO - DAG(s) 'example_python_decorator' retrieved from /home/airflow/.local/lib/python3.12/site-packages/airflow/example_dags/example_python_decorator.py
[2025-01-20T09:03:15.813+0000] {logging_mixin.py:190} INFO - [2025-01-20T09:03:15.813+0000] {dag.py:3239} INFO - Sync 1 DAGs
[2025-01-20T09:03:15.824+0000] {logging_mixin.py:190} INFO - [2025-01-20T09:03:15.824+0000] {dag.py:4180} INFO - Setting next_dagrun for example_python_decorator to None, run_after=None
[2025-01-20T09:03:15.841+0000] {processor.py:208} INFO - Processing /home/airflow/.local/lib/python3.12/site-packages/airflow/example_dags/example_python_decorator.py took 0.068 seconds
[2025-01-20T09:03:47.018+0000] {processor.py:186} INFO - Started process (PID=75546) to work on /home/airflow/.local/lib/python3.12/site-packages/airflow/example_dags/example_python_decorator.py
[2025-01-20T09:03:47.020+0000] {processor.py:914} INFO - Processing file /home/airflow/.local/lib/python3.12/site-packages/airflow/example_dags/example_python_decorator.py for tasks to queue
[2025-01-20T09:03:47.024+0000] {logging_mixin.py:190} INFO - [2025-01-20T09:03:47.024+0000] {dagbag.py:588} INFO - Filling up the DagBag from /home/airflow/.local/lib/python3.12/site-packages/airflow/example_dags/example_python_decorator.py
[2025-01-20T09:03:47.037+0000] {processor.py:925} INFO - DAG(s) 'example_python_decorator' retrieved from /home/airflow/.local/lib/python3.12/site-packages/airflow/example_dags/example_python_decorator.py
[2025-01-20T09:03:47.058+0000] {logging_mixin.py:190} INFO - [2025-01-20T09:03:47.058+0000] {dag.py:3239} INFO - Sync 1 DAGs
[2025-01-20T09:03:47.188+0000] {logging_mixin.py:190} INFO - [2025-01-20T09:03:47.187+0000] {dag.py:4180} INFO - Setting next_dagrun for example_python_decorator to None, run_after=None
[2025-01-20T09:03:47.205+0000] {processor.py:208} INFO - Processing /home/airflow/.local/lib/python3.12/site-packages/airflow/example_dags/example_python_decorator.py took 0.196 seconds
[2025-01-20T09:04:17.354+0000] {processor.py:186} INFO - Started process (PID=75852) to work on /home/airflow/.local/lib/python3.12/site-packages/airflow/example_dags/example_python_decorator.py
[2025-01-20T09:04:17.356+0000] {processor.py:914} INFO - Processing file /home/airflow/.local/lib/python3.12/site-packages/airflow/example_dags/example_python_decorator.py for tasks to queue
[2025-01-20T09:04:17.360+0000] {logging_mixin.py:190} INFO - [2025-01-20T09:04:17.360+0000] {dagbag.py:588} INFO - Filling up the DagBag from /home/airflow/.local/lib/python3.12/site-packages/airflow/example_dags/example_python_decorator.py
[2025-01-20T09:04:17.377+0000] {processor.py:925} INFO - DAG(s) 'example_python_decorator' retrieved from /home/airflow/.local/lib/python3.12/site-packages/airflow/example_dags/example_python_decorator.py
[2025-01-20T09:04:17.398+0000] {logging_mixin.py:190} INFO - [2025-01-20T09:04:17.397+0000] {dag.py:3239} INFO - Sync 1 DAGs
[2025-01-20T09:04:17.524+0000] {logging_mixin.py:190} INFO - [2025-01-20T09:04:17.523+0000] {dag.py:4180} INFO - Setting next_dagrun for example_python_decorator to None, run_after=None
[2025-01-20T09:04:17.543+0000] {processor.py:208} INFO - Processing /home/airflow/.local/lib/python3.12/site-packages/airflow/example_dags/example_python_decorator.py took 0.199 seconds
[2025-01-20T09:04:47.853+0000] {processor.py:186} INFO - Started process (PID=76153) to work on /home/airflow/.local/lib/python3.12/site-packages/airflow/example_dags/example_python_decorator.py
[2025-01-20T09:04:47.854+0000] {processor.py:914} INFO - Processing file /home/airflow/.local/lib/python3.12/site-packages/airflow/example_dags/example_python_decorator.py for tasks to queue
[2025-01-20T09:04:47.857+0000] {logging_mixin.py:190} INFO - [2025-01-20T09:04:47.857+0000] {dagbag.py:588} INFO - Filling up the DagBag from /home/airflow/.local/lib/python3.12/site-packages/airflow/example_dags/example_python_decorator.py
[2025-01-20T09:04:47.869+0000] {processor.py:925} INFO - DAG(s) 'example_python_decorator' retrieved from /home/airflow/.local/lib/python3.12/site-packages/airflow/example_dags/example_python_decorator.py
[2025-01-20T09:04:47.890+0000] {logging_mixin.py:190} INFO - [2025-01-20T09:04:47.890+0000] {dag.py:3239} INFO - Sync 1 DAGs
[2025-01-20T09:04:47.904+0000] {logging_mixin.py:190} INFO - [2025-01-20T09:04:47.904+0000] {dag.py:4180} INFO - Setting next_dagrun for example_python_decorator to None, run_after=None
[2025-01-20T09:04:47.932+0000] {processor.py:208} INFO - Processing /home/airflow/.local/lib/python3.12/site-packages/airflow/example_dags/example_python_decorator.py took 0.086 seconds
[2025-01-20T09:05:18.058+0000] {processor.py:186} INFO - Started process (PID=76454) to work on /home/airflow/.local/lib/python3.12/site-packages/airflow/example_dags/example_python_decorator.py
[2025-01-20T09:05:18.059+0000] {processor.py:914} INFO - Processing file /home/airflow/.local/lib/python3.12/site-packages/airflow/example_dags/example_python_decorator.py for tasks to queue
[2025-01-20T09:05:18.062+0000] {logging_mixin.py:190} INFO - [2025-01-20T09:05:18.061+0000] {dagbag.py:588} INFO - Filling up the DagBag from /home/airflow/.local/lib/python3.12/site-packages/airflow/example_dags/example_python_decorator.py
[2025-01-20T09:05:18.075+0000] {processor.py:925} INFO - DAG(s) 'example_python_decorator' retrieved from /home/airflow/.local/lib/python3.12/site-packages/airflow/example_dags/example_python_decorator.py
[2025-01-20T09:05:18.100+0000] {logging_mixin.py:190} INFO - [2025-01-20T09:05:18.099+0000] {dag.py:3239} INFO - Sync 1 DAGs
[2025-01-20T09:05:18.117+0000] {logging_mixin.py:190} INFO - [2025-01-20T09:05:18.116+0000] {dag.py:4180} INFO - Setting next_dagrun for example_python_decorator to None, run_after=None
[2025-01-20T09:05:18.141+0000] {processor.py:208} INFO - Processing /home/airflow/.local/lib/python3.12/site-packages/airflow/example_dags/example_python_decorator.py took 0.088 seconds
[2025-01-20T09:05:48.505+0000] {processor.py:186} INFO - Started process (PID=76760) to work on /home/airflow/.local/lib/python3.12/site-packages/airflow/example_dags/example_python_decorator.py
[2025-01-20T09:05:48.506+0000] {processor.py:914} INFO - Processing file /home/airflow/.local/lib/python3.12/site-packages/airflow/example_dags/example_python_decorator.py for tasks to queue
[2025-01-20T09:05:48.509+0000] {logging_mixin.py:190} INFO - [2025-01-20T09:05:48.508+0000] {dagbag.py:588} INFO - Filling up the DagBag from /home/airflow/.local/lib/python3.12/site-packages/airflow/example_dags/example_python_decorator.py
[2025-01-20T09:05:48.522+0000] {processor.py:925} INFO - DAG(s) 'example_python_decorator' retrieved from /home/airflow/.local/lib/python3.12/site-packages/airflow/example_dags/example_python_decorator.py
[2025-01-20T09:05:48.552+0000] {logging_mixin.py:190} INFO - [2025-01-20T09:05:48.552+0000] {dag.py:3239} INFO - Sync 1 DAGs
[2025-01-20T09:05:48.565+0000] {logging_mixin.py:190} INFO - [2025-01-20T09:05:48.565+0000] {dag.py:4180} INFO - Setting next_dagrun for example_python_decorator to None, run_after=None
[2025-01-20T09:05:48.583+0000] {processor.py:208} INFO - Processing /home/airflow/.local/lib/python3.12/site-packages/airflow/example_dags/example_python_decorator.py took 0.082 seconds
[2025-01-20T09:06:19.372+0000] {processor.py:186} INFO - Started process (PID=77061) to work on /home/airflow/.local/lib/python3.12/site-packages/airflow/example_dags/example_python_decorator.py
[2025-01-20T09:06:19.373+0000] {processor.py:914} INFO - Processing file /home/airflow/.local/lib/python3.12/site-packages/airflow/example_dags/example_python_decorator.py for tasks to queue
[2025-01-20T09:06:19.375+0000] {logging_mixin.py:190} INFO - [2025-01-20T09:06:19.375+0000] {dagbag.py:588} INFO - Filling up the DagBag from /home/airflow/.local/lib/python3.12/site-packages/airflow/example_dags/example_python_decorator.py
[2025-01-20T09:06:19.386+0000] {processor.py:925} INFO - DAG(s) 'example_python_decorator' retrieved from /home/airflow/.local/lib/python3.12/site-packages/airflow/example_dags/example_python_decorator.py
[2025-01-20T09:06:19.408+0000] {logging_mixin.py:190} INFO - [2025-01-20T09:06:19.407+0000] {dag.py:3239} INFO - Sync 1 DAGs
[2025-01-20T09:06:19.424+0000] {logging_mixin.py:190} INFO - [2025-01-20T09:06:19.424+0000] {dag.py:4180} INFO - Setting next_dagrun for example_python_decorator to None, run_after=None
[2025-01-20T09:06:19.443+0000] {processor.py:208} INFO - Processing /home/airflow/.local/lib/python3.12/site-packages/airflow/example_dags/example_python_decorator.py took 0.075 seconds
[2025-01-20T09:06:50.329+0000] {processor.py:186} INFO - Started process (PID=77362) to work on /home/airflow/.local/lib/python3.12/site-packages/airflow/example_dags/example_python_decorator.py
[2025-01-20T09:06:50.330+0000] {processor.py:914} INFO - Processing file /home/airflow/.local/lib/python3.12/site-packages/airflow/example_dags/example_python_decorator.py for tasks to queue
[2025-01-20T09:06:50.331+0000] {logging_mixin.py:190} INFO - [2025-01-20T09:06:50.331+0000] {dagbag.py:588} INFO - Filling up the DagBag from /home/airflow/.local/lib/python3.12/site-packages/airflow/example_dags/example_python_decorator.py
[2025-01-20T09:06:50.340+0000] {processor.py:925} INFO - DAG(s) 'example_python_decorator' retrieved from /home/airflow/.local/lib/python3.12/site-packages/airflow/example_dags/example_python_decorator.py
[2025-01-20T09:06:50.359+0000] {logging_mixin.py:190} INFO - [2025-01-20T09:06:50.359+0000] {dag.py:3239} INFO - Sync 1 DAGs
[2025-01-20T09:06:50.375+0000] {logging_mixin.py:190} INFO - [2025-01-20T09:06:50.374+0000] {dag.py:4180} INFO - Setting next_dagrun for example_python_decorator to None, run_after=None
[2025-01-20T09:06:50.393+0000] {processor.py:208} INFO - Processing /home/airflow/.local/lib/python3.12/site-packages/airflow/example_dags/example_python_decorator.py took 0.068 seconds
[2025-01-20T09:07:21.222+0000] {processor.py:186} INFO - Started process (PID=77668) to work on /home/airflow/.local/lib/python3.12/site-packages/airflow/example_dags/example_python_decorator.py
[2025-01-20T09:07:21.223+0000] {processor.py:914} INFO - Processing file /home/airflow/.local/lib/python3.12/site-packages/airflow/example_dags/example_python_decorator.py for tasks to queue
[2025-01-20T09:07:21.224+0000] {logging_mixin.py:190} INFO - [2025-01-20T09:07:21.224+0000] {dagbag.py:588} INFO - Filling up the DagBag from /home/airflow/.local/lib/python3.12/site-packages/airflow/example_dags/example_python_decorator.py
[2025-01-20T09:07:21.234+0000] {processor.py:925} INFO - DAG(s) 'example_python_decorator' retrieved from /home/airflow/.local/lib/python3.12/site-packages/airflow/example_dags/example_python_decorator.py
[2025-01-20T09:07:21.250+0000] {logging_mixin.py:190} INFO - [2025-01-20T09:07:21.250+0000] {dag.py:3239} INFO - Sync 1 DAGs
[2025-01-20T09:07:21.260+0000] {logging_mixin.py:190} INFO - [2025-01-20T09:07:21.260+0000] {dag.py:4180} INFO - Setting next_dagrun for example_python_decorator to None, run_after=None
[2025-01-20T09:07:21.275+0000] {processor.py:208} INFO - Processing /home/airflow/.local/lib/python3.12/site-packages/airflow/example_dags/example_python_decorator.py took 0.058 seconds
[2025-01-20T09:07:52.087+0000] {processor.py:186} INFO - Started process (PID=77969) to work on /home/airflow/.local/lib/python3.12/site-packages/airflow/example_dags/example_python_decorator.py
[2025-01-20T09:07:52.088+0000] {processor.py:914} INFO - Processing file /home/airflow/.local/lib/python3.12/site-packages/airflow/example_dags/example_python_decorator.py for tasks to queue
[2025-01-20T09:07:52.090+0000] {logging_mixin.py:190} INFO - [2025-01-20T09:07:52.090+0000] {dagbag.py:588} INFO - Filling up the DagBag from /home/airflow/.local/lib/python3.12/site-packages/airflow/example_dags/example_python_decorator.py
[2025-01-20T09:07:52.109+0000] {processor.py:925} INFO - DAG(s) 'example_python_decorator' retrieved from /home/airflow/.local/lib/python3.12/site-packages/airflow/example_dags/example_python_decorator.py
[2025-01-20T09:07:52.135+0000] {logging_mixin.py:190} INFO - [2025-01-20T09:07:52.135+0000] {dag.py:3239} INFO - Sync 1 DAGs
[2025-01-20T09:07:52.162+0000] {logging_mixin.py:190} INFO - [2025-01-20T09:07:52.162+0000] {dag.py:4180} INFO - Setting next_dagrun for example_python_decorator to None, run_after=None
[2025-01-20T09:07:52.182+0000] {processor.py:208} INFO - Processing /home/airflow/.local/lib/python3.12/site-packages/airflow/example_dags/example_python_decorator.py took 0.103 seconds
[2025-01-20T09:08:22.353+0000] {processor.py:186} INFO - Started process (PID=78277) to work on /home/airflow/.local/lib/python3.12/site-packages/airflow/example_dags/example_python_decorator.py
[2025-01-20T09:08:22.354+0000] {processor.py:914} INFO - Processing file /home/airflow/.local/lib/python3.12/site-packages/airflow/example_dags/example_python_decorator.py for tasks to queue
[2025-01-20T09:08:22.356+0000] {logging_mixin.py:190} INFO - [2025-01-20T09:08:22.355+0000] {dagbag.py:588} INFO - Filling up the DagBag from /home/airflow/.local/lib/python3.12/site-packages/airflow/example_dags/example_python_decorator.py
[2025-01-20T09:08:22.368+0000] {processor.py:925} INFO - DAG(s) 'example_python_decorator' retrieved from /home/airflow/.local/lib/python3.12/site-packages/airflow/example_dags/example_python_decorator.py
[2025-01-20T09:08:22.388+0000] {logging_mixin.py:190} INFO - [2025-01-20T09:08:22.387+0000] {dag.py:3239} INFO - Sync 1 DAGs
[2025-01-20T09:08:22.403+0000] {logging_mixin.py:190} INFO - [2025-01-20T09:08:22.403+0000] {dag.py:4180} INFO - Setting next_dagrun for example_python_decorator to None, run_after=None
[2025-01-20T09:08:22.426+0000] {processor.py:208} INFO - Processing /home/airflow/.local/lib/python3.12/site-packages/airflow/example_dags/example_python_decorator.py took 0.077 seconds
[2025-01-20T09:08:52.685+0000] {processor.py:186} INFO - Started process (PID=78578) to work on /home/airflow/.local/lib/python3.12/site-packages/airflow/example_dags/example_python_decorator.py
[2025-01-20T09:08:52.687+0000] {processor.py:914} INFO - Processing file /home/airflow/.local/lib/python3.12/site-packages/airflow/example_dags/example_python_decorator.py for tasks to queue
[2025-01-20T09:08:52.690+0000] {logging_mixin.py:190} INFO - [2025-01-20T09:08:52.690+0000] {dagbag.py:588} INFO - Filling up the DagBag from /home/airflow/.local/lib/python3.12/site-packages/airflow/example_dags/example_python_decorator.py
[2025-01-20T09:08:52.703+0000] {processor.py:925} INFO - DAG(s) 'example_python_decorator' retrieved from /home/airflow/.local/lib/python3.12/site-packages/airflow/example_dags/example_python_decorator.py
[2025-01-20T09:08:52.720+0000] {logging_mixin.py:190} INFO - [2025-01-20T09:08:52.720+0000] {dag.py:3239} INFO - Sync 1 DAGs
[2025-01-20T09:08:52.734+0000] {logging_mixin.py:190} INFO - [2025-01-20T09:08:52.734+0000] {dag.py:4180} INFO - Setting next_dagrun for example_python_decorator to None, run_after=None
[2025-01-20T09:08:52.750+0000] {processor.py:208} INFO - Processing /home/airflow/.local/lib/python3.12/site-packages/airflow/example_dags/example_python_decorator.py took 0.071 seconds
[2025-01-20T09:09:22.815+0000] {processor.py:186} INFO - Started process (PID=78882) to work on /home/airflow/.local/lib/python3.12/site-packages/airflow/example_dags/example_python_decorator.py
[2025-01-20T09:09:22.816+0000] {processor.py:914} INFO - Processing file /home/airflow/.local/lib/python3.12/site-packages/airflow/example_dags/example_python_decorator.py for tasks to queue
[2025-01-20T09:09:22.818+0000] {logging_mixin.py:190} INFO - [2025-01-20T09:09:22.818+0000] {dagbag.py:588} INFO - Filling up the DagBag from /home/airflow/.local/lib/python3.12/site-packages/airflow/example_dags/example_python_decorator.py
[2025-01-20T09:09:22.828+0000] {processor.py:925} INFO - DAG(s) 'example_python_decorator' retrieved from /home/airflow/.local/lib/python3.12/site-packages/airflow/example_dags/example_python_decorator.py
[2025-01-20T09:09:22.848+0000] {logging_mixin.py:190} INFO - [2025-01-20T09:09:22.848+0000] {dag.py:3239} INFO - Sync 1 DAGs
[2025-01-20T09:09:22.859+0000] {logging_mixin.py:190} INFO - [2025-01-20T09:09:22.859+0000] {dag.py:4180} INFO - Setting next_dagrun for example_python_decorator to None, run_after=None
[2025-01-20T09:09:22.874+0000] {processor.py:208} INFO - Processing /home/airflow/.local/lib/python3.12/site-packages/airflow/example_dags/example_python_decorator.py took 0.065 seconds
