[2025-01-20T08:06:40.747+0000] {processor.py:186} INFO - Started process (PID=41502) to work on /home/airflow/.local/lib/python3.12/site-packages/airflow/example_dags/example_nested_branch_dag.py
[2025-01-20T08:06:40.749+0000] {processor.py:914} INFO - Processing file /home/airflow/.local/lib/python3.12/site-packages/airflow/example_dags/example_nested_branch_dag.py for tasks to queue
[2025-01-20T08:06:40.753+0000] {logging_mixin.py:190} INFO - [2025-01-20T08:06:40.752+0000] {dagbag.py:588} INFO - Filling up the DagBag from /home/airflow/.local/lib/python3.12/site-packages/airflow/example_dags/example_nested_branch_dag.py
[2025-01-20T08:06:40.778+0000] {processor.py:925} INFO - DAG(s) 'example_nested_branch_dag' retrieved from /home/airflow/.local/lib/python3.12/site-packages/airflow/example_dags/example_nested_branch_dag.py
[2025-01-20T08:06:40.823+0000] {logging_mixin.py:190} INFO - [2025-01-20T08:06:40.822+0000] {dag.py:3239} INFO - Sync 1 DAGs
[2025-01-20T08:06:40.860+0000] {logging_mixin.py:190} INFO - [2025-01-20T08:06:40.860+0000] {dag.py:4180} INFO - Setting next_dagrun for example_nested_branch_dag to 2025-01-19 00:00:00+00:00, run_after=2025-01-20 00:00:00+00:00
[2025-01-20T08:06:40.905+0000] {processor.py:208} INFO - Processing /home/airflow/.local/lib/python3.12/site-packages/airflow/example_dags/example_nested_branch_dag.py took 0.165 seconds
[2025-01-20T08:07:11.048+0000] {processor.py:186} INFO - Started process (PID=41839) to work on /home/airflow/.local/lib/python3.12/site-packages/airflow/example_dags/example_nested_branch_dag.py
[2025-01-20T08:07:11.049+0000] {processor.py:914} INFO - Processing file /home/airflow/.local/lib/python3.12/site-packages/airflow/example_dags/example_nested_branch_dag.py for tasks to queue
[2025-01-20T08:07:11.051+0000] {logging_mixin.py:190} INFO - [2025-01-20T08:07:11.050+0000] {dagbag.py:588} INFO - Filling up the DagBag from /home/airflow/.local/lib/python3.12/site-packages/airflow/example_dags/example_nested_branch_dag.py
[2025-01-20T08:07:11.059+0000] {processor.py:925} INFO - DAG(s) 'example_nested_branch_dag' retrieved from /home/airflow/.local/lib/python3.12/site-packages/airflow/example_dags/example_nested_branch_dag.py
[2025-01-20T08:07:11.082+0000] {logging_mixin.py:190} INFO - [2025-01-20T08:07:11.082+0000] {dag.py:3239} INFO - Sync 1 DAGs
[2025-01-20T08:07:11.103+0000] {logging_mixin.py:190} INFO - [2025-01-20T08:07:11.103+0000] {dag.py:4180} INFO - Setting next_dagrun for example_nested_branch_dag to 2025-01-19 00:00:00+00:00, run_after=2025-01-20 00:00:00+00:00
[2025-01-20T08:07:11.118+0000] {processor.py:208} INFO - Processing /home/airflow/.local/lib/python3.12/site-packages/airflow/example_dags/example_nested_branch_dag.py took 0.077 seconds
[2025-01-20T08:07:41.256+0000] {processor.py:186} INFO - Started process (PID=42142) to work on /home/airflow/.local/lib/python3.12/site-packages/airflow/example_dags/example_nested_branch_dag.py
[2025-01-20T08:07:41.257+0000] {processor.py:914} INFO - Processing file /home/airflow/.local/lib/python3.12/site-packages/airflow/example_dags/example_nested_branch_dag.py for tasks to queue
[2025-01-20T08:07:41.260+0000] {logging_mixin.py:190} INFO - [2025-01-20T08:07:41.260+0000] {dagbag.py:588} INFO - Filling up the DagBag from /home/airflow/.local/lib/python3.12/site-packages/airflow/example_dags/example_nested_branch_dag.py
[2025-01-20T08:07:41.272+0000] {processor.py:925} INFO - DAG(s) 'example_nested_branch_dag' retrieved from /home/airflow/.local/lib/python3.12/site-packages/airflow/example_dags/example_nested_branch_dag.py
[2025-01-20T08:07:41.291+0000] {logging_mixin.py:190} INFO - [2025-01-20T08:07:41.291+0000] {dag.py:3239} INFO - Sync 1 DAGs
[2025-01-20T08:07:41.307+0000] {logging_mixin.py:190} INFO - [2025-01-20T08:07:41.307+0000] {dag.py:4180} INFO - Setting next_dagrun for example_nested_branch_dag to 2025-01-19 00:00:00+00:00, run_after=2025-01-20 00:00:00+00:00
[2025-01-20T08:07:41.319+0000] {processor.py:208} INFO - Processing /home/airflow/.local/lib/python3.12/site-packages/airflow/example_dags/example_nested_branch_dag.py took 0.068 seconds
[2025-01-20T08:08:11.805+0000] {processor.py:186} INFO - Started process (PID=42448) to work on /home/airflow/.local/lib/python3.12/site-packages/airflow/example_dags/example_nested_branch_dag.py
[2025-01-20T08:08:11.806+0000] {processor.py:914} INFO - Processing file /home/airflow/.local/lib/python3.12/site-packages/airflow/example_dags/example_nested_branch_dag.py for tasks to queue
[2025-01-20T08:08:11.810+0000] {logging_mixin.py:190} INFO - [2025-01-20T08:08:11.809+0000] {dagbag.py:588} INFO - Filling up the DagBag from /home/airflow/.local/lib/python3.12/site-packages/airflow/example_dags/example_nested_branch_dag.py
[2025-01-20T08:08:11.821+0000] {processor.py:925} INFO - DAG(s) 'example_nested_branch_dag' retrieved from /home/airflow/.local/lib/python3.12/site-packages/airflow/example_dags/example_nested_branch_dag.py
[2025-01-20T08:08:11.838+0000] {logging_mixin.py:190} INFO - [2025-01-20T08:08:11.838+0000] {dag.py:3239} INFO - Sync 1 DAGs
[2025-01-20T08:08:11.853+0000] {logging_mixin.py:190} INFO - [2025-01-20T08:08:11.853+0000] {dag.py:4180} INFO - Setting next_dagrun for example_nested_branch_dag to 2025-01-19 00:00:00+00:00, run_after=2025-01-20 00:00:00+00:00
[2025-01-20T08:08:11.864+0000] {processor.py:208} INFO - Processing /home/airflow/.local/lib/python3.12/site-packages/airflow/example_dags/example_nested_branch_dag.py took 0.064 seconds
[2025-01-20T08:08:42.217+0000] {processor.py:186} INFO - Started process (PID=42749) to work on /home/airflow/.local/lib/python3.12/site-packages/airflow/example_dags/example_nested_branch_dag.py
[2025-01-20T08:08:42.217+0000] {processor.py:914} INFO - Processing file /home/airflow/.local/lib/python3.12/site-packages/airflow/example_dags/example_nested_branch_dag.py for tasks to queue
[2025-01-20T08:08:42.219+0000] {logging_mixin.py:190} INFO - [2025-01-20T08:08:42.219+0000] {dagbag.py:588} INFO - Filling up the DagBag from /home/airflow/.local/lib/python3.12/site-packages/airflow/example_dags/example_nested_branch_dag.py
[2025-01-20T08:08:42.227+0000] {processor.py:925} INFO - DAG(s) 'example_nested_branch_dag' retrieved from /home/airflow/.local/lib/python3.12/site-packages/airflow/example_dags/example_nested_branch_dag.py
[2025-01-20T08:08:42.241+0000] {logging_mixin.py:190} INFO - [2025-01-20T08:08:42.240+0000] {dag.py:3239} INFO - Sync 1 DAGs
[2025-01-20T08:08:42.254+0000] {logging_mixin.py:190} INFO - [2025-01-20T08:08:42.254+0000] {dag.py:4180} INFO - Setting next_dagrun for example_nested_branch_dag to 2025-01-19 00:00:00+00:00, run_after=2025-01-20 00:00:00+00:00
[2025-01-20T08:08:42.267+0000] {processor.py:208} INFO - Processing /home/airflow/.local/lib/python3.12/site-packages/airflow/example_dags/example_nested_branch_dag.py took 0.054 seconds
[2025-01-20T08:09:12.683+0000] {processor.py:186} INFO - Started process (PID=43055) to work on /home/airflow/.local/lib/python3.12/site-packages/airflow/example_dags/example_nested_branch_dag.py
[2025-01-20T08:09:12.684+0000] {processor.py:914} INFO - Processing file /home/airflow/.local/lib/python3.12/site-packages/airflow/example_dags/example_nested_branch_dag.py for tasks to queue
[2025-01-20T08:09:12.686+0000] {logging_mixin.py:190} INFO - [2025-01-20T08:09:12.686+0000] {dagbag.py:588} INFO - Filling up the DagBag from /home/airflow/.local/lib/python3.12/site-packages/airflow/example_dags/example_nested_branch_dag.py
[2025-01-20T08:09:12.695+0000] {processor.py:925} INFO - DAG(s) 'example_nested_branch_dag' retrieved from /home/airflow/.local/lib/python3.12/site-packages/airflow/example_dags/example_nested_branch_dag.py
[2025-01-20T08:09:12.710+0000] {logging_mixin.py:190} INFO - [2025-01-20T08:09:12.710+0000] {dag.py:3239} INFO - Sync 1 DAGs
[2025-01-20T08:09:12.727+0000] {logging_mixin.py:190} INFO - [2025-01-20T08:09:12.727+0000] {dag.py:4180} INFO - Setting next_dagrun for example_nested_branch_dag to 2025-01-19 00:00:00+00:00, run_after=2025-01-20 00:00:00+00:00
[2025-01-20T08:09:12.740+0000] {processor.py:208} INFO - Processing /home/airflow/.local/lib/python3.12/site-packages/airflow/example_dags/example_nested_branch_dag.py took 0.062 seconds
[2025-01-20T08:09:43.120+0000] {processor.py:186} INFO - Started process (PID=43356) to work on /home/airflow/.local/lib/python3.12/site-packages/airflow/example_dags/example_nested_branch_dag.py
[2025-01-20T08:09:43.121+0000] {processor.py:914} INFO - Processing file /home/airflow/.local/lib/python3.12/site-packages/airflow/example_dags/example_nested_branch_dag.py for tasks to queue
[2025-01-20T08:09:43.122+0000] {logging_mixin.py:190} INFO - [2025-01-20T08:09:43.122+0000] {dagbag.py:588} INFO - Filling up the DagBag from /home/airflow/.local/lib/python3.12/site-packages/airflow/example_dags/example_nested_branch_dag.py
[2025-01-20T08:09:43.129+0000] {processor.py:925} INFO - DAG(s) 'example_nested_branch_dag' retrieved from /home/airflow/.local/lib/python3.12/site-packages/airflow/example_dags/example_nested_branch_dag.py
[2025-01-20T08:09:43.145+0000] {logging_mixin.py:190} INFO - [2025-01-20T08:09:43.145+0000] {dag.py:3239} INFO - Sync 1 DAGs
[2025-01-20T08:09:43.162+0000] {logging_mixin.py:190} INFO - [2025-01-20T08:09:43.162+0000] {dag.py:4180} INFO - Setting next_dagrun for example_nested_branch_dag to 2025-01-19 00:00:00+00:00, run_after=2025-01-20 00:00:00+00:00
[2025-01-20T08:09:43.182+0000] {processor.py:208} INFO - Processing /home/airflow/.local/lib/python3.12/site-packages/airflow/example_dags/example_nested_branch_dag.py took 0.066 seconds
[2025-01-20T08:10:13.642+0000] {processor.py:186} INFO - Started process (PID=43662) to work on /home/airflow/.local/lib/python3.12/site-packages/airflow/example_dags/example_nested_branch_dag.py
[2025-01-20T08:10:13.643+0000] {processor.py:914} INFO - Processing file /home/airflow/.local/lib/python3.12/site-packages/airflow/example_dags/example_nested_branch_dag.py for tasks to queue
[2025-01-20T08:10:13.646+0000] {logging_mixin.py:190} INFO - [2025-01-20T08:10:13.646+0000] {dagbag.py:588} INFO - Filling up the DagBag from /home/airflow/.local/lib/python3.12/site-packages/airflow/example_dags/example_nested_branch_dag.py
[2025-01-20T08:10:13.655+0000] {processor.py:925} INFO - DAG(s) 'example_nested_branch_dag' retrieved from /home/airflow/.local/lib/python3.12/site-packages/airflow/example_dags/example_nested_branch_dag.py
[2025-01-20T08:10:13.681+0000] {logging_mixin.py:190} INFO - [2025-01-20T08:10:13.681+0000] {dag.py:3239} INFO - Sync 1 DAGs
[2025-01-20T08:10:13.700+0000] {logging_mixin.py:190} INFO - [2025-01-20T08:10:13.700+0000] {dag.py:4180} INFO - Setting next_dagrun for example_nested_branch_dag to 2025-01-19 00:00:00+00:00, run_after=2025-01-20 00:00:00+00:00
[2025-01-20T08:10:13.721+0000] {processor.py:208} INFO - Processing /home/airflow/.local/lib/python3.12/site-packages/airflow/example_dags/example_nested_branch_dag.py took 0.088 seconds
[2025-01-20T08:10:44.119+0000] {processor.py:186} INFO - Started process (PID=43961) to work on /home/airflow/.local/lib/python3.12/site-packages/airflow/example_dags/example_nested_branch_dag.py
[2025-01-20T08:10:44.120+0000] {processor.py:914} INFO - Processing file /home/airflow/.local/lib/python3.12/site-packages/airflow/example_dags/example_nested_branch_dag.py for tasks to queue
[2025-01-20T08:10:44.122+0000] {logging_mixin.py:190} INFO - [2025-01-20T08:10:44.122+0000] {dagbag.py:588} INFO - Filling up the DagBag from /home/airflow/.local/lib/python3.12/site-packages/airflow/example_dags/example_nested_branch_dag.py
[2025-01-20T08:10:44.130+0000] {processor.py:925} INFO - DAG(s) 'example_nested_branch_dag' retrieved from /home/airflow/.local/lib/python3.12/site-packages/airflow/example_dags/example_nested_branch_dag.py
[2025-01-20T08:10:44.146+0000] {logging_mixin.py:190} INFO - [2025-01-20T08:10:44.146+0000] {dag.py:3239} INFO - Sync 1 DAGs
[2025-01-20T08:10:44.168+0000] {logging_mixin.py:190} INFO - [2025-01-20T08:10:44.168+0000] {dag.py:4180} INFO - Setting next_dagrun for example_nested_branch_dag to 2025-01-19 00:00:00+00:00, run_after=2025-01-20 00:00:00+00:00
[2025-01-20T08:10:44.183+0000] {processor.py:208} INFO - Processing /home/airflow/.local/lib/python3.12/site-packages/airflow/example_dags/example_nested_branch_dag.py took 0.074 seconds
[2025-01-20T08:11:14.607+0000] {processor.py:186} INFO - Started process (PID=44269) to work on /home/airflow/.local/lib/python3.12/site-packages/airflow/example_dags/example_nested_branch_dag.py
[2025-01-20T08:11:14.608+0000] {processor.py:914} INFO - Processing file /home/airflow/.local/lib/python3.12/site-packages/airflow/example_dags/example_nested_branch_dag.py for tasks to queue
[2025-01-20T08:11:14.609+0000] {logging_mixin.py:190} INFO - [2025-01-20T08:11:14.609+0000] {dagbag.py:588} INFO - Filling up the DagBag from /home/airflow/.local/lib/python3.12/site-packages/airflow/example_dags/example_nested_branch_dag.py
[2025-01-20T08:11:14.617+0000] {processor.py:925} INFO - DAG(s) 'example_nested_branch_dag' retrieved from /home/airflow/.local/lib/python3.12/site-packages/airflow/example_dags/example_nested_branch_dag.py
[2025-01-20T08:11:14.631+0000] {logging_mixin.py:190} INFO - [2025-01-20T08:11:14.631+0000] {dag.py:3239} INFO - Sync 1 DAGs
[2025-01-20T08:11:14.647+0000] {logging_mixin.py:190} INFO - [2025-01-20T08:11:14.647+0000] {dag.py:4180} INFO - Setting next_dagrun for example_nested_branch_dag to 2025-01-19 00:00:00+00:00, run_after=2025-01-20 00:00:00+00:00
[2025-01-20T08:11:14.661+0000] {processor.py:208} INFO - Processing /home/airflow/.local/lib/python3.12/site-packages/airflow/example_dags/example_nested_branch_dag.py took 0.060 seconds
[2025-01-20T08:11:45.333+0000] {processor.py:186} INFO - Started process (PID=44570) to work on /home/airflow/.local/lib/python3.12/site-packages/airflow/example_dags/example_nested_branch_dag.py
[2025-01-20T08:11:45.333+0000] {processor.py:914} INFO - Processing file /home/airflow/.local/lib/python3.12/site-packages/airflow/example_dags/example_nested_branch_dag.py for tasks to queue
[2025-01-20T08:11:45.335+0000] {logging_mixin.py:190} INFO - [2025-01-20T08:11:45.335+0000] {dagbag.py:588} INFO - Filling up the DagBag from /home/airflow/.local/lib/python3.12/site-packages/airflow/example_dags/example_nested_branch_dag.py
[2025-01-20T08:11:45.342+0000] {processor.py:925} INFO - DAG(s) 'example_nested_branch_dag' retrieved from /home/airflow/.local/lib/python3.12/site-packages/airflow/example_dags/example_nested_branch_dag.py
[2025-01-20T08:11:45.358+0000] {logging_mixin.py:190} INFO - [2025-01-20T08:11:45.358+0000] {dag.py:3239} INFO - Sync 1 DAGs
[2025-01-20T08:11:45.375+0000] {logging_mixin.py:190} INFO - [2025-01-20T08:11:45.375+0000] {dag.py:4180} INFO - Setting next_dagrun for example_nested_branch_dag to 2025-01-19 00:00:00+00:00, run_after=2025-01-20 00:00:00+00:00
[2025-01-20T08:11:45.387+0000] {processor.py:208} INFO - Processing /home/airflow/.local/lib/python3.12/site-packages/airflow/example_dags/example_nested_branch_dag.py took 0.058 seconds
[2025-01-20T08:12:15.851+0000] {processor.py:186} INFO - Started process (PID=44876) to work on /home/airflow/.local/lib/python3.12/site-packages/airflow/example_dags/example_nested_branch_dag.py
[2025-01-20T08:12:15.852+0000] {processor.py:914} INFO - Processing file /home/airflow/.local/lib/python3.12/site-packages/airflow/example_dags/example_nested_branch_dag.py for tasks to queue
[2025-01-20T08:12:15.854+0000] {logging_mixin.py:190} INFO - [2025-01-20T08:12:15.854+0000] {dagbag.py:588} INFO - Filling up the DagBag from /home/airflow/.local/lib/python3.12/site-packages/airflow/example_dags/example_nested_branch_dag.py
[2025-01-20T08:12:15.862+0000] {processor.py:925} INFO - DAG(s) 'example_nested_branch_dag' retrieved from /home/airflow/.local/lib/python3.12/site-packages/airflow/example_dags/example_nested_branch_dag.py
[2025-01-20T08:12:15.875+0000] {logging_mixin.py:190} INFO - [2025-01-20T08:12:15.875+0000] {dag.py:3239} INFO - Sync 1 DAGs
[2025-01-20T08:12:15.889+0000] {logging_mixin.py:190} INFO - [2025-01-20T08:12:15.889+0000] {dag.py:4180} INFO - Setting next_dagrun for example_nested_branch_dag to 2025-01-19 00:00:00+00:00, run_after=2025-01-20 00:00:00+00:00
[2025-01-20T08:12:15.901+0000] {processor.py:208} INFO - Processing /home/airflow/.local/lib/python3.12/site-packages/airflow/example_dags/example_nested_branch_dag.py took 0.054 seconds
[2025-01-20T08:12:46.485+0000] {processor.py:186} INFO - Started process (PID=45177) to work on /home/airflow/.local/lib/python3.12/site-packages/airflow/example_dags/example_nested_branch_dag.py
[2025-01-20T08:12:46.485+0000] {processor.py:914} INFO - Processing file /home/airflow/.local/lib/python3.12/site-packages/airflow/example_dags/example_nested_branch_dag.py for tasks to queue
[2025-01-20T08:12:46.487+0000] {logging_mixin.py:190} INFO - [2025-01-20T08:12:46.487+0000] {dagbag.py:588} INFO - Filling up the DagBag from /home/airflow/.local/lib/python3.12/site-packages/airflow/example_dags/example_nested_branch_dag.py
[2025-01-20T08:12:46.496+0000] {processor.py:925} INFO - DAG(s) 'example_nested_branch_dag' retrieved from /home/airflow/.local/lib/python3.12/site-packages/airflow/example_dags/example_nested_branch_dag.py
[2025-01-20T08:12:46.510+0000] {logging_mixin.py:190} INFO - [2025-01-20T08:12:46.510+0000] {dag.py:3239} INFO - Sync 1 DAGs
[2025-01-20T08:12:46.527+0000] {logging_mixin.py:190} INFO - [2025-01-20T08:12:46.527+0000] {dag.py:4180} INFO - Setting next_dagrun for example_nested_branch_dag to 2025-01-19 00:00:00+00:00, run_after=2025-01-20 00:00:00+00:00
[2025-01-20T08:12:46.662+0000] {processor.py:208} INFO - Processing /home/airflow/.local/lib/python3.12/site-packages/airflow/example_dags/example_nested_branch_dag.py took 0.181 seconds
[2025-01-20T08:13:16.852+0000] {processor.py:186} INFO - Started process (PID=45483) to work on /home/airflow/.local/lib/python3.12/site-packages/airflow/example_dags/example_nested_branch_dag.py
[2025-01-20T08:13:16.853+0000] {processor.py:914} INFO - Processing file /home/airflow/.local/lib/python3.12/site-packages/airflow/example_dags/example_nested_branch_dag.py for tasks to queue
[2025-01-20T08:13:16.854+0000] {logging_mixin.py:190} INFO - [2025-01-20T08:13:16.854+0000] {dagbag.py:588} INFO - Filling up the DagBag from /home/airflow/.local/lib/python3.12/site-packages/airflow/example_dags/example_nested_branch_dag.py
[2025-01-20T08:13:16.863+0000] {processor.py:925} INFO - DAG(s) 'example_nested_branch_dag' retrieved from /home/airflow/.local/lib/python3.12/site-packages/airflow/example_dags/example_nested_branch_dag.py
[2025-01-20T08:13:16.879+0000] {logging_mixin.py:190} INFO - [2025-01-20T08:13:16.879+0000] {dag.py:3239} INFO - Sync 1 DAGs
[2025-01-20T08:13:16.903+0000] {logging_mixin.py:190} INFO - [2025-01-20T08:13:16.903+0000] {dag.py:4180} INFO - Setting next_dagrun for example_nested_branch_dag to 2025-01-19 00:00:00+00:00, run_after=2025-01-20 00:00:00+00:00
[2025-01-20T08:13:16.924+0000] {processor.py:208} INFO - Processing /home/airflow/.local/lib/python3.12/site-packages/airflow/example_dags/example_nested_branch_dag.py took 0.076 seconds
[2025-01-20T08:13:47.712+0000] {processor.py:186} INFO - Started process (PID=45784) to work on /home/airflow/.local/lib/python3.12/site-packages/airflow/example_dags/example_nested_branch_dag.py
[2025-01-20T08:13:47.713+0000] {processor.py:914} INFO - Processing file /home/airflow/.local/lib/python3.12/site-packages/airflow/example_dags/example_nested_branch_dag.py for tasks to queue
[2025-01-20T08:13:47.716+0000] {logging_mixin.py:190} INFO - [2025-01-20T08:13:47.716+0000] {dagbag.py:588} INFO - Filling up the DagBag from /home/airflow/.local/lib/python3.12/site-packages/airflow/example_dags/example_nested_branch_dag.py
[2025-01-20T08:13:47.732+0000] {processor.py:925} INFO - DAG(s) 'example_nested_branch_dag' retrieved from /home/airflow/.local/lib/python3.12/site-packages/airflow/example_dags/example_nested_branch_dag.py
[2025-01-20T08:13:47.750+0000] {logging_mixin.py:190} INFO - [2025-01-20T08:13:47.750+0000] {dag.py:3239} INFO - Sync 1 DAGs
[2025-01-20T08:13:47.775+0000] {logging_mixin.py:190} INFO - [2025-01-20T08:13:47.775+0000] {dag.py:4180} INFO - Setting next_dagrun for example_nested_branch_dag to 2025-01-19 00:00:00+00:00, run_after=2025-01-20 00:00:00+00:00
[2025-01-20T08:13:47.796+0000] {processor.py:208} INFO - Processing /home/airflow/.local/lib/python3.12/site-packages/airflow/example_dags/example_nested_branch_dag.py took 0.091 seconds
[2025-01-20T08:14:18.850+0000] {processor.py:186} INFO - Started process (PID=46090) to work on /home/airflow/.local/lib/python3.12/site-packages/airflow/example_dags/example_nested_branch_dag.py
[2025-01-20T08:14:18.851+0000] {processor.py:914} INFO - Processing file /home/airflow/.local/lib/python3.12/site-packages/airflow/example_dags/example_nested_branch_dag.py for tasks to queue
[2025-01-20T08:14:18.853+0000] {logging_mixin.py:190} INFO - [2025-01-20T08:14:18.853+0000] {dagbag.py:588} INFO - Filling up the DagBag from /home/airflow/.local/lib/python3.12/site-packages/airflow/example_dags/example_nested_branch_dag.py
[2025-01-20T08:14:18.861+0000] {processor.py:925} INFO - DAG(s) 'example_nested_branch_dag' retrieved from /home/airflow/.local/lib/python3.12/site-packages/airflow/example_dags/example_nested_branch_dag.py
[2025-01-20T08:14:18.874+0000] {logging_mixin.py:190} INFO - [2025-01-20T08:14:18.874+0000] {dag.py:3239} INFO - Sync 1 DAGs
[2025-01-20T08:14:18.894+0000] {logging_mixin.py:190} INFO - [2025-01-20T08:14:18.894+0000] {dag.py:4180} INFO - Setting next_dagrun for example_nested_branch_dag to 2025-01-19 00:00:00+00:00, run_after=2025-01-20 00:00:00+00:00
[2025-01-20T08:14:18.909+0000] {processor.py:208} INFO - Processing /home/airflow/.local/lib/python3.12/site-packages/airflow/example_dags/example_nested_branch_dag.py took 0.063 seconds
[2025-01-20T08:14:49.733+0000] {processor.py:186} INFO - Started process (PID=46391) to work on /home/airflow/.local/lib/python3.12/site-packages/airflow/example_dags/example_nested_branch_dag.py
[2025-01-20T08:14:49.734+0000] {processor.py:914} INFO - Processing file /home/airflow/.local/lib/python3.12/site-packages/airflow/example_dags/example_nested_branch_dag.py for tasks to queue
[2025-01-20T08:14:49.736+0000] {logging_mixin.py:190} INFO - [2025-01-20T08:14:49.736+0000] {dagbag.py:588} INFO - Filling up the DagBag from /home/airflow/.local/lib/python3.12/site-packages/airflow/example_dags/example_nested_branch_dag.py
[2025-01-20T08:14:49.744+0000] {processor.py:925} INFO - DAG(s) 'example_nested_branch_dag' retrieved from /home/airflow/.local/lib/python3.12/site-packages/airflow/example_dags/example_nested_branch_dag.py
[2025-01-20T08:14:49.760+0000] {logging_mixin.py:190} INFO - [2025-01-20T08:14:49.760+0000] {dag.py:3239} INFO - Sync 1 DAGs
[2025-01-20T08:14:49.777+0000] {logging_mixin.py:190} INFO - [2025-01-20T08:14:49.777+0000] {dag.py:4180} INFO - Setting next_dagrun for example_nested_branch_dag to 2025-01-19 00:00:00+00:00, run_after=2025-01-20 00:00:00+00:00
[2025-01-20T08:14:49.804+0000] {processor.py:208} INFO - Processing /home/airflow/.local/lib/python3.12/site-packages/airflow/example_dags/example_nested_branch_dag.py took 0.075 seconds
[2025-01-20T08:15:20.297+0000] {processor.py:186} INFO - Started process (PID=46697) to work on /home/airflow/.local/lib/python3.12/site-packages/airflow/example_dags/example_nested_branch_dag.py
[2025-01-20T08:15:20.298+0000] {processor.py:914} INFO - Processing file /home/airflow/.local/lib/python3.12/site-packages/airflow/example_dags/example_nested_branch_dag.py for tasks to queue
[2025-01-20T08:15:20.300+0000] {logging_mixin.py:190} INFO - [2025-01-20T08:15:20.299+0000] {dagbag.py:588} INFO - Filling up the DagBag from /home/airflow/.local/lib/python3.12/site-packages/airflow/example_dags/example_nested_branch_dag.py
[2025-01-20T08:15:20.307+0000] {processor.py:925} INFO - DAG(s) 'example_nested_branch_dag' retrieved from /home/airflow/.local/lib/python3.12/site-packages/airflow/example_dags/example_nested_branch_dag.py
[2025-01-20T08:15:20.424+0000] {logging_mixin.py:190} INFO - [2025-01-20T08:15:20.424+0000] {dag.py:3239} INFO - Sync 1 DAGs
[2025-01-20T08:15:20.439+0000] {logging_mixin.py:190} INFO - [2025-01-20T08:15:20.439+0000] {dag.py:4180} INFO - Setting next_dagrun for example_nested_branch_dag to 2025-01-19 00:00:00+00:00, run_after=2025-01-20 00:00:00+00:00
[2025-01-20T08:15:20.454+0000] {processor.py:208} INFO - Processing /home/airflow/.local/lib/python3.12/site-packages/airflow/example_dags/example_nested_branch_dag.py took 0.161 seconds
[2025-01-20T08:15:51.229+0000] {processor.py:186} INFO - Started process (PID=46996) to work on /home/airflow/.local/lib/python3.12/site-packages/airflow/example_dags/example_nested_branch_dag.py
[2025-01-20T08:15:51.231+0000] {processor.py:914} INFO - Processing file /home/airflow/.local/lib/python3.12/site-packages/airflow/example_dags/example_nested_branch_dag.py for tasks to queue
[2025-01-20T08:15:51.235+0000] {logging_mixin.py:190} INFO - [2025-01-20T08:15:51.234+0000] {dagbag.py:588} INFO - Filling up the DagBag from /home/airflow/.local/lib/python3.12/site-packages/airflow/example_dags/example_nested_branch_dag.py
[2025-01-20T08:15:51.247+0000] {processor.py:925} INFO - DAG(s) 'example_nested_branch_dag' retrieved from /home/airflow/.local/lib/python3.12/site-packages/airflow/example_dags/example_nested_branch_dag.py
[2025-01-20T08:15:51.273+0000] {logging_mixin.py:190} INFO - [2025-01-20T08:15:51.273+0000] {dag.py:3239} INFO - Sync 1 DAGs
[2025-01-20T08:15:51.294+0000] {logging_mixin.py:190} INFO - [2025-01-20T08:15:51.294+0000] {dag.py:4180} INFO - Setting next_dagrun for example_nested_branch_dag to 2025-01-19 00:00:00+00:00, run_after=2025-01-20 00:00:00+00:00
[2025-01-20T08:15:51.311+0000] {processor.py:208} INFO - Processing /home/airflow/.local/lib/python3.12/site-packages/airflow/example_dags/example_nested_branch_dag.py took 0.086 seconds
[2025-01-20T08:16:21.610+0000] {processor.py:186} INFO - Started process (PID=47304) to work on /home/airflow/.local/lib/python3.12/site-packages/airflow/example_dags/example_nested_branch_dag.py
[2025-01-20T08:16:21.611+0000] {processor.py:914} INFO - Processing file /home/airflow/.local/lib/python3.12/site-packages/airflow/example_dags/example_nested_branch_dag.py for tasks to queue
[2025-01-20T08:16:21.614+0000] {logging_mixin.py:190} INFO - [2025-01-20T08:16:21.614+0000] {dagbag.py:588} INFO - Filling up the DagBag from /home/airflow/.local/lib/python3.12/site-packages/airflow/example_dags/example_nested_branch_dag.py
[2025-01-20T08:16:21.623+0000] {processor.py:925} INFO - DAG(s) 'example_nested_branch_dag' retrieved from /home/airflow/.local/lib/python3.12/site-packages/airflow/example_dags/example_nested_branch_dag.py
[2025-01-20T08:16:21.638+0000] {logging_mixin.py:190} INFO - [2025-01-20T08:16:21.638+0000] {dag.py:3239} INFO - Sync 1 DAGs
[2025-01-20T08:16:21.654+0000] {logging_mixin.py:190} INFO - [2025-01-20T08:16:21.654+0000] {dag.py:4180} INFO - Setting next_dagrun for example_nested_branch_dag to 2025-01-19 00:00:00+00:00, run_after=2025-01-20 00:00:00+00:00
[2025-01-20T08:16:21.667+0000] {processor.py:208} INFO - Processing /home/airflow/.local/lib/python3.12/site-packages/airflow/example_dags/example_nested_branch_dag.py took 0.065 seconds
[2025-01-20T08:16:52.485+0000] {processor.py:186} INFO - Started process (PID=47605) to work on /home/airflow/.local/lib/python3.12/site-packages/airflow/example_dags/example_nested_branch_dag.py
[2025-01-20T08:16:52.486+0000] {processor.py:914} INFO - Processing file /home/airflow/.local/lib/python3.12/site-packages/airflow/example_dags/example_nested_branch_dag.py for tasks to queue
[2025-01-20T08:16:52.491+0000] {logging_mixin.py:190} INFO - [2025-01-20T08:16:52.490+0000] {dagbag.py:588} INFO - Filling up the DagBag from /home/airflow/.local/lib/python3.12/site-packages/airflow/example_dags/example_nested_branch_dag.py
[2025-01-20T08:16:52.501+0000] {processor.py:925} INFO - DAG(s) 'example_nested_branch_dag' retrieved from /home/airflow/.local/lib/python3.12/site-packages/airflow/example_dags/example_nested_branch_dag.py
[2025-01-20T08:16:52.521+0000] {logging_mixin.py:190} INFO - [2025-01-20T08:16:52.521+0000] {dag.py:3239} INFO - Sync 1 DAGs
[2025-01-20T08:16:52.538+0000] {logging_mixin.py:190} INFO - [2025-01-20T08:16:52.538+0000] {dag.py:4180} INFO - Setting next_dagrun for example_nested_branch_dag to 2025-01-19 00:00:00+00:00, run_after=2025-01-20 00:00:00+00:00
[2025-01-20T08:16:52.559+0000] {processor.py:208} INFO - Processing /home/airflow/.local/lib/python3.12/site-packages/airflow/example_dags/example_nested_branch_dag.py took 0.079 seconds
[2025-01-20T08:17:23.500+0000] {processor.py:186} INFO - Started process (PID=47911) to work on /home/airflow/.local/lib/python3.12/site-packages/airflow/example_dags/example_nested_branch_dag.py
[2025-01-20T08:17:23.502+0000] {processor.py:914} INFO - Processing file /home/airflow/.local/lib/python3.12/site-packages/airflow/example_dags/example_nested_branch_dag.py for tasks to queue
[2025-01-20T08:17:23.505+0000] {logging_mixin.py:190} INFO - [2025-01-20T08:17:23.504+0000] {dagbag.py:588} INFO - Filling up the DagBag from /home/airflow/.local/lib/python3.12/site-packages/airflow/example_dags/example_nested_branch_dag.py
[2025-01-20T08:17:23.513+0000] {processor.py:925} INFO - DAG(s) 'example_nested_branch_dag' retrieved from /home/airflow/.local/lib/python3.12/site-packages/airflow/example_dags/example_nested_branch_dag.py
[2025-01-20T08:17:23.539+0000] {logging_mixin.py:190} INFO - [2025-01-20T08:17:23.539+0000] {dag.py:3239} INFO - Sync 1 DAGs
[2025-01-20T08:17:23.558+0000] {logging_mixin.py:190} INFO - [2025-01-20T08:17:23.558+0000] {dag.py:4180} INFO - Setting next_dagrun for example_nested_branch_dag to 2025-01-19 00:00:00+00:00, run_after=2025-01-20 00:00:00+00:00
[2025-01-20T08:17:23.573+0000] {processor.py:208} INFO - Processing /home/airflow/.local/lib/python3.12/site-packages/airflow/example_dags/example_nested_branch_dag.py took 0.077 seconds
[2025-01-20T08:17:54.170+0000] {processor.py:186} INFO - Started process (PID=48212) to work on /home/airflow/.local/lib/python3.12/site-packages/airflow/example_dags/example_nested_branch_dag.py
[2025-01-20T08:17:54.171+0000] {processor.py:914} INFO - Processing file /home/airflow/.local/lib/python3.12/site-packages/airflow/example_dags/example_nested_branch_dag.py for tasks to queue
[2025-01-20T08:17:54.172+0000] {logging_mixin.py:190} INFO - [2025-01-20T08:17:54.172+0000] {dagbag.py:588} INFO - Filling up the DagBag from /home/airflow/.local/lib/python3.12/site-packages/airflow/example_dags/example_nested_branch_dag.py
[2025-01-20T08:17:54.179+0000] {processor.py:925} INFO - DAG(s) 'example_nested_branch_dag' retrieved from /home/airflow/.local/lib/python3.12/site-packages/airflow/example_dags/example_nested_branch_dag.py
[2025-01-20T08:17:54.195+0000] {logging_mixin.py:190} INFO - [2025-01-20T08:17:54.195+0000] {dag.py:3239} INFO - Sync 1 DAGs
[2025-01-20T08:17:54.212+0000] {logging_mixin.py:190} INFO - [2025-01-20T08:17:54.211+0000] {dag.py:4180} INFO - Setting next_dagrun for example_nested_branch_dag to 2025-01-19 00:00:00+00:00, run_after=2025-01-20 00:00:00+00:00
[2025-01-20T08:17:54.225+0000] {processor.py:208} INFO - Processing /home/airflow/.local/lib/python3.12/site-packages/airflow/example_dags/example_nested_branch_dag.py took 0.059 seconds
[2025-01-20T08:18:25.066+0000] {processor.py:186} INFO - Started process (PID=48516) to work on /home/airflow/.local/lib/python3.12/site-packages/airflow/example_dags/example_nested_branch_dag.py
[2025-01-20T08:18:25.067+0000] {processor.py:914} INFO - Processing file /home/airflow/.local/lib/python3.12/site-packages/airflow/example_dags/example_nested_branch_dag.py for tasks to queue
[2025-01-20T08:18:25.070+0000] {logging_mixin.py:190} INFO - [2025-01-20T08:18:25.069+0000] {dagbag.py:588} INFO - Filling up the DagBag from /home/airflow/.local/lib/python3.12/site-packages/airflow/example_dags/example_nested_branch_dag.py
[2025-01-20T08:18:25.082+0000] {processor.py:925} INFO - DAG(s) 'example_nested_branch_dag' retrieved from /home/airflow/.local/lib/python3.12/site-packages/airflow/example_dags/example_nested_branch_dag.py
[2025-01-20T08:18:25.099+0000] {logging_mixin.py:190} INFO - [2025-01-20T08:18:25.099+0000] {dag.py:3239} INFO - Sync 1 DAGs
[2025-01-20T08:18:25.118+0000] {logging_mixin.py:190} INFO - [2025-01-20T08:18:25.118+0000] {dag.py:4180} INFO - Setting next_dagrun for example_nested_branch_dag to 2025-01-19 00:00:00+00:00, run_after=2025-01-20 00:00:00+00:00
[2025-01-20T08:18:25.142+0000] {processor.py:208} INFO - Processing /home/airflow/.local/lib/python3.12/site-packages/airflow/example_dags/example_nested_branch_dag.py took 0.080 seconds
[2025-01-20T08:18:55.898+0000] {processor.py:186} INFO - Started process (PID=48820) to work on /home/airflow/.local/lib/python3.12/site-packages/airflow/example_dags/example_nested_branch_dag.py
[2025-01-20T08:18:55.899+0000] {processor.py:914} INFO - Processing file /home/airflow/.local/lib/python3.12/site-packages/airflow/example_dags/example_nested_branch_dag.py for tasks to queue
[2025-01-20T08:18:55.901+0000] {logging_mixin.py:190} INFO - [2025-01-20T08:18:55.901+0000] {dagbag.py:588} INFO - Filling up the DagBag from /home/airflow/.local/lib/python3.12/site-packages/airflow/example_dags/example_nested_branch_dag.py
[2025-01-20T08:18:55.908+0000] {processor.py:925} INFO - DAG(s) 'example_nested_branch_dag' retrieved from /home/airflow/.local/lib/python3.12/site-packages/airflow/example_dags/example_nested_branch_dag.py
[2025-01-20T08:18:55.922+0000] {logging_mixin.py:190} INFO - [2025-01-20T08:18:55.922+0000] {dag.py:3239} INFO - Sync 1 DAGs
[2025-01-20T08:18:55.937+0000] {logging_mixin.py:190} INFO - [2025-01-20T08:18:55.936+0000] {dag.py:4180} INFO - Setting next_dagrun for example_nested_branch_dag to 2025-01-19 00:00:00+00:00, run_after=2025-01-20 00:00:00+00:00
[2025-01-20T08:18:55.948+0000] {processor.py:208} INFO - Processing /home/airflow/.local/lib/python3.12/site-packages/airflow/example_dags/example_nested_branch_dag.py took 0.056 seconds
[2025-01-20T08:19:26.742+0000] {processor.py:186} INFO - Started process (PID=49126) to work on /home/airflow/.local/lib/python3.12/site-packages/airflow/example_dags/example_nested_branch_dag.py
[2025-01-20T08:19:26.743+0000] {processor.py:914} INFO - Processing file /home/airflow/.local/lib/python3.12/site-packages/airflow/example_dags/example_nested_branch_dag.py for tasks to queue
[2025-01-20T08:19:26.745+0000] {logging_mixin.py:190} INFO - [2025-01-20T08:19:26.745+0000] {dagbag.py:588} INFO - Filling up the DagBag from /home/airflow/.local/lib/python3.12/site-packages/airflow/example_dags/example_nested_branch_dag.py
[2025-01-20T08:19:26.754+0000] {processor.py:925} INFO - DAG(s) 'example_nested_branch_dag' retrieved from /home/airflow/.local/lib/python3.12/site-packages/airflow/example_dags/example_nested_branch_dag.py
[2025-01-20T08:19:26.770+0000] {logging_mixin.py:190} INFO - [2025-01-20T08:19:26.770+0000] {dag.py:3239} INFO - Sync 1 DAGs
[2025-01-20T08:19:26.790+0000] {logging_mixin.py:190} INFO - [2025-01-20T08:19:26.790+0000] {dag.py:4180} INFO - Setting next_dagrun for example_nested_branch_dag to 2025-01-19 00:00:00+00:00, run_after=2025-01-20 00:00:00+00:00
[2025-01-20T08:19:26.804+0000] {processor.py:208} INFO - Processing /home/airflow/.local/lib/python3.12/site-packages/airflow/example_dags/example_nested_branch_dag.py took 0.067 seconds
[2025-01-20T08:19:57.533+0000] {processor.py:186} INFO - Started process (PID=49425) to work on /home/airflow/.local/lib/python3.12/site-packages/airflow/example_dags/example_nested_branch_dag.py
[2025-01-20T08:19:57.534+0000] {processor.py:914} INFO - Processing file /home/airflow/.local/lib/python3.12/site-packages/airflow/example_dags/example_nested_branch_dag.py for tasks to queue
[2025-01-20T08:19:57.538+0000] {logging_mixin.py:190} INFO - [2025-01-20T08:19:57.538+0000] {dagbag.py:588} INFO - Filling up the DagBag from /home/airflow/.local/lib/python3.12/site-packages/airflow/example_dags/example_nested_branch_dag.py
[2025-01-20T08:19:57.548+0000] {processor.py:925} INFO - DAG(s) 'example_nested_branch_dag' retrieved from /home/airflow/.local/lib/python3.12/site-packages/airflow/example_dags/example_nested_branch_dag.py
[2025-01-20T08:19:57.570+0000] {logging_mixin.py:190} INFO - [2025-01-20T08:19:57.570+0000] {dag.py:3239} INFO - Sync 1 DAGs
[2025-01-20T08:19:57.594+0000] {logging_mixin.py:190} INFO - [2025-01-20T08:19:57.594+0000] {dag.py:4180} INFO - Setting next_dagrun for example_nested_branch_dag to 2025-01-19 00:00:00+00:00, run_after=2025-01-20 00:00:00+00:00
[2025-01-20T08:19:57.618+0000] {processor.py:208} INFO - Processing /home/airflow/.local/lib/python3.12/site-packages/airflow/example_dags/example_nested_branch_dag.py took 0.092 seconds
[2025-01-20T08:20:28.344+0000] {processor.py:186} INFO - Started process (PID=49731) to work on /home/airflow/.local/lib/python3.12/site-packages/airflow/example_dags/example_nested_branch_dag.py
[2025-01-20T08:20:28.344+0000] {processor.py:914} INFO - Processing file /home/airflow/.local/lib/python3.12/site-packages/airflow/example_dags/example_nested_branch_dag.py for tasks to queue
[2025-01-20T08:20:28.346+0000] {logging_mixin.py:190} INFO - [2025-01-20T08:20:28.346+0000] {dagbag.py:588} INFO - Filling up the DagBag from /home/airflow/.local/lib/python3.12/site-packages/airflow/example_dags/example_nested_branch_dag.py
[2025-01-20T08:20:28.359+0000] {processor.py:925} INFO - DAG(s) 'example_nested_branch_dag' retrieved from /home/airflow/.local/lib/python3.12/site-packages/airflow/example_dags/example_nested_branch_dag.py
[2025-01-20T08:20:28.383+0000] {logging_mixin.py:190} INFO - [2025-01-20T08:20:28.383+0000] {dag.py:3239} INFO - Sync 1 DAGs
[2025-01-20T08:20:28.409+0000] {logging_mixin.py:190} INFO - [2025-01-20T08:20:28.409+0000] {dag.py:4180} INFO - Setting next_dagrun for example_nested_branch_dag to 2025-01-19 00:00:00+00:00, run_after=2025-01-20 00:00:00+00:00
[2025-01-20T08:20:28.425+0000] {processor.py:208} INFO - Processing /home/airflow/.local/lib/python3.12/site-packages/airflow/example_dags/example_nested_branch_dag.py took 0.085 seconds
[2025-01-20T08:20:59.295+0000] {processor.py:186} INFO - Started process (PID=50034) to work on /home/airflow/.local/lib/python3.12/site-packages/airflow/example_dags/example_nested_branch_dag.py
[2025-01-20T08:20:59.295+0000] {processor.py:914} INFO - Processing file /home/airflow/.local/lib/python3.12/site-packages/airflow/example_dags/example_nested_branch_dag.py for tasks to queue
[2025-01-20T08:20:59.298+0000] {logging_mixin.py:190} INFO - [2025-01-20T08:20:59.297+0000] {dagbag.py:588} INFO - Filling up the DagBag from /home/airflow/.local/lib/python3.12/site-packages/airflow/example_dags/example_nested_branch_dag.py
[2025-01-20T08:20:59.310+0000] {processor.py:925} INFO - DAG(s) 'example_nested_branch_dag' retrieved from /home/airflow/.local/lib/python3.12/site-packages/airflow/example_dags/example_nested_branch_dag.py
[2025-01-20T08:20:59.328+0000] {logging_mixin.py:190} INFO - [2025-01-20T08:20:59.328+0000] {dag.py:3239} INFO - Sync 1 DAGs
[2025-01-20T08:20:59.345+0000] {logging_mixin.py:190} INFO - [2025-01-20T08:20:59.345+0000] {dag.py:4180} INFO - Setting next_dagrun for example_nested_branch_dag to 2025-01-19 00:00:00+00:00, run_after=2025-01-20 00:00:00+00:00
[2025-01-20T08:20:59.358+0000] {processor.py:208} INFO - Processing /home/airflow/.local/lib/python3.12/site-packages/airflow/example_dags/example_nested_branch_dag.py took 0.072 seconds
[2025-01-20T08:21:30.148+0000] {processor.py:186} INFO - Started process (PID=50338) to work on /home/airflow/.local/lib/python3.12/site-packages/airflow/example_dags/example_nested_branch_dag.py
[2025-01-20T08:21:30.149+0000] {processor.py:914} INFO - Processing file /home/airflow/.local/lib/python3.12/site-packages/airflow/example_dags/example_nested_branch_dag.py for tasks to queue
[2025-01-20T08:21:30.151+0000] {logging_mixin.py:190} INFO - [2025-01-20T08:21:30.150+0000] {dagbag.py:588} INFO - Filling up the DagBag from /home/airflow/.local/lib/python3.12/site-packages/airflow/example_dags/example_nested_branch_dag.py
[2025-01-20T08:21:30.158+0000] {processor.py:925} INFO - DAG(s) 'example_nested_branch_dag' retrieved from /home/airflow/.local/lib/python3.12/site-packages/airflow/example_dags/example_nested_branch_dag.py
[2025-01-20T08:21:30.178+0000] {logging_mixin.py:190} INFO - [2025-01-20T08:21:30.177+0000] {dag.py:3239} INFO - Sync 1 DAGs
[2025-01-20T08:21:30.202+0000] {logging_mixin.py:190} INFO - [2025-01-20T08:21:30.202+0000] {dag.py:4180} INFO - Setting next_dagrun for example_nested_branch_dag to 2025-01-19 00:00:00+00:00, run_after=2025-01-20 00:00:00+00:00
[2025-01-20T08:21:30.218+0000] {processor.py:208} INFO - Processing /home/airflow/.local/lib/python3.12/site-packages/airflow/example_dags/example_nested_branch_dag.py took 0.077 seconds
[2025-01-20T08:22:01.113+0000] {processor.py:186} INFO - Started process (PID=50642) to work on /home/airflow/.local/lib/python3.12/site-packages/airflow/example_dags/example_nested_branch_dag.py
[2025-01-20T08:22:01.114+0000] {processor.py:914} INFO - Processing file /home/airflow/.local/lib/python3.12/site-packages/airflow/example_dags/example_nested_branch_dag.py for tasks to queue
[2025-01-20T08:22:01.118+0000] {logging_mixin.py:190} INFO - [2025-01-20T08:22:01.117+0000] {dagbag.py:588} INFO - Filling up the DagBag from /home/airflow/.local/lib/python3.12/site-packages/airflow/example_dags/example_nested_branch_dag.py
[2025-01-20T08:22:01.131+0000] {processor.py:925} INFO - DAG(s) 'example_nested_branch_dag' retrieved from /home/airflow/.local/lib/python3.12/site-packages/airflow/example_dags/example_nested_branch_dag.py
[2025-01-20T08:22:01.148+0000] {logging_mixin.py:190} INFO - [2025-01-20T08:22:01.148+0000] {dag.py:3239} INFO - Sync 1 DAGs
[2025-01-20T08:22:01.174+0000] {logging_mixin.py:190} INFO - [2025-01-20T08:22:01.174+0000] {dag.py:4180} INFO - Setting next_dagrun for example_nested_branch_dag to 2025-01-19 00:00:00+00:00, run_after=2025-01-20 00:00:00+00:00
[2025-01-20T08:22:01.195+0000] {processor.py:208} INFO - Processing /home/airflow/.local/lib/python3.12/site-packages/airflow/example_dags/example_nested_branch_dag.py took 0.085 seconds
[2025-01-20T08:22:31.879+0000] {processor.py:186} INFO - Started process (PID=50945) to work on /home/airflow/.local/lib/python3.12/site-packages/airflow/example_dags/example_nested_branch_dag.py
[2025-01-20T08:22:31.880+0000] {processor.py:914} INFO - Processing file /home/airflow/.local/lib/python3.12/site-packages/airflow/example_dags/example_nested_branch_dag.py for tasks to queue
[2025-01-20T08:22:31.882+0000] {logging_mixin.py:190} INFO - [2025-01-20T08:22:31.882+0000] {dagbag.py:588} INFO - Filling up the DagBag from /home/airflow/.local/lib/python3.12/site-packages/airflow/example_dags/example_nested_branch_dag.py
[2025-01-20T08:22:31.889+0000] {processor.py:925} INFO - DAG(s) 'example_nested_branch_dag' retrieved from /home/airflow/.local/lib/python3.12/site-packages/airflow/example_dags/example_nested_branch_dag.py
[2025-01-20T08:22:31.906+0000] {logging_mixin.py:190} INFO - [2025-01-20T08:22:31.905+0000] {dag.py:3239} INFO - Sync 1 DAGs
[2025-01-20T08:22:31.922+0000] {logging_mixin.py:190} INFO - [2025-01-20T08:22:31.922+0000] {dag.py:4180} INFO - Setting next_dagrun for example_nested_branch_dag to 2025-01-19 00:00:00+00:00, run_after=2025-01-20 00:00:00+00:00
[2025-01-20T08:22:31.937+0000] {processor.py:208} INFO - Processing /home/airflow/.local/lib/python3.12/site-packages/airflow/example_dags/example_nested_branch_dag.py took 0.063 seconds
[2025-01-20T08:23:02.930+0000] {processor.py:186} INFO - Started process (PID=51253) to work on /home/airflow/.local/lib/python3.12/site-packages/airflow/example_dags/example_nested_branch_dag.py
[2025-01-20T08:23:02.931+0000] {processor.py:914} INFO - Processing file /home/airflow/.local/lib/python3.12/site-packages/airflow/example_dags/example_nested_branch_dag.py for tasks to queue
[2025-01-20T08:23:02.933+0000] {logging_mixin.py:190} INFO - [2025-01-20T08:23:02.933+0000] {dagbag.py:588} INFO - Filling up the DagBag from /home/airflow/.local/lib/python3.12/site-packages/airflow/example_dags/example_nested_branch_dag.py
[2025-01-20T08:23:02.944+0000] {processor.py:925} INFO - DAG(s) 'example_nested_branch_dag' retrieved from /home/airflow/.local/lib/python3.12/site-packages/airflow/example_dags/example_nested_branch_dag.py
[2025-01-20T08:23:02.959+0000] {logging_mixin.py:190} INFO - [2025-01-20T08:23:02.958+0000] {dag.py:3239} INFO - Sync 1 DAGs
[2025-01-20T08:23:02.974+0000] {logging_mixin.py:190} INFO - [2025-01-20T08:23:02.973+0000] {dag.py:4180} INFO - Setting next_dagrun for example_nested_branch_dag to 2025-01-19 00:00:00+00:00, run_after=2025-01-20 00:00:00+00:00
[2025-01-20T08:23:02.989+0000] {processor.py:208} INFO - Processing /home/airflow/.local/lib/python3.12/site-packages/airflow/example_dags/example_nested_branch_dag.py took 0.067 seconds
[2025-01-20T08:23:33.752+0000] {processor.py:186} INFO - Started process (PID=51554) to work on /home/airflow/.local/lib/python3.12/site-packages/airflow/example_dags/example_nested_branch_dag.py
[2025-01-20T08:23:33.753+0000] {processor.py:914} INFO - Processing file /home/airflow/.local/lib/python3.12/site-packages/airflow/example_dags/example_nested_branch_dag.py for tasks to queue
[2025-01-20T08:23:33.758+0000] {logging_mixin.py:190} INFO - [2025-01-20T08:23:33.757+0000] {dagbag.py:588} INFO - Filling up the DagBag from /home/airflow/.local/lib/python3.12/site-packages/airflow/example_dags/example_nested_branch_dag.py
[2025-01-20T08:23:33.775+0000] {processor.py:925} INFO - DAG(s) 'example_nested_branch_dag' retrieved from /home/airflow/.local/lib/python3.12/site-packages/airflow/example_dags/example_nested_branch_dag.py
[2025-01-20T08:23:33.795+0000] {logging_mixin.py:190} INFO - [2025-01-20T08:23:33.794+0000] {dag.py:3239} INFO - Sync 1 DAGs
[2025-01-20T08:23:33.815+0000] {logging_mixin.py:190} INFO - [2025-01-20T08:23:33.815+0000] {dag.py:4180} INFO - Setting next_dagrun for example_nested_branch_dag to 2025-01-19 00:00:00+00:00, run_after=2025-01-20 00:00:00+00:00
[2025-01-20T08:23:33.830+0000] {processor.py:208} INFO - Processing /home/airflow/.local/lib/python3.12/site-packages/airflow/example_dags/example_nested_branch_dag.py took 0.084 seconds
[2025-01-20T08:24:04.676+0000] {processor.py:186} INFO - Started process (PID=51860) to work on /home/airflow/.local/lib/python3.12/site-packages/airflow/example_dags/example_nested_branch_dag.py
[2025-01-20T08:24:04.677+0000] {processor.py:914} INFO - Processing file /home/airflow/.local/lib/python3.12/site-packages/airflow/example_dags/example_nested_branch_dag.py for tasks to queue
[2025-01-20T08:24:04.679+0000] {logging_mixin.py:190} INFO - [2025-01-20T08:24:04.679+0000] {dagbag.py:588} INFO - Filling up the DagBag from /home/airflow/.local/lib/python3.12/site-packages/airflow/example_dags/example_nested_branch_dag.py
[2025-01-20T08:24:04.686+0000] {processor.py:925} INFO - DAG(s) 'example_nested_branch_dag' retrieved from /home/airflow/.local/lib/python3.12/site-packages/airflow/example_dags/example_nested_branch_dag.py
[2025-01-20T08:24:04.700+0000] {logging_mixin.py:190} INFO - [2025-01-20T08:24:04.700+0000] {dag.py:3239} INFO - Sync 1 DAGs
[2025-01-20T08:24:04.713+0000] {logging_mixin.py:190} INFO - [2025-01-20T08:24:04.713+0000] {dag.py:4180} INFO - Setting next_dagrun for example_nested_branch_dag to 2025-01-19 00:00:00+00:00, run_after=2025-01-20 00:00:00+00:00
[2025-01-20T08:24:04.725+0000] {processor.py:208} INFO - Processing /home/airflow/.local/lib/python3.12/site-packages/airflow/example_dags/example_nested_branch_dag.py took 0.053 seconds
[2025-01-20T08:24:35.726+0000] {processor.py:186} INFO - Started process (PID=52159) to work on /home/airflow/.local/lib/python3.12/site-packages/airflow/example_dags/example_nested_branch_dag.py
[2025-01-20T08:24:35.727+0000] {processor.py:914} INFO - Processing file /home/airflow/.local/lib/python3.12/site-packages/airflow/example_dags/example_nested_branch_dag.py for tasks to queue
[2025-01-20T08:24:35.731+0000] {logging_mixin.py:190} INFO - [2025-01-20T08:24:35.730+0000] {dagbag.py:588} INFO - Filling up the DagBag from /home/airflow/.local/lib/python3.12/site-packages/airflow/example_dags/example_nested_branch_dag.py
[2025-01-20T08:24:35.747+0000] {processor.py:925} INFO - DAG(s) 'example_nested_branch_dag' retrieved from /home/airflow/.local/lib/python3.12/site-packages/airflow/example_dags/example_nested_branch_dag.py
[2025-01-20T08:24:35.768+0000] {logging_mixin.py:190} INFO - [2025-01-20T08:24:35.768+0000] {dag.py:3239} INFO - Sync 1 DAGs
[2025-01-20T08:24:35.791+0000] {logging_mixin.py:190} INFO - [2025-01-20T08:24:35.791+0000] {dag.py:4180} INFO - Setting next_dagrun for example_nested_branch_dag to 2025-01-19 00:00:00+00:00, run_after=2025-01-20 00:00:00+00:00
[2025-01-20T08:24:35.809+0000] {processor.py:208} INFO - Processing /home/airflow/.local/lib/python3.12/site-packages/airflow/example_dags/example_nested_branch_dag.py took 0.091 seconds
[2025-01-20T08:25:06.636+0000] {processor.py:186} INFO - Started process (PID=52465) to work on /home/airflow/.local/lib/python3.12/site-packages/airflow/example_dags/example_nested_branch_dag.py
[2025-01-20T08:25:06.638+0000] {processor.py:914} INFO - Processing file /home/airflow/.local/lib/python3.12/site-packages/airflow/example_dags/example_nested_branch_dag.py for tasks to queue
[2025-01-20T08:25:06.643+0000] {logging_mixin.py:190} INFO - [2025-01-20T08:25:06.642+0000] {dagbag.py:588} INFO - Filling up the DagBag from /home/airflow/.local/lib/python3.12/site-packages/airflow/example_dags/example_nested_branch_dag.py
[2025-01-20T08:25:06.662+0000] {processor.py:925} INFO - DAG(s) 'example_nested_branch_dag' retrieved from /home/airflow/.local/lib/python3.12/site-packages/airflow/example_dags/example_nested_branch_dag.py
[2025-01-20T08:25:06.688+0000] {logging_mixin.py:190} INFO - [2025-01-20T08:25:06.688+0000] {dag.py:3239} INFO - Sync 1 DAGs
[2025-01-20T08:25:06.714+0000] {logging_mixin.py:190} INFO - [2025-01-20T08:25:06.714+0000] {dag.py:4180} INFO - Setting next_dagrun for example_nested_branch_dag to 2025-01-19 00:00:00+00:00, run_after=2025-01-20 00:00:00+00:00
[2025-01-20T08:25:06.738+0000] {processor.py:208} INFO - Processing /home/airflow/.local/lib/python3.12/site-packages/airflow/example_dags/example_nested_branch_dag.py took 0.108 seconds
[2025-01-20T08:25:37.125+0000] {processor.py:186} INFO - Started process (PID=52768) to work on /home/airflow/.local/lib/python3.12/site-packages/airflow/example_dags/example_nested_branch_dag.py
[2025-01-20T08:25:37.126+0000] {processor.py:914} INFO - Processing file /home/airflow/.local/lib/python3.12/site-packages/airflow/example_dags/example_nested_branch_dag.py for tasks to queue
[2025-01-20T08:25:37.128+0000] {logging_mixin.py:190} INFO - [2025-01-20T08:25:37.128+0000] {dagbag.py:588} INFO - Filling up the DagBag from /home/airflow/.local/lib/python3.12/site-packages/airflow/example_dags/example_nested_branch_dag.py
[2025-01-20T08:25:37.139+0000] {processor.py:925} INFO - DAG(s) 'example_nested_branch_dag' retrieved from /home/airflow/.local/lib/python3.12/site-packages/airflow/example_dags/example_nested_branch_dag.py
[2025-01-20T08:25:37.169+0000] {logging_mixin.py:190} INFO - [2025-01-20T08:25:37.168+0000] {dag.py:3239} INFO - Sync 1 DAGs
[2025-01-20T08:25:37.189+0000] {logging_mixin.py:190} INFO - [2025-01-20T08:25:37.189+0000] {dag.py:4180} INFO - Setting next_dagrun for example_nested_branch_dag to 2025-01-19 00:00:00+00:00, run_after=2025-01-20 00:00:00+00:00
[2025-01-20T08:25:37.202+0000] {processor.py:208} INFO - Processing /home/airflow/.local/lib/python3.12/site-packages/airflow/example_dags/example_nested_branch_dag.py took 0.082 seconds
[2025-01-20T08:26:07.431+0000] {processor.py:186} INFO - Started process (PID=53074) to work on /home/airflow/.local/lib/python3.12/site-packages/airflow/example_dags/example_nested_branch_dag.py
[2025-01-20T08:26:07.433+0000] {processor.py:914} INFO - Processing file /home/airflow/.local/lib/python3.12/site-packages/airflow/example_dags/example_nested_branch_dag.py for tasks to queue
[2025-01-20T08:26:07.436+0000] {logging_mixin.py:190} INFO - [2025-01-20T08:26:07.436+0000] {dagbag.py:588} INFO - Filling up the DagBag from /home/airflow/.local/lib/python3.12/site-packages/airflow/example_dags/example_nested_branch_dag.py
[2025-01-20T08:26:07.446+0000] {processor.py:925} INFO - DAG(s) 'example_nested_branch_dag' retrieved from /home/airflow/.local/lib/python3.12/site-packages/airflow/example_dags/example_nested_branch_dag.py
[2025-01-20T08:26:07.466+0000] {logging_mixin.py:190} INFO - [2025-01-20T08:26:07.465+0000] {dag.py:3239} INFO - Sync 1 DAGs
[2025-01-20T08:26:07.488+0000] {logging_mixin.py:190} INFO - [2025-01-20T08:26:07.488+0000] {dag.py:4180} INFO - Setting next_dagrun for example_nested_branch_dag to 2025-01-19 00:00:00+00:00, run_after=2025-01-20 00:00:00+00:00
[2025-01-20T08:26:07.511+0000] {processor.py:208} INFO - Processing /home/airflow/.local/lib/python3.12/site-packages/airflow/example_dags/example_nested_branch_dag.py took 0.091 seconds
[2025-01-20T08:26:38.018+0000] {processor.py:186} INFO - Started process (PID=53375) to work on /home/airflow/.local/lib/python3.12/site-packages/airflow/example_dags/example_nested_branch_dag.py
[2025-01-20T08:26:38.019+0000] {processor.py:914} INFO - Processing file /home/airflow/.local/lib/python3.12/site-packages/airflow/example_dags/example_nested_branch_dag.py for tasks to queue
[2025-01-20T08:26:38.022+0000] {logging_mixin.py:190} INFO - [2025-01-20T08:26:38.022+0000] {dagbag.py:588} INFO - Filling up the DagBag from /home/airflow/.local/lib/python3.12/site-packages/airflow/example_dags/example_nested_branch_dag.py
[2025-01-20T08:26:38.032+0000] {processor.py:925} INFO - DAG(s) 'example_nested_branch_dag' retrieved from /home/airflow/.local/lib/python3.12/site-packages/airflow/example_dags/example_nested_branch_dag.py
[2025-01-20T08:26:38.050+0000] {logging_mixin.py:190} INFO - [2025-01-20T08:26:38.050+0000] {dag.py:3239} INFO - Sync 1 DAGs
[2025-01-20T08:26:38.073+0000] {logging_mixin.py:190} INFO - [2025-01-20T08:26:38.072+0000] {dag.py:4180} INFO - Setting next_dagrun for example_nested_branch_dag to 2025-01-19 00:00:00+00:00, run_after=2025-01-20 00:00:00+00:00
[2025-01-20T08:26:38.089+0000] {processor.py:208} INFO - Processing /home/airflow/.local/lib/python3.12/site-packages/airflow/example_dags/example_nested_branch_dag.py took 0.075 seconds
[2025-01-20T08:27:08.662+0000] {processor.py:186} INFO - Started process (PID=53679) to work on /home/airflow/.local/lib/python3.12/site-packages/airflow/example_dags/example_nested_branch_dag.py
[2025-01-20T08:27:08.663+0000] {processor.py:914} INFO - Processing file /home/airflow/.local/lib/python3.12/site-packages/airflow/example_dags/example_nested_branch_dag.py for tasks to queue
[2025-01-20T08:27:08.665+0000] {logging_mixin.py:190} INFO - [2025-01-20T08:27:08.665+0000] {dagbag.py:588} INFO - Filling up the DagBag from /home/airflow/.local/lib/python3.12/site-packages/airflow/example_dags/example_nested_branch_dag.py
[2025-01-20T08:27:08.674+0000] {processor.py:925} INFO - DAG(s) 'example_nested_branch_dag' retrieved from /home/airflow/.local/lib/python3.12/site-packages/airflow/example_dags/example_nested_branch_dag.py
[2025-01-20T08:27:08.697+0000] {logging_mixin.py:190} INFO - [2025-01-20T08:27:08.696+0000] {dag.py:3239} INFO - Sync 1 DAGs
[2025-01-20T08:27:08.716+0000] {logging_mixin.py:190} INFO - [2025-01-20T08:27:08.716+0000] {dag.py:4180} INFO - Setting next_dagrun for example_nested_branch_dag to 2025-01-19 00:00:00+00:00, run_after=2025-01-20 00:00:00+00:00
[2025-01-20T08:27:08.732+0000] {processor.py:208} INFO - Processing /home/airflow/.local/lib/python3.12/site-packages/airflow/example_dags/example_nested_branch_dag.py took 0.077 seconds
[2025-01-20T08:27:39.169+0000] {processor.py:186} INFO - Started process (PID=53982) to work on /home/airflow/.local/lib/python3.12/site-packages/airflow/example_dags/example_nested_branch_dag.py
[2025-01-20T08:27:39.170+0000] {processor.py:914} INFO - Processing file /home/airflow/.local/lib/python3.12/site-packages/airflow/example_dags/example_nested_branch_dag.py for tasks to queue
[2025-01-20T08:27:39.173+0000] {logging_mixin.py:190} INFO - [2025-01-20T08:27:39.173+0000] {dagbag.py:588} INFO - Filling up the DagBag from /home/airflow/.local/lib/python3.12/site-packages/airflow/example_dags/example_nested_branch_dag.py
[2025-01-20T08:27:39.181+0000] {processor.py:925} INFO - DAG(s) 'example_nested_branch_dag' retrieved from /home/airflow/.local/lib/python3.12/site-packages/airflow/example_dags/example_nested_branch_dag.py
[2025-01-20T08:27:39.196+0000] {logging_mixin.py:190} INFO - [2025-01-20T08:27:39.196+0000] {dag.py:3239} INFO - Sync 1 DAGs
[2025-01-20T08:27:39.211+0000] {logging_mixin.py:190} INFO - [2025-01-20T08:27:39.211+0000] {dag.py:4180} INFO - Setting next_dagrun for example_nested_branch_dag to 2025-01-19 00:00:00+00:00, run_after=2025-01-20 00:00:00+00:00
[2025-01-20T08:27:39.226+0000] {processor.py:208} INFO - Processing /home/airflow/.local/lib/python3.12/site-packages/airflow/example_dags/example_nested_branch_dag.py took 0.065 seconds
[2025-01-20T08:28:09.654+0000] {processor.py:186} INFO - Started process (PID=54286) to work on /home/airflow/.local/lib/python3.12/site-packages/airflow/example_dags/example_nested_branch_dag.py
[2025-01-20T08:28:09.655+0000] {processor.py:914} INFO - Processing file /home/airflow/.local/lib/python3.12/site-packages/airflow/example_dags/example_nested_branch_dag.py for tasks to queue
[2025-01-20T08:28:09.657+0000] {logging_mixin.py:190} INFO - [2025-01-20T08:28:09.656+0000] {dagbag.py:588} INFO - Filling up the DagBag from /home/airflow/.local/lib/python3.12/site-packages/airflow/example_dags/example_nested_branch_dag.py
[2025-01-20T08:28:09.665+0000] {processor.py:925} INFO - DAG(s) 'example_nested_branch_dag' retrieved from /home/airflow/.local/lib/python3.12/site-packages/airflow/example_dags/example_nested_branch_dag.py
[2025-01-20T08:28:09.684+0000] {logging_mixin.py:190} INFO - [2025-01-20T08:28:09.684+0000] {dag.py:3239} INFO - Sync 1 DAGs
[2025-01-20T08:28:09.700+0000] {logging_mixin.py:190} INFO - [2025-01-20T08:28:09.700+0000] {dag.py:4180} INFO - Setting next_dagrun for example_nested_branch_dag to 2025-01-19 00:00:00+00:00, run_after=2025-01-20 00:00:00+00:00
[2025-01-20T08:28:09.714+0000] {processor.py:208} INFO - Processing /home/airflow/.local/lib/python3.12/site-packages/airflow/example_dags/example_nested_branch_dag.py took 0.066 seconds
[2025-01-20T08:28:40.214+0000] {processor.py:186} INFO - Started process (PID=54587) to work on /home/airflow/.local/lib/python3.12/site-packages/airflow/example_dags/example_nested_branch_dag.py
[2025-01-20T08:28:40.215+0000] {processor.py:914} INFO - Processing file /home/airflow/.local/lib/python3.12/site-packages/airflow/example_dags/example_nested_branch_dag.py for tasks to queue
[2025-01-20T08:28:40.218+0000] {logging_mixin.py:190} INFO - [2025-01-20T08:28:40.218+0000] {dagbag.py:588} INFO - Filling up the DagBag from /home/airflow/.local/lib/python3.12/site-packages/airflow/example_dags/example_nested_branch_dag.py
[2025-01-20T08:28:40.231+0000] {processor.py:925} INFO - DAG(s) 'example_nested_branch_dag' retrieved from /home/airflow/.local/lib/python3.12/site-packages/airflow/example_dags/example_nested_branch_dag.py
[2025-01-20T08:28:40.247+0000] {logging_mixin.py:190} INFO - [2025-01-20T08:28:40.247+0000] {dag.py:3239} INFO - Sync 1 DAGs
[2025-01-20T08:28:40.263+0000] {logging_mixin.py:190} INFO - [2025-01-20T08:28:40.263+0000] {dag.py:4180} INFO - Setting next_dagrun for example_nested_branch_dag to 2025-01-19 00:00:00+00:00, run_after=2025-01-20 00:00:00+00:00
[2025-01-20T08:28:40.279+0000] {processor.py:208} INFO - Processing /home/airflow/.local/lib/python3.12/site-packages/airflow/example_dags/example_nested_branch_dag.py took 0.072 seconds
[2025-01-20T08:29:10.948+0000] {processor.py:186} INFO - Started process (PID=54895) to work on /home/airflow/.local/lib/python3.12/site-packages/airflow/example_dags/example_nested_branch_dag.py
[2025-01-20T08:29:10.949+0000] {processor.py:914} INFO - Processing file /home/airflow/.local/lib/python3.12/site-packages/airflow/example_dags/example_nested_branch_dag.py for tasks to queue
[2025-01-20T08:29:10.951+0000] {logging_mixin.py:190} INFO - [2025-01-20T08:29:10.950+0000] {dagbag.py:588} INFO - Filling up the DagBag from /home/airflow/.local/lib/python3.12/site-packages/airflow/example_dags/example_nested_branch_dag.py
[2025-01-20T08:29:10.958+0000] {processor.py:925} INFO - DAG(s) 'example_nested_branch_dag' retrieved from /home/airflow/.local/lib/python3.12/site-packages/airflow/example_dags/example_nested_branch_dag.py
[2025-01-20T08:29:10.978+0000] {logging_mixin.py:190} INFO - [2025-01-20T08:29:10.977+0000] {dag.py:3239} INFO - Sync 1 DAGs
[2025-01-20T08:29:10.993+0000] {logging_mixin.py:190} INFO - [2025-01-20T08:29:10.993+0000] {dag.py:4180} INFO - Setting next_dagrun for example_nested_branch_dag to 2025-01-19 00:00:00+00:00, run_after=2025-01-20 00:00:00+00:00
[2025-01-20T08:29:11.006+0000] {processor.py:208} INFO - Processing /home/airflow/.local/lib/python3.12/site-packages/airflow/example_dags/example_nested_branch_dag.py took 0.061 seconds
[2025-01-20T08:29:41.218+0000] {processor.py:186} INFO - Started process (PID=55194) to work on /home/airflow/.local/lib/python3.12/site-packages/airflow/example_dags/example_nested_branch_dag.py
[2025-01-20T08:29:41.219+0000] {processor.py:914} INFO - Processing file /home/airflow/.local/lib/python3.12/site-packages/airflow/example_dags/example_nested_branch_dag.py for tasks to queue
[2025-01-20T08:29:41.223+0000] {logging_mixin.py:190} INFO - [2025-01-20T08:29:41.222+0000] {dagbag.py:588} INFO - Filling up the DagBag from /home/airflow/.local/lib/python3.12/site-packages/airflow/example_dags/example_nested_branch_dag.py
[2025-01-20T08:29:41.231+0000] {processor.py:925} INFO - DAG(s) 'example_nested_branch_dag' retrieved from /home/airflow/.local/lib/python3.12/site-packages/airflow/example_dags/example_nested_branch_dag.py
[2025-01-20T08:29:41.252+0000] {logging_mixin.py:190} INFO - [2025-01-20T08:29:41.251+0000] {dag.py:3239} INFO - Sync 1 DAGs
[2025-01-20T08:29:41.280+0000] {logging_mixin.py:190} INFO - [2025-01-20T08:29:41.280+0000] {dag.py:4180} INFO - Setting next_dagrun for example_nested_branch_dag to 2025-01-19 00:00:00+00:00, run_after=2025-01-20 00:00:00+00:00
[2025-01-20T08:29:41.295+0000] {processor.py:208} INFO - Processing /home/airflow/.local/lib/python3.12/site-packages/airflow/example_dags/example_nested_branch_dag.py took 0.081 seconds
[2025-01-20T08:30:11.609+0000] {processor.py:186} INFO - Started process (PID=55502) to work on /home/airflow/.local/lib/python3.12/site-packages/airflow/example_dags/example_nested_branch_dag.py
[2025-01-20T08:30:11.610+0000] {processor.py:914} INFO - Processing file /home/airflow/.local/lib/python3.12/site-packages/airflow/example_dags/example_nested_branch_dag.py for tasks to queue
[2025-01-20T08:30:11.612+0000] {logging_mixin.py:190} INFO - [2025-01-20T08:30:11.612+0000] {dagbag.py:588} INFO - Filling up the DagBag from /home/airflow/.local/lib/python3.12/site-packages/airflow/example_dags/example_nested_branch_dag.py
[2025-01-20T08:30:11.620+0000] {processor.py:925} INFO - DAG(s) 'example_nested_branch_dag' retrieved from /home/airflow/.local/lib/python3.12/site-packages/airflow/example_dags/example_nested_branch_dag.py
[2025-01-20T08:30:11.635+0000] {logging_mixin.py:190} INFO - [2025-01-20T08:30:11.635+0000] {dag.py:3239} INFO - Sync 1 DAGs
[2025-01-20T08:30:11.653+0000] {logging_mixin.py:190} INFO - [2025-01-20T08:30:11.652+0000] {dag.py:4180} INFO - Setting next_dagrun for example_nested_branch_dag to 2025-01-19 00:00:00+00:00, run_after=2025-01-20 00:00:00+00:00
[2025-01-20T08:30:11.664+0000] {processor.py:208} INFO - Processing /home/airflow/.local/lib/python3.12/site-packages/airflow/example_dags/example_nested_branch_dag.py took 0.062 seconds
[2025-01-20T08:30:42.033+0000] {processor.py:186} INFO - Started process (PID=55803) to work on /home/airflow/.local/lib/python3.12/site-packages/airflow/example_dags/example_nested_branch_dag.py
[2025-01-20T08:30:42.034+0000] {processor.py:914} INFO - Processing file /home/airflow/.local/lib/python3.12/site-packages/airflow/example_dags/example_nested_branch_dag.py for tasks to queue
[2025-01-20T08:30:42.038+0000] {logging_mixin.py:190} INFO - [2025-01-20T08:30:42.037+0000] {dagbag.py:588} INFO - Filling up the DagBag from /home/airflow/.local/lib/python3.12/site-packages/airflow/example_dags/example_nested_branch_dag.py
[2025-01-20T08:30:42.050+0000] {processor.py:925} INFO - DAG(s) 'example_nested_branch_dag' retrieved from /home/airflow/.local/lib/python3.12/site-packages/airflow/example_dags/example_nested_branch_dag.py
[2025-01-20T08:30:42.079+0000] {logging_mixin.py:190} INFO - [2025-01-20T08:30:42.078+0000] {dag.py:3239} INFO - Sync 1 DAGs
[2025-01-20T08:30:42.109+0000] {logging_mixin.py:190} INFO - [2025-01-20T08:30:42.109+0000] {dag.py:4180} INFO - Setting next_dagrun for example_nested_branch_dag to 2025-01-19 00:00:00+00:00, run_after=2025-01-20 00:00:00+00:00
[2025-01-20T08:30:42.137+0000] {processor.py:208} INFO - Processing /home/airflow/.local/lib/python3.12/site-packages/airflow/example_dags/example_nested_branch_dag.py took 0.110 seconds
[2025-01-20T08:31:13.044+0000] {processor.py:186} INFO - Started process (PID=56109) to work on /home/airflow/.local/lib/python3.12/site-packages/airflow/example_dags/example_nested_branch_dag.py
[2025-01-20T08:31:13.045+0000] {processor.py:914} INFO - Processing file /home/airflow/.local/lib/python3.12/site-packages/airflow/example_dags/example_nested_branch_dag.py for tasks to queue
[2025-01-20T08:31:13.048+0000] {logging_mixin.py:190} INFO - [2025-01-20T08:31:13.047+0000] {dagbag.py:588} INFO - Filling up the DagBag from /home/airflow/.local/lib/python3.12/site-packages/airflow/example_dags/example_nested_branch_dag.py
[2025-01-20T08:31:13.056+0000] {processor.py:925} INFO - DAG(s) 'example_nested_branch_dag' retrieved from /home/airflow/.local/lib/python3.12/site-packages/airflow/example_dags/example_nested_branch_dag.py
[2025-01-20T08:31:13.078+0000] {logging_mixin.py:190} INFO - [2025-01-20T08:31:13.078+0000] {dag.py:3239} INFO - Sync 1 DAGs
[2025-01-20T08:31:13.095+0000] {logging_mixin.py:190} INFO - [2025-01-20T08:31:13.095+0000] {dag.py:4180} INFO - Setting next_dagrun for example_nested_branch_dag to 2025-01-19 00:00:00+00:00, run_after=2025-01-20 00:00:00+00:00
[2025-01-20T08:31:13.111+0000] {processor.py:208} INFO - Processing /home/airflow/.local/lib/python3.12/site-packages/airflow/example_dags/example_nested_branch_dag.py took 0.073 seconds
[2025-01-20T08:31:43.277+0000] {processor.py:186} INFO - Started process (PID=56410) to work on /home/airflow/.local/lib/python3.12/site-packages/airflow/example_dags/example_nested_branch_dag.py
[2025-01-20T08:31:43.279+0000] {processor.py:914} INFO - Processing file /home/airflow/.local/lib/python3.12/site-packages/airflow/example_dags/example_nested_branch_dag.py for tasks to queue
[2025-01-20T08:31:43.281+0000] {logging_mixin.py:190} INFO - [2025-01-20T08:31:43.281+0000] {dagbag.py:588} INFO - Filling up the DagBag from /home/airflow/.local/lib/python3.12/site-packages/airflow/example_dags/example_nested_branch_dag.py
[2025-01-20T08:31:43.295+0000] {processor.py:925} INFO - DAG(s) 'example_nested_branch_dag' retrieved from /home/airflow/.local/lib/python3.12/site-packages/airflow/example_dags/example_nested_branch_dag.py
[2025-01-20T08:31:43.313+0000] {logging_mixin.py:190} INFO - [2025-01-20T08:31:43.313+0000] {dag.py:3239} INFO - Sync 1 DAGs
[2025-01-20T08:31:43.333+0000] {logging_mixin.py:190} INFO - [2025-01-20T08:31:43.333+0000] {dag.py:4180} INFO - Setting next_dagrun for example_nested_branch_dag to 2025-01-19 00:00:00+00:00, run_after=2025-01-20 00:00:00+00:00
[2025-01-20T08:31:43.346+0000] {processor.py:208} INFO - Processing /home/airflow/.local/lib/python3.12/site-packages/airflow/example_dags/example_nested_branch_dag.py took 0.075 seconds
[2025-01-20T08:32:13.745+0000] {processor.py:186} INFO - Started process (PID=56720) to work on /home/airflow/.local/lib/python3.12/site-packages/airflow/example_dags/example_nested_branch_dag.py
[2025-01-20T08:32:13.745+0000] {processor.py:914} INFO - Processing file /home/airflow/.local/lib/python3.12/site-packages/airflow/example_dags/example_nested_branch_dag.py for tasks to queue
[2025-01-20T08:32:13.747+0000] {logging_mixin.py:190} INFO - [2025-01-20T08:32:13.747+0000] {dagbag.py:588} INFO - Filling up the DagBag from /home/airflow/.local/lib/python3.12/site-packages/airflow/example_dags/example_nested_branch_dag.py
[2025-01-20T08:32:13.755+0000] {processor.py:925} INFO - DAG(s) 'example_nested_branch_dag' retrieved from /home/airflow/.local/lib/python3.12/site-packages/airflow/example_dags/example_nested_branch_dag.py
[2025-01-20T08:32:13.771+0000] {logging_mixin.py:190} INFO - [2025-01-20T08:32:13.771+0000] {dag.py:3239} INFO - Sync 1 DAGs
[2025-01-20T08:32:13.788+0000] {logging_mixin.py:190} INFO - [2025-01-20T08:32:13.787+0000] {dag.py:4180} INFO - Setting next_dagrun for example_nested_branch_dag to 2025-01-19 00:00:00+00:00, run_after=2025-01-20 00:00:00+00:00
[2025-01-20T08:32:13.802+0000] {processor.py:208} INFO - Processing /home/airflow/.local/lib/python3.12/site-packages/airflow/example_dags/example_nested_branch_dag.py took 0.061 seconds
[2025-01-20T08:32:44.659+0000] {processor.py:186} INFO - Started process (PID=57023) to work on /home/airflow/.local/lib/python3.12/site-packages/airflow/example_dags/example_nested_branch_dag.py
[2025-01-20T08:32:44.660+0000] {processor.py:914} INFO - Processing file /home/airflow/.local/lib/python3.12/site-packages/airflow/example_dags/example_nested_branch_dag.py for tasks to queue
[2025-01-20T08:32:44.663+0000] {logging_mixin.py:190} INFO - [2025-01-20T08:32:44.663+0000] {dagbag.py:588} INFO - Filling up the DagBag from /home/airflow/.local/lib/python3.12/site-packages/airflow/example_dags/example_nested_branch_dag.py
[2025-01-20T08:32:44.671+0000] {processor.py:925} INFO - DAG(s) 'example_nested_branch_dag' retrieved from /home/airflow/.local/lib/python3.12/site-packages/airflow/example_dags/example_nested_branch_dag.py
[2025-01-20T08:32:44.693+0000] {logging_mixin.py:190} INFO - [2025-01-20T08:32:44.692+0000] {dag.py:3239} INFO - Sync 1 DAGs
[2025-01-20T08:32:44.708+0000] {logging_mixin.py:190} INFO - [2025-01-20T08:32:44.708+0000] {dag.py:4180} INFO - Setting next_dagrun for example_nested_branch_dag to 2025-01-19 00:00:00+00:00, run_after=2025-01-20 00:00:00+00:00
[2025-01-20T08:32:44.719+0000] {processor.py:208} INFO - Processing /home/airflow/.local/lib/python3.12/site-packages/airflow/example_dags/example_nested_branch_dag.py took 0.065 seconds
[2025-01-20T08:33:15.489+0000] {processor.py:186} INFO - Started process (PID=57329) to work on /home/airflow/.local/lib/python3.12/site-packages/airflow/example_dags/example_nested_branch_dag.py
[2025-01-20T08:33:15.490+0000] {processor.py:914} INFO - Processing file /home/airflow/.local/lib/python3.12/site-packages/airflow/example_dags/example_nested_branch_dag.py for tasks to queue
[2025-01-20T08:33:15.492+0000] {logging_mixin.py:190} INFO - [2025-01-20T08:33:15.492+0000] {dagbag.py:588} INFO - Filling up the DagBag from /home/airflow/.local/lib/python3.12/site-packages/airflow/example_dags/example_nested_branch_dag.py
[2025-01-20T08:33:15.499+0000] {processor.py:925} INFO - DAG(s) 'example_nested_branch_dag' retrieved from /home/airflow/.local/lib/python3.12/site-packages/airflow/example_dags/example_nested_branch_dag.py
[2025-01-20T08:33:15.516+0000] {logging_mixin.py:190} INFO - [2025-01-20T08:33:15.516+0000] {dag.py:3239} INFO - Sync 1 DAGs
[2025-01-20T08:33:15.531+0000] {logging_mixin.py:190} INFO - [2025-01-20T08:33:15.531+0000] {dag.py:4180} INFO - Setting next_dagrun for example_nested_branch_dag to 2025-01-19 00:00:00+00:00, run_after=2025-01-20 00:00:00+00:00
[2025-01-20T08:33:15.543+0000] {processor.py:208} INFO - Processing /home/airflow/.local/lib/python3.12/site-packages/airflow/example_dags/example_nested_branch_dag.py took 0.058 seconds
[2025-01-20T08:33:45.964+0000] {processor.py:186} INFO - Started process (PID=57630) to work on /home/airflow/.local/lib/python3.12/site-packages/airflow/example_dags/example_nested_branch_dag.py
[2025-01-20T08:33:45.965+0000] {processor.py:914} INFO - Processing file /home/airflow/.local/lib/python3.12/site-packages/airflow/example_dags/example_nested_branch_dag.py for tasks to queue
[2025-01-20T08:33:45.967+0000] {logging_mixin.py:190} INFO - [2025-01-20T08:33:45.966+0000] {dagbag.py:588} INFO - Filling up the DagBag from /home/airflow/.local/lib/python3.12/site-packages/airflow/example_dags/example_nested_branch_dag.py
[2025-01-20T08:33:45.976+0000] {processor.py:925} INFO - DAG(s) 'example_nested_branch_dag' retrieved from /home/airflow/.local/lib/python3.12/site-packages/airflow/example_dags/example_nested_branch_dag.py
[2025-01-20T08:33:45.992+0000] {logging_mixin.py:190} INFO - [2025-01-20T08:33:45.992+0000] {dag.py:3239} INFO - Sync 1 DAGs
[2025-01-20T08:33:46.011+0000] {logging_mixin.py:190} INFO - [2025-01-20T08:33:46.011+0000] {dag.py:4180} INFO - Setting next_dagrun for example_nested_branch_dag to 2025-01-19 00:00:00+00:00, run_after=2025-01-20 00:00:00+00:00
[2025-01-20T08:33:46.022+0000] {processor.py:208} INFO - Processing /home/airflow/.local/lib/python3.12/site-packages/airflow/example_dags/example_nested_branch_dag.py took 0.066 seconds
[2025-01-20T08:34:16.385+0000] {processor.py:186} INFO - Started process (PID=57934) to work on /home/airflow/.local/lib/python3.12/site-packages/airflow/example_dags/example_nested_branch_dag.py
[2025-01-20T08:34:16.386+0000] {processor.py:914} INFO - Processing file /home/airflow/.local/lib/python3.12/site-packages/airflow/example_dags/example_nested_branch_dag.py for tasks to queue
[2025-01-20T08:34:16.388+0000] {logging_mixin.py:190} INFO - [2025-01-20T08:34:16.388+0000] {dagbag.py:588} INFO - Filling up the DagBag from /home/airflow/.local/lib/python3.12/site-packages/airflow/example_dags/example_nested_branch_dag.py
[2025-01-20T08:34:16.397+0000] {processor.py:925} INFO - DAG(s) 'example_nested_branch_dag' retrieved from /home/airflow/.local/lib/python3.12/site-packages/airflow/example_dags/example_nested_branch_dag.py
[2025-01-20T08:34:16.414+0000] {logging_mixin.py:190} INFO - [2025-01-20T08:34:16.414+0000] {dag.py:3239} INFO - Sync 1 DAGs
[2025-01-20T08:34:16.431+0000] {logging_mixin.py:190} INFO - [2025-01-20T08:34:16.431+0000] {dag.py:4180} INFO - Setting next_dagrun for example_nested_branch_dag to 2025-01-19 00:00:00+00:00, run_after=2025-01-20 00:00:00+00:00
[2025-01-20T08:34:16.445+0000] {processor.py:208} INFO - Processing /home/airflow/.local/lib/python3.12/site-packages/airflow/example_dags/example_nested_branch_dag.py took 0.063 seconds
[2025-01-20T08:34:47.353+0000] {processor.py:186} INFO - Started process (PID=58237) to work on /home/airflow/.local/lib/python3.12/site-packages/airflow/example_dags/example_nested_branch_dag.py
[2025-01-20T08:34:47.354+0000] {processor.py:914} INFO - Processing file /home/airflow/.local/lib/python3.12/site-packages/airflow/example_dags/example_nested_branch_dag.py for tasks to queue
[2025-01-20T08:34:47.357+0000] {logging_mixin.py:190} INFO - [2025-01-20T08:34:47.357+0000] {dagbag.py:588} INFO - Filling up the DagBag from /home/airflow/.local/lib/python3.12/site-packages/airflow/example_dags/example_nested_branch_dag.py
[2025-01-20T08:34:47.370+0000] {processor.py:925} INFO - DAG(s) 'example_nested_branch_dag' retrieved from /home/airflow/.local/lib/python3.12/site-packages/airflow/example_dags/example_nested_branch_dag.py
[2025-01-20T08:34:47.392+0000] {logging_mixin.py:190} INFO - [2025-01-20T08:34:47.392+0000] {dag.py:3239} INFO - Sync 1 DAGs
[2025-01-20T08:34:47.416+0000] {logging_mixin.py:190} INFO - [2025-01-20T08:34:47.416+0000] {dag.py:4180} INFO - Setting next_dagrun for example_nested_branch_dag to 2025-01-19 00:00:00+00:00, run_after=2025-01-20 00:00:00+00:00
[2025-01-20T08:34:47.440+0000] {processor.py:208} INFO - Processing /home/airflow/.local/lib/python3.12/site-packages/airflow/example_dags/example_nested_branch_dag.py took 0.092 seconds
[2025-01-20T08:35:18.255+0000] {processor.py:186} INFO - Started process (PID=58543) to work on /home/airflow/.local/lib/python3.12/site-packages/airflow/example_dags/example_nested_branch_dag.py
[2025-01-20T08:35:18.256+0000] {processor.py:914} INFO - Processing file /home/airflow/.local/lib/python3.12/site-packages/airflow/example_dags/example_nested_branch_dag.py for tasks to queue
[2025-01-20T08:35:18.257+0000] {logging_mixin.py:190} INFO - [2025-01-20T08:35:18.257+0000] {dagbag.py:588} INFO - Filling up the DagBag from /home/airflow/.local/lib/python3.12/site-packages/airflow/example_dags/example_nested_branch_dag.py
[2025-01-20T08:35:18.265+0000] {processor.py:925} INFO - DAG(s) 'example_nested_branch_dag' retrieved from /home/airflow/.local/lib/python3.12/site-packages/airflow/example_dags/example_nested_branch_dag.py
[2025-01-20T08:35:18.286+0000] {logging_mixin.py:190} INFO - [2025-01-20T08:35:18.286+0000] {dag.py:3239} INFO - Sync 1 DAGs
[2025-01-20T08:35:18.304+0000] {logging_mixin.py:190} INFO - [2025-01-20T08:35:18.303+0000] {dag.py:4180} INFO - Setting next_dagrun for example_nested_branch_dag to 2025-01-19 00:00:00+00:00, run_after=2025-01-20 00:00:00+00:00
[2025-01-20T08:35:18.318+0000] {processor.py:208} INFO - Processing /home/airflow/.local/lib/python3.12/site-packages/airflow/example_dags/example_nested_branch_dag.py took 0.071 seconds
[2025-01-20T08:35:48.546+0000] {processor.py:186} INFO - Started process (PID=58843) to work on /home/airflow/.local/lib/python3.12/site-packages/airflow/example_dags/example_nested_branch_dag.py
[2025-01-20T08:35:48.547+0000] {processor.py:914} INFO - Processing file /home/airflow/.local/lib/python3.12/site-packages/airflow/example_dags/example_nested_branch_dag.py for tasks to queue
[2025-01-20T08:35:48.550+0000] {logging_mixin.py:190} INFO - [2025-01-20T08:35:48.549+0000] {dagbag.py:588} INFO - Filling up the DagBag from /home/airflow/.local/lib/python3.12/site-packages/airflow/example_dags/example_nested_branch_dag.py
[2025-01-20T08:35:48.559+0000] {processor.py:925} INFO - DAG(s) 'example_nested_branch_dag' retrieved from /home/airflow/.local/lib/python3.12/site-packages/airflow/example_dags/example_nested_branch_dag.py
[2025-01-20T08:35:48.578+0000] {logging_mixin.py:190} INFO - [2025-01-20T08:35:48.578+0000] {dag.py:3239} INFO - Sync 1 DAGs
[2025-01-20T08:35:48.602+0000] {logging_mixin.py:190} INFO - [2025-01-20T08:35:48.602+0000] {dag.py:4180} INFO - Setting next_dagrun for example_nested_branch_dag to 2025-01-19 00:00:00+00:00, run_after=2025-01-20 00:00:00+00:00
[2025-01-20T08:35:48.623+0000] {processor.py:208} INFO - Processing /home/airflow/.local/lib/python3.12/site-packages/airflow/example_dags/example_nested_branch_dag.py took 0.082 seconds
[2025-01-20T08:36:19.551+0000] {processor.py:186} INFO - Started process (PID=59150) to work on /home/airflow/.local/lib/python3.12/site-packages/airflow/example_dags/example_nested_branch_dag.py
[2025-01-20T08:36:19.551+0000] {processor.py:914} INFO - Processing file /home/airflow/.local/lib/python3.12/site-packages/airflow/example_dags/example_nested_branch_dag.py for tasks to queue
[2025-01-20T08:36:19.553+0000] {logging_mixin.py:190} INFO - [2025-01-20T08:36:19.553+0000] {dagbag.py:588} INFO - Filling up the DagBag from /home/airflow/.local/lib/python3.12/site-packages/airflow/example_dags/example_nested_branch_dag.py
[2025-01-20T08:36:19.561+0000] {processor.py:925} INFO - DAG(s) 'example_nested_branch_dag' retrieved from /home/airflow/.local/lib/python3.12/site-packages/airflow/example_dags/example_nested_branch_dag.py
[2025-01-20T08:36:19.582+0000] {logging_mixin.py:190} INFO - [2025-01-20T08:36:19.582+0000] {dag.py:3239} INFO - Sync 1 DAGs
[2025-01-20T08:36:19.602+0000] {logging_mixin.py:190} INFO - [2025-01-20T08:36:19.602+0000] {dag.py:4180} INFO - Setting next_dagrun for example_nested_branch_dag to 2025-01-19 00:00:00+00:00, run_after=2025-01-20 00:00:00+00:00
[2025-01-20T08:36:19.615+0000] {processor.py:208} INFO - Processing /home/airflow/.local/lib/python3.12/site-packages/airflow/example_dags/example_nested_branch_dag.py took 0.068 seconds
[2025-01-20T08:36:49.810+0000] {processor.py:186} INFO - Started process (PID=59449) to work on /home/airflow/.local/lib/python3.12/site-packages/airflow/example_dags/example_nested_branch_dag.py
[2025-01-20T08:36:49.811+0000] {processor.py:914} INFO - Processing file /home/airflow/.local/lib/python3.12/site-packages/airflow/example_dags/example_nested_branch_dag.py for tasks to queue
[2025-01-20T08:36:49.814+0000] {logging_mixin.py:190} INFO - [2025-01-20T08:36:49.813+0000] {dagbag.py:588} INFO - Filling up the DagBag from /home/airflow/.local/lib/python3.12/site-packages/airflow/example_dags/example_nested_branch_dag.py
[2025-01-20T08:36:49.821+0000] {processor.py:925} INFO - DAG(s) 'example_nested_branch_dag' retrieved from /home/airflow/.local/lib/python3.12/site-packages/airflow/example_dags/example_nested_branch_dag.py
[2025-01-20T08:36:49.837+0000] {logging_mixin.py:190} INFO - [2025-01-20T08:36:49.837+0000] {dag.py:3239} INFO - Sync 1 DAGs
[2025-01-20T08:36:49.856+0000] {logging_mixin.py:190} INFO - [2025-01-20T08:36:49.856+0000] {dag.py:4180} INFO - Setting next_dagrun for example_nested_branch_dag to 2025-01-19 00:00:00+00:00, run_after=2025-01-20 00:00:00+00:00
[2025-01-20T08:36:49.869+0000] {processor.py:208} INFO - Processing /home/airflow/.local/lib/python3.12/site-packages/airflow/example_dags/example_nested_branch_dag.py took 0.063 seconds
[2025-01-20T08:37:20.169+0000] {processor.py:186} INFO - Started process (PID=59757) to work on /home/airflow/.local/lib/python3.12/site-packages/airflow/example_dags/example_nested_branch_dag.py
[2025-01-20T08:37:20.170+0000] {processor.py:914} INFO - Processing file /home/airflow/.local/lib/python3.12/site-packages/airflow/example_dags/example_nested_branch_dag.py for tasks to queue
[2025-01-20T08:37:20.172+0000] {logging_mixin.py:190} INFO - [2025-01-20T08:37:20.172+0000] {dagbag.py:588} INFO - Filling up the DagBag from /home/airflow/.local/lib/python3.12/site-packages/airflow/example_dags/example_nested_branch_dag.py
[2025-01-20T08:37:20.180+0000] {processor.py:925} INFO - DAG(s) 'example_nested_branch_dag' retrieved from /home/airflow/.local/lib/python3.12/site-packages/airflow/example_dags/example_nested_branch_dag.py
[2025-01-20T08:37:20.202+0000] {logging_mixin.py:190} INFO - [2025-01-20T08:37:20.201+0000] {dag.py:3239} INFO - Sync 1 DAGs
[2025-01-20T08:37:20.222+0000] {logging_mixin.py:190} INFO - [2025-01-20T08:37:20.222+0000] {dag.py:4180} INFO - Setting next_dagrun for example_nested_branch_dag to 2025-01-19 00:00:00+00:00, run_after=2025-01-20 00:00:00+00:00
[2025-01-20T08:37:20.241+0000] {processor.py:208} INFO - Processing /home/airflow/.local/lib/python3.12/site-packages/airflow/example_dags/example_nested_branch_dag.py took 0.077 seconds
[2025-01-20T08:37:50.483+0000] {processor.py:186} INFO - Started process (PID=60058) to work on /home/airflow/.local/lib/python3.12/site-packages/airflow/example_dags/example_nested_branch_dag.py
[2025-01-20T08:37:50.484+0000] {processor.py:914} INFO - Processing file /home/airflow/.local/lib/python3.12/site-packages/airflow/example_dags/example_nested_branch_dag.py for tasks to queue
[2025-01-20T08:37:50.487+0000] {logging_mixin.py:190} INFO - [2025-01-20T08:37:50.486+0000] {dagbag.py:588} INFO - Filling up the DagBag from /home/airflow/.local/lib/python3.12/site-packages/airflow/example_dags/example_nested_branch_dag.py
[2025-01-20T08:37:50.500+0000] {processor.py:925} INFO - DAG(s) 'example_nested_branch_dag' retrieved from /home/airflow/.local/lib/python3.12/site-packages/airflow/example_dags/example_nested_branch_dag.py
[2025-01-20T08:37:50.519+0000] {logging_mixin.py:190} INFO - [2025-01-20T08:37:50.519+0000] {dag.py:3239} INFO - Sync 1 DAGs
[2025-01-20T08:37:50.544+0000] {logging_mixin.py:190} INFO - [2025-01-20T08:37:50.544+0000] {dag.py:4180} INFO - Setting next_dagrun for example_nested_branch_dag to 2025-01-19 00:00:00+00:00, run_after=2025-01-20 00:00:00+00:00
[2025-01-20T08:37:50.564+0000] {processor.py:208} INFO - Processing /home/airflow/.local/lib/python3.12/site-packages/airflow/example_dags/example_nested_branch_dag.py took 0.086 seconds
[2025-01-20T08:38:21.256+0000] {processor.py:186} INFO - Started process (PID=60362) to work on /home/airflow/.local/lib/python3.12/site-packages/airflow/example_dags/example_nested_branch_dag.py
[2025-01-20T08:38:21.257+0000] {processor.py:914} INFO - Processing file /home/airflow/.local/lib/python3.12/site-packages/airflow/example_dags/example_nested_branch_dag.py for tasks to queue
[2025-01-20T08:38:21.259+0000] {logging_mixin.py:190} INFO - [2025-01-20T08:38:21.259+0000] {dagbag.py:588} INFO - Filling up the DagBag from /home/airflow/.local/lib/python3.12/site-packages/airflow/example_dags/example_nested_branch_dag.py
[2025-01-20T08:38:21.267+0000] {processor.py:925} INFO - DAG(s) 'example_nested_branch_dag' retrieved from /home/airflow/.local/lib/python3.12/site-packages/airflow/example_dags/example_nested_branch_dag.py
[2025-01-20T08:38:21.281+0000] {logging_mixin.py:190} INFO - [2025-01-20T08:38:21.281+0000] {dag.py:3239} INFO - Sync 1 DAGs
[2025-01-20T08:38:21.296+0000] {logging_mixin.py:190} INFO - [2025-01-20T08:38:21.296+0000] {dag.py:4180} INFO - Setting next_dagrun for example_nested_branch_dag to 2025-01-19 00:00:00+00:00, run_after=2025-01-20 00:00:00+00:00
[2025-01-20T08:38:21.315+0000] {processor.py:208} INFO - Processing /home/airflow/.local/lib/python3.12/site-packages/airflow/example_dags/example_nested_branch_dag.py took 0.066 seconds
[2025-01-20T08:38:51.959+0000] {processor.py:186} INFO - Started process (PID=60663) to work on /home/airflow/.local/lib/python3.12/site-packages/airflow/example_dags/example_nested_branch_dag.py
[2025-01-20T08:38:51.961+0000] {processor.py:914} INFO - Processing file /home/airflow/.local/lib/python3.12/site-packages/airflow/example_dags/example_nested_branch_dag.py for tasks to queue
[2025-01-20T08:38:51.964+0000] {logging_mixin.py:190} INFO - [2025-01-20T08:38:51.964+0000] {dagbag.py:588} INFO - Filling up the DagBag from /home/airflow/.local/lib/python3.12/site-packages/airflow/example_dags/example_nested_branch_dag.py
[2025-01-20T08:38:51.972+0000] {processor.py:925} INFO - DAG(s) 'example_nested_branch_dag' retrieved from /home/airflow/.local/lib/python3.12/site-packages/airflow/example_dags/example_nested_branch_dag.py
[2025-01-20T08:38:51.996+0000] {logging_mixin.py:190} INFO - [2025-01-20T08:38:51.996+0000] {dag.py:3239} INFO - Sync 1 DAGs
[2025-01-20T08:38:52.033+0000] {logging_mixin.py:190} INFO - [2025-01-20T08:38:52.032+0000] {dag.py:4180} INFO - Setting next_dagrun for example_nested_branch_dag to 2025-01-19 00:00:00+00:00, run_after=2025-01-20 00:00:00+00:00
[2025-01-20T08:38:52.052+0000] {processor.py:208} INFO - Processing /home/airflow/.local/lib/python3.12/site-packages/airflow/example_dags/example_nested_branch_dag.py took 0.100 seconds
[2025-01-20T08:39:22.443+0000] {processor.py:186} INFO - Started process (PID=60971) to work on /home/airflow/.local/lib/python3.12/site-packages/airflow/example_dags/example_nested_branch_dag.py
[2025-01-20T08:39:22.444+0000] {processor.py:914} INFO - Processing file /home/airflow/.local/lib/python3.12/site-packages/airflow/example_dags/example_nested_branch_dag.py for tasks to queue
[2025-01-20T08:39:22.446+0000] {logging_mixin.py:190} INFO - [2025-01-20T08:39:22.446+0000] {dagbag.py:588} INFO - Filling up the DagBag from /home/airflow/.local/lib/python3.12/site-packages/airflow/example_dags/example_nested_branch_dag.py
[2025-01-20T08:39:22.456+0000] {processor.py:925} INFO - DAG(s) 'example_nested_branch_dag' retrieved from /home/airflow/.local/lib/python3.12/site-packages/airflow/example_dags/example_nested_branch_dag.py
[2025-01-20T08:39:22.477+0000] {logging_mixin.py:190} INFO - [2025-01-20T08:39:22.477+0000] {dag.py:3239} INFO - Sync 1 DAGs
[2025-01-20T08:39:22.493+0000] {logging_mixin.py:190} INFO - [2025-01-20T08:39:22.492+0000] {dag.py:4180} INFO - Setting next_dagrun for example_nested_branch_dag to 2025-01-19 00:00:00+00:00, run_after=2025-01-20 00:00:00+00:00
[2025-01-20T08:39:22.505+0000] {processor.py:208} INFO - Processing /home/airflow/.local/lib/python3.12/site-packages/airflow/example_dags/example_nested_branch_dag.py took 0.069 seconds
[2025-01-20T08:39:53.585+0000] {processor.py:186} INFO - Started process (PID=61270) to work on /home/airflow/.local/lib/python3.12/site-packages/airflow/example_dags/example_nested_branch_dag.py
[2025-01-20T08:39:53.586+0000] {processor.py:914} INFO - Processing file /home/airflow/.local/lib/python3.12/site-packages/airflow/example_dags/example_nested_branch_dag.py for tasks to queue
[2025-01-20T08:39:53.590+0000] {logging_mixin.py:190} INFO - [2025-01-20T08:39:53.589+0000] {dagbag.py:588} INFO - Filling up the DagBag from /home/airflow/.local/lib/python3.12/site-packages/airflow/example_dags/example_nested_branch_dag.py
[2025-01-20T08:39:53.603+0000] {processor.py:925} INFO - DAG(s) 'example_nested_branch_dag' retrieved from /home/airflow/.local/lib/python3.12/site-packages/airflow/example_dags/example_nested_branch_dag.py
[2025-01-20T08:39:53.628+0000] {logging_mixin.py:190} INFO - [2025-01-20T08:39:53.627+0000] {dag.py:3239} INFO - Sync 1 DAGs
[2025-01-20T08:39:53.651+0000] {logging_mixin.py:190} INFO - [2025-01-20T08:39:53.651+0000] {dag.py:4180} INFO - Setting next_dagrun for example_nested_branch_dag to 2025-01-19 00:00:00+00:00, run_after=2025-01-20 00:00:00+00:00
[2025-01-20T08:39:53.669+0000] {processor.py:208} INFO - Processing /home/airflow/.local/lib/python3.12/site-packages/airflow/example_dags/example_nested_branch_dag.py took 0.090 seconds
[2025-01-20T08:40:24.164+0000] {processor.py:186} INFO - Started process (PID=61578) to work on /home/airflow/.local/lib/python3.12/site-packages/airflow/example_dags/example_nested_branch_dag.py
[2025-01-20T08:40:24.165+0000] {processor.py:914} INFO - Processing file /home/airflow/.local/lib/python3.12/site-packages/airflow/example_dags/example_nested_branch_dag.py for tasks to queue
[2025-01-20T08:40:24.167+0000] {logging_mixin.py:190} INFO - [2025-01-20T08:40:24.167+0000] {dagbag.py:588} INFO - Filling up the DagBag from /home/airflow/.local/lib/python3.12/site-packages/airflow/example_dags/example_nested_branch_dag.py
[2025-01-20T08:40:24.176+0000] {processor.py:925} INFO - DAG(s) 'example_nested_branch_dag' retrieved from /home/airflow/.local/lib/python3.12/site-packages/airflow/example_dags/example_nested_branch_dag.py
[2025-01-20T08:40:24.188+0000] {logging_mixin.py:190} INFO - [2025-01-20T08:40:24.188+0000] {dag.py:3239} INFO - Sync 1 DAGs
[2025-01-20T08:40:24.205+0000] {logging_mixin.py:190} INFO - [2025-01-20T08:40:24.205+0000] {dag.py:4180} INFO - Setting next_dagrun for example_nested_branch_dag to 2025-01-19 00:00:00+00:00, run_after=2025-01-20 00:00:00+00:00
[2025-01-20T08:40:24.220+0000] {processor.py:208} INFO - Processing /home/airflow/.local/lib/python3.12/site-packages/airflow/example_dags/example_nested_branch_dag.py took 0.060 seconds
[2025-01-20T08:40:54.942+0000] {processor.py:186} INFO - Started process (PID=61879) to work on /home/airflow/.local/lib/python3.12/site-packages/airflow/example_dags/example_nested_branch_dag.py
[2025-01-20T08:40:54.943+0000] {processor.py:914} INFO - Processing file /home/airflow/.local/lib/python3.12/site-packages/airflow/example_dags/example_nested_branch_dag.py for tasks to queue
[2025-01-20T08:40:54.946+0000] {logging_mixin.py:190} INFO - [2025-01-20T08:40:54.945+0000] {dagbag.py:588} INFO - Filling up the DagBag from /home/airflow/.local/lib/python3.12/site-packages/airflow/example_dags/example_nested_branch_dag.py
[2025-01-20T08:40:54.956+0000] {processor.py:925} INFO - DAG(s) 'example_nested_branch_dag' retrieved from /home/airflow/.local/lib/python3.12/site-packages/airflow/example_dags/example_nested_branch_dag.py
[2025-01-20T08:40:54.995+0000] {logging_mixin.py:190} INFO - [2025-01-20T08:40:54.994+0000] {dag.py:3239} INFO - Sync 1 DAGs
[2025-01-20T08:40:55.021+0000] {logging_mixin.py:190} INFO - [2025-01-20T08:40:55.020+0000] {dag.py:4180} INFO - Setting next_dagrun for example_nested_branch_dag to 2025-01-19 00:00:00+00:00, run_after=2025-01-20 00:00:00+00:00
[2025-01-20T08:40:55.054+0000] {processor.py:208} INFO - Processing /home/airflow/.local/lib/python3.12/site-packages/airflow/example_dags/example_nested_branch_dag.py took 0.119 seconds
[2025-01-20T08:41:25.317+0000] {processor.py:186} INFO - Started process (PID=62183) to work on /home/airflow/.local/lib/python3.12/site-packages/airflow/example_dags/example_nested_branch_dag.py
[2025-01-20T08:41:25.318+0000] {processor.py:914} INFO - Processing file /home/airflow/.local/lib/python3.12/site-packages/airflow/example_dags/example_nested_branch_dag.py for tasks to queue
[2025-01-20T08:41:25.321+0000] {logging_mixin.py:190} INFO - [2025-01-20T08:41:25.321+0000] {dagbag.py:588} INFO - Filling up the DagBag from /home/airflow/.local/lib/python3.12/site-packages/airflow/example_dags/example_nested_branch_dag.py
[2025-01-20T08:41:25.334+0000] {processor.py:925} INFO - DAG(s) 'example_nested_branch_dag' retrieved from /home/airflow/.local/lib/python3.12/site-packages/airflow/example_dags/example_nested_branch_dag.py
[2025-01-20T08:41:25.355+0000] {logging_mixin.py:190} INFO - [2025-01-20T08:41:25.355+0000] {dag.py:3239} INFO - Sync 1 DAGs
[2025-01-20T08:41:25.384+0000] {logging_mixin.py:190} INFO - [2025-01-20T08:41:25.383+0000] {dag.py:4180} INFO - Setting next_dagrun for example_nested_branch_dag to 2025-01-19 00:00:00+00:00, run_after=2025-01-20 00:00:00+00:00
[2025-01-20T08:41:25.402+0000] {processor.py:208} INFO - Processing /home/airflow/.local/lib/python3.12/site-packages/airflow/example_dags/example_nested_branch_dag.py took 0.093 seconds
[2025-01-20T08:41:55.467+0000] {processor.py:186} INFO - Started process (PID=62484) to work on /home/airflow/.local/lib/python3.12/site-packages/airflow/example_dags/example_nested_branch_dag.py
[2025-01-20T08:41:55.468+0000] {processor.py:914} INFO - Processing file /home/airflow/.local/lib/python3.12/site-packages/airflow/example_dags/example_nested_branch_dag.py for tasks to queue
[2025-01-20T08:41:55.472+0000] {logging_mixin.py:190} INFO - [2025-01-20T08:41:55.471+0000] {dagbag.py:588} INFO - Filling up the DagBag from /home/airflow/.local/lib/python3.12/site-packages/airflow/example_dags/example_nested_branch_dag.py
[2025-01-20T08:41:55.485+0000] {processor.py:925} INFO - DAG(s) 'example_nested_branch_dag' retrieved from /home/airflow/.local/lib/python3.12/site-packages/airflow/example_dags/example_nested_branch_dag.py
[2025-01-20T08:41:55.504+0000] {logging_mixin.py:190} INFO - [2025-01-20T08:41:55.503+0000] {dag.py:3239} INFO - Sync 1 DAGs
[2025-01-20T08:41:55.523+0000] {logging_mixin.py:190} INFO - [2025-01-20T08:41:55.523+0000] {dag.py:4180} INFO - Setting next_dagrun for example_nested_branch_dag to 2025-01-19 00:00:00+00:00, run_after=2025-01-20 00:00:00+00:00
[2025-01-20T08:41:55.540+0000] {processor.py:208} INFO - Processing /home/airflow/.local/lib/python3.12/site-packages/airflow/example_dags/example_nested_branch_dag.py took 0.079 seconds
[2025-01-20T08:42:25.877+0000] {processor.py:186} INFO - Started process (PID=62792) to work on /home/airflow/.local/lib/python3.12/site-packages/airflow/example_dags/example_nested_branch_dag.py
[2025-01-20T08:42:25.878+0000] {processor.py:914} INFO - Processing file /home/airflow/.local/lib/python3.12/site-packages/airflow/example_dags/example_nested_branch_dag.py for tasks to queue
[2025-01-20T08:42:25.880+0000] {logging_mixin.py:190} INFO - [2025-01-20T08:42:25.879+0000] {dagbag.py:588} INFO - Filling up the DagBag from /home/airflow/.local/lib/python3.12/site-packages/airflow/example_dags/example_nested_branch_dag.py
[2025-01-20T08:42:25.889+0000] {processor.py:925} INFO - DAG(s) 'example_nested_branch_dag' retrieved from /home/airflow/.local/lib/python3.12/site-packages/airflow/example_dags/example_nested_branch_dag.py
[2025-01-20T08:42:25.910+0000] {logging_mixin.py:190} INFO - [2025-01-20T08:42:25.910+0000] {dag.py:3239} INFO - Sync 1 DAGs
[2025-01-20T08:42:25.942+0000] {logging_mixin.py:190} INFO - [2025-01-20T08:42:25.942+0000] {dag.py:4180} INFO - Setting next_dagrun for example_nested_branch_dag to 2025-01-19 00:00:00+00:00, run_after=2025-01-20 00:00:00+00:00
[2025-01-20T08:42:25.963+0000] {processor.py:208} INFO - Processing /home/airflow/.local/lib/python3.12/site-packages/airflow/example_dags/example_nested_branch_dag.py took 0.092 seconds
[2025-01-20T08:42:56.484+0000] {processor.py:186} INFO - Started process (PID=63093) to work on /home/airflow/.local/lib/python3.12/site-packages/airflow/example_dags/example_nested_branch_dag.py
[2025-01-20T08:42:56.485+0000] {processor.py:914} INFO - Processing file /home/airflow/.local/lib/python3.12/site-packages/airflow/example_dags/example_nested_branch_dag.py for tasks to queue
[2025-01-20T08:42:56.490+0000] {logging_mixin.py:190} INFO - [2025-01-20T08:42:56.489+0000] {dagbag.py:588} INFO - Filling up the DagBag from /home/airflow/.local/lib/python3.12/site-packages/airflow/example_dags/example_nested_branch_dag.py
[2025-01-20T08:42:56.501+0000] {processor.py:925} INFO - DAG(s) 'example_nested_branch_dag' retrieved from /home/airflow/.local/lib/python3.12/site-packages/airflow/example_dags/example_nested_branch_dag.py
[2025-01-20T08:42:56.520+0000] {logging_mixin.py:190} INFO - [2025-01-20T08:42:56.519+0000] {dag.py:3239} INFO - Sync 1 DAGs
[2025-01-20T08:42:56.539+0000] {logging_mixin.py:190} INFO - [2025-01-20T08:42:56.539+0000] {dag.py:4180} INFO - Setting next_dagrun for example_nested_branch_dag to 2025-01-19 00:00:00+00:00, run_after=2025-01-20 00:00:00+00:00
[2025-01-20T08:42:56.553+0000] {processor.py:208} INFO - Processing /home/airflow/.local/lib/python3.12/site-packages/airflow/example_dags/example_nested_branch_dag.py took 0.077 seconds
[2025-01-20T08:43:27.091+0000] {processor.py:186} INFO - Started process (PID=63399) to work on /home/airflow/.local/lib/python3.12/site-packages/airflow/example_dags/example_nested_branch_dag.py
[2025-01-20T08:43:27.091+0000] {processor.py:914} INFO - Processing file /home/airflow/.local/lib/python3.12/site-packages/airflow/example_dags/example_nested_branch_dag.py for tasks to queue
[2025-01-20T08:43:27.093+0000] {logging_mixin.py:190} INFO - [2025-01-20T08:43:27.093+0000] {dagbag.py:588} INFO - Filling up the DagBag from /home/airflow/.local/lib/python3.12/site-packages/airflow/example_dags/example_nested_branch_dag.py
[2025-01-20T08:43:27.102+0000] {processor.py:925} INFO - DAG(s) 'example_nested_branch_dag' retrieved from /home/airflow/.local/lib/python3.12/site-packages/airflow/example_dags/example_nested_branch_dag.py
[2025-01-20T08:43:27.118+0000] {logging_mixin.py:190} INFO - [2025-01-20T08:43:27.118+0000] {dag.py:3239} INFO - Sync 1 DAGs
[2025-01-20T08:43:27.133+0000] {logging_mixin.py:190} INFO - [2025-01-20T08:43:27.132+0000] {dag.py:4180} INFO - Setting next_dagrun for example_nested_branch_dag to 2025-01-19 00:00:00+00:00, run_after=2025-01-20 00:00:00+00:00
[2025-01-20T08:43:27.145+0000] {processor.py:208} INFO - Processing /home/airflow/.local/lib/python3.12/site-packages/airflow/example_dags/example_nested_branch_dag.py took 0.058 seconds
[2025-01-20T08:43:57.308+0000] {processor.py:186} INFO - Started process (PID=63698) to work on /home/airflow/.local/lib/python3.12/site-packages/airflow/example_dags/example_nested_branch_dag.py
[2025-01-20T08:43:57.309+0000] {processor.py:914} INFO - Processing file /home/airflow/.local/lib/python3.12/site-packages/airflow/example_dags/example_nested_branch_dag.py for tasks to queue
[2025-01-20T08:43:57.311+0000] {logging_mixin.py:190} INFO - [2025-01-20T08:43:57.311+0000] {dagbag.py:588} INFO - Filling up the DagBag from /home/airflow/.local/lib/python3.12/site-packages/airflow/example_dags/example_nested_branch_dag.py
[2025-01-20T08:43:57.318+0000] {processor.py:925} INFO - DAG(s) 'example_nested_branch_dag' retrieved from /home/airflow/.local/lib/python3.12/site-packages/airflow/example_dags/example_nested_branch_dag.py
[2025-01-20T08:43:57.339+0000] {logging_mixin.py:190} INFO - [2025-01-20T08:43:57.339+0000] {dag.py:3239} INFO - Sync 1 DAGs
[2025-01-20T08:43:57.355+0000] {logging_mixin.py:190} INFO - [2025-01-20T08:43:57.355+0000] {dag.py:4180} INFO - Setting next_dagrun for example_nested_branch_dag to 2025-01-19 00:00:00+00:00, run_after=2025-01-20 00:00:00+00:00
[2025-01-20T08:43:57.372+0000] {processor.py:208} INFO - Processing /home/airflow/.local/lib/python3.12/site-packages/airflow/example_dags/example_nested_branch_dag.py took 0.071 seconds
[2025-01-20T08:44:27.462+0000] {processor.py:186} INFO - Started process (PID=64006) to work on /home/airflow/.local/lib/python3.12/site-packages/airflow/example_dags/example_nested_branch_dag.py
[2025-01-20T08:44:27.463+0000] {processor.py:914} INFO - Processing file /home/airflow/.local/lib/python3.12/site-packages/airflow/example_dags/example_nested_branch_dag.py for tasks to queue
[2025-01-20T08:44:27.465+0000] {logging_mixin.py:190} INFO - [2025-01-20T08:44:27.465+0000] {dagbag.py:588} INFO - Filling up the DagBag from /home/airflow/.local/lib/python3.12/site-packages/airflow/example_dags/example_nested_branch_dag.py
[2025-01-20T08:44:27.474+0000] {processor.py:925} INFO - DAG(s) 'example_nested_branch_dag' retrieved from /home/airflow/.local/lib/python3.12/site-packages/airflow/example_dags/example_nested_branch_dag.py
[2025-01-20T08:44:27.490+0000] {logging_mixin.py:190} INFO - [2025-01-20T08:44:27.490+0000] {dag.py:3239} INFO - Sync 1 DAGs
[2025-01-20T08:44:27.507+0000] {logging_mixin.py:190} INFO - [2025-01-20T08:44:27.506+0000] {dag.py:4180} INFO - Setting next_dagrun for example_nested_branch_dag to 2025-01-19 00:00:00+00:00, run_after=2025-01-20 00:00:00+00:00
[2025-01-20T08:44:27.522+0000] {processor.py:208} INFO - Processing /home/airflow/.local/lib/python3.12/site-packages/airflow/example_dags/example_nested_branch_dag.py took 0.063 seconds
[2025-01-20T08:44:57.744+0000] {processor.py:186} INFO - Started process (PID=64307) to work on /home/airflow/.local/lib/python3.12/site-packages/airflow/example_dags/example_nested_branch_dag.py
[2025-01-20T08:44:57.744+0000] {processor.py:914} INFO - Processing file /home/airflow/.local/lib/python3.12/site-packages/airflow/example_dags/example_nested_branch_dag.py for tasks to queue
[2025-01-20T08:44:57.747+0000] {logging_mixin.py:190} INFO - [2025-01-20T08:44:57.746+0000] {dagbag.py:588} INFO - Filling up the DagBag from /home/airflow/.local/lib/python3.12/site-packages/airflow/example_dags/example_nested_branch_dag.py
[2025-01-20T08:44:57.754+0000] {processor.py:925} INFO - DAG(s) 'example_nested_branch_dag' retrieved from /home/airflow/.local/lib/python3.12/site-packages/airflow/example_dags/example_nested_branch_dag.py
[2025-01-20T08:44:57.770+0000] {logging_mixin.py:190} INFO - [2025-01-20T08:44:57.770+0000] {dag.py:3239} INFO - Sync 1 DAGs
[2025-01-20T08:44:57.786+0000] {logging_mixin.py:190} INFO - [2025-01-20T08:44:57.785+0000] {dag.py:4180} INFO - Setting next_dagrun for example_nested_branch_dag to 2025-01-19 00:00:00+00:00, run_after=2025-01-20 00:00:00+00:00
[2025-01-20T08:44:57.803+0000] {processor.py:208} INFO - Processing /home/airflow/.local/lib/python3.12/site-packages/airflow/example_dags/example_nested_branch_dag.py took 0.063 seconds
[2025-01-20T08:45:28.362+0000] {processor.py:186} INFO - Started process (PID=64613) to work on /home/airflow/.local/lib/python3.12/site-packages/airflow/example_dags/example_nested_branch_dag.py
[2025-01-20T08:45:28.363+0000] {processor.py:914} INFO - Processing file /home/airflow/.local/lib/python3.12/site-packages/airflow/example_dags/example_nested_branch_dag.py for tasks to queue
[2025-01-20T08:45:28.365+0000] {logging_mixin.py:190} INFO - [2025-01-20T08:45:28.365+0000] {dagbag.py:588} INFO - Filling up the DagBag from /home/airflow/.local/lib/python3.12/site-packages/airflow/example_dags/example_nested_branch_dag.py
[2025-01-20T08:45:28.373+0000] {processor.py:925} INFO - DAG(s) 'example_nested_branch_dag' retrieved from /home/airflow/.local/lib/python3.12/site-packages/airflow/example_dags/example_nested_branch_dag.py
[2025-01-20T08:45:28.388+0000] {logging_mixin.py:190} INFO - [2025-01-20T08:45:28.387+0000] {dag.py:3239} INFO - Sync 1 DAGs
[2025-01-20T08:45:28.402+0000] {logging_mixin.py:190} INFO - [2025-01-20T08:45:28.402+0000] {dag.py:4180} INFO - Setting next_dagrun for example_nested_branch_dag to 2025-01-19 00:00:00+00:00, run_after=2025-01-20 00:00:00+00:00
[2025-01-20T08:45:28.414+0000] {processor.py:208} INFO - Processing /home/airflow/.local/lib/python3.12/site-packages/airflow/example_dags/example_nested_branch_dag.py took 0.056 seconds
[2025-01-20T08:45:58.970+0000] {processor.py:186} INFO - Started process (PID=64914) to work on /home/airflow/.local/lib/python3.12/site-packages/airflow/example_dags/example_nested_branch_dag.py
[2025-01-20T08:45:58.971+0000] {processor.py:914} INFO - Processing file /home/airflow/.local/lib/python3.12/site-packages/airflow/example_dags/example_nested_branch_dag.py for tasks to queue
[2025-01-20T08:45:58.973+0000] {logging_mixin.py:190} INFO - [2025-01-20T08:45:58.973+0000] {dagbag.py:588} INFO - Filling up the DagBag from /home/airflow/.local/lib/python3.12/site-packages/airflow/example_dags/example_nested_branch_dag.py
[2025-01-20T08:45:58.980+0000] {processor.py:925} INFO - DAG(s) 'example_nested_branch_dag' retrieved from /home/airflow/.local/lib/python3.12/site-packages/airflow/example_dags/example_nested_branch_dag.py
[2025-01-20T08:45:58.994+0000] {logging_mixin.py:190} INFO - [2025-01-20T08:45:58.994+0000] {dag.py:3239} INFO - Sync 1 DAGs
[2025-01-20T08:45:59.010+0000] {logging_mixin.py:190} INFO - [2025-01-20T08:45:59.010+0000] {dag.py:4180} INFO - Setting next_dagrun for example_nested_branch_dag to 2025-01-19 00:00:00+00:00, run_after=2025-01-20 00:00:00+00:00
[2025-01-20T08:45:59.024+0000] {processor.py:208} INFO - Processing /home/airflow/.local/lib/python3.12/site-packages/airflow/example_dags/example_nested_branch_dag.py took 0.062 seconds
[2025-01-20T08:46:29.490+0000] {processor.py:186} INFO - Started process (PID=65220) to work on /home/airflow/.local/lib/python3.12/site-packages/airflow/example_dags/example_nested_branch_dag.py
[2025-01-20T08:46:29.491+0000] {processor.py:914} INFO - Processing file /home/airflow/.local/lib/python3.12/site-packages/airflow/example_dags/example_nested_branch_dag.py for tasks to queue
[2025-01-20T08:46:29.495+0000] {logging_mixin.py:190} INFO - [2025-01-20T08:46:29.495+0000] {dagbag.py:588} INFO - Filling up the DagBag from /home/airflow/.local/lib/python3.12/site-packages/airflow/example_dags/example_nested_branch_dag.py
[2025-01-20T08:46:29.504+0000] {processor.py:925} INFO - DAG(s) 'example_nested_branch_dag' retrieved from /home/airflow/.local/lib/python3.12/site-packages/airflow/example_dags/example_nested_branch_dag.py
[2025-01-20T08:46:29.520+0000] {logging_mixin.py:190} INFO - [2025-01-20T08:46:29.520+0000] {dag.py:3239} INFO - Sync 1 DAGs
[2025-01-20T08:46:29.536+0000] {logging_mixin.py:190} INFO - [2025-01-20T08:46:29.535+0000] {dag.py:4180} INFO - Setting next_dagrun for example_nested_branch_dag to 2025-01-19 00:00:00+00:00, run_after=2025-01-20 00:00:00+00:00
[2025-01-20T08:46:29.552+0000] {processor.py:208} INFO - Processing /home/airflow/.local/lib/python3.12/site-packages/airflow/example_dags/example_nested_branch_dag.py took 0.069 seconds
[2025-01-20T08:47:00.165+0000] {processor.py:186} INFO - Started process (PID=65521) to work on /home/airflow/.local/lib/python3.12/site-packages/airflow/example_dags/example_nested_branch_dag.py
[2025-01-20T08:47:00.166+0000] {processor.py:914} INFO - Processing file /home/airflow/.local/lib/python3.12/site-packages/airflow/example_dags/example_nested_branch_dag.py for tasks to queue
[2025-01-20T08:47:00.169+0000] {logging_mixin.py:190} INFO - [2025-01-20T08:47:00.168+0000] {dagbag.py:588} INFO - Filling up the DagBag from /home/airflow/.local/lib/python3.12/site-packages/airflow/example_dags/example_nested_branch_dag.py
[2025-01-20T08:47:00.182+0000] {processor.py:925} INFO - DAG(s) 'example_nested_branch_dag' retrieved from /home/airflow/.local/lib/python3.12/site-packages/airflow/example_dags/example_nested_branch_dag.py
[2025-01-20T08:47:00.208+0000] {logging_mixin.py:190} INFO - [2025-01-20T08:47:00.207+0000] {dag.py:3239} INFO - Sync 1 DAGs
[2025-01-20T08:47:00.231+0000] {logging_mixin.py:190} INFO - [2025-01-20T08:47:00.230+0000] {dag.py:4180} INFO - Setting next_dagrun for example_nested_branch_dag to 2025-01-19 00:00:00+00:00, run_after=2025-01-20 00:00:00+00:00
[2025-01-20T08:47:00.253+0000] {processor.py:208} INFO - Processing /home/airflow/.local/lib/python3.12/site-packages/airflow/example_dags/example_nested_branch_dag.py took 0.096 seconds
[2025-01-20T08:47:30.446+0000] {processor.py:186} INFO - Started process (PID=65825) to work on /home/airflow/.local/lib/python3.12/site-packages/airflow/example_dags/example_nested_branch_dag.py
[2025-01-20T08:47:30.447+0000] {processor.py:914} INFO - Processing file /home/airflow/.local/lib/python3.12/site-packages/airflow/example_dags/example_nested_branch_dag.py for tasks to queue
[2025-01-20T08:47:30.450+0000] {logging_mixin.py:190} INFO - [2025-01-20T08:47:30.450+0000] {dagbag.py:588} INFO - Filling up the DagBag from /home/airflow/.local/lib/python3.12/site-packages/airflow/example_dags/example_nested_branch_dag.py
[2025-01-20T08:47:30.460+0000] {processor.py:925} INFO - DAG(s) 'example_nested_branch_dag' retrieved from /home/airflow/.local/lib/python3.12/site-packages/airflow/example_dags/example_nested_branch_dag.py
[2025-01-20T08:47:30.482+0000] {logging_mixin.py:190} INFO - [2025-01-20T08:47:30.482+0000] {dag.py:3239} INFO - Sync 1 DAGs
[2025-01-20T08:47:30.509+0000] {logging_mixin.py:190} INFO - [2025-01-20T08:47:30.509+0000] {dag.py:4180} INFO - Setting next_dagrun for example_nested_branch_dag to 2025-01-19 00:00:00+00:00, run_after=2025-01-20 00:00:00+00:00
[2025-01-20T08:47:30.531+0000] {processor.py:208} INFO - Processing /home/airflow/.local/lib/python3.12/site-packages/airflow/example_dags/example_nested_branch_dag.py took 0.092 seconds
[2025-01-20T08:48:00.756+0000] {processor.py:186} INFO - Started process (PID=66126) to work on /home/airflow/.local/lib/python3.12/site-packages/airflow/example_dags/example_nested_branch_dag.py
[2025-01-20T08:48:00.756+0000] {processor.py:914} INFO - Processing file /home/airflow/.local/lib/python3.12/site-packages/airflow/example_dags/example_nested_branch_dag.py for tasks to queue
[2025-01-20T08:48:00.759+0000] {logging_mixin.py:190} INFO - [2025-01-20T08:48:00.758+0000] {dagbag.py:588} INFO - Filling up the DagBag from /home/airflow/.local/lib/python3.12/site-packages/airflow/example_dags/example_nested_branch_dag.py
[2025-01-20T08:48:00.766+0000] {processor.py:925} INFO - DAG(s) 'example_nested_branch_dag' retrieved from /home/airflow/.local/lib/python3.12/site-packages/airflow/example_dags/example_nested_branch_dag.py
[2025-01-20T08:48:00.782+0000] {logging_mixin.py:190} INFO - [2025-01-20T08:48:00.781+0000] {dag.py:3239} INFO - Sync 1 DAGs
[2025-01-20T08:48:00.804+0000] {logging_mixin.py:190} INFO - [2025-01-20T08:48:00.804+0000] {dag.py:4180} INFO - Setting next_dagrun for example_nested_branch_dag to 2025-01-19 00:00:00+00:00, run_after=2025-01-20 00:00:00+00:00
[2025-01-20T08:48:00.825+0000] {processor.py:208} INFO - Processing /home/airflow/.local/lib/python3.12/site-packages/airflow/example_dags/example_nested_branch_dag.py took 0.074 seconds
[2025-01-20T08:48:30.996+0000] {processor.py:186} INFO - Started process (PID=66434) to work on /home/airflow/.local/lib/python3.12/site-packages/airflow/example_dags/example_nested_branch_dag.py
[2025-01-20T08:48:30.997+0000] {processor.py:914} INFO - Processing file /home/airflow/.local/lib/python3.12/site-packages/airflow/example_dags/example_nested_branch_dag.py for tasks to queue
[2025-01-20T08:48:30.999+0000] {logging_mixin.py:190} INFO - [2025-01-20T08:48:30.998+0000] {dagbag.py:588} INFO - Filling up the DagBag from /home/airflow/.local/lib/python3.12/site-packages/airflow/example_dags/example_nested_branch_dag.py
[2025-01-20T08:48:31.006+0000] {processor.py:925} INFO - DAG(s) 'example_nested_branch_dag' retrieved from /home/airflow/.local/lib/python3.12/site-packages/airflow/example_dags/example_nested_branch_dag.py
[2025-01-20T08:48:31.019+0000] {logging_mixin.py:190} INFO - [2025-01-20T08:48:31.019+0000] {dag.py:3239} INFO - Sync 1 DAGs
[2025-01-20T08:48:31.034+0000] {logging_mixin.py:190} INFO - [2025-01-20T08:48:31.033+0000] {dag.py:4180} INFO - Setting next_dagrun for example_nested_branch_dag to 2025-01-19 00:00:00+00:00, run_after=2025-01-20 00:00:00+00:00
[2025-01-20T08:48:31.045+0000] {processor.py:208} INFO - Processing /home/airflow/.local/lib/python3.12/site-packages/airflow/example_dags/example_nested_branch_dag.py took 0.054 seconds
[2025-01-20T08:49:01.497+0000] {processor.py:186} INFO - Started process (PID=66738) to work on /home/airflow/.local/lib/python3.12/site-packages/airflow/example_dags/example_nested_branch_dag.py
[2025-01-20T08:49:01.497+0000] {processor.py:914} INFO - Processing file /home/airflow/.local/lib/python3.12/site-packages/airflow/example_dags/example_nested_branch_dag.py for tasks to queue
[2025-01-20T08:49:01.500+0000] {logging_mixin.py:190} INFO - [2025-01-20T08:49:01.499+0000] {dagbag.py:588} INFO - Filling up the DagBag from /home/airflow/.local/lib/python3.12/site-packages/airflow/example_dags/example_nested_branch_dag.py
[2025-01-20T08:49:01.508+0000] {processor.py:925} INFO - DAG(s) 'example_nested_branch_dag' retrieved from /home/airflow/.local/lib/python3.12/site-packages/airflow/example_dags/example_nested_branch_dag.py
[2025-01-20T08:49:01.532+0000] {logging_mixin.py:190} INFO - [2025-01-20T08:49:01.532+0000] {dag.py:3239} INFO - Sync 1 DAGs
[2025-01-20T08:49:01.552+0000] {logging_mixin.py:190} INFO - [2025-01-20T08:49:01.552+0000] {dag.py:4180} INFO - Setting next_dagrun for example_nested_branch_dag to 2025-01-19 00:00:00+00:00, run_after=2025-01-20 00:00:00+00:00
[2025-01-20T08:49:01.570+0000] {processor.py:208} INFO - Processing /home/airflow/.local/lib/python3.12/site-packages/airflow/example_dags/example_nested_branch_dag.py took 0.078 seconds
[2025-01-20T08:49:32.568+0000] {processor.py:186} INFO - Started process (PID=67039) to work on /home/airflow/.local/lib/python3.12/site-packages/airflow/example_dags/example_nested_branch_dag.py
[2025-01-20T08:49:32.570+0000] {processor.py:914} INFO - Processing file /home/airflow/.local/lib/python3.12/site-packages/airflow/example_dags/example_nested_branch_dag.py for tasks to queue
[2025-01-20T08:49:32.575+0000] {logging_mixin.py:190} INFO - [2025-01-20T08:49:32.574+0000] {dagbag.py:588} INFO - Filling up the DagBag from /home/airflow/.local/lib/python3.12/site-packages/airflow/example_dags/example_nested_branch_dag.py
[2025-01-20T08:49:32.614+0000] {processor.py:925} INFO - DAG(s) 'example_nested_branch_dag' retrieved from /home/airflow/.local/lib/python3.12/site-packages/airflow/example_dags/example_nested_branch_dag.py
[2025-01-20T08:49:32.673+0000] {logging_mixin.py:190} INFO - [2025-01-20T08:49:32.672+0000] {dag.py:3239} INFO - Sync 1 DAGs
[2025-01-20T08:49:32.705+0000] {logging_mixin.py:190} INFO - [2025-01-20T08:49:32.705+0000] {dag.py:4180} INFO - Setting next_dagrun for example_nested_branch_dag to 2025-01-19 00:00:00+00:00, run_after=2025-01-20 00:00:00+00:00
[2025-01-20T08:49:32.724+0000] {processor.py:208} INFO - Processing /home/airflow/.local/lib/python3.12/site-packages/airflow/example_dags/example_nested_branch_dag.py took 0.172 seconds
[2025-01-20T08:50:02.882+0000] {processor.py:186} INFO - Started process (PID=67345) to work on /home/airflow/.local/lib/python3.12/site-packages/airflow/example_dags/example_nested_branch_dag.py
[2025-01-20T08:50:02.883+0000] {processor.py:914} INFO - Processing file /home/airflow/.local/lib/python3.12/site-packages/airflow/example_dags/example_nested_branch_dag.py for tasks to queue
[2025-01-20T08:50:02.885+0000] {logging_mixin.py:190} INFO - [2025-01-20T08:50:02.885+0000] {dagbag.py:588} INFO - Filling up the DagBag from /home/airflow/.local/lib/python3.12/site-packages/airflow/example_dags/example_nested_branch_dag.py
[2025-01-20T08:50:02.896+0000] {processor.py:925} INFO - DAG(s) 'example_nested_branch_dag' retrieved from /home/airflow/.local/lib/python3.12/site-packages/airflow/example_dags/example_nested_branch_dag.py
[2025-01-20T08:50:02.910+0000] {logging_mixin.py:190} INFO - [2025-01-20T08:50:02.910+0000] {dag.py:3239} INFO - Sync 1 DAGs
[2025-01-20T08:50:02.930+0000] {logging_mixin.py:190} INFO - [2025-01-20T08:50:02.929+0000] {dag.py:4180} INFO - Setting next_dagrun for example_nested_branch_dag to 2025-01-19 00:00:00+00:00, run_after=2025-01-20 00:00:00+00:00
[2025-01-20T08:50:02.945+0000] {processor.py:208} INFO - Processing /home/airflow/.local/lib/python3.12/site-packages/airflow/example_dags/example_nested_branch_dag.py took 0.068 seconds
[2025-01-20T08:50:33.171+0000] {processor.py:186} INFO - Started process (PID=67646) to work on /home/airflow/.local/lib/python3.12/site-packages/airflow/example_dags/example_nested_branch_dag.py
[2025-01-20T08:50:33.172+0000] {processor.py:914} INFO - Processing file /home/airflow/.local/lib/python3.12/site-packages/airflow/example_dags/example_nested_branch_dag.py for tasks to queue
[2025-01-20T08:50:33.175+0000] {logging_mixin.py:190} INFO - [2025-01-20T08:50:33.175+0000] {dagbag.py:588} INFO - Filling up the DagBag from /home/airflow/.local/lib/python3.12/site-packages/airflow/example_dags/example_nested_branch_dag.py
[2025-01-20T08:50:33.192+0000] {processor.py:925} INFO - DAG(s) 'example_nested_branch_dag' retrieved from /home/airflow/.local/lib/python3.12/site-packages/airflow/example_dags/example_nested_branch_dag.py
[2025-01-20T08:50:33.212+0000] {logging_mixin.py:190} INFO - [2025-01-20T08:50:33.212+0000] {dag.py:3239} INFO - Sync 1 DAGs
[2025-01-20T08:50:33.250+0000] {logging_mixin.py:190} INFO - [2025-01-20T08:50:33.250+0000] {dag.py:4180} INFO - Setting next_dagrun for example_nested_branch_dag to 2025-01-19 00:00:00+00:00, run_after=2025-01-20 00:00:00+00:00
[2025-01-20T08:50:33.270+0000] {processor.py:208} INFO - Processing /home/airflow/.local/lib/python3.12/site-packages/airflow/example_dags/example_nested_branch_dag.py took 0.105 seconds
[2025-01-20T08:51:03.961+0000] {processor.py:186} INFO - Started process (PID=67954) to work on /home/airflow/.local/lib/python3.12/site-packages/airflow/example_dags/example_nested_branch_dag.py
[2025-01-20T08:51:03.962+0000] {processor.py:914} INFO - Processing file /home/airflow/.local/lib/python3.12/site-packages/airflow/example_dags/example_nested_branch_dag.py for tasks to queue
[2025-01-20T08:51:03.966+0000] {logging_mixin.py:190} INFO - [2025-01-20T08:51:03.966+0000] {dagbag.py:588} INFO - Filling up the DagBag from /home/airflow/.local/lib/python3.12/site-packages/airflow/example_dags/example_nested_branch_dag.py
[2025-01-20T08:51:03.979+0000] {processor.py:925} INFO - DAG(s) 'example_nested_branch_dag' retrieved from /home/airflow/.local/lib/python3.12/site-packages/airflow/example_dags/example_nested_branch_dag.py
[2025-01-20T08:51:04.001+0000] {logging_mixin.py:190} INFO - [2025-01-20T08:51:04.000+0000] {dag.py:3239} INFO - Sync 1 DAGs
[2025-01-20T08:51:04.017+0000] {logging_mixin.py:190} INFO - [2025-01-20T08:51:04.017+0000] {dag.py:4180} INFO - Setting next_dagrun for example_nested_branch_dag to 2025-01-19 00:00:00+00:00, run_after=2025-01-20 00:00:00+00:00
[2025-01-20T08:51:04.028+0000] {processor.py:208} INFO - Processing /home/airflow/.local/lib/python3.12/site-packages/airflow/example_dags/example_nested_branch_dag.py took 0.071 seconds
[2025-01-20T08:51:34.162+0000] {processor.py:186} INFO - Started process (PID=68255) to work on /home/airflow/.local/lib/python3.12/site-packages/airflow/example_dags/example_nested_branch_dag.py
[2025-01-20T08:51:34.162+0000] {processor.py:914} INFO - Processing file /home/airflow/.local/lib/python3.12/site-packages/airflow/example_dags/example_nested_branch_dag.py for tasks to queue
[2025-01-20T08:51:34.165+0000] {logging_mixin.py:190} INFO - [2025-01-20T08:51:34.165+0000] {dagbag.py:588} INFO - Filling up the DagBag from /home/airflow/.local/lib/python3.12/site-packages/airflow/example_dags/example_nested_branch_dag.py
[2025-01-20T08:51:34.178+0000] {processor.py:925} INFO - DAG(s) 'example_nested_branch_dag' retrieved from /home/airflow/.local/lib/python3.12/site-packages/airflow/example_dags/example_nested_branch_dag.py
[2025-01-20T08:51:34.204+0000] {logging_mixin.py:190} INFO - [2025-01-20T08:51:34.203+0000] {dag.py:3239} INFO - Sync 1 DAGs
[2025-01-20T08:51:34.223+0000] {logging_mixin.py:190} INFO - [2025-01-20T08:51:34.223+0000] {dag.py:4180} INFO - Setting next_dagrun for example_nested_branch_dag to 2025-01-19 00:00:00+00:00, run_after=2025-01-20 00:00:00+00:00
[2025-01-20T08:51:34.239+0000] {processor.py:208} INFO - Processing /home/airflow/.local/lib/python3.12/site-packages/airflow/example_dags/example_nested_branch_dag.py took 0.081 seconds
[2025-01-20T08:52:04.645+0000] {processor.py:186} INFO - Started process (PID=68559) to work on /home/airflow/.local/lib/python3.12/site-packages/airflow/example_dags/example_nested_branch_dag.py
[2025-01-20T08:52:04.646+0000] {processor.py:914} INFO - Processing file /home/airflow/.local/lib/python3.12/site-packages/airflow/example_dags/example_nested_branch_dag.py for tasks to queue
[2025-01-20T08:52:04.648+0000] {logging_mixin.py:190} INFO - [2025-01-20T08:52:04.648+0000] {dagbag.py:588} INFO - Filling up the DagBag from /home/airflow/.local/lib/python3.12/site-packages/airflow/example_dags/example_nested_branch_dag.py
[2025-01-20T08:52:04.655+0000] {processor.py:925} INFO - DAG(s) 'example_nested_branch_dag' retrieved from /home/airflow/.local/lib/python3.12/site-packages/airflow/example_dags/example_nested_branch_dag.py
[2025-01-20T08:52:04.669+0000] {logging_mixin.py:190} INFO - [2025-01-20T08:52:04.669+0000] {dag.py:3239} INFO - Sync 1 DAGs
[2025-01-20T08:52:04.686+0000] {logging_mixin.py:190} INFO - [2025-01-20T08:52:04.686+0000] {dag.py:4180} INFO - Setting next_dagrun for example_nested_branch_dag to 2025-01-19 00:00:00+00:00, run_after=2025-01-20 00:00:00+00:00
[2025-01-20T08:52:04.703+0000] {processor.py:208} INFO - Processing /home/airflow/.local/lib/python3.12/site-packages/airflow/example_dags/example_nested_branch_dag.py took 0.062 seconds
[2025-01-20T08:52:35.006+0000] {processor.py:186} INFO - Started process (PID=68860) to work on /home/airflow/.local/lib/python3.12/site-packages/airflow/example_dags/example_nested_branch_dag.py
[2025-01-20T08:52:35.007+0000] {processor.py:914} INFO - Processing file /home/airflow/.local/lib/python3.12/site-packages/airflow/example_dags/example_nested_branch_dag.py for tasks to queue
[2025-01-20T08:52:35.010+0000] {logging_mixin.py:190} INFO - [2025-01-20T08:52:35.010+0000] {dagbag.py:588} INFO - Filling up the DagBag from /home/airflow/.local/lib/python3.12/site-packages/airflow/example_dags/example_nested_branch_dag.py
[2025-01-20T08:52:35.022+0000] {processor.py:925} INFO - DAG(s) 'example_nested_branch_dag' retrieved from /home/airflow/.local/lib/python3.12/site-packages/airflow/example_dags/example_nested_branch_dag.py
[2025-01-20T08:52:35.038+0000] {logging_mixin.py:190} INFO - [2025-01-20T08:52:35.038+0000] {dag.py:3239} INFO - Sync 1 DAGs
[2025-01-20T08:52:35.055+0000] {logging_mixin.py:190} INFO - [2025-01-20T08:52:35.055+0000] {dag.py:4180} INFO - Setting next_dagrun for example_nested_branch_dag to 2025-01-19 00:00:00+00:00, run_after=2025-01-20 00:00:00+00:00
[2025-01-20T08:52:35.071+0000] {processor.py:208} INFO - Processing /home/airflow/.local/lib/python3.12/site-packages/airflow/example_dags/example_nested_branch_dag.py took 0.071 seconds
[2025-01-20T08:53:05.429+0000] {processor.py:186} INFO - Started process (PID=69146) to work on /home/airflow/.local/lib/python3.12/site-packages/airflow/example_dags/example_nested_branch_dag.py
[2025-01-20T08:53:05.431+0000] {processor.py:914} INFO - Processing file /home/airflow/.local/lib/python3.12/site-packages/airflow/example_dags/example_nested_branch_dag.py for tasks to queue
[2025-01-20T08:53:05.434+0000] {logging_mixin.py:190} INFO - [2025-01-20T08:53:05.433+0000] {dagbag.py:588} INFO - Filling up the DagBag from /home/airflow/.local/lib/python3.12/site-packages/airflow/example_dags/example_nested_branch_dag.py
[2025-01-20T08:53:05.443+0000] {processor.py:925} INFO - DAG(s) 'example_nested_branch_dag' retrieved from /home/airflow/.local/lib/python3.12/site-packages/airflow/example_dags/example_nested_branch_dag.py
[2025-01-20T08:53:05.460+0000] {logging_mixin.py:190} INFO - [2025-01-20T08:53:05.460+0000] {dag.py:3239} INFO - Sync 1 DAGs
[2025-01-20T08:53:05.477+0000] {logging_mixin.py:190} INFO - [2025-01-20T08:53:05.477+0000] {dag.py:4180} INFO - Setting next_dagrun for example_nested_branch_dag to 2025-01-19 00:00:00+00:00, run_after=2025-01-20 00:00:00+00:00
[2025-01-20T08:53:05.493+0000] {processor.py:208} INFO - Processing /home/airflow/.local/lib/python3.12/site-packages/airflow/example_dags/example_nested_branch_dag.py took 0.071 seconds
[2025-01-20T08:53:35.852+0000] {processor.py:186} INFO - Started process (PID=69432) to work on /home/airflow/.local/lib/python3.12/site-packages/airflow/example_dags/example_nested_branch_dag.py
[2025-01-20T08:53:35.853+0000] {processor.py:914} INFO - Processing file /home/airflow/.local/lib/python3.12/site-packages/airflow/example_dags/example_nested_branch_dag.py for tasks to queue
[2025-01-20T08:53:35.857+0000] {logging_mixin.py:190} INFO - [2025-01-20T08:53:35.857+0000] {dagbag.py:588} INFO - Filling up the DagBag from /home/airflow/.local/lib/python3.12/site-packages/airflow/example_dags/example_nested_branch_dag.py
[2025-01-20T08:53:35.869+0000] {processor.py:925} INFO - DAG(s) 'example_nested_branch_dag' retrieved from /home/airflow/.local/lib/python3.12/site-packages/airflow/example_dags/example_nested_branch_dag.py
[2025-01-20T08:53:35.888+0000] {logging_mixin.py:190} INFO - [2025-01-20T08:53:35.888+0000] {dag.py:3239} INFO - Sync 1 DAGs
[2025-01-20T08:53:35.905+0000] {logging_mixin.py:190} INFO - [2025-01-20T08:53:35.905+0000] {dag.py:4180} INFO - Setting next_dagrun for example_nested_branch_dag to 2025-01-19 00:00:00+00:00, run_after=2025-01-20 00:00:00+00:00
[2025-01-20T08:53:35.926+0000] {processor.py:208} INFO - Processing /home/airflow/.local/lib/python3.12/site-packages/airflow/example_dags/example_nested_branch_dag.py took 0.077 seconds
[2025-01-20T08:54:06.504+0000] {processor.py:186} INFO - Started process (PID=69730) to work on /home/airflow/.local/lib/python3.12/site-packages/airflow/example_dags/example_nested_branch_dag.py
[2025-01-20T08:54:06.505+0000] {processor.py:914} INFO - Processing file /home/airflow/.local/lib/python3.12/site-packages/airflow/example_dags/example_nested_branch_dag.py for tasks to queue
[2025-01-20T08:54:06.508+0000] {logging_mixin.py:190} INFO - [2025-01-20T08:54:06.508+0000] {dagbag.py:588} INFO - Filling up the DagBag from /home/airflow/.local/lib/python3.12/site-packages/airflow/example_dags/example_nested_branch_dag.py
[2025-01-20T08:54:06.520+0000] {processor.py:925} INFO - DAG(s) 'example_nested_branch_dag' retrieved from /home/airflow/.local/lib/python3.12/site-packages/airflow/example_dags/example_nested_branch_dag.py
[2025-01-20T08:54:06.567+0000] {logging_mixin.py:190} INFO - [2025-01-20T08:54:06.567+0000] {dag.py:3239} INFO - Sync 1 DAGs
[2025-01-20T08:54:06.599+0000] {logging_mixin.py:190} INFO - [2025-01-20T08:54:06.598+0000] {dag.py:4180} INFO - Setting next_dagrun for example_nested_branch_dag to 2025-01-19 00:00:00+00:00, run_after=2025-01-20 00:00:00+00:00
[2025-01-20T08:54:06.621+0000] {processor.py:208} INFO - Processing /home/airflow/.local/lib/python3.12/site-packages/airflow/example_dags/example_nested_branch_dag.py took 0.121 seconds
[2025-01-20T08:54:36.916+0000] {processor.py:186} INFO - Started process (PID=70030) to work on /home/airflow/.local/lib/python3.12/site-packages/airflow/example_dags/example_nested_branch_dag.py
[2025-01-20T08:54:36.917+0000] {processor.py:914} INFO - Processing file /home/airflow/.local/lib/python3.12/site-packages/airflow/example_dags/example_nested_branch_dag.py for tasks to queue
[2025-01-20T08:54:36.922+0000] {logging_mixin.py:190} INFO - [2025-01-20T08:54:36.922+0000] {dagbag.py:588} INFO - Filling up the DagBag from /home/airflow/.local/lib/python3.12/site-packages/airflow/example_dags/example_nested_branch_dag.py
[2025-01-20T08:54:36.933+0000] {processor.py:925} INFO - DAG(s) 'example_nested_branch_dag' retrieved from /home/airflow/.local/lib/python3.12/site-packages/airflow/example_dags/example_nested_branch_dag.py
[2025-01-20T08:54:36.953+0000] {logging_mixin.py:190} INFO - [2025-01-20T08:54:36.953+0000] {dag.py:3239} INFO - Sync 1 DAGs
[2025-01-20T08:54:36.976+0000] {logging_mixin.py:190} INFO - [2025-01-20T08:54:36.976+0000] {dag.py:4180} INFO - Setting next_dagrun for example_nested_branch_dag to 2025-01-19 00:00:00+00:00, run_after=2025-01-20 00:00:00+00:00
[2025-01-20T08:54:36.991+0000] {processor.py:208} INFO - Processing /home/airflow/.local/lib/python3.12/site-packages/airflow/example_dags/example_nested_branch_dag.py took 0.081 seconds
[2025-01-20T08:55:07.129+0000] {processor.py:186} INFO - Started process (PID=70334) to work on /home/airflow/.local/lib/python3.12/site-packages/airflow/example_dags/example_nested_branch_dag.py
[2025-01-20T08:55:07.130+0000] {processor.py:914} INFO - Processing file /home/airflow/.local/lib/python3.12/site-packages/airflow/example_dags/example_nested_branch_dag.py for tasks to queue
[2025-01-20T08:55:07.134+0000] {logging_mixin.py:190} INFO - [2025-01-20T08:55:07.134+0000] {dagbag.py:588} INFO - Filling up the DagBag from /home/airflow/.local/lib/python3.12/site-packages/airflow/example_dags/example_nested_branch_dag.py
[2025-01-20T08:55:07.148+0000] {processor.py:925} INFO - DAG(s) 'example_nested_branch_dag' retrieved from /home/airflow/.local/lib/python3.12/site-packages/airflow/example_dags/example_nested_branch_dag.py
[2025-01-20T08:55:07.164+0000] {logging_mixin.py:190} INFO - [2025-01-20T08:55:07.164+0000] {dag.py:3239} INFO - Sync 1 DAGs
[2025-01-20T08:55:07.190+0000] {logging_mixin.py:190} INFO - [2025-01-20T08:55:07.190+0000] {dag.py:4180} INFO - Setting next_dagrun for example_nested_branch_dag to 2025-01-19 00:00:00+00:00, run_after=2025-01-20 00:00:00+00:00
[2025-01-20T08:55:07.207+0000] {processor.py:208} INFO - Processing /home/airflow/.local/lib/python3.12/site-packages/airflow/example_dags/example_nested_branch_dag.py took 0.085 seconds
[2025-01-20T08:55:37.669+0000] {processor.py:186} INFO - Started process (PID=70637) to work on /home/airflow/.local/lib/python3.12/site-packages/airflow/example_dags/example_nested_branch_dag.py
[2025-01-20T08:55:37.670+0000] {processor.py:914} INFO - Processing file /home/airflow/.local/lib/python3.12/site-packages/airflow/example_dags/example_nested_branch_dag.py for tasks to queue
[2025-01-20T08:55:37.672+0000] {logging_mixin.py:190} INFO - [2025-01-20T08:55:37.672+0000] {dagbag.py:588} INFO - Filling up the DagBag from /home/airflow/.local/lib/python3.12/site-packages/airflow/example_dags/example_nested_branch_dag.py
[2025-01-20T08:55:37.680+0000] {processor.py:925} INFO - DAG(s) 'example_nested_branch_dag' retrieved from /home/airflow/.local/lib/python3.12/site-packages/airflow/example_dags/example_nested_branch_dag.py
[2025-01-20T08:55:37.700+0000] {logging_mixin.py:190} INFO - [2025-01-20T08:55:37.700+0000] {dag.py:3239} INFO - Sync 1 DAGs
[2025-01-20T08:55:37.722+0000] {logging_mixin.py:190} INFO - [2025-01-20T08:55:37.721+0000] {dag.py:4180} INFO - Setting next_dagrun for example_nested_branch_dag to 2025-01-19 00:00:00+00:00, run_after=2025-01-20 00:00:00+00:00
[2025-01-20T08:55:37.734+0000] {processor.py:208} INFO - Processing /home/airflow/.local/lib/python3.12/site-packages/airflow/example_dags/example_nested_branch_dag.py took 0.069 seconds
[2025-01-20T08:56:08.120+0000] {processor.py:186} INFO - Started process (PID=70941) to work on /home/airflow/.local/lib/python3.12/site-packages/airflow/example_dags/example_nested_branch_dag.py
[2025-01-20T08:56:08.121+0000] {processor.py:914} INFO - Processing file /home/airflow/.local/lib/python3.12/site-packages/airflow/example_dags/example_nested_branch_dag.py for tasks to queue
[2025-01-20T08:56:08.124+0000] {logging_mixin.py:190} INFO - [2025-01-20T08:56:08.124+0000] {dagbag.py:588} INFO - Filling up the DagBag from /home/airflow/.local/lib/python3.12/site-packages/airflow/example_dags/example_nested_branch_dag.py
[2025-01-20T08:56:08.133+0000] {processor.py:925} INFO - DAG(s) 'example_nested_branch_dag' retrieved from /home/airflow/.local/lib/python3.12/site-packages/airflow/example_dags/example_nested_branch_dag.py
[2025-01-20T08:56:08.146+0000] {logging_mixin.py:190} INFO - [2025-01-20T08:56:08.146+0000] {dag.py:3239} INFO - Sync 1 DAGs
[2025-01-20T08:56:08.163+0000] {logging_mixin.py:190} INFO - [2025-01-20T08:56:08.163+0000] {dag.py:4180} INFO - Setting next_dagrun for example_nested_branch_dag to 2025-01-19 00:00:00+00:00, run_after=2025-01-20 00:00:00+00:00
[2025-01-20T08:56:08.178+0000] {processor.py:208} INFO - Processing /home/airflow/.local/lib/python3.12/site-packages/airflow/example_dags/example_nested_branch_dag.py took 0.063 seconds
[2025-01-20T08:56:38.535+0000] {processor.py:186} INFO - Started process (PID=71236) to work on /home/airflow/.local/lib/python3.12/site-packages/airflow/example_dags/example_nested_branch_dag.py
[2025-01-20T08:56:38.537+0000] {processor.py:914} INFO - Processing file /home/airflow/.local/lib/python3.12/site-packages/airflow/example_dags/example_nested_branch_dag.py for tasks to queue
[2025-01-20T08:56:38.539+0000] {logging_mixin.py:190} INFO - [2025-01-20T08:56:38.539+0000] {dagbag.py:588} INFO - Filling up the DagBag from /home/airflow/.local/lib/python3.12/site-packages/airflow/example_dags/example_nested_branch_dag.py
[2025-01-20T08:56:38.551+0000] {processor.py:925} INFO - DAG(s) 'example_nested_branch_dag' retrieved from /home/airflow/.local/lib/python3.12/site-packages/airflow/example_dags/example_nested_branch_dag.py
[2025-01-20T08:56:38.576+0000] {logging_mixin.py:190} INFO - [2025-01-20T08:56:38.576+0000] {dag.py:3239} INFO - Sync 1 DAGs
[2025-01-20T08:56:38.593+0000] {logging_mixin.py:190} INFO - [2025-01-20T08:56:38.593+0000] {dag.py:4180} INFO - Setting next_dagrun for example_nested_branch_dag to 2025-01-19 00:00:00+00:00, run_after=2025-01-20 00:00:00+00:00
[2025-01-20T08:56:38.607+0000] {processor.py:208} INFO - Processing /home/airflow/.local/lib/python3.12/site-packages/airflow/example_dags/example_nested_branch_dag.py took 0.077 seconds
[2025-01-20T08:57:08.925+0000] {processor.py:186} INFO - Started process (PID=71544) to work on /home/airflow/.local/lib/python3.12/site-packages/airflow/example_dags/example_nested_branch_dag.py
[2025-01-20T08:57:08.926+0000] {processor.py:914} INFO - Processing file /home/airflow/.local/lib/python3.12/site-packages/airflow/example_dags/example_nested_branch_dag.py for tasks to queue
[2025-01-20T08:57:08.930+0000] {logging_mixin.py:190} INFO - [2025-01-20T08:57:08.929+0000] {dagbag.py:588} INFO - Filling up the DagBag from /home/airflow/.local/lib/python3.12/site-packages/airflow/example_dags/example_nested_branch_dag.py
[2025-01-20T08:57:08.941+0000] {processor.py:925} INFO - DAG(s) 'example_nested_branch_dag' retrieved from /home/airflow/.local/lib/python3.12/site-packages/airflow/example_dags/example_nested_branch_dag.py
[2025-01-20T08:57:08.954+0000] {logging_mixin.py:190} INFO - [2025-01-20T08:57:08.954+0000] {dag.py:3239} INFO - Sync 1 DAGs
[2025-01-20T08:57:08.971+0000] {logging_mixin.py:190} INFO - [2025-01-20T08:57:08.971+0000] {dag.py:4180} INFO - Setting next_dagrun for example_nested_branch_dag to 2025-01-19 00:00:00+00:00, run_after=2025-01-20 00:00:00+00:00
[2025-01-20T08:57:08.991+0000] {processor.py:208} INFO - Processing /home/airflow/.local/lib/python3.12/site-packages/airflow/example_dags/example_nested_branch_dag.py took 0.073 seconds
[2025-01-20T08:57:39.709+0000] {processor.py:186} INFO - Started process (PID=71845) to work on /home/airflow/.local/lib/python3.12/site-packages/airflow/example_dags/example_nested_branch_dag.py
[2025-01-20T08:57:39.709+0000] {processor.py:914} INFO - Processing file /home/airflow/.local/lib/python3.12/site-packages/airflow/example_dags/example_nested_branch_dag.py for tasks to queue
[2025-01-20T08:57:39.711+0000] {logging_mixin.py:190} INFO - [2025-01-20T08:57:39.711+0000] {dagbag.py:588} INFO - Filling up the DagBag from /home/airflow/.local/lib/python3.12/site-packages/airflow/example_dags/example_nested_branch_dag.py
[2025-01-20T08:57:39.718+0000] {processor.py:925} INFO - DAG(s) 'example_nested_branch_dag' retrieved from /home/airflow/.local/lib/python3.12/site-packages/airflow/example_dags/example_nested_branch_dag.py
[2025-01-20T08:57:39.733+0000] {logging_mixin.py:190} INFO - [2025-01-20T08:57:39.733+0000] {dag.py:3239} INFO - Sync 1 DAGs
[2025-01-20T08:57:39.747+0000] {logging_mixin.py:190} INFO - [2025-01-20T08:57:39.747+0000] {dag.py:4180} INFO - Setting next_dagrun for example_nested_branch_dag to 2025-01-19 00:00:00+00:00, run_after=2025-01-20 00:00:00+00:00
[2025-01-20T08:57:39.763+0000] {processor.py:208} INFO - Processing /home/airflow/.local/lib/python3.12/site-packages/airflow/example_dags/example_nested_branch_dag.py took 0.059 seconds
[2025-01-20T08:58:10.049+0000] {processor.py:186} INFO - Started process (PID=72151) to work on /home/airflow/.local/lib/python3.12/site-packages/airflow/example_dags/example_nested_branch_dag.py
[2025-01-20T08:58:10.050+0000] {processor.py:914} INFO - Processing file /home/airflow/.local/lib/python3.12/site-packages/airflow/example_dags/example_nested_branch_dag.py for tasks to queue
[2025-01-20T08:58:10.055+0000] {logging_mixin.py:190} INFO - [2025-01-20T08:58:10.054+0000] {dagbag.py:588} INFO - Filling up the DagBag from /home/airflow/.local/lib/python3.12/site-packages/airflow/example_dags/example_nested_branch_dag.py
[2025-01-20T08:58:10.073+0000] {processor.py:925} INFO - DAG(s) 'example_nested_branch_dag' retrieved from /home/airflow/.local/lib/python3.12/site-packages/airflow/example_dags/example_nested_branch_dag.py
[2025-01-20T08:58:10.115+0000] {logging_mixin.py:190} INFO - [2025-01-20T08:58:10.115+0000] {dag.py:3239} INFO - Sync 1 DAGs
[2025-01-20T08:58:10.141+0000] {logging_mixin.py:190} INFO - [2025-01-20T08:58:10.141+0000] {dag.py:4180} INFO - Setting next_dagrun for example_nested_branch_dag to 2025-01-19 00:00:00+00:00, run_after=2025-01-20 00:00:00+00:00
[2025-01-20T08:58:10.172+0000] {processor.py:208} INFO - Processing /home/airflow/.local/lib/python3.12/site-packages/airflow/example_dags/example_nested_branch_dag.py took 0.127 seconds
[2025-01-20T08:58:40.413+0000] {processor.py:186} INFO - Started process (PID=72452) to work on /home/airflow/.local/lib/python3.12/site-packages/airflow/example_dags/example_nested_branch_dag.py
[2025-01-20T08:58:40.414+0000] {processor.py:914} INFO - Processing file /home/airflow/.local/lib/python3.12/site-packages/airflow/example_dags/example_nested_branch_dag.py for tasks to queue
[2025-01-20T08:58:40.418+0000] {logging_mixin.py:190} INFO - [2025-01-20T08:58:40.418+0000] {dagbag.py:588} INFO - Filling up the DagBag from /home/airflow/.local/lib/python3.12/site-packages/airflow/example_dags/example_nested_branch_dag.py
[2025-01-20T08:58:40.426+0000] {processor.py:925} INFO - DAG(s) 'example_nested_branch_dag' retrieved from /home/airflow/.local/lib/python3.12/site-packages/airflow/example_dags/example_nested_branch_dag.py
[2025-01-20T08:58:40.458+0000] {logging_mixin.py:190} INFO - [2025-01-20T08:58:40.457+0000] {dag.py:3239} INFO - Sync 1 DAGs
[2025-01-20T08:58:40.485+0000] {logging_mixin.py:190} INFO - [2025-01-20T08:58:40.485+0000] {dag.py:4180} INFO - Setting next_dagrun for example_nested_branch_dag to 2025-01-19 00:00:00+00:00, run_after=2025-01-20 00:00:00+00:00
[2025-01-20T08:58:40.505+0000] {processor.py:208} INFO - Processing /home/airflow/.local/lib/python3.12/site-packages/airflow/example_dags/example_nested_branch_dag.py took 0.100 seconds
[2025-01-20T08:59:10.908+0000] {processor.py:186} INFO - Started process (PID=72756) to work on /home/airflow/.local/lib/python3.12/site-packages/airflow/example_dags/example_nested_branch_dag.py
[2025-01-20T08:59:10.909+0000] {processor.py:914} INFO - Processing file /home/airflow/.local/lib/python3.12/site-packages/airflow/example_dags/example_nested_branch_dag.py for tasks to queue
[2025-01-20T08:59:10.911+0000] {logging_mixin.py:190} INFO - [2025-01-20T08:59:10.911+0000] {dagbag.py:588} INFO - Filling up the DagBag from /home/airflow/.local/lib/python3.12/site-packages/airflow/example_dags/example_nested_branch_dag.py
[2025-01-20T08:59:10.919+0000] {processor.py:925} INFO - DAG(s) 'example_nested_branch_dag' retrieved from /home/airflow/.local/lib/python3.12/site-packages/airflow/example_dags/example_nested_branch_dag.py
[2025-01-20T08:59:10.936+0000] {logging_mixin.py:190} INFO - [2025-01-20T08:59:10.936+0000] {dag.py:3239} INFO - Sync 1 DAGs
[2025-01-20T08:59:10.952+0000] {logging_mixin.py:190} INFO - [2025-01-20T08:59:10.952+0000] {dag.py:4180} INFO - Setting next_dagrun for example_nested_branch_dag to 2025-01-19 00:00:00+00:00, run_after=2025-01-20 00:00:00+00:00
[2025-01-20T08:59:10.966+0000] {processor.py:208} INFO - Processing /home/airflow/.local/lib/python3.12/site-packages/airflow/example_dags/example_nested_branch_dag.py took 0.062 seconds
[2025-01-20T08:59:41.451+0000] {processor.py:186} INFO - Started process (PID=73059) to work on /home/airflow/.local/lib/python3.12/site-packages/airflow/example_dags/example_nested_branch_dag.py
[2025-01-20T08:59:41.452+0000] {processor.py:914} INFO - Processing file /home/airflow/.local/lib/python3.12/site-packages/airflow/example_dags/example_nested_branch_dag.py for tasks to queue
[2025-01-20T08:59:41.455+0000] {logging_mixin.py:190} INFO - [2025-01-20T08:59:41.455+0000] {dagbag.py:588} INFO - Filling up the DagBag from /home/airflow/.local/lib/python3.12/site-packages/airflow/example_dags/example_nested_branch_dag.py
[2025-01-20T08:59:41.463+0000] {processor.py:925} INFO - DAG(s) 'example_nested_branch_dag' retrieved from /home/airflow/.local/lib/python3.12/site-packages/airflow/example_dags/example_nested_branch_dag.py
[2025-01-20T08:59:41.481+0000] {logging_mixin.py:190} INFO - [2025-01-20T08:59:41.481+0000] {dag.py:3239} INFO - Sync 1 DAGs
[2025-01-20T08:59:41.495+0000] {logging_mixin.py:190} INFO - [2025-01-20T08:59:41.495+0000] {dag.py:4180} INFO - Setting next_dagrun for example_nested_branch_dag to 2025-01-19 00:00:00+00:00, run_after=2025-01-20 00:00:00+00:00
[2025-01-20T08:59:41.508+0000] {processor.py:208} INFO - Processing /home/airflow/.local/lib/python3.12/site-packages/airflow/example_dags/example_nested_branch_dag.py took 0.068 seconds
[2025-01-20T09:00:11.865+0000] {processor.py:186} INFO - Started process (PID=73365) to work on /home/airflow/.local/lib/python3.12/site-packages/airflow/example_dags/example_nested_branch_dag.py
[2025-01-20T09:00:11.865+0000] {processor.py:914} INFO - Processing file /home/airflow/.local/lib/python3.12/site-packages/airflow/example_dags/example_nested_branch_dag.py for tasks to queue
[2025-01-20T09:00:11.867+0000] {logging_mixin.py:190} INFO - [2025-01-20T09:00:11.867+0000] {dagbag.py:588} INFO - Filling up the DagBag from /home/airflow/.local/lib/python3.12/site-packages/airflow/example_dags/example_nested_branch_dag.py
[2025-01-20T09:00:11.875+0000] {processor.py:925} INFO - DAG(s) 'example_nested_branch_dag' retrieved from /home/airflow/.local/lib/python3.12/site-packages/airflow/example_dags/example_nested_branch_dag.py
[2025-01-20T09:00:11.891+0000] {logging_mixin.py:190} INFO - [2025-01-20T09:00:11.891+0000] {dag.py:3239} INFO - Sync 1 DAGs
[2025-01-20T09:00:11.911+0000] {logging_mixin.py:190} INFO - [2025-01-20T09:00:11.911+0000] {dag.py:4180} INFO - Setting next_dagrun for example_nested_branch_dag to 2025-01-19 00:00:00+00:00, run_after=2025-01-20 00:00:00+00:00
[2025-01-20T09:00:11.925+0000] {processor.py:208} INFO - Processing /home/airflow/.local/lib/python3.12/site-packages/airflow/example_dags/example_nested_branch_dag.py took 0.064 seconds
[2025-01-20T09:00:42.112+0000] {processor.py:186} INFO - Started process (PID=73664) to work on /home/airflow/.local/lib/python3.12/site-packages/airflow/example_dags/example_nested_branch_dag.py
[2025-01-20T09:00:42.112+0000] {processor.py:914} INFO - Processing file /home/airflow/.local/lib/python3.12/site-packages/airflow/example_dags/example_nested_branch_dag.py for tasks to queue
[2025-01-20T09:00:42.114+0000] {logging_mixin.py:190} INFO - [2025-01-20T09:00:42.114+0000] {dagbag.py:588} INFO - Filling up the DagBag from /home/airflow/.local/lib/python3.12/site-packages/airflow/example_dags/example_nested_branch_dag.py
[2025-01-20T09:00:42.122+0000] {processor.py:925} INFO - DAG(s) 'example_nested_branch_dag' retrieved from /home/airflow/.local/lib/python3.12/site-packages/airflow/example_dags/example_nested_branch_dag.py
[2025-01-20T09:00:42.135+0000] {logging_mixin.py:190} INFO - [2025-01-20T09:00:42.135+0000] {dag.py:3239} INFO - Sync 1 DAGs
[2025-01-20T09:00:42.150+0000] {logging_mixin.py:190} INFO - [2025-01-20T09:00:42.150+0000] {dag.py:4180} INFO - Setting next_dagrun for example_nested_branch_dag to 2025-01-19 00:00:00+00:00, run_after=2025-01-20 00:00:00+00:00
[2025-01-20T09:00:42.163+0000] {processor.py:208} INFO - Processing /home/airflow/.local/lib/python3.12/site-packages/airflow/example_dags/example_nested_branch_dag.py took 0.055 seconds
[2025-01-20T09:01:12.719+0000] {processor.py:186} INFO - Started process (PID=73970) to work on /home/airflow/.local/lib/python3.12/site-packages/airflow/example_dags/example_nested_branch_dag.py
[2025-01-20T09:01:12.720+0000] {processor.py:914} INFO - Processing file /home/airflow/.local/lib/python3.12/site-packages/airflow/example_dags/example_nested_branch_dag.py for tasks to queue
[2025-01-20T09:01:12.722+0000] {logging_mixin.py:190} INFO - [2025-01-20T09:01:12.722+0000] {dagbag.py:588} INFO - Filling up the DagBag from /home/airflow/.local/lib/python3.12/site-packages/airflow/example_dags/example_nested_branch_dag.py
[2025-01-20T09:01:12.729+0000] {processor.py:925} INFO - DAG(s) 'example_nested_branch_dag' retrieved from /home/airflow/.local/lib/python3.12/site-packages/airflow/example_dags/example_nested_branch_dag.py
[2025-01-20T09:01:12.744+0000] {logging_mixin.py:190} INFO - [2025-01-20T09:01:12.743+0000] {dag.py:3239} INFO - Sync 1 DAGs
[2025-01-20T09:01:12.760+0000] {logging_mixin.py:190} INFO - [2025-01-20T09:01:12.759+0000] {dag.py:4180} INFO - Setting next_dagrun for example_nested_branch_dag to 2025-01-19 00:00:00+00:00, run_after=2025-01-20 00:00:00+00:00
[2025-01-20T09:01:12.777+0000] {processor.py:208} INFO - Processing /home/airflow/.local/lib/python3.12/site-packages/airflow/example_dags/example_nested_branch_dag.py took 0.063 seconds
[2025-01-20T09:01:43.169+0000] {processor.py:186} INFO - Started process (PID=74271) to work on /home/airflow/.local/lib/python3.12/site-packages/airflow/example_dags/example_nested_branch_dag.py
[2025-01-20T09:01:43.169+0000] {processor.py:914} INFO - Processing file /home/airflow/.local/lib/python3.12/site-packages/airflow/example_dags/example_nested_branch_dag.py for tasks to queue
[2025-01-20T09:01:43.171+0000] {logging_mixin.py:190} INFO - [2025-01-20T09:01:43.171+0000] {dagbag.py:588} INFO - Filling up the DagBag from /home/airflow/.local/lib/python3.12/site-packages/airflow/example_dags/example_nested_branch_dag.py
[2025-01-20T09:01:43.180+0000] {processor.py:925} INFO - DAG(s) 'example_nested_branch_dag' retrieved from /home/airflow/.local/lib/python3.12/site-packages/airflow/example_dags/example_nested_branch_dag.py
[2025-01-20T09:01:43.200+0000] {logging_mixin.py:190} INFO - [2025-01-20T09:01:43.200+0000] {dag.py:3239} INFO - Sync 1 DAGs
[2025-01-20T09:01:43.220+0000] {logging_mixin.py:190} INFO - [2025-01-20T09:01:43.220+0000] {dag.py:4180} INFO - Setting next_dagrun for example_nested_branch_dag to 2025-01-19 00:00:00+00:00, run_after=2025-01-20 00:00:00+00:00
[2025-01-20T09:01:43.235+0000] {processor.py:208} INFO - Processing /home/airflow/.local/lib/python3.12/site-packages/airflow/example_dags/example_nested_branch_dag.py took 0.071 seconds
[2025-01-20T09:02:13.580+0000] {processor.py:186} INFO - Started process (PID=74579) to work on /home/airflow/.local/lib/python3.12/site-packages/airflow/example_dags/example_nested_branch_dag.py
[2025-01-20T09:02:13.581+0000] {processor.py:914} INFO - Processing file /home/airflow/.local/lib/python3.12/site-packages/airflow/example_dags/example_nested_branch_dag.py for tasks to queue
[2025-01-20T09:02:13.585+0000] {logging_mixin.py:190} INFO - [2025-01-20T09:02:13.584+0000] {dagbag.py:588} INFO - Filling up the DagBag from /home/airflow/.local/lib/python3.12/site-packages/airflow/example_dags/example_nested_branch_dag.py
[2025-01-20T09:02:13.596+0000] {processor.py:925} INFO - DAG(s) 'example_nested_branch_dag' retrieved from /home/airflow/.local/lib/python3.12/site-packages/airflow/example_dags/example_nested_branch_dag.py
[2025-01-20T09:02:13.619+0000] {logging_mixin.py:190} INFO - [2025-01-20T09:02:13.619+0000] {dag.py:3239} INFO - Sync 1 DAGs
[2025-01-20T09:02:13.637+0000] {logging_mixin.py:190} INFO - [2025-01-20T09:02:13.636+0000] {dag.py:4180} INFO - Setting next_dagrun for example_nested_branch_dag to 2025-01-19 00:00:00+00:00, run_after=2025-01-20 00:00:00+00:00
[2025-01-20T09:02:13.661+0000] {processor.py:208} INFO - Processing /home/airflow/.local/lib/python3.12/site-packages/airflow/example_dags/example_nested_branch_dag.py took 0.089 seconds
[2025-01-20T09:02:43.832+0000] {processor.py:186} INFO - Started process (PID=74878) to work on /home/airflow/.local/lib/python3.12/site-packages/airflow/example_dags/example_nested_branch_dag.py
[2025-01-20T09:02:43.833+0000] {processor.py:914} INFO - Processing file /home/airflow/.local/lib/python3.12/site-packages/airflow/example_dags/example_nested_branch_dag.py for tasks to queue
[2025-01-20T09:02:43.836+0000] {logging_mixin.py:190} INFO - [2025-01-20T09:02:43.835+0000] {dagbag.py:588} INFO - Filling up the DagBag from /home/airflow/.local/lib/python3.12/site-packages/airflow/example_dags/example_nested_branch_dag.py
[2025-01-20T09:02:43.845+0000] {processor.py:925} INFO - DAG(s) 'example_nested_branch_dag' retrieved from /home/airflow/.local/lib/python3.12/site-packages/airflow/example_dags/example_nested_branch_dag.py
[2025-01-20T09:02:43.861+0000] {logging_mixin.py:190} INFO - [2025-01-20T09:02:43.861+0000] {dag.py:3239} INFO - Sync 1 DAGs
[2025-01-20T09:02:43.876+0000] {logging_mixin.py:190} INFO - [2025-01-20T09:02:43.876+0000] {dag.py:4180} INFO - Setting next_dagrun for example_nested_branch_dag to 2025-01-19 00:00:00+00:00, run_after=2025-01-20 00:00:00+00:00
[2025-01-20T09:02:43.890+0000] {processor.py:208} INFO - Processing /home/airflow/.local/lib/python3.12/site-packages/airflow/example_dags/example_nested_branch_dag.py took 0.064 seconds
[2025-01-20T09:03:13.996+0000] {processor.py:186} INFO - Started process (PID=75179) to work on /home/airflow/.local/lib/python3.12/site-packages/airflow/example_dags/example_nested_branch_dag.py
[2025-01-20T09:03:13.997+0000] {processor.py:914} INFO - Processing file /home/airflow/.local/lib/python3.12/site-packages/airflow/example_dags/example_nested_branch_dag.py for tasks to queue
[2025-01-20T09:03:14.001+0000] {logging_mixin.py:190} INFO - [2025-01-20T09:03:14.001+0000] {dagbag.py:588} INFO - Filling up the DagBag from /home/airflow/.local/lib/python3.12/site-packages/airflow/example_dags/example_nested_branch_dag.py
[2025-01-20T09:03:14.011+0000] {processor.py:925} INFO - DAG(s) 'example_nested_branch_dag' retrieved from /home/airflow/.local/lib/python3.12/site-packages/airflow/example_dags/example_nested_branch_dag.py
[2025-01-20T09:03:14.032+0000] {logging_mixin.py:190} INFO - [2025-01-20T09:03:14.031+0000] {dag.py:3239} INFO - Sync 1 DAGs
[2025-01-20T09:03:14.050+0000] {logging_mixin.py:190} INFO - [2025-01-20T09:03:14.049+0000] {dag.py:4180} INFO - Setting next_dagrun for example_nested_branch_dag to 2025-01-19 00:00:00+00:00, run_after=2025-01-20 00:00:00+00:00
[2025-01-20T09:03:14.072+0000] {processor.py:208} INFO - Processing /home/airflow/.local/lib/python3.12/site-packages/airflow/example_dags/example_nested_branch_dag.py took 0.084 seconds
[2025-01-20T09:03:44.327+0000] {processor.py:186} INFO - Started process (PID=75480) to work on /home/airflow/.local/lib/python3.12/site-packages/airflow/example_dags/example_nested_branch_dag.py
[2025-01-20T09:03:44.328+0000] {processor.py:914} INFO - Processing file /home/airflow/.local/lib/python3.12/site-packages/airflow/example_dags/example_nested_branch_dag.py for tasks to queue
[2025-01-20T09:03:44.332+0000] {logging_mixin.py:190} INFO - [2025-01-20T09:03:44.331+0000] {dagbag.py:588} INFO - Filling up the DagBag from /home/airflow/.local/lib/python3.12/site-packages/airflow/example_dags/example_nested_branch_dag.py
[2025-01-20T09:03:44.342+0000] {processor.py:925} INFO - DAG(s) 'example_nested_branch_dag' retrieved from /home/airflow/.local/lib/python3.12/site-packages/airflow/example_dags/example_nested_branch_dag.py
[2025-01-20T09:03:44.366+0000] {logging_mixin.py:190} INFO - [2025-01-20T09:03:44.366+0000] {dag.py:3239} INFO - Sync 1 DAGs
[2025-01-20T09:03:44.524+0000] {logging_mixin.py:190} INFO - [2025-01-20T09:03:44.524+0000] {dag.py:4180} INFO - Setting next_dagrun for example_nested_branch_dag to 2025-01-19 00:00:00+00:00, run_after=2025-01-20 00:00:00+00:00
[2025-01-20T09:03:44.542+0000] {processor.py:208} INFO - Processing /home/airflow/.local/lib/python3.12/site-packages/airflow/example_dags/example_nested_branch_dag.py took 0.223 seconds
[2025-01-20T09:04:14.783+0000] {processor.py:186} INFO - Started process (PID=75786) to work on /home/airflow/.local/lib/python3.12/site-packages/airflow/example_dags/example_nested_branch_dag.py
[2025-01-20T09:04:14.784+0000] {processor.py:914} INFO - Processing file /home/airflow/.local/lib/python3.12/site-packages/airflow/example_dags/example_nested_branch_dag.py for tasks to queue
[2025-01-20T09:04:14.786+0000] {logging_mixin.py:190} INFO - [2025-01-20T09:04:14.785+0000] {dagbag.py:588} INFO - Filling up the DagBag from /home/airflow/.local/lib/python3.12/site-packages/airflow/example_dags/example_nested_branch_dag.py
[2025-01-20T09:04:14.799+0000] {processor.py:925} INFO - DAG(s) 'example_nested_branch_dag' retrieved from /home/airflow/.local/lib/python3.12/site-packages/airflow/example_dags/example_nested_branch_dag.py
[2025-01-20T09:04:14.824+0000] {logging_mixin.py:190} INFO - [2025-01-20T09:04:14.824+0000] {dag.py:3239} INFO - Sync 1 DAGs
[2025-01-20T09:04:14.849+0000] {logging_mixin.py:190} INFO - [2025-01-20T09:04:14.849+0000] {dag.py:4180} INFO - Setting next_dagrun for example_nested_branch_dag to 2025-01-19 00:00:00+00:00, run_after=2025-01-20 00:00:00+00:00
[2025-01-20T09:04:14.994+0000] {processor.py:208} INFO - Processing /home/airflow/.local/lib/python3.12/site-packages/airflow/example_dags/example_nested_branch_dag.py took 0.215 seconds
[2025-01-20T09:04:45.835+0000] {processor.py:186} INFO - Started process (PID=76095) to work on /home/airflow/.local/lib/python3.12/site-packages/airflow/example_dags/example_nested_branch_dag.py
[2025-01-20T09:04:45.836+0000] {processor.py:914} INFO - Processing file /home/airflow/.local/lib/python3.12/site-packages/airflow/example_dags/example_nested_branch_dag.py for tasks to queue
[2025-01-20T09:04:45.839+0000] {logging_mixin.py:190} INFO - [2025-01-20T09:04:45.838+0000] {dagbag.py:588} INFO - Filling up the DagBag from /home/airflow/.local/lib/python3.12/site-packages/airflow/example_dags/example_nested_branch_dag.py
[2025-01-20T09:04:45.855+0000] {processor.py:925} INFO - DAG(s) 'example_nested_branch_dag' retrieved from /home/airflow/.local/lib/python3.12/site-packages/airflow/example_dags/example_nested_branch_dag.py
[2025-01-20T09:04:45.873+0000] {logging_mixin.py:190} INFO - [2025-01-20T09:04:45.873+0000] {dag.py:3239} INFO - Sync 1 DAGs
[2025-01-20T09:04:45.890+0000] {logging_mixin.py:190} INFO - [2025-01-20T09:04:45.890+0000] {dag.py:4180} INFO - Setting next_dagrun for example_nested_branch_dag to 2025-01-19 00:00:00+00:00, run_after=2025-01-20 00:00:00+00:00
[2025-01-20T09:04:45.906+0000] {processor.py:208} INFO - Processing /home/airflow/.local/lib/python3.12/site-packages/airflow/example_dags/example_nested_branch_dag.py took 0.077 seconds
[2025-01-20T09:05:16.511+0000] {processor.py:186} INFO - Started process (PID=76399) to work on /home/airflow/.local/lib/python3.12/site-packages/airflow/example_dags/example_nested_branch_dag.py
[2025-01-20T09:05:16.512+0000] {processor.py:914} INFO - Processing file /home/airflow/.local/lib/python3.12/site-packages/airflow/example_dags/example_nested_branch_dag.py for tasks to queue
[2025-01-20T09:05:16.514+0000] {logging_mixin.py:190} INFO - [2025-01-20T09:05:16.514+0000] {dagbag.py:588} INFO - Filling up the DagBag from /home/airflow/.local/lib/python3.12/site-packages/airflow/example_dags/example_nested_branch_dag.py
[2025-01-20T09:05:16.522+0000] {processor.py:925} INFO - DAG(s) 'example_nested_branch_dag' retrieved from /home/airflow/.local/lib/python3.12/site-packages/airflow/example_dags/example_nested_branch_dag.py
[2025-01-20T09:05:16.539+0000] {logging_mixin.py:190} INFO - [2025-01-20T09:05:16.539+0000] {dag.py:3239} INFO - Sync 1 DAGs
[2025-01-20T09:05:16.556+0000] {logging_mixin.py:190} INFO - [2025-01-20T09:05:16.556+0000] {dag.py:4180} INFO - Setting next_dagrun for example_nested_branch_dag to 2025-01-19 00:00:00+00:00, run_after=2025-01-20 00:00:00+00:00
[2025-01-20T09:05:16.572+0000] {processor.py:208} INFO - Processing /home/airflow/.local/lib/python3.12/site-packages/airflow/example_dags/example_nested_branch_dag.py took 0.064 seconds
[2025-01-20T09:05:46.726+0000] {processor.py:186} INFO - Started process (PID=76700) to work on /home/airflow/.local/lib/python3.12/site-packages/airflow/example_dags/example_nested_branch_dag.py
[2025-01-20T09:05:46.727+0000] {processor.py:914} INFO - Processing file /home/airflow/.local/lib/python3.12/site-packages/airflow/example_dags/example_nested_branch_dag.py for tasks to queue
[2025-01-20T09:05:46.729+0000] {logging_mixin.py:190} INFO - [2025-01-20T09:05:46.729+0000] {dagbag.py:588} INFO - Filling up the DagBag from /home/airflow/.local/lib/python3.12/site-packages/airflow/example_dags/example_nested_branch_dag.py
[2025-01-20T09:05:46.741+0000] {processor.py:925} INFO - DAG(s) 'example_nested_branch_dag' retrieved from /home/airflow/.local/lib/python3.12/site-packages/airflow/example_dags/example_nested_branch_dag.py
[2025-01-20T09:05:46.759+0000] {logging_mixin.py:190} INFO - [2025-01-20T09:05:46.759+0000] {dag.py:3239} INFO - Sync 1 DAGs
[2025-01-20T09:05:46.776+0000] {logging_mixin.py:190} INFO - [2025-01-20T09:05:46.776+0000] {dag.py:4180} INFO - Setting next_dagrun for example_nested_branch_dag to 2025-01-19 00:00:00+00:00, run_after=2025-01-20 00:00:00+00:00
[2025-01-20T09:05:46.793+0000] {processor.py:208} INFO - Processing /home/airflow/.local/lib/python3.12/site-packages/airflow/example_dags/example_nested_branch_dag.py took 0.072 seconds
[2025-01-20T09:06:17.747+0000] {processor.py:186} INFO - Started process (PID=77006) to work on /home/airflow/.local/lib/python3.12/site-packages/airflow/example_dags/example_nested_branch_dag.py
[2025-01-20T09:06:17.748+0000] {processor.py:914} INFO - Processing file /home/airflow/.local/lib/python3.12/site-packages/airflow/example_dags/example_nested_branch_dag.py for tasks to queue
[2025-01-20T09:06:17.751+0000] {logging_mixin.py:190} INFO - [2025-01-20T09:06:17.751+0000] {dagbag.py:588} INFO - Filling up the DagBag from /home/airflow/.local/lib/python3.12/site-packages/airflow/example_dags/example_nested_branch_dag.py
[2025-01-20T09:06:17.765+0000] {processor.py:925} INFO - DAG(s) 'example_nested_branch_dag' retrieved from /home/airflow/.local/lib/python3.12/site-packages/airflow/example_dags/example_nested_branch_dag.py
[2025-01-20T09:06:17.785+0000] {logging_mixin.py:190} INFO - [2025-01-20T09:06:17.785+0000] {dag.py:3239} INFO - Sync 1 DAGs
[2025-01-20T09:06:17.807+0000] {logging_mixin.py:190} INFO - [2025-01-20T09:06:17.807+0000] {dag.py:4180} INFO - Setting next_dagrun for example_nested_branch_dag to 2025-01-19 00:00:00+00:00, run_after=2025-01-20 00:00:00+00:00
[2025-01-20T09:06:17.826+0000] {processor.py:208} INFO - Processing /home/airflow/.local/lib/python3.12/site-packages/airflow/example_dags/example_nested_branch_dag.py took 0.086 seconds
[2025-01-20T09:06:48.729+0000] {processor.py:186} INFO - Started process (PID=77307) to work on /home/airflow/.local/lib/python3.12/site-packages/airflow/example_dags/example_nested_branch_dag.py
[2025-01-20T09:06:48.730+0000] {processor.py:914} INFO - Processing file /home/airflow/.local/lib/python3.12/site-packages/airflow/example_dags/example_nested_branch_dag.py for tasks to queue
[2025-01-20T09:06:48.732+0000] {logging_mixin.py:190} INFO - [2025-01-20T09:06:48.732+0000] {dagbag.py:588} INFO - Filling up the DagBag from /home/airflow/.local/lib/python3.12/site-packages/airflow/example_dags/example_nested_branch_dag.py
[2025-01-20T09:06:48.741+0000] {processor.py:925} INFO - DAG(s) 'example_nested_branch_dag' retrieved from /home/airflow/.local/lib/python3.12/site-packages/airflow/example_dags/example_nested_branch_dag.py
[2025-01-20T09:06:48.759+0000] {logging_mixin.py:190} INFO - [2025-01-20T09:06:48.758+0000] {dag.py:3239} INFO - Sync 1 DAGs
[2025-01-20T09:06:48.775+0000] {logging_mixin.py:190} INFO - [2025-01-20T09:06:48.774+0000] {dag.py:4180} INFO - Setting next_dagrun for example_nested_branch_dag to 2025-01-19 00:00:00+00:00, run_after=2025-01-20 00:00:00+00:00
[2025-01-20T09:06:48.788+0000] {processor.py:208} INFO - Processing /home/airflow/.local/lib/python3.12/site-packages/airflow/example_dags/example_nested_branch_dag.py took 0.066 seconds
[2025-01-20T09:07:19.655+0000] {processor.py:186} INFO - Started process (PID=77613) to work on /home/airflow/.local/lib/python3.12/site-packages/airflow/example_dags/example_nested_branch_dag.py
[2025-01-20T09:07:19.655+0000] {processor.py:914} INFO - Processing file /home/airflow/.local/lib/python3.12/site-packages/airflow/example_dags/example_nested_branch_dag.py for tasks to queue
[2025-01-20T09:07:19.657+0000] {logging_mixin.py:190} INFO - [2025-01-20T09:07:19.657+0000] {dagbag.py:588} INFO - Filling up the DagBag from /home/airflow/.local/lib/python3.12/site-packages/airflow/example_dags/example_nested_branch_dag.py
[2025-01-20T09:07:19.665+0000] {processor.py:925} INFO - DAG(s) 'example_nested_branch_dag' retrieved from /home/airflow/.local/lib/python3.12/site-packages/airflow/example_dags/example_nested_branch_dag.py
[2025-01-20T09:07:19.684+0000] {logging_mixin.py:190} INFO - [2025-01-20T09:07:19.684+0000] {dag.py:3239} INFO - Sync 1 DAGs
[2025-01-20T09:07:19.703+0000] {logging_mixin.py:190} INFO - [2025-01-20T09:07:19.702+0000] {dag.py:4180} INFO - Setting next_dagrun for example_nested_branch_dag to 2025-01-19 00:00:00+00:00, run_after=2025-01-20 00:00:00+00:00
[2025-01-20T09:07:19.721+0000] {processor.py:208} INFO - Processing /home/airflow/.local/lib/python3.12/site-packages/airflow/example_dags/example_nested_branch_dag.py took 0.071 seconds
[2025-01-20T09:07:50.452+0000] {processor.py:186} INFO - Started process (PID=77916) to work on /home/airflow/.local/lib/python3.12/site-packages/airflow/example_dags/example_nested_branch_dag.py
[2025-01-20T09:07:50.453+0000] {processor.py:914} INFO - Processing file /home/airflow/.local/lib/python3.12/site-packages/airflow/example_dags/example_nested_branch_dag.py for tasks to queue
[2025-01-20T09:07:50.455+0000] {logging_mixin.py:190} INFO - [2025-01-20T09:07:50.455+0000] {dagbag.py:588} INFO - Filling up the DagBag from /home/airflow/.local/lib/python3.12/site-packages/airflow/example_dags/example_nested_branch_dag.py
[2025-01-20T09:07:50.465+0000] {processor.py:925} INFO - DAG(s) 'example_nested_branch_dag' retrieved from /home/airflow/.local/lib/python3.12/site-packages/airflow/example_dags/example_nested_branch_dag.py
[2025-01-20T09:07:50.487+0000] {logging_mixin.py:190} INFO - [2025-01-20T09:07:50.486+0000] {dag.py:3239} INFO - Sync 1 DAGs
[2025-01-20T09:07:50.503+0000] {logging_mixin.py:190} INFO - [2025-01-20T09:07:50.503+0000] {dag.py:4180} INFO - Setting next_dagrun for example_nested_branch_dag to 2025-01-19 00:00:00+00:00, run_after=2025-01-20 00:00:00+00:00
[2025-01-20T09:07:50.524+0000] {processor.py:208} INFO - Processing /home/airflow/.local/lib/python3.12/site-packages/airflow/example_dags/example_nested_branch_dag.py took 0.077 seconds
[2025-01-20T09:08:20.652+0000] {processor.py:186} INFO - Started process (PID=78222) to work on /home/airflow/.local/lib/python3.12/site-packages/airflow/example_dags/example_nested_branch_dag.py
[2025-01-20T09:08:20.653+0000] {processor.py:914} INFO - Processing file /home/airflow/.local/lib/python3.12/site-packages/airflow/example_dags/example_nested_branch_dag.py for tasks to queue
[2025-01-20T09:08:20.655+0000] {logging_mixin.py:190} INFO - [2025-01-20T09:08:20.655+0000] {dagbag.py:588} INFO - Filling up the DagBag from /home/airflow/.local/lib/python3.12/site-packages/airflow/example_dags/example_nested_branch_dag.py
[2025-01-20T09:08:20.668+0000] {processor.py:925} INFO - DAG(s) 'example_nested_branch_dag' retrieved from /home/airflow/.local/lib/python3.12/site-packages/airflow/example_dags/example_nested_branch_dag.py
[2025-01-20T09:08:20.686+0000] {logging_mixin.py:190} INFO - [2025-01-20T09:08:20.686+0000] {dag.py:3239} INFO - Sync 1 DAGs
[2025-01-20T09:08:20.714+0000] {logging_mixin.py:190} INFO - [2025-01-20T09:08:20.714+0000] {dag.py:4180} INFO - Setting next_dagrun for example_nested_branch_dag to 2025-01-19 00:00:00+00:00, run_after=2025-01-20 00:00:00+00:00
[2025-01-20T09:08:20.745+0000] {processor.py:208} INFO - Processing /home/airflow/.local/lib/python3.12/site-packages/airflow/example_dags/example_nested_branch_dag.py took 0.099 seconds
[2025-01-20T09:08:50.818+0000] {processor.py:186} INFO - Started process (PID=78523) to work on /home/airflow/.local/lib/python3.12/site-packages/airflow/example_dags/example_nested_branch_dag.py
[2025-01-20T09:08:50.819+0000] {processor.py:914} INFO - Processing file /home/airflow/.local/lib/python3.12/site-packages/airflow/example_dags/example_nested_branch_dag.py for tasks to queue
[2025-01-20T09:08:50.821+0000] {logging_mixin.py:190} INFO - [2025-01-20T09:08:50.820+0000] {dagbag.py:588} INFO - Filling up the DagBag from /home/airflow/.local/lib/python3.12/site-packages/airflow/example_dags/example_nested_branch_dag.py
[2025-01-20T09:08:50.829+0000] {processor.py:925} INFO - DAG(s) 'example_nested_branch_dag' retrieved from /home/airflow/.local/lib/python3.12/site-packages/airflow/example_dags/example_nested_branch_dag.py
[2025-01-20T09:08:50.843+0000] {logging_mixin.py:190} INFO - [2025-01-20T09:08:50.843+0000] {dag.py:3239} INFO - Sync 1 DAGs
[2025-01-20T09:08:50.859+0000] {logging_mixin.py:190} INFO - [2025-01-20T09:08:50.859+0000] {dag.py:4180} INFO - Setting next_dagrun for example_nested_branch_dag to 2025-01-19 00:00:00+00:00, run_after=2025-01-20 00:00:00+00:00
[2025-01-20T09:08:50.871+0000] {processor.py:208} INFO - Processing /home/airflow/.local/lib/python3.12/site-packages/airflow/example_dags/example_nested_branch_dag.py took 0.058 seconds
[2025-01-20T09:09:21.210+0000] {processor.py:186} INFO - Started process (PID=78827) to work on /home/airflow/.local/lib/python3.12/site-packages/airflow/example_dags/example_nested_branch_dag.py
[2025-01-20T09:09:21.211+0000] {processor.py:914} INFO - Processing file /home/airflow/.local/lib/python3.12/site-packages/airflow/example_dags/example_nested_branch_dag.py for tasks to queue
[2025-01-20T09:09:21.212+0000] {logging_mixin.py:190} INFO - [2025-01-20T09:09:21.212+0000] {dagbag.py:588} INFO - Filling up the DagBag from /home/airflow/.local/lib/python3.12/site-packages/airflow/example_dags/example_nested_branch_dag.py
[2025-01-20T09:09:21.221+0000] {processor.py:925} INFO - DAG(s) 'example_nested_branch_dag' retrieved from /home/airflow/.local/lib/python3.12/site-packages/airflow/example_dags/example_nested_branch_dag.py
[2025-01-20T09:09:21.238+0000] {logging_mixin.py:190} INFO - [2025-01-20T09:09:21.238+0000] {dag.py:3239} INFO - Sync 1 DAGs
[2025-01-20T09:09:21.256+0000] {logging_mixin.py:190} INFO - [2025-01-20T09:09:21.256+0000] {dag.py:4180} INFO - Setting next_dagrun for example_nested_branch_dag to 2025-01-19 00:00:00+00:00, run_after=2025-01-20 00:00:00+00:00
[2025-01-20T09:09:21.271+0000] {processor.py:208} INFO - Processing /home/airflow/.local/lib/python3.12/site-packages/airflow/example_dags/example_nested_branch_dag.py took 0.069 seconds
