[2025-01-20T08:06:44.845+0000] {processor.py:186} INFO - Started process (PID=41694) to work on /home/airflow/.local/lib/python3.12/site-packages/airflow/example_dags/example_complex.py
[2025-01-20T08:06:44.848+0000] {processor.py:914} INFO - Processing file /home/airflow/.local/lib/python3.12/site-packages/airflow/example_dags/example_complex.py for tasks to queue
[2025-01-20T08:06:44.855+0000] {logging_mixin.py:190} INFO - [2025-01-20T08:06:44.855+0000] {dagbag.py:588} INFO - Filling up the DagBag from /home/airflow/.local/lib/python3.12/site-packages/airflow/example_dags/example_complex.py
[2025-01-20T08:06:44.878+0000] {processor.py:925} INFO - DAG(s) 'example_complex' retrieved from /home/airflow/.local/lib/python3.12/site-packages/airflow/example_dags/example_complex.py
[2025-01-20T08:06:44.936+0000] {logging_mixin.py:190} INFO - [2025-01-20T08:06:44.936+0000] {dag.py:3239} INFO - Sync 1 DAGs
[2025-01-20T08:06:44.960+0000] {logging_mixin.py:190} INFO - [2025-01-20T08:06:44.960+0000] {dag.py:4180} INFO - Setting next_dagrun for example_complex to None, run_after=None
[2025-01-20T08:06:44.996+0000] {processor.py:208} INFO - Processing /home/airflow/.local/lib/python3.12/site-packages/airflow/example_dags/example_complex.py took 0.161 seconds
[2025-01-20T08:07:15.405+0000] {processor.py:186} INFO - Started process (PID=42009) to work on /home/airflow/.local/lib/python3.12/site-packages/airflow/example_dags/example_complex.py
[2025-01-20T08:07:15.406+0000] {processor.py:914} INFO - Processing file /home/airflow/.local/lib/python3.12/site-packages/airflow/example_dags/example_complex.py for tasks to queue
[2025-01-20T08:07:15.408+0000] {logging_mixin.py:190} INFO - [2025-01-20T08:07:15.407+0000] {dagbag.py:588} INFO - Filling up the DagBag from /home/airflow/.local/lib/python3.12/site-packages/airflow/example_dags/example_complex.py
[2025-01-20T08:07:15.415+0000] {processor.py:925} INFO - DAG(s) 'example_complex' retrieved from /home/airflow/.local/lib/python3.12/site-packages/airflow/example_dags/example_complex.py
[2025-01-20T08:07:15.439+0000] {logging_mixin.py:190} INFO - [2025-01-20T08:07:15.439+0000] {dag.py:3239} INFO - Sync 1 DAGs
[2025-01-20T08:07:15.450+0000] {logging_mixin.py:190} INFO - [2025-01-20T08:07:15.450+0000] {dag.py:4180} INFO - Setting next_dagrun for example_complex to None, run_after=None
[2025-01-20T08:07:15.468+0000] {processor.py:208} INFO - Processing /home/airflow/.local/lib/python3.12/site-packages/airflow/example_dags/example_complex.py took 0.068 seconds
[2025-01-20T08:07:45.834+0000] {processor.py:186} INFO - Started process (PID=42310) to work on /home/airflow/.local/lib/python3.12/site-packages/airflow/example_dags/example_complex.py
[2025-01-20T08:07:45.835+0000] {processor.py:914} INFO - Processing file /home/airflow/.local/lib/python3.12/site-packages/airflow/example_dags/example_complex.py for tasks to queue
[2025-01-20T08:07:45.836+0000] {logging_mixin.py:190} INFO - [2025-01-20T08:07:45.836+0000] {dagbag.py:588} INFO - Filling up the DagBag from /home/airflow/.local/lib/python3.12/site-packages/airflow/example_dags/example_complex.py
[2025-01-20T08:07:45.844+0000] {processor.py:925} INFO - DAG(s) 'example_complex' retrieved from /home/airflow/.local/lib/python3.12/site-packages/airflow/example_dags/example_complex.py
[2025-01-20T08:07:45.876+0000] {logging_mixin.py:190} INFO - [2025-01-20T08:07:45.876+0000] {dag.py:3239} INFO - Sync 1 DAGs
[2025-01-20T08:07:45.887+0000] {logging_mixin.py:190} INFO - [2025-01-20T08:07:45.886+0000] {dag.py:4180} INFO - Setting next_dagrun for example_complex to None, run_after=None
[2025-01-20T08:07:45.900+0000] {processor.py:208} INFO - Processing /home/airflow/.local/lib/python3.12/site-packages/airflow/example_dags/example_complex.py took 0.074 seconds
[2025-01-20T08:08:16.299+0000] {processor.py:186} INFO - Started process (PID=42613) to work on /home/airflow/.local/lib/python3.12/site-packages/airflow/example_dags/example_complex.py
[2025-01-20T08:08:16.302+0000] {processor.py:914} INFO - Processing file /home/airflow/.local/lib/python3.12/site-packages/airflow/example_dags/example_complex.py for tasks to queue
[2025-01-20T08:08:16.308+0000] {logging_mixin.py:190} INFO - [2025-01-20T08:08:16.307+0000] {dagbag.py:588} INFO - Filling up the DagBag from /home/airflow/.local/lib/python3.12/site-packages/airflow/example_dags/example_complex.py
[2025-01-20T08:08:16.330+0000] {processor.py:925} INFO - DAG(s) 'example_complex' retrieved from /home/airflow/.local/lib/python3.12/site-packages/airflow/example_dags/example_complex.py
[2025-01-20T08:08:16.351+0000] {logging_mixin.py:190} INFO - [2025-01-20T08:08:16.351+0000] {dag.py:3239} INFO - Sync 1 DAGs
[2025-01-20T08:08:16.364+0000] {logging_mixin.py:190} INFO - [2025-01-20T08:08:16.364+0000] {dag.py:4180} INFO - Setting next_dagrun for example_complex to None, run_after=None
[2025-01-20T08:08:16.384+0000] {processor.py:208} INFO - Processing /home/airflow/.local/lib/python3.12/site-packages/airflow/example_dags/example_complex.py took 0.094 seconds
[2025-01-20T08:08:47.592+0000] {processor.py:186} INFO - Started process (PID=42917) to work on /home/airflow/.local/lib/python3.12/site-packages/airflow/example_dags/example_complex.py
[2025-01-20T08:08:47.594+0000] {processor.py:914} INFO - Processing file /home/airflow/.local/lib/python3.12/site-packages/airflow/example_dags/example_complex.py for tasks to queue
[2025-01-20T08:08:47.598+0000] {logging_mixin.py:190} INFO - [2025-01-20T08:08:47.597+0000] {dagbag.py:588} INFO - Filling up the DagBag from /home/airflow/.local/lib/python3.12/site-packages/airflow/example_dags/example_complex.py
[2025-01-20T08:08:47.607+0000] {processor.py:925} INFO - DAG(s) 'example_complex' retrieved from /home/airflow/.local/lib/python3.12/site-packages/airflow/example_dags/example_complex.py
[2025-01-20T08:08:47.653+0000] {logging_mixin.py:190} INFO - [2025-01-20T08:08:47.653+0000] {dag.py:3239} INFO - Sync 1 DAGs
[2025-01-20T08:08:47.664+0000] {logging_mixin.py:190} INFO - [2025-01-20T08:08:47.664+0000] {dag.py:4180} INFO - Setting next_dagrun for example_complex to None, run_after=None
[2025-01-20T08:08:47.681+0000] {processor.py:208} INFO - Processing /home/airflow/.local/lib/python3.12/site-packages/airflow/example_dags/example_complex.py took 0.099 seconds
[2025-01-20T08:09:17.989+0000] {processor.py:186} INFO - Started process (PID=43223) to work on /home/airflow/.local/lib/python3.12/site-packages/airflow/example_dags/example_complex.py
[2025-01-20T08:09:17.989+0000] {processor.py:914} INFO - Processing file /home/airflow/.local/lib/python3.12/site-packages/airflow/example_dags/example_complex.py for tasks to queue
[2025-01-20T08:09:17.991+0000] {logging_mixin.py:190} INFO - [2025-01-20T08:09:17.991+0000] {dagbag.py:588} INFO - Filling up the DagBag from /home/airflow/.local/lib/python3.12/site-packages/airflow/example_dags/example_complex.py
[2025-01-20T08:09:17.998+0000] {processor.py:925} INFO - DAG(s) 'example_complex' retrieved from /home/airflow/.local/lib/python3.12/site-packages/airflow/example_dags/example_complex.py
[2025-01-20T08:09:18.022+0000] {logging_mixin.py:190} INFO - [2025-01-20T08:09:18.022+0000] {dag.py:3239} INFO - Sync 1 DAGs
[2025-01-20T08:09:18.032+0000] {logging_mixin.py:190} INFO - [2025-01-20T08:09:18.032+0000] {dag.py:4180} INFO - Setting next_dagrun for example_complex to None, run_after=None
[2025-01-20T08:09:18.053+0000] {processor.py:208} INFO - Processing /home/airflow/.local/lib/python3.12/site-packages/airflow/example_dags/example_complex.py took 0.072 seconds
[2025-01-20T08:09:48.161+0000] {processor.py:186} INFO - Started process (PID=43519) to work on /home/airflow/.local/lib/python3.12/site-packages/airflow/example_dags/example_complex.py
[2025-01-20T08:09:48.162+0000] {processor.py:914} INFO - Processing file /home/airflow/.local/lib/python3.12/site-packages/airflow/example_dags/example_complex.py for tasks to queue
[2025-01-20T08:09:48.163+0000] {logging_mixin.py:190} INFO - [2025-01-20T08:09:48.163+0000] {dagbag.py:588} INFO - Filling up the DagBag from /home/airflow/.local/lib/python3.12/site-packages/airflow/example_dags/example_complex.py
[2025-01-20T08:09:48.171+0000] {processor.py:925} INFO - DAG(s) 'example_complex' retrieved from /home/airflow/.local/lib/python3.12/site-packages/airflow/example_dags/example_complex.py
[2025-01-20T08:09:48.202+0000] {logging_mixin.py:190} INFO - [2025-01-20T08:09:48.201+0000] {dag.py:3239} INFO - Sync 1 DAGs
[2025-01-20T08:09:48.213+0000] {logging_mixin.py:190} INFO - [2025-01-20T08:09:48.213+0000] {dag.py:4180} INFO - Setting next_dagrun for example_complex to None, run_after=None
[2025-01-20T08:09:48.232+0000] {processor.py:208} INFO - Processing /home/airflow/.local/lib/python3.12/site-packages/airflow/example_dags/example_complex.py took 0.078 seconds
[2025-01-20T08:10:18.624+0000] {processor.py:186} INFO - Started process (PID=43825) to work on /home/airflow/.local/lib/python3.12/site-packages/airflow/example_dags/example_complex.py
[2025-01-20T08:10:18.624+0000] {processor.py:914} INFO - Processing file /home/airflow/.local/lib/python3.12/site-packages/airflow/example_dags/example_complex.py for tasks to queue
[2025-01-20T08:10:18.626+0000] {logging_mixin.py:190} INFO - [2025-01-20T08:10:18.626+0000] {dagbag.py:588} INFO - Filling up the DagBag from /home/airflow/.local/lib/python3.12/site-packages/airflow/example_dags/example_complex.py
[2025-01-20T08:10:18.633+0000] {processor.py:925} INFO - DAG(s) 'example_complex' retrieved from /home/airflow/.local/lib/python3.12/site-packages/airflow/example_dags/example_complex.py
[2025-01-20T08:10:18.657+0000] {logging_mixin.py:190} INFO - [2025-01-20T08:10:18.656+0000] {dag.py:3239} INFO - Sync 1 DAGs
[2025-01-20T08:10:18.667+0000] {logging_mixin.py:190} INFO - [2025-01-20T08:10:18.667+0000] {dag.py:4180} INFO - Setting next_dagrun for example_complex to None, run_after=None
[2025-01-20T08:10:18.686+0000] {processor.py:208} INFO - Processing /home/airflow/.local/lib/python3.12/site-packages/airflow/example_dags/example_complex.py took 0.068 seconds
[2025-01-20T08:10:48.968+0000] {processor.py:186} INFO - Started process (PID=44123) to work on /home/airflow/.local/lib/python3.12/site-packages/airflow/example_dags/example_complex.py
[2025-01-20T08:10:48.968+0000] {processor.py:914} INFO - Processing file /home/airflow/.local/lib/python3.12/site-packages/airflow/example_dags/example_complex.py for tasks to queue
[2025-01-20T08:10:48.971+0000] {logging_mixin.py:190} INFO - [2025-01-20T08:10:48.971+0000] {dagbag.py:588} INFO - Filling up the DagBag from /home/airflow/.local/lib/python3.12/site-packages/airflow/example_dags/example_complex.py
[2025-01-20T08:10:48.980+0000] {processor.py:925} INFO - DAG(s) 'example_complex' retrieved from /home/airflow/.local/lib/python3.12/site-packages/airflow/example_dags/example_complex.py
[2025-01-20T08:10:49.017+0000] {logging_mixin.py:190} INFO - [2025-01-20T08:10:49.016+0000] {dag.py:3239} INFO - Sync 1 DAGs
[2025-01-20T08:10:49.030+0000] {logging_mixin.py:190} INFO - [2025-01-20T08:10:49.029+0000] {dag.py:4180} INFO - Setting next_dagrun for example_complex to None, run_after=None
[2025-01-20T08:10:49.051+0000] {processor.py:208} INFO - Processing /home/airflow/.local/lib/python3.12/site-packages/airflow/example_dags/example_complex.py took 0.087 seconds
[2025-01-20T08:11:19.616+0000] {processor.py:186} INFO - Started process (PID=44429) to work on /home/airflow/.local/lib/python3.12/site-packages/airflow/example_dags/example_complex.py
[2025-01-20T08:11:19.618+0000] {processor.py:914} INFO - Processing file /home/airflow/.local/lib/python3.12/site-packages/airflow/example_dags/example_complex.py for tasks to queue
[2025-01-20T08:11:19.622+0000] {logging_mixin.py:190} INFO - [2025-01-20T08:11:19.622+0000] {dagbag.py:588} INFO - Filling up the DagBag from /home/airflow/.local/lib/python3.12/site-packages/airflow/example_dags/example_complex.py
[2025-01-20T08:11:19.635+0000] {processor.py:925} INFO - DAG(s) 'example_complex' retrieved from /home/airflow/.local/lib/python3.12/site-packages/airflow/example_dags/example_complex.py
[2025-01-20T08:11:19.664+0000] {logging_mixin.py:190} INFO - [2025-01-20T08:11:19.664+0000] {dag.py:3239} INFO - Sync 1 DAGs
[2025-01-20T08:11:19.675+0000] {logging_mixin.py:190} INFO - [2025-01-20T08:11:19.675+0000] {dag.py:4180} INFO - Setting next_dagrun for example_complex to None, run_after=None
[2025-01-20T08:11:19.690+0000] {processor.py:208} INFO - Processing /home/airflow/.local/lib/python3.12/site-packages/airflow/example_dags/example_complex.py took 0.080 seconds
[2025-01-20T08:11:50.579+0000] {processor.py:186} INFO - Started process (PID=44733) to work on /home/airflow/.local/lib/python3.12/site-packages/airflow/example_dags/example_complex.py
[2025-01-20T08:11:50.580+0000] {processor.py:914} INFO - Processing file /home/airflow/.local/lib/python3.12/site-packages/airflow/example_dags/example_complex.py for tasks to queue
[2025-01-20T08:11:50.584+0000] {logging_mixin.py:190} INFO - [2025-01-20T08:11:50.583+0000] {dagbag.py:588} INFO - Filling up the DagBag from /home/airflow/.local/lib/python3.12/site-packages/airflow/example_dags/example_complex.py
[2025-01-20T08:11:50.599+0000] {processor.py:925} INFO - DAG(s) 'example_complex' retrieved from /home/airflow/.local/lib/python3.12/site-packages/airflow/example_dags/example_complex.py
[2025-01-20T08:11:50.628+0000] {logging_mixin.py:190} INFO - [2025-01-20T08:11:50.628+0000] {dag.py:3239} INFO - Sync 1 DAGs
[2025-01-20T08:11:50.640+0000] {logging_mixin.py:190} INFO - [2025-01-20T08:11:50.639+0000] {dag.py:4180} INFO - Setting next_dagrun for example_complex to None, run_after=None
[2025-01-20T08:11:50.656+0000] {processor.py:208} INFO - Processing /home/airflow/.local/lib/python3.12/site-packages/airflow/example_dags/example_complex.py took 0.081 seconds
[2025-01-20T08:12:20.879+0000] {processor.py:186} INFO - Started process (PID=45036) to work on /home/airflow/.local/lib/python3.12/site-packages/airflow/example_dags/example_complex.py
[2025-01-20T08:12:20.879+0000] {processor.py:914} INFO - Processing file /home/airflow/.local/lib/python3.12/site-packages/airflow/example_dags/example_complex.py for tasks to queue
[2025-01-20T08:12:20.881+0000] {logging_mixin.py:190} INFO - [2025-01-20T08:12:20.881+0000] {dagbag.py:588} INFO - Filling up the DagBag from /home/airflow/.local/lib/python3.12/site-packages/airflow/example_dags/example_complex.py
[2025-01-20T08:12:20.888+0000] {processor.py:925} INFO - DAG(s) 'example_complex' retrieved from /home/airflow/.local/lib/python3.12/site-packages/airflow/example_dags/example_complex.py
[2025-01-20T08:12:20.909+0000] {logging_mixin.py:190} INFO - [2025-01-20T08:12:20.909+0000] {dag.py:3239} INFO - Sync 1 DAGs
[2025-01-20T08:12:20.919+0000] {logging_mixin.py:190} INFO - [2025-01-20T08:12:20.919+0000] {dag.py:4180} INFO - Setting next_dagrun for example_complex to None, run_after=None
[2025-01-20T08:12:20.933+0000] {processor.py:208} INFO - Processing /home/airflow/.local/lib/python3.12/site-packages/airflow/example_dags/example_complex.py took 0.058 seconds
[2025-01-20T08:12:50.975+0000] {processor.py:186} INFO - Started process (PID=45335) to work on /home/airflow/.local/lib/python3.12/site-packages/airflow/example_dags/example_complex.py
[2025-01-20T08:12:50.976+0000] {processor.py:914} INFO - Processing file /home/airflow/.local/lib/python3.12/site-packages/airflow/example_dags/example_complex.py for tasks to queue
[2025-01-20T08:12:50.979+0000] {logging_mixin.py:190} INFO - [2025-01-20T08:12:50.978+0000] {dagbag.py:588} INFO - Filling up the DagBag from /home/airflow/.local/lib/python3.12/site-packages/airflow/example_dags/example_complex.py
[2025-01-20T08:12:50.987+0000] {processor.py:925} INFO - DAG(s) 'example_complex' retrieved from /home/airflow/.local/lib/python3.12/site-packages/airflow/example_dags/example_complex.py
[2025-01-20T08:12:51.021+0000] {logging_mixin.py:190} INFO - [2025-01-20T08:12:51.021+0000] {dag.py:3239} INFO - Sync 1 DAGs
[2025-01-20T08:12:51.038+0000] {logging_mixin.py:190} INFO - [2025-01-20T08:12:51.037+0000] {dag.py:4180} INFO - Setting next_dagrun for example_complex to None, run_after=None
[2025-01-20T08:12:51.068+0000] {processor.py:208} INFO - Processing /home/airflow/.local/lib/python3.12/site-packages/airflow/example_dags/example_complex.py took 0.097 seconds
[2025-01-20T08:13:21.304+0000] {processor.py:186} INFO - Started process (PID=45636) to work on /home/airflow/.local/lib/python3.12/site-packages/airflow/example_dags/example_complex.py
[2025-01-20T08:13:21.305+0000] {processor.py:914} INFO - Processing file /home/airflow/.local/lib/python3.12/site-packages/airflow/example_dags/example_complex.py for tasks to queue
[2025-01-20T08:13:21.308+0000] {logging_mixin.py:190} INFO - [2025-01-20T08:13:21.308+0000] {dagbag.py:588} INFO - Filling up the DagBag from /home/airflow/.local/lib/python3.12/site-packages/airflow/example_dags/example_complex.py
[2025-01-20T08:13:21.321+0000] {processor.py:925} INFO - DAG(s) 'example_complex' retrieved from /home/airflow/.local/lib/python3.12/site-packages/airflow/example_dags/example_complex.py
[2025-01-20T08:13:21.353+0000] {logging_mixin.py:190} INFO - [2025-01-20T08:13:21.353+0000] {dag.py:3239} INFO - Sync 1 DAGs
[2025-01-20T08:13:21.365+0000] {logging_mixin.py:190} INFO - [2025-01-20T08:13:21.365+0000] {dag.py:4180} INFO - Setting next_dagrun for example_complex to None, run_after=None
[2025-01-20T08:13:21.380+0000] {processor.py:208} INFO - Processing /home/airflow/.local/lib/python3.12/site-packages/airflow/example_dags/example_complex.py took 0.082 seconds
[2025-01-20T08:13:52.912+0000] {processor.py:186} INFO - Started process (PID=45942) to work on /home/airflow/.local/lib/python3.12/site-packages/airflow/example_dags/example_complex.py
[2025-01-20T08:13:52.912+0000] {processor.py:914} INFO - Processing file /home/airflow/.local/lib/python3.12/site-packages/airflow/example_dags/example_complex.py for tasks to queue
[2025-01-20T08:13:52.914+0000] {logging_mixin.py:190} INFO - [2025-01-20T08:13:52.914+0000] {dagbag.py:588} INFO - Filling up the DagBag from /home/airflow/.local/lib/python3.12/site-packages/airflow/example_dags/example_complex.py
[2025-01-20T08:13:52.921+0000] {processor.py:925} INFO - DAG(s) 'example_complex' retrieved from /home/airflow/.local/lib/python3.12/site-packages/airflow/example_dags/example_complex.py
[2025-01-20T08:13:52.942+0000] {logging_mixin.py:190} INFO - [2025-01-20T08:13:52.941+0000] {dag.py:3239} INFO - Sync 1 DAGs
[2025-01-20T08:13:53.067+0000] {logging_mixin.py:190} INFO - [2025-01-20T08:13:53.067+0000] {dag.py:4180} INFO - Setting next_dagrun for example_complex to None, run_after=None
[2025-01-20T08:13:53.087+0000] {processor.py:208} INFO - Processing /home/airflow/.local/lib/python3.12/site-packages/airflow/example_dags/example_complex.py took 0.179 seconds
[2025-01-20T08:14:23.237+0000] {processor.py:186} INFO - Started process (PID=46248) to work on /home/airflow/.local/lib/python3.12/site-packages/airflow/example_dags/example_complex.py
[2025-01-20T08:14:23.238+0000] {processor.py:914} INFO - Processing file /home/airflow/.local/lib/python3.12/site-packages/airflow/example_dags/example_complex.py for tasks to queue
[2025-01-20T08:14:23.241+0000] {logging_mixin.py:190} INFO - [2025-01-20T08:14:23.241+0000] {dagbag.py:588} INFO - Filling up the DagBag from /home/airflow/.local/lib/python3.12/site-packages/airflow/example_dags/example_complex.py
[2025-01-20T08:14:23.253+0000] {processor.py:925} INFO - DAG(s) 'example_complex' retrieved from /home/airflow/.local/lib/python3.12/site-packages/airflow/example_dags/example_complex.py
[2025-01-20T08:14:23.273+0000] {logging_mixin.py:190} INFO - [2025-01-20T08:14:23.273+0000] {dag.py:3239} INFO - Sync 1 DAGs
[2025-01-20T08:14:23.401+0000] {logging_mixin.py:190} INFO - [2025-01-20T08:14:23.401+0000] {dag.py:4180} INFO - Setting next_dagrun for example_complex to None, run_after=None
[2025-01-20T08:14:23.420+0000] {processor.py:208} INFO - Processing /home/airflow/.local/lib/python3.12/site-packages/airflow/example_dags/example_complex.py took 0.190 seconds
[2025-01-20T08:14:54.050+0000] {processor.py:186} INFO - Started process (PID=46551) to work on /home/airflow/.local/lib/python3.12/site-packages/airflow/example_dags/example_complex.py
[2025-01-20T08:14:54.051+0000] {processor.py:914} INFO - Processing file /home/airflow/.local/lib/python3.12/site-packages/airflow/example_dags/example_complex.py for tasks to queue
[2025-01-20T08:14:54.053+0000] {logging_mixin.py:190} INFO - [2025-01-20T08:14:54.052+0000] {dagbag.py:588} INFO - Filling up the DagBag from /home/airflow/.local/lib/python3.12/site-packages/airflow/example_dags/example_complex.py
[2025-01-20T08:14:54.060+0000] {processor.py:925} INFO - DAG(s) 'example_complex' retrieved from /home/airflow/.local/lib/python3.12/site-packages/airflow/example_dags/example_complex.py
[2025-01-20T08:14:54.079+0000] {logging_mixin.py:190} INFO - [2025-01-20T08:14:54.079+0000] {dag.py:3239} INFO - Sync 1 DAGs
[2025-01-20T08:14:54.089+0000] {logging_mixin.py:190} INFO - [2025-01-20T08:14:54.089+0000] {dag.py:4180} INFO - Setting next_dagrun for example_complex to None, run_after=None
[2025-01-20T08:14:54.105+0000] {processor.py:208} INFO - Processing /home/airflow/.local/lib/python3.12/site-packages/airflow/example_dags/example_complex.py took 0.058 seconds
[2025-01-20T08:15:25.109+0000] {processor.py:186} INFO - Started process (PID=46857) to work on /home/airflow/.local/lib/python3.12/site-packages/airflow/example_dags/example_complex.py
[2025-01-20T08:15:25.110+0000] {processor.py:914} INFO - Processing file /home/airflow/.local/lib/python3.12/site-packages/airflow/example_dags/example_complex.py for tasks to queue
[2025-01-20T08:15:25.112+0000] {logging_mixin.py:190} INFO - [2025-01-20T08:15:25.111+0000] {dagbag.py:588} INFO - Filling up the DagBag from /home/airflow/.local/lib/python3.12/site-packages/airflow/example_dags/example_complex.py
[2025-01-20T08:15:25.119+0000] {processor.py:925} INFO - DAG(s) 'example_complex' retrieved from /home/airflow/.local/lib/python3.12/site-packages/airflow/example_dags/example_complex.py
[2025-01-20T08:15:25.137+0000] {logging_mixin.py:190} INFO - [2025-01-20T08:15:25.137+0000] {dag.py:3239} INFO - Sync 1 DAGs
[2025-01-20T08:15:25.147+0000] {logging_mixin.py:190} INFO - [2025-01-20T08:15:25.147+0000] {dag.py:4180} INFO - Setting next_dagrun for example_complex to None, run_after=None
[2025-01-20T08:15:25.163+0000] {processor.py:208} INFO - Processing /home/airflow/.local/lib/python3.12/site-packages/airflow/example_dags/example_complex.py took 0.057 seconds
[2025-01-20T08:15:56.205+0000] {processor.py:186} INFO - Started process (PID=47156) to work on /home/airflow/.local/lib/python3.12/site-packages/airflow/example_dags/example_complex.py
[2025-01-20T08:15:56.205+0000] {processor.py:914} INFO - Processing file /home/airflow/.local/lib/python3.12/site-packages/airflow/example_dags/example_complex.py for tasks to queue
[2025-01-20T08:15:56.208+0000] {logging_mixin.py:190} INFO - [2025-01-20T08:15:56.207+0000] {dagbag.py:588} INFO - Filling up the DagBag from /home/airflow/.local/lib/python3.12/site-packages/airflow/example_dags/example_complex.py
[2025-01-20T08:15:56.216+0000] {processor.py:925} INFO - DAG(s) 'example_complex' retrieved from /home/airflow/.local/lib/python3.12/site-packages/airflow/example_dags/example_complex.py
[2025-01-20T08:15:56.258+0000] {logging_mixin.py:190} INFO - [2025-01-20T08:15:56.258+0000] {dag.py:3239} INFO - Sync 1 DAGs
[2025-01-20T08:15:56.271+0000] {logging_mixin.py:190} INFO - [2025-01-20T08:15:56.270+0000] {dag.py:4180} INFO - Setting next_dagrun for example_complex to None, run_after=None
[2025-01-20T08:15:56.302+0000] {processor.py:208} INFO - Processing /home/airflow/.local/lib/python3.12/site-packages/airflow/example_dags/example_complex.py took 0.102 seconds
[2025-01-20T08:16:26.438+0000] {processor.py:186} INFO - Started process (PID=47462) to work on /home/airflow/.local/lib/python3.12/site-packages/airflow/example_dags/example_complex.py
[2025-01-20T08:16:26.438+0000] {processor.py:914} INFO - Processing file /home/airflow/.local/lib/python3.12/site-packages/airflow/example_dags/example_complex.py for tasks to queue
[2025-01-20T08:16:26.441+0000] {logging_mixin.py:190} INFO - [2025-01-20T08:16:26.440+0000] {dagbag.py:588} INFO - Filling up the DagBag from /home/airflow/.local/lib/python3.12/site-packages/airflow/example_dags/example_complex.py
[2025-01-20T08:16:26.448+0000] {processor.py:925} INFO - DAG(s) 'example_complex' retrieved from /home/airflow/.local/lib/python3.12/site-packages/airflow/example_dags/example_complex.py
[2025-01-20T08:16:26.468+0000] {logging_mixin.py:190} INFO - [2025-01-20T08:16:26.468+0000] {dag.py:3239} INFO - Sync 1 DAGs
[2025-01-20T08:16:26.477+0000] {logging_mixin.py:190} INFO - [2025-01-20T08:16:26.477+0000] {dag.py:4180} INFO - Setting next_dagrun for example_complex to None, run_after=None
[2025-01-20T08:16:26.491+0000] {processor.py:208} INFO - Processing /home/airflow/.local/lib/python3.12/site-packages/airflow/example_dags/example_complex.py took 0.058 seconds
[2025-01-20T08:16:57.220+0000] {processor.py:186} INFO - Started process (PID=47763) to work on /home/airflow/.local/lib/python3.12/site-packages/airflow/example_dags/example_complex.py
[2025-01-20T08:16:57.221+0000] {processor.py:914} INFO - Processing file /home/airflow/.local/lib/python3.12/site-packages/airflow/example_dags/example_complex.py for tasks to queue
[2025-01-20T08:16:57.224+0000] {logging_mixin.py:190} INFO - [2025-01-20T08:16:57.224+0000] {dagbag.py:588} INFO - Filling up the DagBag from /home/airflow/.local/lib/python3.12/site-packages/airflow/example_dags/example_complex.py
[2025-01-20T08:16:57.233+0000] {processor.py:925} INFO - DAG(s) 'example_complex' retrieved from /home/airflow/.local/lib/python3.12/site-packages/airflow/example_dags/example_complex.py
[2025-01-20T08:16:57.264+0000] {logging_mixin.py:190} INFO - [2025-01-20T08:16:57.263+0000] {dag.py:3239} INFO - Sync 1 DAGs
[2025-01-20T08:16:57.274+0000] {logging_mixin.py:190} INFO - [2025-01-20T08:16:57.274+0000] {dag.py:4180} INFO - Setting next_dagrun for example_complex to None, run_after=None
[2025-01-20T08:16:57.288+0000] {processor.py:208} INFO - Processing /home/airflow/.local/lib/python3.12/site-packages/airflow/example_dags/example_complex.py took 0.073 seconds
[2025-01-20T08:17:28.179+0000] {processor.py:186} INFO - Started process (PID=48069) to work on /home/airflow/.local/lib/python3.12/site-packages/airflow/example_dags/example_complex.py
[2025-01-20T08:17:28.179+0000] {processor.py:914} INFO - Processing file /home/airflow/.local/lib/python3.12/site-packages/airflow/example_dags/example_complex.py for tasks to queue
[2025-01-20T08:17:28.181+0000] {logging_mixin.py:190} INFO - [2025-01-20T08:17:28.181+0000] {dagbag.py:588} INFO - Filling up the DagBag from /home/airflow/.local/lib/python3.12/site-packages/airflow/example_dags/example_complex.py
[2025-01-20T08:17:28.189+0000] {processor.py:925} INFO - DAG(s) 'example_complex' retrieved from /home/airflow/.local/lib/python3.12/site-packages/airflow/example_dags/example_complex.py
[2025-01-20T08:17:28.213+0000] {logging_mixin.py:190} INFO - [2025-01-20T08:17:28.213+0000] {dag.py:3239} INFO - Sync 1 DAGs
[2025-01-20T08:17:28.225+0000] {logging_mixin.py:190} INFO - [2025-01-20T08:17:28.225+0000] {dag.py:4180} INFO - Setting next_dagrun for example_complex to None, run_after=None
[2025-01-20T08:17:28.240+0000] {processor.py:208} INFO - Processing /home/airflow/.local/lib/python3.12/site-packages/airflow/example_dags/example_complex.py took 0.067 seconds
[2025-01-20T08:17:59.041+0000] {processor.py:186} INFO - Started process (PID=48370) to work on /home/airflow/.local/lib/python3.12/site-packages/airflow/example_dags/example_complex.py
[2025-01-20T08:17:59.041+0000] {processor.py:914} INFO - Processing file /home/airflow/.local/lib/python3.12/site-packages/airflow/example_dags/example_complex.py for tasks to queue
[2025-01-20T08:17:59.043+0000] {logging_mixin.py:190} INFO - [2025-01-20T08:17:59.043+0000] {dagbag.py:588} INFO - Filling up the DagBag from /home/airflow/.local/lib/python3.12/site-packages/airflow/example_dags/example_complex.py
[2025-01-20T08:17:59.051+0000] {processor.py:925} INFO - DAG(s) 'example_complex' retrieved from /home/airflow/.local/lib/python3.12/site-packages/airflow/example_dags/example_complex.py
[2025-01-20T08:17:59.069+0000] {logging_mixin.py:190} INFO - [2025-01-20T08:17:59.069+0000] {dag.py:3239} INFO - Sync 1 DAGs
[2025-01-20T08:17:59.080+0000] {logging_mixin.py:190} INFO - [2025-01-20T08:17:59.079+0000] {dag.py:4180} INFO - Setting next_dagrun for example_complex to None, run_after=None
[2025-01-20T08:17:59.098+0000] {processor.py:208} INFO - Processing /home/airflow/.local/lib/python3.12/site-packages/airflow/example_dags/example_complex.py took 0.061 seconds
[2025-01-20T08:18:29.742+0000] {processor.py:186} INFO - Started process (PID=48676) to work on /home/airflow/.local/lib/python3.12/site-packages/airflow/example_dags/example_complex.py
[2025-01-20T08:18:29.742+0000] {processor.py:914} INFO - Processing file /home/airflow/.local/lib/python3.12/site-packages/airflow/example_dags/example_complex.py for tasks to queue
[2025-01-20T08:18:29.744+0000] {logging_mixin.py:190} INFO - [2025-01-20T08:18:29.744+0000] {dagbag.py:588} INFO - Filling up the DagBag from /home/airflow/.local/lib/python3.12/site-packages/airflow/example_dags/example_complex.py
[2025-01-20T08:18:29.752+0000] {processor.py:925} INFO - DAG(s) 'example_complex' retrieved from /home/airflow/.local/lib/python3.12/site-packages/airflow/example_dags/example_complex.py
[2025-01-20T08:18:29.777+0000] {logging_mixin.py:190} INFO - [2025-01-20T08:18:29.776+0000] {dag.py:3239} INFO - Sync 1 DAGs
[2025-01-20T08:18:29.789+0000] {logging_mixin.py:190} INFO - [2025-01-20T08:18:29.789+0000] {dag.py:4180} INFO - Setting next_dagrun for example_complex to None, run_after=None
[2025-01-20T08:18:29.809+0000] {processor.py:208} INFO - Processing /home/airflow/.local/lib/python3.12/site-packages/airflow/example_dags/example_complex.py took 0.074 seconds
[2025-01-20T08:19:00.712+0000] {processor.py:186} INFO - Started process (PID=48978) to work on /home/airflow/.local/lib/python3.12/site-packages/airflow/example_dags/example_complex.py
[2025-01-20T08:19:00.713+0000] {processor.py:914} INFO - Processing file /home/airflow/.local/lib/python3.12/site-packages/airflow/example_dags/example_complex.py for tasks to queue
[2025-01-20T08:19:00.715+0000] {logging_mixin.py:190} INFO - [2025-01-20T08:19:00.714+0000] {dagbag.py:588} INFO - Filling up the DagBag from /home/airflow/.local/lib/python3.12/site-packages/airflow/example_dags/example_complex.py
[2025-01-20T08:19:00.723+0000] {processor.py:925} INFO - DAG(s) 'example_complex' retrieved from /home/airflow/.local/lib/python3.12/site-packages/airflow/example_dags/example_complex.py
[2025-01-20T08:19:00.755+0000] {logging_mixin.py:190} INFO - [2025-01-20T08:19:00.755+0000] {dag.py:3239} INFO - Sync 1 DAGs
[2025-01-20T08:19:00.766+0000] {logging_mixin.py:190} INFO - [2025-01-20T08:19:00.766+0000] {dag.py:4180} INFO - Setting next_dagrun for example_complex to None, run_after=None
[2025-01-20T08:19:00.784+0000] {processor.py:208} INFO - Processing /home/airflow/.local/lib/python3.12/site-packages/airflow/example_dags/example_complex.py took 0.079 seconds
[2025-01-20T08:19:31.441+0000] {processor.py:186} INFO - Started process (PID=49284) to work on /home/airflow/.local/lib/python3.12/site-packages/airflow/example_dags/example_complex.py
[2025-01-20T08:19:31.442+0000] {processor.py:914} INFO - Processing file /home/airflow/.local/lib/python3.12/site-packages/airflow/example_dags/example_complex.py for tasks to queue
[2025-01-20T08:19:31.445+0000] {logging_mixin.py:190} INFO - [2025-01-20T08:19:31.444+0000] {dagbag.py:588} INFO - Filling up the DagBag from /home/airflow/.local/lib/python3.12/site-packages/airflow/example_dags/example_complex.py
[2025-01-20T08:19:31.452+0000] {processor.py:925} INFO - DAG(s) 'example_complex' retrieved from /home/airflow/.local/lib/python3.12/site-packages/airflow/example_dags/example_complex.py
[2025-01-20T08:19:31.480+0000] {logging_mixin.py:190} INFO - [2025-01-20T08:19:31.480+0000] {dag.py:3239} INFO - Sync 1 DAGs
[2025-01-20T08:19:31.494+0000] {logging_mixin.py:190} INFO - [2025-01-20T08:19:31.494+0000] {dag.py:4180} INFO - Setting next_dagrun for example_complex to None, run_after=None
[2025-01-20T08:19:31.510+0000] {processor.py:208} INFO - Processing /home/airflow/.local/lib/python3.12/site-packages/airflow/example_dags/example_complex.py took 0.072 seconds
[2025-01-20T08:20:02.287+0000] {processor.py:186} INFO - Started process (PID=49590) to work on /home/airflow/.local/lib/python3.12/site-packages/airflow/example_dags/example_complex.py
[2025-01-20T08:20:02.288+0000] {processor.py:914} INFO - Processing file /home/airflow/.local/lib/python3.12/site-packages/airflow/example_dags/example_complex.py for tasks to queue
[2025-01-20T08:20:02.292+0000] {logging_mixin.py:190} INFO - [2025-01-20T08:20:02.292+0000] {dagbag.py:588} INFO - Filling up the DagBag from /home/airflow/.local/lib/python3.12/site-packages/airflow/example_dags/example_complex.py
[2025-01-20T08:20:02.303+0000] {processor.py:925} INFO - DAG(s) 'example_complex' retrieved from /home/airflow/.local/lib/python3.12/site-packages/airflow/example_dags/example_complex.py
[2025-01-20T08:20:02.329+0000] {logging_mixin.py:190} INFO - [2025-01-20T08:20:02.328+0000] {dag.py:3239} INFO - Sync 1 DAGs
[2025-01-20T08:20:02.339+0000] {logging_mixin.py:190} INFO - [2025-01-20T08:20:02.338+0000] {dag.py:4180} INFO - Setting next_dagrun for example_complex to None, run_after=None
[2025-01-20T08:20:02.355+0000] {processor.py:208} INFO - Processing /home/airflow/.local/lib/python3.12/site-packages/airflow/example_dags/example_complex.py took 0.074 seconds
[2025-01-20T08:20:33.097+0000] {processor.py:186} INFO - Started process (PID=49891) to work on /home/airflow/.local/lib/python3.12/site-packages/airflow/example_dags/example_complex.py
[2025-01-20T08:20:33.098+0000] {processor.py:914} INFO - Processing file /home/airflow/.local/lib/python3.12/site-packages/airflow/example_dags/example_complex.py for tasks to queue
[2025-01-20T08:20:33.101+0000] {logging_mixin.py:190} INFO - [2025-01-20T08:20:33.101+0000] {dagbag.py:588} INFO - Filling up the DagBag from /home/airflow/.local/lib/python3.12/site-packages/airflow/example_dags/example_complex.py
[2025-01-20T08:20:33.109+0000] {processor.py:925} INFO - DAG(s) 'example_complex' retrieved from /home/airflow/.local/lib/python3.12/site-packages/airflow/example_dags/example_complex.py
[2025-01-20T08:20:33.136+0000] {logging_mixin.py:190} INFO - [2025-01-20T08:20:33.135+0000] {dag.py:3239} INFO - Sync 1 DAGs
[2025-01-20T08:20:33.151+0000] {logging_mixin.py:190} INFO - [2025-01-20T08:20:33.151+0000] {dag.py:4180} INFO - Setting next_dagrun for example_complex to None, run_after=None
[2025-01-20T08:20:33.173+0000] {processor.py:208} INFO - Processing /home/airflow/.local/lib/python3.12/site-packages/airflow/example_dags/example_complex.py took 0.079 seconds
[2025-01-20T08:21:04.028+0000] {processor.py:186} INFO - Started process (PID=50197) to work on /home/airflow/.local/lib/python3.12/site-packages/airflow/example_dags/example_complex.py
[2025-01-20T08:21:04.029+0000] {processor.py:914} INFO - Processing file /home/airflow/.local/lib/python3.12/site-packages/airflow/example_dags/example_complex.py for tasks to queue
[2025-01-20T08:21:04.032+0000] {logging_mixin.py:190} INFO - [2025-01-20T08:21:04.031+0000] {dagbag.py:588} INFO - Filling up the DagBag from /home/airflow/.local/lib/python3.12/site-packages/airflow/example_dags/example_complex.py
[2025-01-20T08:21:04.045+0000] {processor.py:925} INFO - DAG(s) 'example_complex' retrieved from /home/airflow/.local/lib/python3.12/site-packages/airflow/example_dags/example_complex.py
[2025-01-20T08:21:04.073+0000] {logging_mixin.py:190} INFO - [2025-01-20T08:21:04.072+0000] {dag.py:3239} INFO - Sync 1 DAGs
[2025-01-20T08:21:04.090+0000] {logging_mixin.py:190} INFO - [2025-01-20T08:21:04.090+0000] {dag.py:4180} INFO - Setting next_dagrun for example_complex to None, run_after=None
[2025-01-20T08:21:04.107+0000] {processor.py:208} INFO - Processing /home/airflow/.local/lib/python3.12/site-packages/airflow/example_dags/example_complex.py took 0.089 seconds
[2025-01-20T08:21:34.926+0000] {processor.py:186} INFO - Started process (PID=50498) to work on /home/airflow/.local/lib/python3.12/site-packages/airflow/example_dags/example_complex.py
[2025-01-20T08:21:34.927+0000] {processor.py:914} INFO - Processing file /home/airflow/.local/lib/python3.12/site-packages/airflow/example_dags/example_complex.py for tasks to queue
[2025-01-20T08:21:34.930+0000] {logging_mixin.py:190} INFO - [2025-01-20T08:21:34.930+0000] {dagbag.py:588} INFO - Filling up the DagBag from /home/airflow/.local/lib/python3.12/site-packages/airflow/example_dags/example_complex.py
[2025-01-20T08:21:34.946+0000] {processor.py:925} INFO - DAG(s) 'example_complex' retrieved from /home/airflow/.local/lib/python3.12/site-packages/airflow/example_dags/example_complex.py
[2025-01-20T08:21:35.007+0000] {logging_mixin.py:190} INFO - [2025-01-20T08:21:35.007+0000] {dag.py:3239} INFO - Sync 1 DAGs
[2025-01-20T08:21:35.024+0000] {logging_mixin.py:190} INFO - [2025-01-20T08:21:35.024+0000] {dag.py:4180} INFO - Setting next_dagrun for example_complex to None, run_after=None
[2025-01-20T08:21:35.042+0000] {processor.py:208} INFO - Processing /home/airflow/.local/lib/python3.12/site-packages/airflow/example_dags/example_complex.py took 0.123 seconds
[2025-01-20T08:22:06.027+0000] {processor.py:186} INFO - Started process (PID=50806) to work on /home/airflow/.local/lib/python3.12/site-packages/airflow/example_dags/example_complex.py
[2025-01-20T08:22:06.027+0000] {processor.py:914} INFO - Processing file /home/airflow/.local/lib/python3.12/site-packages/airflow/example_dags/example_complex.py for tasks to queue
[2025-01-20T08:22:06.029+0000] {logging_mixin.py:190} INFO - [2025-01-20T08:22:06.029+0000] {dagbag.py:588} INFO - Filling up the DagBag from /home/airflow/.local/lib/python3.12/site-packages/airflow/example_dags/example_complex.py
[2025-01-20T08:22:06.036+0000] {processor.py:925} INFO - DAG(s) 'example_complex' retrieved from /home/airflow/.local/lib/python3.12/site-packages/airflow/example_dags/example_complex.py
[2025-01-20T08:22:06.061+0000] {logging_mixin.py:190} INFO - [2025-01-20T08:22:06.061+0000] {dag.py:3239} INFO - Sync 1 DAGs
[2025-01-20T08:22:06.071+0000] {logging_mixin.py:190} INFO - [2025-01-20T08:22:06.071+0000] {dag.py:4180} INFO - Setting next_dagrun for example_complex to None, run_after=None
[2025-01-20T08:22:06.086+0000] {processor.py:208} INFO - Processing /home/airflow/.local/lib/python3.12/site-packages/airflow/example_dags/example_complex.py took 0.064 seconds
[2025-01-20T08:22:36.804+0000] {processor.py:186} INFO - Started process (PID=51105) to work on /home/airflow/.local/lib/python3.12/site-packages/airflow/example_dags/example_complex.py
[2025-01-20T08:22:36.805+0000] {processor.py:914} INFO - Processing file /home/airflow/.local/lib/python3.12/site-packages/airflow/example_dags/example_complex.py for tasks to queue
[2025-01-20T08:22:36.808+0000] {logging_mixin.py:190} INFO - [2025-01-20T08:22:36.807+0000] {dagbag.py:588} INFO - Filling up the DagBag from /home/airflow/.local/lib/python3.12/site-packages/airflow/example_dags/example_complex.py
[2025-01-20T08:22:36.815+0000] {processor.py:925} INFO - DAG(s) 'example_complex' retrieved from /home/airflow/.local/lib/python3.12/site-packages/airflow/example_dags/example_complex.py
[2025-01-20T08:22:36.832+0000] {logging_mixin.py:190} INFO - [2025-01-20T08:22:36.832+0000] {dag.py:3239} INFO - Sync 1 DAGs
[2025-01-20T08:22:36.844+0000] {logging_mixin.py:190} INFO - [2025-01-20T08:22:36.844+0000] {dag.py:4180} INFO - Setting next_dagrun for example_complex to None, run_after=None
[2025-01-20T08:22:36.857+0000] {processor.py:208} INFO - Processing /home/airflow/.local/lib/python3.12/site-packages/airflow/example_dags/example_complex.py took 0.057 seconds
[2025-01-20T08:23:07.751+0000] {processor.py:186} INFO - Started process (PID=51413) to work on /home/airflow/.local/lib/python3.12/site-packages/airflow/example_dags/example_complex.py
[2025-01-20T08:23:07.752+0000] {processor.py:914} INFO - Processing file /home/airflow/.local/lib/python3.12/site-packages/airflow/example_dags/example_complex.py for tasks to queue
[2025-01-20T08:23:07.754+0000] {logging_mixin.py:190} INFO - [2025-01-20T08:23:07.754+0000] {dagbag.py:588} INFO - Filling up the DagBag from /home/airflow/.local/lib/python3.12/site-packages/airflow/example_dags/example_complex.py
[2025-01-20T08:23:07.761+0000] {processor.py:925} INFO - DAG(s) 'example_complex' retrieved from /home/airflow/.local/lib/python3.12/site-packages/airflow/example_dags/example_complex.py
[2025-01-20T08:23:07.781+0000] {logging_mixin.py:190} INFO - [2025-01-20T08:23:07.781+0000] {dag.py:3239} INFO - Sync 1 DAGs
[2025-01-20T08:23:07.790+0000] {logging_mixin.py:190} INFO - [2025-01-20T08:23:07.790+0000] {dag.py:4180} INFO - Setting next_dagrun for example_complex to None, run_after=None
[2025-01-20T08:23:07.802+0000] {processor.py:208} INFO - Processing /home/airflow/.local/lib/python3.12/site-packages/airflow/example_dags/example_complex.py took 0.056 seconds
[2025-01-20T08:23:38.543+0000] {processor.py:186} INFO - Started process (PID=51714) to work on /home/airflow/.local/lib/python3.12/site-packages/airflow/example_dags/example_complex.py
[2025-01-20T08:23:38.544+0000] {processor.py:914} INFO - Processing file /home/airflow/.local/lib/python3.12/site-packages/airflow/example_dags/example_complex.py for tasks to queue
[2025-01-20T08:23:38.547+0000] {logging_mixin.py:190} INFO - [2025-01-20T08:23:38.547+0000] {dagbag.py:588} INFO - Filling up the DagBag from /home/airflow/.local/lib/python3.12/site-packages/airflow/example_dags/example_complex.py
[2025-01-20T08:23:38.556+0000] {processor.py:925} INFO - DAG(s) 'example_complex' retrieved from /home/airflow/.local/lib/python3.12/site-packages/airflow/example_dags/example_complex.py
[2025-01-20T08:23:38.576+0000] {logging_mixin.py:190} INFO - [2025-01-20T08:23:38.576+0000] {dag.py:3239} INFO - Sync 1 DAGs
[2025-01-20T08:23:38.589+0000] {logging_mixin.py:190} INFO - [2025-01-20T08:23:38.589+0000] {dag.py:4180} INFO - Setting next_dagrun for example_complex to None, run_after=None
[2025-01-20T08:23:38.604+0000] {processor.py:208} INFO - Processing /home/airflow/.local/lib/python3.12/site-packages/airflow/example_dags/example_complex.py took 0.069 seconds
[2025-01-20T08:24:08.670+0000] {processor.py:186} INFO - Started process (PID=52018) to work on /home/airflow/.local/lib/python3.12/site-packages/airflow/example_dags/example_complex.py
[2025-01-20T08:24:08.670+0000] {processor.py:914} INFO - Processing file /home/airflow/.local/lib/python3.12/site-packages/airflow/example_dags/example_complex.py for tasks to queue
[2025-01-20T08:24:08.672+0000] {logging_mixin.py:190} INFO - [2025-01-20T08:24:08.672+0000] {dagbag.py:588} INFO - Filling up the DagBag from /home/airflow/.local/lib/python3.12/site-packages/airflow/example_dags/example_complex.py
[2025-01-20T08:24:08.679+0000] {processor.py:925} INFO - DAG(s) 'example_complex' retrieved from /home/airflow/.local/lib/python3.12/site-packages/airflow/example_dags/example_complex.py
[2025-01-20T08:24:08.707+0000] {logging_mixin.py:190} INFO - [2025-01-20T08:24:08.706+0000] {dag.py:3239} INFO - Sync 1 DAGs
[2025-01-20T08:24:08.721+0000] {logging_mixin.py:190} INFO - [2025-01-20T08:24:08.721+0000] {dag.py:4180} INFO - Setting next_dagrun for example_complex to None, run_after=None
[2025-01-20T08:24:08.739+0000] {processor.py:208} INFO - Processing /home/airflow/.local/lib/python3.12/site-packages/airflow/example_dags/example_complex.py took 0.075 seconds
[2025-01-20T08:24:39.555+0000] {processor.py:186} INFO - Started process (PID=52321) to work on /home/airflow/.local/lib/python3.12/site-packages/airflow/example_dags/example_complex.py
[2025-01-20T08:24:39.556+0000] {processor.py:914} INFO - Processing file /home/airflow/.local/lib/python3.12/site-packages/airflow/example_dags/example_complex.py for tasks to queue
[2025-01-20T08:24:39.559+0000] {logging_mixin.py:190} INFO - [2025-01-20T08:24:39.558+0000] {dagbag.py:588} INFO - Filling up the DagBag from /home/airflow/.local/lib/python3.12/site-packages/airflow/example_dags/example_complex.py
[2025-01-20T08:24:39.568+0000] {processor.py:925} INFO - DAG(s) 'example_complex' retrieved from /home/airflow/.local/lib/python3.12/site-packages/airflow/example_dags/example_complex.py
[2025-01-20T08:24:39.609+0000] {logging_mixin.py:190} INFO - [2025-01-20T08:24:39.608+0000] {dag.py:3239} INFO - Sync 1 DAGs
[2025-01-20T08:24:39.626+0000] {logging_mixin.py:190} INFO - [2025-01-20T08:24:39.625+0000] {dag.py:4180} INFO - Setting next_dagrun for example_complex to None, run_after=None
[2025-01-20T08:24:39.648+0000] {processor.py:208} INFO - Processing /home/airflow/.local/lib/python3.12/site-packages/airflow/example_dags/example_complex.py took 0.100 seconds
[2025-01-20T08:25:10.518+0000] {processor.py:186} INFO - Started process (PID=52625) to work on /home/airflow/.local/lib/python3.12/site-packages/airflow/example_dags/example_complex.py
[2025-01-20T08:25:10.519+0000] {processor.py:914} INFO - Processing file /home/airflow/.local/lib/python3.12/site-packages/airflow/example_dags/example_complex.py for tasks to queue
[2025-01-20T08:25:10.521+0000] {logging_mixin.py:190} INFO - [2025-01-20T08:25:10.521+0000] {dagbag.py:588} INFO - Filling up the DagBag from /home/airflow/.local/lib/python3.12/site-packages/airflow/example_dags/example_complex.py
[2025-01-20T08:25:10.529+0000] {processor.py:925} INFO - DAG(s) 'example_complex' retrieved from /home/airflow/.local/lib/python3.12/site-packages/airflow/example_dags/example_complex.py
[2025-01-20T08:25:10.550+0000] {logging_mixin.py:190} INFO - [2025-01-20T08:25:10.550+0000] {dag.py:3239} INFO - Sync 1 DAGs
[2025-01-20T08:25:10.562+0000] {logging_mixin.py:190} INFO - [2025-01-20T08:25:10.562+0000] {dag.py:4180} INFO - Setting next_dagrun for example_complex to None, run_after=None
[2025-01-20T08:25:10.581+0000] {processor.py:208} INFO - Processing /home/airflow/.local/lib/python3.12/site-packages/airflow/example_dags/example_complex.py took 0.067 seconds
[2025-01-20T08:25:41.101+0000] {processor.py:186} INFO - Started process (PID=52926) to work on /home/airflow/.local/lib/python3.12/site-packages/airflow/example_dags/example_complex.py
[2025-01-20T08:25:41.102+0000] {processor.py:914} INFO - Processing file /home/airflow/.local/lib/python3.12/site-packages/airflow/example_dags/example_complex.py for tasks to queue
[2025-01-20T08:25:41.104+0000] {logging_mixin.py:190} INFO - [2025-01-20T08:25:41.104+0000] {dagbag.py:588} INFO - Filling up the DagBag from /home/airflow/.local/lib/python3.12/site-packages/airflow/example_dags/example_complex.py
[2025-01-20T08:25:41.116+0000] {processor.py:925} INFO - DAG(s) 'example_complex' retrieved from /home/airflow/.local/lib/python3.12/site-packages/airflow/example_dags/example_complex.py
[2025-01-20T08:25:41.139+0000] {logging_mixin.py:190} INFO - [2025-01-20T08:25:41.139+0000] {dag.py:3239} INFO - Sync 1 DAGs
[2025-01-20T08:25:41.149+0000] {logging_mixin.py:190} INFO - [2025-01-20T08:25:41.149+0000] {dag.py:4180} INFO - Setting next_dagrun for example_complex to None, run_after=None
[2025-01-20T08:25:41.168+0000] {processor.py:208} INFO - Processing /home/airflow/.local/lib/python3.12/site-packages/airflow/example_dags/example_complex.py took 0.073 seconds
[2025-01-20T08:26:11.214+0000] {processor.py:186} INFO - Started process (PID=53227) to work on /home/airflow/.local/lib/python3.12/site-packages/airflow/example_dags/example_complex.py
[2025-01-20T08:26:11.215+0000] {processor.py:914} INFO - Processing file /home/airflow/.local/lib/python3.12/site-packages/airflow/example_dags/example_complex.py for tasks to queue
[2025-01-20T08:26:11.217+0000] {logging_mixin.py:190} INFO - [2025-01-20T08:26:11.217+0000] {dagbag.py:588} INFO - Filling up the DagBag from /home/airflow/.local/lib/python3.12/site-packages/airflow/example_dags/example_complex.py
[2025-01-20T08:26:11.232+0000] {processor.py:925} INFO - DAG(s) 'example_complex' retrieved from /home/airflow/.local/lib/python3.12/site-packages/airflow/example_dags/example_complex.py
[2025-01-20T08:26:11.255+0000] {logging_mixin.py:190} INFO - [2025-01-20T08:26:11.255+0000] {dag.py:3239} INFO - Sync 1 DAGs
[2025-01-20T08:26:11.264+0000] {logging_mixin.py:190} INFO - [2025-01-20T08:26:11.264+0000] {dag.py:4180} INFO - Setting next_dagrun for example_complex to None, run_after=None
[2025-01-20T08:26:11.277+0000] {processor.py:208} INFO - Processing /home/airflow/.local/lib/python3.12/site-packages/airflow/example_dags/example_complex.py took 0.069 seconds
[2025-01-20T08:26:41.651+0000] {processor.py:186} INFO - Started process (PID=53530) to work on /home/airflow/.local/lib/python3.12/site-packages/airflow/example_dags/example_complex.py
[2025-01-20T08:26:41.652+0000] {processor.py:914} INFO - Processing file /home/airflow/.local/lib/python3.12/site-packages/airflow/example_dags/example_complex.py for tasks to queue
[2025-01-20T08:26:41.655+0000] {logging_mixin.py:190} INFO - [2025-01-20T08:26:41.655+0000] {dagbag.py:588} INFO - Filling up the DagBag from /home/airflow/.local/lib/python3.12/site-packages/airflow/example_dags/example_complex.py
[2025-01-20T08:26:41.673+0000] {processor.py:925} INFO - DAG(s) 'example_complex' retrieved from /home/airflow/.local/lib/python3.12/site-packages/airflow/example_dags/example_complex.py
[2025-01-20T08:26:41.693+0000] {logging_mixin.py:190} INFO - [2025-01-20T08:26:41.692+0000] {dag.py:3239} INFO - Sync 1 DAGs
[2025-01-20T08:26:41.701+0000] {logging_mixin.py:190} INFO - [2025-01-20T08:26:41.701+0000] {dag.py:4180} INFO - Setting next_dagrun for example_complex to None, run_after=None
[2025-01-20T08:26:41.714+0000] {processor.py:208} INFO - Processing /home/airflow/.local/lib/python3.12/site-packages/airflow/example_dags/example_complex.py took 0.067 seconds
[2025-01-20T08:27:12.236+0000] {processor.py:186} INFO - Started process (PID=53834) to work on /home/airflow/.local/lib/python3.12/site-packages/airflow/example_dags/example_complex.py
[2025-01-20T08:27:12.237+0000] {processor.py:914} INFO - Processing file /home/airflow/.local/lib/python3.12/site-packages/airflow/example_dags/example_complex.py for tasks to queue
[2025-01-20T08:27:12.239+0000] {logging_mixin.py:190} INFO - [2025-01-20T08:27:12.239+0000] {dagbag.py:588} INFO - Filling up the DagBag from /home/airflow/.local/lib/python3.12/site-packages/airflow/example_dags/example_complex.py
[2025-01-20T08:27:12.252+0000] {processor.py:925} INFO - DAG(s) 'example_complex' retrieved from /home/airflow/.local/lib/python3.12/site-packages/airflow/example_dags/example_complex.py
[2025-01-20T08:27:12.276+0000] {logging_mixin.py:190} INFO - [2025-01-20T08:27:12.276+0000] {dag.py:3239} INFO - Sync 1 DAGs
[2025-01-20T08:27:12.294+0000] {logging_mixin.py:190} INFO - [2025-01-20T08:27:12.293+0000] {dag.py:4180} INFO - Setting next_dagrun for example_complex to None, run_after=None
[2025-01-20T08:27:12.310+0000] {processor.py:208} INFO - Processing /home/airflow/.local/lib/python3.12/site-packages/airflow/example_dags/example_complex.py took 0.081 seconds
[2025-01-20T08:27:43.089+0000] {processor.py:186} INFO - Started process (PID=54146) to work on /home/airflow/.local/lib/python3.12/site-packages/airflow/example_dags/example_complex.py
[2025-01-20T08:27:43.090+0000] {processor.py:914} INFO - Processing file /home/airflow/.local/lib/python3.12/site-packages/airflow/example_dags/example_complex.py for tasks to queue
[2025-01-20T08:27:43.092+0000] {logging_mixin.py:190} INFO - [2025-01-20T08:27:43.091+0000] {dagbag.py:588} INFO - Filling up the DagBag from /home/airflow/.local/lib/python3.12/site-packages/airflow/example_dags/example_complex.py
[2025-01-20T08:27:43.099+0000] {processor.py:925} INFO - DAG(s) 'example_complex' retrieved from /home/airflow/.local/lib/python3.12/site-packages/airflow/example_dags/example_complex.py
[2025-01-20T08:27:43.119+0000] {logging_mixin.py:190} INFO - [2025-01-20T08:27:43.118+0000] {dag.py:3239} INFO - Sync 1 DAGs
[2025-01-20T08:27:43.129+0000] {logging_mixin.py:190} INFO - [2025-01-20T08:27:43.129+0000] {dag.py:4180} INFO - Setting next_dagrun for example_complex to None, run_after=None
[2025-01-20T08:27:43.148+0000] {processor.py:208} INFO - Processing /home/airflow/.local/lib/python3.12/site-packages/airflow/example_dags/example_complex.py took 0.063 seconds
[2025-01-20T08:28:13.242+0000] {processor.py:186} INFO - Started process (PID=54452) to work on /home/airflow/.local/lib/python3.12/site-packages/airflow/example_dags/example_complex.py
[2025-01-20T08:28:13.243+0000] {processor.py:914} INFO - Processing file /home/airflow/.local/lib/python3.12/site-packages/airflow/example_dags/example_complex.py for tasks to queue
[2025-01-20T08:28:13.244+0000] {logging_mixin.py:190} INFO - [2025-01-20T08:28:13.244+0000] {dagbag.py:588} INFO - Filling up the DagBag from /home/airflow/.local/lib/python3.12/site-packages/airflow/example_dags/example_complex.py
[2025-01-20T08:28:13.251+0000] {processor.py:925} INFO - DAG(s) 'example_complex' retrieved from /home/airflow/.local/lib/python3.12/site-packages/airflow/example_dags/example_complex.py
[2025-01-20T08:28:13.279+0000] {logging_mixin.py:190} INFO - [2025-01-20T08:28:13.279+0000] {dag.py:3239} INFO - Sync 1 DAGs
[2025-01-20T08:28:13.294+0000] {logging_mixin.py:190} INFO - [2025-01-20T08:28:13.293+0000] {dag.py:4180} INFO - Setting next_dagrun for example_complex to None, run_after=None
[2025-01-20T08:28:13.309+0000] {processor.py:208} INFO - Processing /home/airflow/.local/lib/python3.12/site-packages/airflow/example_dags/example_complex.py took 0.070 seconds
[2025-01-20T08:28:43.816+0000] {processor.py:186} INFO - Started process (PID=54749) to work on /home/airflow/.local/lib/python3.12/site-packages/airflow/example_dags/example_complex.py
[2025-01-20T08:28:43.818+0000] {processor.py:914} INFO - Processing file /home/airflow/.local/lib/python3.12/site-packages/airflow/example_dags/example_complex.py for tasks to queue
[2025-01-20T08:28:43.821+0000] {logging_mixin.py:190} INFO - [2025-01-20T08:28:43.821+0000] {dagbag.py:588} INFO - Filling up the DagBag from /home/airflow/.local/lib/python3.12/site-packages/airflow/example_dags/example_complex.py
[2025-01-20T08:28:43.836+0000] {processor.py:925} INFO - DAG(s) 'example_complex' retrieved from /home/airflow/.local/lib/python3.12/site-packages/airflow/example_dags/example_complex.py
[2025-01-20T08:28:43.857+0000] {logging_mixin.py:190} INFO - [2025-01-20T08:28:43.857+0000] {dag.py:3239} INFO - Sync 1 DAGs
[2025-01-20T08:28:43.867+0000] {logging_mixin.py:190} INFO - [2025-01-20T08:28:43.867+0000] {dag.py:4180} INFO - Setting next_dagrun for example_complex to None, run_after=None
[2025-01-20T08:28:43.887+0000] {processor.py:208} INFO - Processing /home/airflow/.local/lib/python3.12/site-packages/airflow/example_dags/example_complex.py took 0.076 seconds
[2025-01-20T08:29:14.918+0000] {processor.py:186} INFO - Started process (PID=55059) to work on /home/airflow/.local/lib/python3.12/site-packages/airflow/example_dags/example_complex.py
[2025-01-20T08:29:14.920+0000] {processor.py:914} INFO - Processing file /home/airflow/.local/lib/python3.12/site-packages/airflow/example_dags/example_complex.py for tasks to queue
[2025-01-20T08:29:14.925+0000] {logging_mixin.py:190} INFO - [2025-01-20T08:29:14.925+0000] {dagbag.py:588} INFO - Filling up the DagBag from /home/airflow/.local/lib/python3.12/site-packages/airflow/example_dags/example_complex.py
[2025-01-20T08:29:14.942+0000] {processor.py:925} INFO - DAG(s) 'example_complex' retrieved from /home/airflow/.local/lib/python3.12/site-packages/airflow/example_dags/example_complex.py
[2025-01-20T08:29:14.992+0000] {logging_mixin.py:190} INFO - [2025-01-20T08:29:14.991+0000] {dag.py:3239} INFO - Sync 1 DAGs
[2025-01-20T08:29:15.017+0000] {logging_mixin.py:190} INFO - [2025-01-20T08:29:15.016+0000] {dag.py:4180} INFO - Setting next_dagrun for example_complex to None, run_after=None
[2025-01-20T08:29:15.037+0000] {processor.py:208} INFO - Processing /home/airflow/.local/lib/python3.12/site-packages/airflow/example_dags/example_complex.py took 0.130 seconds
[2025-01-20T08:29:45.135+0000] {processor.py:186} INFO - Started process (PID=55360) to work on /home/airflow/.local/lib/python3.12/site-packages/airflow/example_dags/example_complex.py
[2025-01-20T08:29:45.136+0000] {processor.py:914} INFO - Processing file /home/airflow/.local/lib/python3.12/site-packages/airflow/example_dags/example_complex.py for tasks to queue
[2025-01-20T08:29:45.138+0000] {logging_mixin.py:190} INFO - [2025-01-20T08:29:45.137+0000] {dagbag.py:588} INFO - Filling up the DagBag from /home/airflow/.local/lib/python3.12/site-packages/airflow/example_dags/example_complex.py
[2025-01-20T08:29:45.144+0000] {processor.py:925} INFO - DAG(s) 'example_complex' retrieved from /home/airflow/.local/lib/python3.12/site-packages/airflow/example_dags/example_complex.py
[2025-01-20T08:29:45.167+0000] {logging_mixin.py:190} INFO - [2025-01-20T08:29:45.166+0000] {dag.py:3239} INFO - Sync 1 DAGs
[2025-01-20T08:29:45.178+0000] {logging_mixin.py:190} INFO - [2025-01-20T08:29:45.177+0000] {dag.py:4180} INFO - Setting next_dagrun for example_complex to None, run_after=None
[2025-01-20T08:29:45.193+0000] {processor.py:208} INFO - Processing /home/airflow/.local/lib/python3.12/site-packages/airflow/example_dags/example_complex.py took 0.062 seconds
[2025-01-20T08:30:15.244+0000] {processor.py:186} INFO - Started process (PID=55663) to work on /home/airflow/.local/lib/python3.12/site-packages/airflow/example_dags/example_complex.py
[2025-01-20T08:30:15.245+0000] {processor.py:914} INFO - Processing file /home/airflow/.local/lib/python3.12/site-packages/airflow/example_dags/example_complex.py for tasks to queue
[2025-01-20T08:30:15.247+0000] {logging_mixin.py:190} INFO - [2025-01-20T08:30:15.246+0000] {dagbag.py:588} INFO - Filling up the DagBag from /home/airflow/.local/lib/python3.12/site-packages/airflow/example_dags/example_complex.py
[2025-01-20T08:30:15.253+0000] {processor.py:925} INFO - DAG(s) 'example_complex' retrieved from /home/airflow/.local/lib/python3.12/site-packages/airflow/example_dags/example_complex.py
[2025-01-20T08:30:15.279+0000] {logging_mixin.py:190} INFO - [2025-01-20T08:30:15.279+0000] {dag.py:3239} INFO - Sync 1 DAGs
[2025-01-20T08:30:15.290+0000] {logging_mixin.py:190} INFO - [2025-01-20T08:30:15.290+0000] {dag.py:4180} INFO - Setting next_dagrun for example_complex to None, run_after=None
[2025-01-20T08:30:15.308+0000] {processor.py:208} INFO - Processing /home/airflow/.local/lib/python3.12/site-packages/airflow/example_dags/example_complex.py took 0.068 seconds
[2025-01-20T08:30:45.775+0000] {processor.py:186} INFO - Started process (PID=55964) to work on /home/airflow/.local/lib/python3.12/site-packages/airflow/example_dags/example_complex.py
[2025-01-20T08:30:45.776+0000] {processor.py:914} INFO - Processing file /home/airflow/.local/lib/python3.12/site-packages/airflow/example_dags/example_complex.py for tasks to queue
[2025-01-20T08:30:45.779+0000] {logging_mixin.py:190} INFO - [2025-01-20T08:30:45.779+0000] {dagbag.py:588} INFO - Filling up the DagBag from /home/airflow/.local/lib/python3.12/site-packages/airflow/example_dags/example_complex.py
[2025-01-20T08:30:45.786+0000] {processor.py:925} INFO - DAG(s) 'example_complex' retrieved from /home/airflow/.local/lib/python3.12/site-packages/airflow/example_dags/example_complex.py
[2025-01-20T08:30:45.812+0000] {logging_mixin.py:190} INFO - [2025-01-20T08:30:45.812+0000] {dag.py:3239} INFO - Sync 1 DAGs
[2025-01-20T08:30:45.828+0000] {logging_mixin.py:190} INFO - [2025-01-20T08:30:45.828+0000] {dag.py:4180} INFO - Setting next_dagrun for example_complex to None, run_after=None
[2025-01-20T08:30:45.848+0000] {processor.py:208} INFO - Processing /home/airflow/.local/lib/python3.12/site-packages/airflow/example_dags/example_complex.py took 0.079 seconds
[2025-01-20T08:31:15.906+0000] {processor.py:186} INFO - Started process (PID=56270) to work on /home/airflow/.local/lib/python3.12/site-packages/airflow/example_dags/example_complex.py
[2025-01-20T08:31:15.907+0000] {processor.py:914} INFO - Processing file /home/airflow/.local/lib/python3.12/site-packages/airflow/example_dags/example_complex.py for tasks to queue
[2025-01-20T08:31:15.909+0000] {logging_mixin.py:190} INFO - [2025-01-20T08:31:15.908+0000] {dagbag.py:588} INFO - Filling up the DagBag from /home/airflow/.local/lib/python3.12/site-packages/airflow/example_dags/example_complex.py
[2025-01-20T08:31:15.916+0000] {processor.py:925} INFO - DAG(s) 'example_complex' retrieved from /home/airflow/.local/lib/python3.12/site-packages/airflow/example_dags/example_complex.py
[2025-01-20T08:31:15.934+0000] {logging_mixin.py:190} INFO - [2025-01-20T08:31:15.934+0000] {dag.py:3239} INFO - Sync 1 DAGs
[2025-01-20T08:31:15.950+0000] {logging_mixin.py:190} INFO - [2025-01-20T08:31:15.950+0000] {dag.py:4180} INFO - Setting next_dagrun for example_complex to None, run_after=None
[2025-01-20T08:31:15.966+0000] {processor.py:208} INFO - Processing /home/airflow/.local/lib/python3.12/site-packages/airflow/example_dags/example_complex.py took 0.064 seconds
[2025-01-20T08:31:46.032+0000] {processor.py:186} INFO - Started process (PID=56569) to work on /home/airflow/.local/lib/python3.12/site-packages/airflow/example_dags/example_complex.py
[2025-01-20T08:31:46.033+0000] {processor.py:914} INFO - Processing file /home/airflow/.local/lib/python3.12/site-packages/airflow/example_dags/example_complex.py for tasks to queue
[2025-01-20T08:31:46.034+0000] {logging_mixin.py:190} INFO - [2025-01-20T08:31:46.034+0000] {dagbag.py:588} INFO - Filling up the DagBag from /home/airflow/.local/lib/python3.12/site-packages/airflow/example_dags/example_complex.py
[2025-01-20T08:31:46.043+0000] {processor.py:925} INFO - DAG(s) 'example_complex' retrieved from /home/airflow/.local/lib/python3.12/site-packages/airflow/example_dags/example_complex.py
[2025-01-20T08:31:46.066+0000] {logging_mixin.py:190} INFO - [2025-01-20T08:31:46.066+0000] {dag.py:3239} INFO - Sync 1 DAGs
[2025-01-20T08:31:46.077+0000] {logging_mixin.py:190} INFO - [2025-01-20T08:31:46.077+0000] {dag.py:4180} INFO - Setting next_dagrun for example_complex to None, run_after=None
[2025-01-20T08:31:46.096+0000] {processor.py:208} INFO - Processing /home/airflow/.local/lib/python3.12/site-packages/airflow/example_dags/example_complex.py took 0.069 seconds
[2025-01-20T08:32:16.379+0000] {processor.py:186} INFO - Started process (PID=56875) to work on /home/airflow/.local/lib/python3.12/site-packages/airflow/example_dags/example_complex.py
[2025-01-20T08:32:16.380+0000] {processor.py:914} INFO - Processing file /home/airflow/.local/lib/python3.12/site-packages/airflow/example_dags/example_complex.py for tasks to queue
[2025-01-20T08:32:16.382+0000] {logging_mixin.py:190} INFO - [2025-01-20T08:32:16.382+0000] {dagbag.py:588} INFO - Filling up the DagBag from /home/airflow/.local/lib/python3.12/site-packages/airflow/example_dags/example_complex.py
[2025-01-20T08:32:16.390+0000] {processor.py:925} INFO - DAG(s) 'example_complex' retrieved from /home/airflow/.local/lib/python3.12/site-packages/airflow/example_dags/example_complex.py
[2025-01-20T08:32:16.410+0000] {logging_mixin.py:190} INFO - [2025-01-20T08:32:16.409+0000] {dag.py:3239} INFO - Sync 1 DAGs
[2025-01-20T08:32:16.419+0000] {logging_mixin.py:190} INFO - [2025-01-20T08:32:16.419+0000] {dag.py:4180} INFO - Setting next_dagrun for example_complex to None, run_after=None
[2025-01-20T08:32:16.433+0000] {processor.py:208} INFO - Processing /home/airflow/.local/lib/python3.12/site-packages/airflow/example_dags/example_complex.py took 0.060 seconds
[2025-01-20T08:32:46.594+0000] {processor.py:186} INFO - Started process (PID=57176) to work on /home/airflow/.local/lib/python3.12/site-packages/airflow/example_dags/example_complex.py
[2025-01-20T08:32:46.596+0000] {processor.py:914} INFO - Processing file /home/airflow/.local/lib/python3.12/site-packages/airflow/example_dags/example_complex.py for tasks to queue
[2025-01-20T08:32:46.598+0000] {logging_mixin.py:190} INFO - [2025-01-20T08:32:46.598+0000] {dagbag.py:588} INFO - Filling up the DagBag from /home/airflow/.local/lib/python3.12/site-packages/airflow/example_dags/example_complex.py
[2025-01-20T08:32:46.607+0000] {processor.py:925} INFO - DAG(s) 'example_complex' retrieved from /home/airflow/.local/lib/python3.12/site-packages/airflow/example_dags/example_complex.py
[2025-01-20T08:32:46.640+0000] {logging_mixin.py:190} INFO - [2025-01-20T08:32:46.640+0000] {dag.py:3239} INFO - Sync 1 DAGs
[2025-01-20T08:32:46.649+0000] {logging_mixin.py:190} INFO - [2025-01-20T08:32:46.649+0000] {dag.py:4180} INFO - Setting next_dagrun for example_complex to None, run_after=None
[2025-01-20T08:32:46.670+0000] {processor.py:208} INFO - Processing /home/airflow/.local/lib/python3.12/site-packages/airflow/example_dags/example_complex.py took 0.081 seconds
[2025-01-20T08:33:17.284+0000] {processor.py:186} INFO - Started process (PID=57484) to work on /home/airflow/.local/lib/python3.12/site-packages/airflow/example_dags/example_complex.py
[2025-01-20T08:33:17.285+0000] {processor.py:914} INFO - Processing file /home/airflow/.local/lib/python3.12/site-packages/airflow/example_dags/example_complex.py for tasks to queue
[2025-01-20T08:33:17.287+0000] {logging_mixin.py:190} INFO - [2025-01-20T08:33:17.286+0000] {dagbag.py:588} INFO - Filling up the DagBag from /home/airflow/.local/lib/python3.12/site-packages/airflow/example_dags/example_complex.py
[2025-01-20T08:33:17.294+0000] {processor.py:925} INFO - DAG(s) 'example_complex' retrieved from /home/airflow/.local/lib/python3.12/site-packages/airflow/example_dags/example_complex.py
[2025-01-20T08:33:17.314+0000] {logging_mixin.py:190} INFO - [2025-01-20T08:33:17.314+0000] {dag.py:3239} INFO - Sync 1 DAGs
[2025-01-20T08:33:17.324+0000] {logging_mixin.py:190} INFO - [2025-01-20T08:33:17.323+0000] {dag.py:4180} INFO - Setting next_dagrun for example_complex to None, run_after=None
[2025-01-20T08:33:17.338+0000] {processor.py:208} INFO - Processing /home/airflow/.local/lib/python3.12/site-packages/airflow/example_dags/example_complex.py took 0.058 seconds
[2025-01-20T08:33:47.561+0000] {processor.py:186} INFO - Started process (PID=57783) to work on /home/airflow/.local/lib/python3.12/site-packages/airflow/example_dags/example_complex.py
[2025-01-20T08:33:47.562+0000] {processor.py:914} INFO - Processing file /home/airflow/.local/lib/python3.12/site-packages/airflow/example_dags/example_complex.py for tasks to queue
[2025-01-20T08:33:47.566+0000] {logging_mixin.py:190} INFO - [2025-01-20T08:33:47.565+0000] {dagbag.py:588} INFO - Filling up the DagBag from /home/airflow/.local/lib/python3.12/site-packages/airflow/example_dags/example_complex.py
[2025-01-20T08:33:47.573+0000] {processor.py:925} INFO - DAG(s) 'example_complex' retrieved from /home/airflow/.local/lib/python3.12/site-packages/airflow/example_dags/example_complex.py
[2025-01-20T08:33:47.594+0000] {logging_mixin.py:190} INFO - [2025-01-20T08:33:47.593+0000] {dag.py:3239} INFO - Sync 1 DAGs
[2025-01-20T08:33:47.610+0000] {logging_mixin.py:190} INFO - [2025-01-20T08:33:47.609+0000] {dag.py:4180} INFO - Setting next_dagrun for example_complex to None, run_after=None
[2025-01-20T08:33:47.636+0000] {processor.py:208} INFO - Processing /home/airflow/.local/lib/python3.12/site-packages/airflow/example_dags/example_complex.py took 0.080 seconds
[2025-01-20T08:34:18.084+0000] {processor.py:186} INFO - Started process (PID=58091) to work on /home/airflow/.local/lib/python3.12/site-packages/airflow/example_dags/example_complex.py
[2025-01-20T08:34:18.085+0000] {processor.py:914} INFO - Processing file /home/airflow/.local/lib/python3.12/site-packages/airflow/example_dags/example_complex.py for tasks to queue
[2025-01-20T08:34:18.087+0000] {logging_mixin.py:190} INFO - [2025-01-20T08:34:18.087+0000] {dagbag.py:588} INFO - Filling up the DagBag from /home/airflow/.local/lib/python3.12/site-packages/airflow/example_dags/example_complex.py
[2025-01-20T08:34:18.102+0000] {processor.py:925} INFO - DAG(s) 'example_complex' retrieved from /home/airflow/.local/lib/python3.12/site-packages/airflow/example_dags/example_complex.py
[2025-01-20T08:34:18.130+0000] {logging_mixin.py:190} INFO - [2025-01-20T08:34:18.130+0000] {dag.py:3239} INFO - Sync 1 DAGs
[2025-01-20T08:34:18.139+0000] {logging_mixin.py:190} INFO - [2025-01-20T08:34:18.139+0000] {dag.py:4180} INFO - Setting next_dagrun for example_complex to None, run_after=None
[2025-01-20T08:34:18.150+0000] {processor.py:208} INFO - Processing /home/airflow/.local/lib/python3.12/site-packages/airflow/example_dags/example_complex.py took 0.069 seconds
[2025-01-20T08:34:48.847+0000] {processor.py:186} INFO - Started process (PID=58392) to work on /home/airflow/.local/lib/python3.12/site-packages/airflow/example_dags/example_complex.py
[2025-01-20T08:34:48.848+0000] {processor.py:914} INFO - Processing file /home/airflow/.local/lib/python3.12/site-packages/airflow/example_dags/example_complex.py for tasks to queue
[2025-01-20T08:34:48.851+0000] {logging_mixin.py:190} INFO - [2025-01-20T08:34:48.851+0000] {dagbag.py:588} INFO - Filling up the DagBag from /home/airflow/.local/lib/python3.12/site-packages/airflow/example_dags/example_complex.py
[2025-01-20T08:34:48.866+0000] {processor.py:925} INFO - DAG(s) 'example_complex' retrieved from /home/airflow/.local/lib/python3.12/site-packages/airflow/example_dags/example_complex.py
[2025-01-20T08:34:48.887+0000] {logging_mixin.py:190} INFO - [2025-01-20T08:34:48.887+0000] {dag.py:3239} INFO - Sync 1 DAGs
[2025-01-20T08:34:48.896+0000] {logging_mixin.py:190} INFO - [2025-01-20T08:34:48.896+0000] {dag.py:4180} INFO - Setting next_dagrun for example_complex to None, run_after=None
[2025-01-20T08:34:48.908+0000] {processor.py:208} INFO - Processing /home/airflow/.local/lib/python3.12/site-packages/airflow/example_dags/example_complex.py took 0.066 seconds
[2025-01-20T08:35:20.144+0000] {processor.py:186} INFO - Started process (PID=58696) to work on /home/airflow/.local/lib/python3.12/site-packages/airflow/example_dags/example_complex.py
[2025-01-20T08:35:20.145+0000] {processor.py:914} INFO - Processing file /home/airflow/.local/lib/python3.12/site-packages/airflow/example_dags/example_complex.py for tasks to queue
[2025-01-20T08:35:20.148+0000] {logging_mixin.py:190} INFO - [2025-01-20T08:35:20.147+0000] {dagbag.py:588} INFO - Filling up the DagBag from /home/airflow/.local/lib/python3.12/site-packages/airflow/example_dags/example_complex.py
[2025-01-20T08:35:20.161+0000] {processor.py:925} INFO - DAG(s) 'example_complex' retrieved from /home/airflow/.local/lib/python3.12/site-packages/airflow/example_dags/example_complex.py
[2025-01-20T08:35:20.184+0000] {logging_mixin.py:190} INFO - [2025-01-20T08:35:20.184+0000] {dag.py:3239} INFO - Sync 1 DAGs
[2025-01-20T08:35:20.195+0000] {logging_mixin.py:190} INFO - [2025-01-20T08:35:20.194+0000] {dag.py:4180} INFO - Setting next_dagrun for example_complex to None, run_after=None
[2025-01-20T08:35:20.209+0000] {processor.py:208} INFO - Processing /home/airflow/.local/lib/python3.12/site-packages/airflow/example_dags/example_complex.py took 0.071 seconds
[2025-01-20T08:35:51.220+0000] {processor.py:186} INFO - Started process (PID=58999) to work on /home/airflow/.local/lib/python3.12/site-packages/airflow/example_dags/example_complex.py
[2025-01-20T08:35:51.221+0000] {processor.py:914} INFO - Processing file /home/airflow/.local/lib/python3.12/site-packages/airflow/example_dags/example_complex.py for tasks to queue
[2025-01-20T08:35:51.225+0000] {logging_mixin.py:190} INFO - [2025-01-20T08:35:51.224+0000] {dagbag.py:588} INFO - Filling up the DagBag from /home/airflow/.local/lib/python3.12/site-packages/airflow/example_dags/example_complex.py
[2025-01-20T08:35:51.234+0000] {processor.py:925} INFO - DAG(s) 'example_complex' retrieved from /home/airflow/.local/lib/python3.12/site-packages/airflow/example_dags/example_complex.py
[2025-01-20T08:35:51.263+0000] {logging_mixin.py:190} INFO - [2025-01-20T08:35:51.263+0000] {dag.py:3239} INFO - Sync 1 DAGs
[2025-01-20T08:35:51.273+0000] {logging_mixin.py:190} INFO - [2025-01-20T08:35:51.273+0000] {dag.py:4180} INFO - Setting next_dagrun for example_complex to None, run_after=None
[2025-01-20T08:35:51.296+0000] {processor.py:208} INFO - Processing /home/airflow/.local/lib/python3.12/site-packages/airflow/example_dags/example_complex.py took 0.082 seconds
[2025-01-20T08:36:21.985+0000] {processor.py:186} INFO - Started process (PID=59305) to work on /home/airflow/.local/lib/python3.12/site-packages/airflow/example_dags/example_complex.py
[2025-01-20T08:36:21.986+0000] {processor.py:914} INFO - Processing file /home/airflow/.local/lib/python3.12/site-packages/airflow/example_dags/example_complex.py for tasks to queue
[2025-01-20T08:36:21.991+0000] {logging_mixin.py:190} INFO - [2025-01-20T08:36:21.990+0000] {dagbag.py:588} INFO - Filling up the DagBag from /home/airflow/.local/lib/python3.12/site-packages/airflow/example_dags/example_complex.py
[2025-01-20T08:36:22.004+0000] {processor.py:925} INFO - DAG(s) 'example_complex' retrieved from /home/airflow/.local/lib/python3.12/site-packages/airflow/example_dags/example_complex.py
[2025-01-20T08:36:22.039+0000] {logging_mixin.py:190} INFO - [2025-01-20T08:36:22.039+0000] {dag.py:3239} INFO - Sync 1 DAGs
[2025-01-20T08:36:22.050+0000] {logging_mixin.py:190} INFO - [2025-01-20T08:36:22.050+0000] {dag.py:4180} INFO - Setting next_dagrun for example_complex to None, run_after=None
[2025-01-20T08:36:22.072+0000] {processor.py:208} INFO - Processing /home/airflow/.local/lib/python3.12/site-packages/airflow/example_dags/example_complex.py took 0.094 seconds
[2025-01-20T08:36:52.380+0000] {processor.py:186} INFO - Started process (PID=59604) to work on /home/airflow/.local/lib/python3.12/site-packages/airflow/example_dags/example_complex.py
[2025-01-20T08:36:52.381+0000] {processor.py:914} INFO - Processing file /home/airflow/.local/lib/python3.12/site-packages/airflow/example_dags/example_complex.py for tasks to queue
[2025-01-20T08:36:52.384+0000] {logging_mixin.py:190} INFO - [2025-01-20T08:36:52.384+0000] {dagbag.py:588} INFO - Filling up the DagBag from /home/airflow/.local/lib/python3.12/site-packages/airflow/example_dags/example_complex.py
[2025-01-20T08:36:52.398+0000] {processor.py:925} INFO - DAG(s) 'example_complex' retrieved from /home/airflow/.local/lib/python3.12/site-packages/airflow/example_dags/example_complex.py
[2025-01-20T08:36:52.433+0000] {logging_mixin.py:190} INFO - [2025-01-20T08:36:52.432+0000] {dag.py:3239} INFO - Sync 1 DAGs
[2025-01-20T08:36:52.443+0000] {logging_mixin.py:190} INFO - [2025-01-20T08:36:52.443+0000] {dag.py:4180} INFO - Setting next_dagrun for example_complex to None, run_after=None
[2025-01-20T08:36:52.459+0000] {processor.py:208} INFO - Processing /home/airflow/.local/lib/python3.12/site-packages/airflow/example_dags/example_complex.py took 0.085 seconds
[2025-01-20T08:37:22.674+0000] {processor.py:186} INFO - Started process (PID=59910) to work on /home/airflow/.local/lib/python3.12/site-packages/airflow/example_dags/example_complex.py
[2025-01-20T08:37:22.675+0000] {processor.py:914} INFO - Processing file /home/airflow/.local/lib/python3.12/site-packages/airflow/example_dags/example_complex.py for tasks to queue
[2025-01-20T08:37:22.677+0000] {logging_mixin.py:190} INFO - [2025-01-20T08:37:22.676+0000] {dagbag.py:588} INFO - Filling up the DagBag from /home/airflow/.local/lib/python3.12/site-packages/airflow/example_dags/example_complex.py
[2025-01-20T08:37:22.684+0000] {processor.py:925} INFO - DAG(s) 'example_complex' retrieved from /home/airflow/.local/lib/python3.12/site-packages/airflow/example_dags/example_complex.py
[2025-01-20T08:37:22.702+0000] {logging_mixin.py:190} INFO - [2025-01-20T08:37:22.702+0000] {dag.py:3239} INFO - Sync 1 DAGs
[2025-01-20T08:37:22.711+0000] {logging_mixin.py:190} INFO - [2025-01-20T08:37:22.711+0000] {dag.py:4180} INFO - Setting next_dagrun for example_complex to None, run_after=None
[2025-01-20T08:37:22.724+0000] {processor.py:208} INFO - Processing /home/airflow/.local/lib/python3.12/site-packages/airflow/example_dags/example_complex.py took 0.055 seconds
[2025-01-20T08:37:53.177+0000] {processor.py:186} INFO - Started process (PID=60213) to work on /home/airflow/.local/lib/python3.12/site-packages/airflow/example_dags/example_complex.py
[2025-01-20T08:37:53.178+0000] {processor.py:914} INFO - Processing file /home/airflow/.local/lib/python3.12/site-packages/airflow/example_dags/example_complex.py for tasks to queue
[2025-01-20T08:37:53.180+0000] {logging_mixin.py:190} INFO - [2025-01-20T08:37:53.180+0000] {dagbag.py:588} INFO - Filling up the DagBag from /home/airflow/.local/lib/python3.12/site-packages/airflow/example_dags/example_complex.py
[2025-01-20T08:37:53.188+0000] {processor.py:925} INFO - DAG(s) 'example_complex' retrieved from /home/airflow/.local/lib/python3.12/site-packages/airflow/example_dags/example_complex.py
[2025-01-20T08:37:53.216+0000] {logging_mixin.py:190} INFO - [2025-01-20T08:37:53.216+0000] {dag.py:3239} INFO - Sync 1 DAGs
[2025-01-20T08:37:53.227+0000] {logging_mixin.py:190} INFO - [2025-01-20T08:37:53.226+0000] {dag.py:4180} INFO - Setting next_dagrun for example_complex to None, run_after=None
[2025-01-20T08:37:53.242+0000] {processor.py:208} INFO - Processing /home/airflow/.local/lib/python3.12/site-packages/airflow/example_dags/example_complex.py took 0.068 seconds
[2025-01-20T08:38:23.755+0000] {processor.py:186} INFO - Started process (PID=60517) to work on /home/airflow/.local/lib/python3.12/site-packages/airflow/example_dags/example_complex.py
[2025-01-20T08:38:23.756+0000] {processor.py:914} INFO - Processing file /home/airflow/.local/lib/python3.12/site-packages/airflow/example_dags/example_complex.py for tasks to queue
[2025-01-20T08:38:23.758+0000] {logging_mixin.py:190} INFO - [2025-01-20T08:38:23.758+0000] {dagbag.py:588} INFO - Filling up the DagBag from /home/airflow/.local/lib/python3.12/site-packages/airflow/example_dags/example_complex.py
[2025-01-20T08:38:23.765+0000] {processor.py:925} INFO - DAG(s) 'example_complex' retrieved from /home/airflow/.local/lib/python3.12/site-packages/airflow/example_dags/example_complex.py
[2025-01-20T08:38:23.786+0000] {logging_mixin.py:190} INFO - [2025-01-20T08:38:23.786+0000] {dag.py:3239} INFO - Sync 1 DAGs
[2025-01-20T08:38:23.800+0000] {logging_mixin.py:190} INFO - [2025-01-20T08:38:23.800+0000] {dag.py:4180} INFO - Setting next_dagrun for example_complex to None, run_after=None
[2025-01-20T08:38:23.815+0000] {processor.py:208} INFO - Processing /home/airflow/.local/lib/python3.12/site-packages/airflow/example_dags/example_complex.py took 0.067 seconds
[2025-01-20T08:38:55.098+0000] {processor.py:186} INFO - Started process (PID=60820) to work on /home/airflow/.local/lib/python3.12/site-packages/airflow/example_dags/example_complex.py
[2025-01-20T08:38:55.100+0000] {processor.py:914} INFO - Processing file /home/airflow/.local/lib/python3.12/site-packages/airflow/example_dags/example_complex.py for tasks to queue
[2025-01-20T08:38:55.105+0000] {logging_mixin.py:190} INFO - [2025-01-20T08:38:55.104+0000] {dagbag.py:588} INFO - Filling up the DagBag from /home/airflow/.local/lib/python3.12/site-packages/airflow/example_dags/example_complex.py
[2025-01-20T08:38:55.117+0000] {processor.py:925} INFO - DAG(s) 'example_complex' retrieved from /home/airflow/.local/lib/python3.12/site-packages/airflow/example_dags/example_complex.py
[2025-01-20T08:38:55.148+0000] {logging_mixin.py:190} INFO - [2025-01-20T08:38:55.147+0000] {dag.py:3239} INFO - Sync 1 DAGs
[2025-01-20T08:38:55.160+0000] {logging_mixin.py:190} INFO - [2025-01-20T08:38:55.160+0000] {dag.py:4180} INFO - Setting next_dagrun for example_complex to None, run_after=None
[2025-01-20T08:38:55.187+0000] {processor.py:208} INFO - Processing /home/airflow/.local/lib/python3.12/site-packages/airflow/example_dags/example_complex.py took 0.096 seconds
[2025-01-20T08:39:25.220+0000] {processor.py:186} INFO - Started process (PID=61126) to work on /home/airflow/.local/lib/python3.12/site-packages/airflow/example_dags/example_complex.py
[2025-01-20T08:39:25.222+0000] {processor.py:914} INFO - Processing file /home/airflow/.local/lib/python3.12/site-packages/airflow/example_dags/example_complex.py for tasks to queue
[2025-01-20T08:39:25.225+0000] {logging_mixin.py:190} INFO - [2025-01-20T08:39:25.224+0000] {dagbag.py:588} INFO - Filling up the DagBag from /home/airflow/.local/lib/python3.12/site-packages/airflow/example_dags/example_complex.py
[2025-01-20T08:39:25.235+0000] {processor.py:925} INFO - DAG(s) 'example_complex' retrieved from /home/airflow/.local/lib/python3.12/site-packages/airflow/example_dags/example_complex.py
[2025-01-20T08:39:25.254+0000] {logging_mixin.py:190} INFO - [2025-01-20T08:39:25.254+0000] {dag.py:3239} INFO - Sync 1 DAGs
[2025-01-20T08:39:25.265+0000] {logging_mixin.py:190} INFO - [2025-01-20T08:39:25.265+0000] {dag.py:4180} INFO - Setting next_dagrun for example_complex to None, run_after=None
[2025-01-20T08:39:25.278+0000] {processor.py:208} INFO - Processing /home/airflow/.local/lib/python3.12/site-packages/airflow/example_dags/example_complex.py took 0.063 seconds
[2025-01-20T08:39:55.372+0000] {processor.py:186} INFO - Started process (PID=61425) to work on /home/airflow/.local/lib/python3.12/site-packages/airflow/example_dags/example_complex.py
[2025-01-20T08:39:55.373+0000] {processor.py:914} INFO - Processing file /home/airflow/.local/lib/python3.12/site-packages/airflow/example_dags/example_complex.py for tasks to queue
[2025-01-20T08:39:55.376+0000] {logging_mixin.py:190} INFO - [2025-01-20T08:39:55.375+0000] {dagbag.py:588} INFO - Filling up the DagBag from /home/airflow/.local/lib/python3.12/site-packages/airflow/example_dags/example_complex.py
[2025-01-20T08:39:55.386+0000] {processor.py:925} INFO - DAG(s) 'example_complex' retrieved from /home/airflow/.local/lib/python3.12/site-packages/airflow/example_dags/example_complex.py
[2025-01-20T08:39:55.411+0000] {logging_mixin.py:190} INFO - [2025-01-20T08:39:55.411+0000] {dag.py:3239} INFO - Sync 1 DAGs
[2025-01-20T08:39:55.421+0000] {logging_mixin.py:190} INFO - [2025-01-20T08:39:55.421+0000] {dag.py:4180} INFO - Setting next_dagrun for example_complex to None, run_after=None
[2025-01-20T08:39:55.439+0000] {processor.py:208} INFO - Processing /home/airflow/.local/lib/python3.12/site-packages/airflow/example_dags/example_complex.py took 0.073 seconds
[2025-01-20T08:40:26.027+0000] {processor.py:186} INFO - Started process (PID=61733) to work on /home/airflow/.local/lib/python3.12/site-packages/airflow/example_dags/example_complex.py
[2025-01-20T08:40:26.027+0000] {processor.py:914} INFO - Processing file /home/airflow/.local/lib/python3.12/site-packages/airflow/example_dags/example_complex.py for tasks to queue
[2025-01-20T08:40:26.029+0000] {logging_mixin.py:190} INFO - [2025-01-20T08:40:26.029+0000] {dagbag.py:588} INFO - Filling up the DagBag from /home/airflow/.local/lib/python3.12/site-packages/airflow/example_dags/example_complex.py
[2025-01-20T08:40:26.036+0000] {processor.py:925} INFO - DAG(s) 'example_complex' retrieved from /home/airflow/.local/lib/python3.12/site-packages/airflow/example_dags/example_complex.py
[2025-01-20T08:40:26.057+0000] {logging_mixin.py:190} INFO - [2025-01-20T08:40:26.056+0000] {dag.py:3239} INFO - Sync 1 DAGs
[2025-01-20T08:40:26.068+0000] {logging_mixin.py:190} INFO - [2025-01-20T08:40:26.068+0000] {dag.py:4180} INFO - Setting next_dagrun for example_complex to None, run_after=None
[2025-01-20T08:40:26.082+0000] {processor.py:208} INFO - Processing /home/airflow/.local/lib/python3.12/site-packages/airflow/example_dags/example_complex.py took 0.059 seconds
[2025-01-20T08:40:56.818+0000] {processor.py:186} INFO - Started process (PID=62032) to work on /home/airflow/.local/lib/python3.12/site-packages/airflow/example_dags/example_complex.py
[2025-01-20T08:40:56.818+0000] {processor.py:914} INFO - Processing file /home/airflow/.local/lib/python3.12/site-packages/airflow/example_dags/example_complex.py for tasks to queue
[2025-01-20T08:40:56.820+0000] {logging_mixin.py:190} INFO - [2025-01-20T08:40:56.820+0000] {dagbag.py:588} INFO - Filling up the DagBag from /home/airflow/.local/lib/python3.12/site-packages/airflow/example_dags/example_complex.py
[2025-01-20T08:40:56.830+0000] {processor.py:925} INFO - DAG(s) 'example_complex' retrieved from /home/airflow/.local/lib/python3.12/site-packages/airflow/example_dags/example_complex.py
[2025-01-20T08:40:56.856+0000] {logging_mixin.py:190} INFO - [2025-01-20T08:40:56.856+0000] {dag.py:3239} INFO - Sync 1 DAGs
[2025-01-20T08:40:56.867+0000] {logging_mixin.py:190} INFO - [2025-01-20T08:40:56.867+0000] {dag.py:4180} INFO - Setting next_dagrun for example_complex to None, run_after=None
[2025-01-20T08:40:56.880+0000] {processor.py:208} INFO - Processing /home/airflow/.local/lib/python3.12/site-packages/airflow/example_dags/example_complex.py took 0.069 seconds
[2025-01-20T08:41:26.935+0000] {processor.py:186} INFO - Started process (PID=62338) to work on /home/airflow/.local/lib/python3.12/site-packages/airflow/example_dags/example_complex.py
[2025-01-20T08:41:26.936+0000] {processor.py:914} INFO - Processing file /home/airflow/.local/lib/python3.12/site-packages/airflow/example_dags/example_complex.py for tasks to queue
[2025-01-20T08:41:26.939+0000] {logging_mixin.py:190} INFO - [2025-01-20T08:41:26.938+0000] {dagbag.py:588} INFO - Filling up the DagBag from /home/airflow/.local/lib/python3.12/site-packages/airflow/example_dags/example_complex.py
[2025-01-20T08:41:26.953+0000] {processor.py:925} INFO - DAG(s) 'example_complex' retrieved from /home/airflow/.local/lib/python3.12/site-packages/airflow/example_dags/example_complex.py
[2025-01-20T08:41:26.982+0000] {logging_mixin.py:190} INFO - [2025-01-20T08:41:26.982+0000] {dag.py:3239} INFO - Sync 1 DAGs
[2025-01-20T08:41:26.996+0000] {logging_mixin.py:190} INFO - [2025-01-20T08:41:26.996+0000] {dag.py:4180} INFO - Setting next_dagrun for example_complex to None, run_after=None
[2025-01-20T08:41:27.012+0000] {processor.py:208} INFO - Processing /home/airflow/.local/lib/python3.12/site-packages/airflow/example_dags/example_complex.py took 0.088 seconds
[2025-01-20T08:41:57.553+0000] {processor.py:186} INFO - Started process (PID=62639) to work on /home/airflow/.local/lib/python3.12/site-packages/airflow/example_dags/example_complex.py
[2025-01-20T08:41:57.554+0000] {processor.py:914} INFO - Processing file /home/airflow/.local/lib/python3.12/site-packages/airflow/example_dags/example_complex.py for tasks to queue
[2025-01-20T08:41:57.555+0000] {logging_mixin.py:190} INFO - [2025-01-20T08:41:57.555+0000] {dagbag.py:588} INFO - Filling up the DagBag from /home/airflow/.local/lib/python3.12/site-packages/airflow/example_dags/example_complex.py
[2025-01-20T08:41:57.563+0000] {processor.py:925} INFO - DAG(s) 'example_complex' retrieved from /home/airflow/.local/lib/python3.12/site-packages/airflow/example_dags/example_complex.py
[2025-01-20T08:41:57.586+0000] {logging_mixin.py:190} INFO - [2025-01-20T08:41:57.586+0000] {dag.py:3239} INFO - Sync 1 DAGs
[2025-01-20T08:41:57.596+0000] {logging_mixin.py:190} INFO - [2025-01-20T08:41:57.596+0000] {dag.py:4180} INFO - Setting next_dagrun for example_complex to None, run_after=None
[2025-01-20T08:41:57.609+0000] {processor.py:208} INFO - Processing /home/airflow/.local/lib/python3.12/site-packages/airflow/example_dags/example_complex.py took 0.064 seconds
[2025-01-20T08:42:27.701+0000] {processor.py:186} INFO - Started process (PID=62947) to work on /home/airflow/.local/lib/python3.12/site-packages/airflow/example_dags/example_complex.py
[2025-01-20T08:42:27.702+0000] {processor.py:914} INFO - Processing file /home/airflow/.local/lib/python3.12/site-packages/airflow/example_dags/example_complex.py for tasks to queue
[2025-01-20T08:42:27.703+0000] {logging_mixin.py:190} INFO - [2025-01-20T08:42:27.703+0000] {dagbag.py:588} INFO - Filling up the DagBag from /home/airflow/.local/lib/python3.12/site-packages/airflow/example_dags/example_complex.py
[2025-01-20T08:42:27.711+0000] {processor.py:925} INFO - DAG(s) 'example_complex' retrieved from /home/airflow/.local/lib/python3.12/site-packages/airflow/example_dags/example_complex.py
[2025-01-20T08:42:27.730+0000] {logging_mixin.py:190} INFO - [2025-01-20T08:42:27.730+0000] {dag.py:3239} INFO - Sync 1 DAGs
[2025-01-20T08:42:27.741+0000] {logging_mixin.py:190} INFO - [2025-01-20T08:42:27.740+0000] {dag.py:4180} INFO - Setting next_dagrun for example_complex to None, run_after=None
[2025-01-20T08:42:27.761+0000] {processor.py:208} INFO - Processing /home/airflow/.local/lib/python3.12/site-packages/airflow/example_dags/example_complex.py took 0.066 seconds
[2025-01-20T08:42:58.488+0000] {processor.py:186} INFO - Started process (PID=63246) to work on /home/airflow/.local/lib/python3.12/site-packages/airflow/example_dags/example_complex.py
[2025-01-20T08:42:58.489+0000] {processor.py:914} INFO - Processing file /home/airflow/.local/lib/python3.12/site-packages/airflow/example_dags/example_complex.py for tasks to queue
[2025-01-20T08:42:58.491+0000] {logging_mixin.py:190} INFO - [2025-01-20T08:42:58.491+0000] {dagbag.py:588} INFO - Filling up the DagBag from /home/airflow/.local/lib/python3.12/site-packages/airflow/example_dags/example_complex.py
[2025-01-20T08:42:58.498+0000] {processor.py:925} INFO - DAG(s) 'example_complex' retrieved from /home/airflow/.local/lib/python3.12/site-packages/airflow/example_dags/example_complex.py
[2025-01-20T08:42:58.518+0000] {logging_mixin.py:190} INFO - [2025-01-20T08:42:58.518+0000] {dag.py:3239} INFO - Sync 1 DAGs
[2025-01-20T08:42:58.529+0000] {logging_mixin.py:190} INFO - [2025-01-20T08:42:58.529+0000] {dag.py:4180} INFO - Setting next_dagrun for example_complex to None, run_after=None
[2025-01-20T08:42:58.542+0000] {processor.py:208} INFO - Processing /home/airflow/.local/lib/python3.12/site-packages/airflow/example_dags/example_complex.py took 0.062 seconds
[2025-01-20T08:43:28.642+0000] {processor.py:186} INFO - Started process (PID=63552) to work on /home/airflow/.local/lib/python3.12/site-packages/airflow/example_dags/example_complex.py
[2025-01-20T08:43:28.643+0000] {processor.py:914} INFO - Processing file /home/airflow/.local/lib/python3.12/site-packages/airflow/example_dags/example_complex.py for tasks to queue
[2025-01-20T08:43:28.645+0000] {logging_mixin.py:190} INFO - [2025-01-20T08:43:28.645+0000] {dagbag.py:588} INFO - Filling up the DagBag from /home/airflow/.local/lib/python3.12/site-packages/airflow/example_dags/example_complex.py
[2025-01-20T08:43:28.653+0000] {processor.py:925} INFO - DAG(s) 'example_complex' retrieved from /home/airflow/.local/lib/python3.12/site-packages/airflow/example_dags/example_complex.py
[2025-01-20T08:43:28.672+0000] {logging_mixin.py:190} INFO - [2025-01-20T08:43:28.672+0000] {dag.py:3239} INFO - Sync 1 DAGs
[2025-01-20T08:43:28.683+0000] {logging_mixin.py:190} INFO - [2025-01-20T08:43:28.683+0000] {dag.py:4180} INFO - Setting next_dagrun for example_complex to None, run_after=None
[2025-01-20T08:43:28.695+0000] {processor.py:208} INFO - Processing /home/airflow/.local/lib/python3.12/site-packages/airflow/example_dags/example_complex.py took 0.058 seconds
[2025-01-20T08:43:59.027+0000] {processor.py:186} INFO - Started process (PID=63853) to work on /home/airflow/.local/lib/python3.12/site-packages/airflow/example_dags/example_complex.py
[2025-01-20T08:43:59.028+0000] {processor.py:914} INFO - Processing file /home/airflow/.local/lib/python3.12/site-packages/airflow/example_dags/example_complex.py for tasks to queue
[2025-01-20T08:43:59.031+0000] {logging_mixin.py:190} INFO - [2025-01-20T08:43:59.031+0000] {dagbag.py:588} INFO - Filling up the DagBag from /home/airflow/.local/lib/python3.12/site-packages/airflow/example_dags/example_complex.py
[2025-01-20T08:43:59.039+0000] {processor.py:925} INFO - DAG(s) 'example_complex' retrieved from /home/airflow/.local/lib/python3.12/site-packages/airflow/example_dags/example_complex.py
[2025-01-20T08:43:59.061+0000] {logging_mixin.py:190} INFO - [2025-01-20T08:43:59.061+0000] {dag.py:3239} INFO - Sync 1 DAGs
[2025-01-20T08:43:59.071+0000] {logging_mixin.py:190} INFO - [2025-01-20T08:43:59.071+0000] {dag.py:4180} INFO - Setting next_dagrun for example_complex to None, run_after=None
[2025-01-20T08:43:59.084+0000] {processor.py:208} INFO - Processing /home/airflow/.local/lib/python3.12/site-packages/airflow/example_dags/example_complex.py took 0.064 seconds
[2025-01-20T08:44:29.120+0000] {processor.py:186} INFO - Started process (PID=64159) to work on /home/airflow/.local/lib/python3.12/site-packages/airflow/example_dags/example_complex.py
[2025-01-20T08:44:29.121+0000] {processor.py:914} INFO - Processing file /home/airflow/.local/lib/python3.12/site-packages/airflow/example_dags/example_complex.py for tasks to queue
[2025-01-20T08:44:29.123+0000] {logging_mixin.py:190} INFO - [2025-01-20T08:44:29.123+0000] {dagbag.py:588} INFO - Filling up the DagBag from /home/airflow/.local/lib/python3.12/site-packages/airflow/example_dags/example_complex.py
[2025-01-20T08:44:29.131+0000] {processor.py:925} INFO - DAG(s) 'example_complex' retrieved from /home/airflow/.local/lib/python3.12/site-packages/airflow/example_dags/example_complex.py
[2025-01-20T08:44:29.155+0000] {logging_mixin.py:190} INFO - [2025-01-20T08:44:29.155+0000] {dag.py:3239} INFO - Sync 1 DAGs
[2025-01-20T08:44:29.166+0000] {logging_mixin.py:190} INFO - [2025-01-20T08:44:29.165+0000] {dag.py:4180} INFO - Setting next_dagrun for example_complex to None, run_after=None
[2025-01-20T08:44:29.181+0000] {processor.py:208} INFO - Processing /home/airflow/.local/lib/python3.12/site-packages/airflow/example_dags/example_complex.py took 0.069 seconds
[2025-01-20T08:44:59.673+0000] {processor.py:186} INFO - Started process (PID=64460) to work on /home/airflow/.local/lib/python3.12/site-packages/airflow/example_dags/example_complex.py
[2025-01-20T08:44:59.673+0000] {processor.py:914} INFO - Processing file /home/airflow/.local/lib/python3.12/site-packages/airflow/example_dags/example_complex.py for tasks to queue
[2025-01-20T08:44:59.675+0000] {logging_mixin.py:190} INFO - [2025-01-20T08:44:59.675+0000] {dagbag.py:588} INFO - Filling up the DagBag from /home/airflow/.local/lib/python3.12/site-packages/airflow/example_dags/example_complex.py
[2025-01-20T08:44:59.683+0000] {processor.py:925} INFO - DAG(s) 'example_complex' retrieved from /home/airflow/.local/lib/python3.12/site-packages/airflow/example_dags/example_complex.py
[2025-01-20T08:44:59.704+0000] {logging_mixin.py:190} INFO - [2025-01-20T08:44:59.704+0000] {dag.py:3239} INFO - Sync 1 DAGs
[2025-01-20T08:44:59.716+0000] {logging_mixin.py:190} INFO - [2025-01-20T08:44:59.715+0000] {dag.py:4180} INFO - Setting next_dagrun for example_complex to None, run_after=None
[2025-01-20T08:44:59.732+0000] {processor.py:208} INFO - Processing /home/airflow/.local/lib/python3.12/site-packages/airflow/example_dags/example_complex.py took 0.063 seconds
[2025-01-20T08:45:30.196+0000] {processor.py:186} INFO - Started process (PID=64766) to work on /home/airflow/.local/lib/python3.12/site-packages/airflow/example_dags/example_complex.py
[2025-01-20T08:45:30.198+0000] {processor.py:914} INFO - Processing file /home/airflow/.local/lib/python3.12/site-packages/airflow/example_dags/example_complex.py for tasks to queue
[2025-01-20T08:45:30.201+0000] {logging_mixin.py:190} INFO - [2025-01-20T08:45:30.200+0000] {dagbag.py:588} INFO - Filling up the DagBag from /home/airflow/.local/lib/python3.12/site-packages/airflow/example_dags/example_complex.py
[2025-01-20T08:45:30.214+0000] {processor.py:925} INFO - DAG(s) 'example_complex' retrieved from /home/airflow/.local/lib/python3.12/site-packages/airflow/example_dags/example_complex.py
[2025-01-20T08:45:30.236+0000] {logging_mixin.py:190} INFO - [2025-01-20T08:45:30.235+0000] {dag.py:3239} INFO - Sync 1 DAGs
[2025-01-20T08:45:30.251+0000] {logging_mixin.py:190} INFO - [2025-01-20T08:45:30.251+0000] {dag.py:4180} INFO - Setting next_dagrun for example_complex to None, run_after=None
[2025-01-20T08:45:30.275+0000] {processor.py:208} INFO - Processing /home/airflow/.local/lib/python3.12/site-packages/airflow/example_dags/example_complex.py took 0.086 seconds
[2025-01-20T08:46:00.704+0000] {processor.py:186} INFO - Started process (PID=65070) to work on /home/airflow/.local/lib/python3.12/site-packages/airflow/example_dags/example_complex.py
[2025-01-20T08:46:00.705+0000] {processor.py:914} INFO - Processing file /home/airflow/.local/lib/python3.12/site-packages/airflow/example_dags/example_complex.py for tasks to queue
[2025-01-20T08:46:00.708+0000] {logging_mixin.py:190} INFO - [2025-01-20T08:46:00.707+0000] {dagbag.py:588} INFO - Filling up the DagBag from /home/airflow/.local/lib/python3.12/site-packages/airflow/example_dags/example_complex.py
[2025-01-20T08:46:00.722+0000] {processor.py:925} INFO - DAG(s) 'example_complex' retrieved from /home/airflow/.local/lib/python3.12/site-packages/airflow/example_dags/example_complex.py
[2025-01-20T08:46:00.750+0000] {logging_mixin.py:190} INFO - [2025-01-20T08:46:00.750+0000] {dag.py:3239} INFO - Sync 1 DAGs
[2025-01-20T08:46:00.760+0000] {logging_mixin.py:190} INFO - [2025-01-20T08:46:00.760+0000] {dag.py:4180} INFO - Setting next_dagrun for example_complex to None, run_after=None
[2025-01-20T08:46:00.779+0000] {processor.py:208} INFO - Processing /home/airflow/.local/lib/python3.12/site-packages/airflow/example_dags/example_complex.py took 0.082 seconds
[2025-01-20T08:46:31.438+0000] {processor.py:186} INFO - Started process (PID=65375) to work on /home/airflow/.local/lib/python3.12/site-packages/airflow/example_dags/example_complex.py
[2025-01-20T08:46:31.439+0000] {processor.py:914} INFO - Processing file /home/airflow/.local/lib/python3.12/site-packages/airflow/example_dags/example_complex.py for tasks to queue
[2025-01-20T08:46:31.441+0000] {logging_mixin.py:190} INFO - [2025-01-20T08:46:31.440+0000] {dagbag.py:588} INFO - Filling up the DagBag from /home/airflow/.local/lib/python3.12/site-packages/airflow/example_dags/example_complex.py
[2025-01-20T08:46:31.448+0000] {processor.py:925} INFO - DAG(s) 'example_complex' retrieved from /home/airflow/.local/lib/python3.12/site-packages/airflow/example_dags/example_complex.py
[2025-01-20T08:46:31.469+0000] {logging_mixin.py:190} INFO - [2025-01-20T08:46:31.469+0000] {dag.py:3239} INFO - Sync 1 DAGs
[2025-01-20T08:46:31.478+0000] {logging_mixin.py:190} INFO - [2025-01-20T08:46:31.478+0000] {dag.py:4180} INFO - Setting next_dagrun for example_complex to None, run_after=None
[2025-01-20T08:46:31.501+0000] {processor.py:208} INFO - Processing /home/airflow/.local/lib/python3.12/site-packages/airflow/example_dags/example_complex.py took 0.067 seconds
[2025-01-20T08:47:01.885+0000] {processor.py:186} INFO - Started process (PID=65681) to work on /home/airflow/.local/lib/python3.12/site-packages/airflow/example_dags/example_complex.py
[2025-01-20T08:47:01.886+0000] {processor.py:914} INFO - Processing file /home/airflow/.local/lib/python3.12/site-packages/airflow/example_dags/example_complex.py for tasks to queue
[2025-01-20T08:47:01.888+0000] {logging_mixin.py:190} INFO - [2025-01-20T08:47:01.888+0000] {dagbag.py:588} INFO - Filling up the DagBag from /home/airflow/.local/lib/python3.12/site-packages/airflow/example_dags/example_complex.py
[2025-01-20T08:47:01.896+0000] {processor.py:925} INFO - DAG(s) 'example_complex' retrieved from /home/airflow/.local/lib/python3.12/site-packages/airflow/example_dags/example_complex.py
[2025-01-20T08:47:01.914+0000] {logging_mixin.py:190} INFO - [2025-01-20T08:47:01.913+0000] {dag.py:3239} INFO - Sync 1 DAGs
[2025-01-20T08:47:01.922+0000] {logging_mixin.py:190} INFO - [2025-01-20T08:47:01.922+0000] {dag.py:4180} INFO - Setting next_dagrun for example_complex to None, run_after=None
[2025-01-20T08:47:01.937+0000] {processor.py:208} INFO - Processing /home/airflow/.local/lib/python3.12/site-packages/airflow/example_dags/example_complex.py took 0.056 seconds
[2025-01-20T08:47:32.030+0000] {processor.py:186} INFO - Started process (PID=65980) to work on /home/airflow/.local/lib/python3.12/site-packages/airflow/example_dags/example_complex.py
[2025-01-20T08:47:32.030+0000] {processor.py:914} INFO - Processing file /home/airflow/.local/lib/python3.12/site-packages/airflow/example_dags/example_complex.py for tasks to queue
[2025-01-20T08:47:32.032+0000] {logging_mixin.py:190} INFO - [2025-01-20T08:47:32.032+0000] {dagbag.py:588} INFO - Filling up the DagBag from /home/airflow/.local/lib/python3.12/site-packages/airflow/example_dags/example_complex.py
[2025-01-20T08:47:32.039+0000] {processor.py:925} INFO - DAG(s) 'example_complex' retrieved from /home/airflow/.local/lib/python3.12/site-packages/airflow/example_dags/example_complex.py
[2025-01-20T08:47:32.074+0000] {logging_mixin.py:190} INFO - [2025-01-20T08:47:32.074+0000] {dag.py:3239} INFO - Sync 1 DAGs
[2025-01-20T08:47:32.095+0000] {logging_mixin.py:190} INFO - [2025-01-20T08:47:32.094+0000] {dag.py:4180} INFO - Setting next_dagrun for example_complex to None, run_after=None
[2025-01-20T08:47:32.126+0000] {processor.py:208} INFO - Processing /home/airflow/.local/lib/python3.12/site-packages/airflow/example_dags/example_complex.py took 0.102 seconds
[2025-01-20T08:48:02.677+0000] {processor.py:186} INFO - Started process (PID=66286) to work on /home/airflow/.local/lib/python3.12/site-packages/airflow/example_dags/example_complex.py
[2025-01-20T08:48:02.678+0000] {processor.py:914} INFO - Processing file /home/airflow/.local/lib/python3.12/site-packages/airflow/example_dags/example_complex.py for tasks to queue
[2025-01-20T08:48:02.681+0000] {logging_mixin.py:190} INFO - [2025-01-20T08:48:02.681+0000] {dagbag.py:588} INFO - Filling up the DagBag from /home/airflow/.local/lib/python3.12/site-packages/airflow/example_dags/example_complex.py
[2025-01-20T08:48:02.689+0000] {processor.py:925} INFO - DAG(s) 'example_complex' retrieved from /home/airflow/.local/lib/python3.12/site-packages/airflow/example_dags/example_complex.py
[2025-01-20T08:48:02.717+0000] {logging_mixin.py:190} INFO - [2025-01-20T08:48:02.716+0000] {dag.py:3239} INFO - Sync 1 DAGs
[2025-01-20T08:48:02.728+0000] {logging_mixin.py:190} INFO - [2025-01-20T08:48:02.727+0000] {dag.py:4180} INFO - Setting next_dagrun for example_complex to None, run_after=None
[2025-01-20T08:48:02.741+0000] {processor.py:208} INFO - Processing /home/airflow/.local/lib/python3.12/site-packages/airflow/example_dags/example_complex.py took 0.070 seconds
[2025-01-20T08:48:32.935+0000] {processor.py:186} INFO - Started process (PID=66587) to work on /home/airflow/.local/lib/python3.12/site-packages/airflow/example_dags/example_complex.py
[2025-01-20T08:48:32.936+0000] {processor.py:914} INFO - Processing file /home/airflow/.local/lib/python3.12/site-packages/airflow/example_dags/example_complex.py for tasks to queue
[2025-01-20T08:48:32.938+0000] {logging_mixin.py:190} INFO - [2025-01-20T08:48:32.938+0000] {dagbag.py:588} INFO - Filling up the DagBag from /home/airflow/.local/lib/python3.12/site-packages/airflow/example_dags/example_complex.py
[2025-01-20T08:48:32.946+0000] {processor.py:925} INFO - DAG(s) 'example_complex' retrieved from /home/airflow/.local/lib/python3.12/site-packages/airflow/example_dags/example_complex.py
[2025-01-20T08:48:32.972+0000] {logging_mixin.py:190} INFO - [2025-01-20T08:48:32.972+0000] {dag.py:3239} INFO - Sync 1 DAGs
[2025-01-20T08:48:32.983+0000] {logging_mixin.py:190} INFO - [2025-01-20T08:48:32.982+0000] {dag.py:4180} INFO - Setting next_dagrun for example_complex to None, run_after=None
[2025-01-20T08:48:32.996+0000] {processor.py:208} INFO - Processing /home/airflow/.local/lib/python3.12/site-packages/airflow/example_dags/example_complex.py took 0.064 seconds
[2025-01-20T08:49:03.166+0000] {processor.py:186} INFO - Started process (PID=66893) to work on /home/airflow/.local/lib/python3.12/site-packages/airflow/example_dags/example_complex.py
[2025-01-20T08:49:03.167+0000] {processor.py:914} INFO - Processing file /home/airflow/.local/lib/python3.12/site-packages/airflow/example_dags/example_complex.py for tasks to queue
[2025-01-20T08:49:03.169+0000] {logging_mixin.py:190} INFO - [2025-01-20T08:49:03.169+0000] {dagbag.py:588} INFO - Filling up the DagBag from /home/airflow/.local/lib/python3.12/site-packages/airflow/example_dags/example_complex.py
[2025-01-20T08:49:03.176+0000] {processor.py:925} INFO - DAG(s) 'example_complex' retrieved from /home/airflow/.local/lib/python3.12/site-packages/airflow/example_dags/example_complex.py
[2025-01-20T08:49:03.199+0000] {logging_mixin.py:190} INFO - [2025-01-20T08:49:03.199+0000] {dag.py:3239} INFO - Sync 1 DAGs
[2025-01-20T08:49:03.213+0000] {logging_mixin.py:190} INFO - [2025-01-20T08:49:03.213+0000] {dag.py:4180} INFO - Setting next_dagrun for example_complex to None, run_after=None
[2025-01-20T08:49:03.227+0000] {processor.py:208} INFO - Processing /home/airflow/.local/lib/python3.12/site-packages/airflow/example_dags/example_complex.py took 0.065 seconds
[2025-01-20T08:49:34.487+0000] {processor.py:186} INFO - Started process (PID=67196) to work on /home/airflow/.local/lib/python3.12/site-packages/airflow/example_dags/example_complex.py
[2025-01-20T08:49:34.488+0000] {processor.py:914} INFO - Processing file /home/airflow/.local/lib/python3.12/site-packages/airflow/example_dags/example_complex.py for tasks to queue
[2025-01-20T08:49:34.490+0000] {logging_mixin.py:190} INFO - [2025-01-20T08:49:34.489+0000] {dagbag.py:588} INFO - Filling up the DagBag from /home/airflow/.local/lib/python3.12/site-packages/airflow/example_dags/example_complex.py
[2025-01-20T08:49:34.497+0000] {processor.py:925} INFO - DAG(s) 'example_complex' retrieved from /home/airflow/.local/lib/python3.12/site-packages/airflow/example_dags/example_complex.py
[2025-01-20T08:49:34.522+0000] {logging_mixin.py:190} INFO - [2025-01-20T08:49:34.522+0000] {dag.py:3239} INFO - Sync 1 DAGs
[2025-01-20T08:49:34.534+0000] {logging_mixin.py:190} INFO - [2025-01-20T08:49:34.533+0000] {dag.py:4180} INFO - Setting next_dagrun for example_complex to None, run_after=None
[2025-01-20T08:49:34.552+0000] {processor.py:208} INFO - Processing /home/airflow/.local/lib/python3.12/site-packages/airflow/example_dags/example_complex.py took 0.072 seconds
[2025-01-20T08:50:05.470+0000] {processor.py:186} INFO - Started process (PID=67500) to work on /home/airflow/.local/lib/python3.12/site-packages/airflow/example_dags/example_complex.py
[2025-01-20T08:50:05.471+0000] {processor.py:914} INFO - Processing file /home/airflow/.local/lib/python3.12/site-packages/airflow/example_dags/example_complex.py for tasks to queue
[2025-01-20T08:50:05.472+0000] {logging_mixin.py:190} INFO - [2025-01-20T08:50:05.472+0000] {dagbag.py:588} INFO - Filling up the DagBag from /home/airflow/.local/lib/python3.12/site-packages/airflow/example_dags/example_complex.py
[2025-01-20T08:50:05.480+0000] {processor.py:925} INFO - DAG(s) 'example_complex' retrieved from /home/airflow/.local/lib/python3.12/site-packages/airflow/example_dags/example_complex.py
[2025-01-20T08:50:05.498+0000] {logging_mixin.py:190} INFO - [2025-01-20T08:50:05.498+0000] {dag.py:3239} INFO - Sync 1 DAGs
[2025-01-20T08:50:05.509+0000] {logging_mixin.py:190} INFO - [2025-01-20T08:50:05.509+0000] {dag.py:4180} INFO - Setting next_dagrun for example_complex to None, run_after=None
[2025-01-20T08:50:05.526+0000] {processor.py:208} INFO - Processing /home/airflow/.local/lib/python3.12/site-packages/airflow/example_dags/example_complex.py took 0.060 seconds
[2025-01-20T08:50:36.124+0000] {processor.py:186} INFO - Started process (PID=67801) to work on /home/airflow/.local/lib/python3.12/site-packages/airflow/example_dags/example_complex.py
[2025-01-20T08:50:36.125+0000] {processor.py:914} INFO - Processing file /home/airflow/.local/lib/python3.12/site-packages/airflow/example_dags/example_complex.py for tasks to queue
[2025-01-20T08:50:36.127+0000] {logging_mixin.py:190} INFO - [2025-01-20T08:50:36.127+0000] {dagbag.py:588} INFO - Filling up the DagBag from /home/airflow/.local/lib/python3.12/site-packages/airflow/example_dags/example_complex.py
[2025-01-20T08:50:36.138+0000] {processor.py:925} INFO - DAG(s) 'example_complex' retrieved from /home/airflow/.local/lib/python3.12/site-packages/airflow/example_dags/example_complex.py
[2025-01-20T08:50:36.172+0000] {logging_mixin.py:190} INFO - [2025-01-20T08:50:36.172+0000] {dag.py:3239} INFO - Sync 1 DAGs
[2025-01-20T08:50:36.181+0000] {logging_mixin.py:190} INFO - [2025-01-20T08:50:36.181+0000] {dag.py:4180} INFO - Setting next_dagrun for example_complex to None, run_after=None
[2025-01-20T08:50:36.196+0000] {processor.py:208} INFO - Processing /home/airflow/.local/lib/python3.12/site-packages/airflow/example_dags/example_complex.py took 0.076 seconds
[2025-01-20T08:51:06.656+0000] {processor.py:186} INFO - Started process (PID=68107) to work on /home/airflow/.local/lib/python3.12/site-packages/airflow/example_dags/example_complex.py
[2025-01-20T08:51:06.657+0000] {processor.py:914} INFO - Processing file /home/airflow/.local/lib/python3.12/site-packages/airflow/example_dags/example_complex.py for tasks to queue
[2025-01-20T08:51:06.659+0000] {logging_mixin.py:190} INFO - [2025-01-20T08:51:06.658+0000] {dagbag.py:588} INFO - Filling up the DagBag from /home/airflow/.local/lib/python3.12/site-packages/airflow/example_dags/example_complex.py
[2025-01-20T08:51:06.666+0000] {processor.py:925} INFO - DAG(s) 'example_complex' retrieved from /home/airflow/.local/lib/python3.12/site-packages/airflow/example_dags/example_complex.py
[2025-01-20T08:51:06.684+0000] {logging_mixin.py:190} INFO - [2025-01-20T08:51:06.684+0000] {dag.py:3239} INFO - Sync 1 DAGs
[2025-01-20T08:51:06.694+0000] {logging_mixin.py:190} INFO - [2025-01-20T08:51:06.694+0000] {dag.py:4180} INFO - Setting next_dagrun for example_complex to None, run_after=None
[2025-01-20T08:51:06.708+0000] {processor.py:208} INFO - Processing /home/airflow/.local/lib/python3.12/site-packages/airflow/example_dags/example_complex.py took 0.055 seconds
[2025-01-20T08:51:37.237+0000] {processor.py:186} INFO - Started process (PID=68410) to work on /home/airflow/.local/lib/python3.12/site-packages/airflow/example_dags/example_complex.py
[2025-01-20T08:51:37.238+0000] {processor.py:914} INFO - Processing file /home/airflow/.local/lib/python3.12/site-packages/airflow/example_dags/example_complex.py for tasks to queue
[2025-01-20T08:51:37.241+0000] {logging_mixin.py:190} INFO - [2025-01-20T08:51:37.241+0000] {dagbag.py:588} INFO - Filling up the DagBag from /home/airflow/.local/lib/python3.12/site-packages/airflow/example_dags/example_complex.py
[2025-01-20T08:51:37.253+0000] {processor.py:925} INFO - DAG(s) 'example_complex' retrieved from /home/airflow/.local/lib/python3.12/site-packages/airflow/example_dags/example_complex.py
[2025-01-20T08:51:37.285+0000] {logging_mixin.py:190} INFO - [2025-01-20T08:51:37.285+0000] {dag.py:3239} INFO - Sync 1 DAGs
[2025-01-20T08:51:37.296+0000] {logging_mixin.py:190} INFO - [2025-01-20T08:51:37.296+0000] {dag.py:4180} INFO - Setting next_dagrun for example_complex to None, run_after=None
[2025-01-20T08:51:37.314+0000] {processor.py:208} INFO - Processing /home/airflow/.local/lib/python3.12/site-packages/airflow/example_dags/example_complex.py took 0.086 seconds
[2025-01-20T08:52:07.435+0000] {processor.py:186} INFO - Started process (PID=68714) to work on /home/airflow/.local/lib/python3.12/site-packages/airflow/example_dags/example_complex.py
[2025-01-20T08:52:07.436+0000] {processor.py:914} INFO - Processing file /home/airflow/.local/lib/python3.12/site-packages/airflow/example_dags/example_complex.py for tasks to queue
[2025-01-20T08:52:07.437+0000] {logging_mixin.py:190} INFO - [2025-01-20T08:52:07.437+0000] {dagbag.py:588} INFO - Filling up the DagBag from /home/airflow/.local/lib/python3.12/site-packages/airflow/example_dags/example_complex.py
[2025-01-20T08:52:07.445+0000] {processor.py:925} INFO - DAG(s) 'example_complex' retrieved from /home/airflow/.local/lib/python3.12/site-packages/airflow/example_dags/example_complex.py
[2025-01-20T08:52:07.469+0000] {logging_mixin.py:190} INFO - [2025-01-20T08:52:07.469+0000] {dag.py:3239} INFO - Sync 1 DAGs
[2025-01-20T08:52:07.479+0000] {logging_mixin.py:190} INFO - [2025-01-20T08:52:07.479+0000] {dag.py:4180} INFO - Setting next_dagrun for example_complex to None, run_after=None
[2025-01-20T08:52:07.504+0000] {processor.py:208} INFO - Processing /home/airflow/.local/lib/python3.12/site-packages/airflow/example_dags/example_complex.py took 0.076 seconds
[2025-01-20T08:52:37.788+0000] {processor.py:186} INFO - Started process (PID=69017) to work on /home/airflow/.local/lib/python3.12/site-packages/airflow/example_dags/example_complex.py
[2025-01-20T08:52:37.789+0000] {processor.py:914} INFO - Processing file /home/airflow/.local/lib/python3.12/site-packages/airflow/example_dags/example_complex.py for tasks to queue
[2025-01-20T08:52:37.793+0000] {logging_mixin.py:190} INFO - [2025-01-20T08:52:37.792+0000] {dagbag.py:588} INFO - Filling up the DagBag from /home/airflow/.local/lib/python3.12/site-packages/airflow/example_dags/example_complex.py
[2025-01-20T08:52:37.804+0000] {processor.py:925} INFO - DAG(s) 'example_complex' retrieved from /home/airflow/.local/lib/python3.12/site-packages/airflow/example_dags/example_complex.py
[2025-01-20T08:52:37.835+0000] {logging_mixin.py:190} INFO - [2025-01-20T08:52:37.835+0000] {dag.py:3239} INFO - Sync 1 DAGs
[2025-01-20T08:52:37.851+0000] {logging_mixin.py:190} INFO - [2025-01-20T08:52:37.851+0000] {dag.py:4180} INFO - Setting next_dagrun for example_complex to None, run_after=None
[2025-01-20T08:52:37.868+0000] {processor.py:208} INFO - Processing /home/airflow/.local/lib/python3.12/site-packages/airflow/example_dags/example_complex.py took 0.083 seconds
[2025-01-20T08:53:08.281+0000] {processor.py:186} INFO - Started process (PID=69323) to work on /home/airflow/.local/lib/python3.12/site-packages/airflow/example_dags/example_complex.py
[2025-01-20T08:53:08.281+0000] {processor.py:914} INFO - Processing file /home/airflow/.local/lib/python3.12/site-packages/airflow/example_dags/example_complex.py for tasks to queue
[2025-01-20T08:53:08.283+0000] {logging_mixin.py:190} INFO - [2025-01-20T08:53:08.283+0000] {dagbag.py:588} INFO - Filling up the DagBag from /home/airflow/.local/lib/python3.12/site-packages/airflow/example_dags/example_complex.py
[2025-01-20T08:53:08.290+0000] {processor.py:925} INFO - DAG(s) 'example_complex' retrieved from /home/airflow/.local/lib/python3.12/site-packages/airflow/example_dags/example_complex.py
[2025-01-20T08:53:08.317+0000] {logging_mixin.py:190} INFO - [2025-01-20T08:53:08.317+0000] {dag.py:3239} INFO - Sync 1 DAGs
[2025-01-20T08:53:08.329+0000] {logging_mixin.py:190} INFO - [2025-01-20T08:53:08.329+0000] {dag.py:4180} INFO - Setting next_dagrun for example_complex to None, run_after=None
[2025-01-20T08:53:08.342+0000] {processor.py:208} INFO - Processing /home/airflow/.local/lib/python3.12/site-packages/airflow/example_dags/example_complex.py took 0.066 seconds
[2025-01-20T08:53:39.054+0000] {processor.py:186} INFO - Started process (PID=69623) to work on /home/airflow/.local/lib/python3.12/site-packages/airflow/example_dags/example_complex.py
[2025-01-20T08:53:39.055+0000] {processor.py:914} INFO - Processing file /home/airflow/.local/lib/python3.12/site-packages/airflow/example_dags/example_complex.py for tasks to queue
[2025-01-20T08:53:39.058+0000] {logging_mixin.py:190} INFO - [2025-01-20T08:53:39.058+0000] {dagbag.py:588} INFO - Filling up the DagBag from /home/airflow/.local/lib/python3.12/site-packages/airflow/example_dags/example_complex.py
[2025-01-20T08:53:39.072+0000] {processor.py:925} INFO - DAG(s) 'example_complex' retrieved from /home/airflow/.local/lib/python3.12/site-packages/airflow/example_dags/example_complex.py
[2025-01-20T08:53:39.091+0000] {logging_mixin.py:190} INFO - [2025-01-20T08:53:39.091+0000] {dag.py:3239} INFO - Sync 1 DAGs
[2025-01-20T08:53:39.107+0000] {logging_mixin.py:190} INFO - [2025-01-20T08:53:39.107+0000] {dag.py:4180} INFO - Setting next_dagrun for example_complex to None, run_after=None
[2025-01-20T08:53:39.127+0000] {processor.py:208} INFO - Processing /home/airflow/.local/lib/python3.12/site-packages/airflow/example_dags/example_complex.py took 0.080 seconds
[2025-01-20T08:54:09.204+0000] {processor.py:186} INFO - Started process (PID=69928) to work on /home/airflow/.local/lib/python3.12/site-packages/airflow/example_dags/example_complex.py
[2025-01-20T08:54:09.205+0000] {processor.py:914} INFO - Processing file /home/airflow/.local/lib/python3.12/site-packages/airflow/example_dags/example_complex.py for tasks to queue
[2025-01-20T08:54:09.208+0000] {logging_mixin.py:190} INFO - [2025-01-20T08:54:09.208+0000] {dagbag.py:588} INFO - Filling up the DagBag from /home/airflow/.local/lib/python3.12/site-packages/airflow/example_dags/example_complex.py
[2025-01-20T08:54:09.218+0000] {processor.py:925} INFO - DAG(s) 'example_complex' retrieved from /home/airflow/.local/lib/python3.12/site-packages/airflow/example_dags/example_complex.py
[2025-01-20T08:54:09.244+0000] {logging_mixin.py:190} INFO - [2025-01-20T08:54:09.243+0000] {dag.py:3239} INFO - Sync 1 DAGs
[2025-01-20T08:54:09.262+0000] {logging_mixin.py:190} INFO - [2025-01-20T08:54:09.261+0000] {dag.py:4180} INFO - Setting next_dagrun for example_complex to None, run_after=None
[2025-01-20T08:54:09.282+0000] {processor.py:208} INFO - Processing /home/airflow/.local/lib/python3.12/site-packages/airflow/example_dags/example_complex.py took 0.081 seconds
[2025-01-20T08:54:40.234+0000] {processor.py:186} INFO - Started process (PID=70203) to work on /home/airflow/.local/lib/python3.12/site-packages/airflow/example_dags/example_complex.py
[2025-01-20T08:54:40.235+0000] {processor.py:914} INFO - Processing file /home/airflow/.local/lib/python3.12/site-packages/airflow/example_dags/example_complex.py for tasks to queue
[2025-01-20T08:54:40.237+0000] {logging_mixin.py:190} INFO - [2025-01-20T08:54:40.237+0000] {dagbag.py:588} INFO - Filling up the DagBag from /home/airflow/.local/lib/python3.12/site-packages/airflow/example_dags/example_complex.py
[2025-01-20T08:54:40.245+0000] {processor.py:925} INFO - DAG(s) 'example_complex' retrieved from /home/airflow/.local/lib/python3.12/site-packages/airflow/example_dags/example_complex.py
[2025-01-20T08:54:40.266+0000] {logging_mixin.py:190} INFO - [2025-01-20T08:54:40.265+0000] {dag.py:3239} INFO - Sync 1 DAGs
[2025-01-20T08:54:40.282+0000] {logging_mixin.py:190} INFO - [2025-01-20T08:54:40.282+0000] {dag.py:4180} INFO - Setting next_dagrun for example_complex to None, run_after=None
[2025-01-20T08:54:40.300+0000] {processor.py:208} INFO - Processing /home/airflow/.local/lib/python3.12/site-packages/airflow/example_dags/example_complex.py took 0.073 seconds
[2025-01-20T08:55:11.281+0000] {processor.py:186} INFO - Started process (PID=70511) to work on /home/airflow/.local/lib/python3.12/site-packages/airflow/example_dags/example_complex.py
[2025-01-20T08:55:11.282+0000] {processor.py:914} INFO - Processing file /home/airflow/.local/lib/python3.12/site-packages/airflow/example_dags/example_complex.py for tasks to queue
[2025-01-20T08:55:11.285+0000] {logging_mixin.py:190} INFO - [2025-01-20T08:55:11.285+0000] {dagbag.py:588} INFO - Filling up the DagBag from /home/airflow/.local/lib/python3.12/site-packages/airflow/example_dags/example_complex.py
[2025-01-20T08:55:11.296+0000] {processor.py:925} INFO - DAG(s) 'example_complex' retrieved from /home/airflow/.local/lib/python3.12/site-packages/airflow/example_dags/example_complex.py
[2025-01-20T08:55:11.328+0000] {logging_mixin.py:190} INFO - [2025-01-20T08:55:11.328+0000] {dag.py:3239} INFO - Sync 1 DAGs
[2025-01-20T08:55:11.343+0000] {logging_mixin.py:190} INFO - [2025-01-20T08:55:11.343+0000] {dag.py:4180} INFO - Setting next_dagrun for example_complex to None, run_after=None
[2025-01-20T08:55:11.359+0000] {processor.py:208} INFO - Processing /home/airflow/.local/lib/python3.12/site-packages/airflow/example_dags/example_complex.py took 0.089 seconds
[2025-01-20T08:55:42.033+0000] {processor.py:186} INFO - Started process (PID=70810) to work on /home/airflow/.local/lib/python3.12/site-packages/airflow/example_dags/example_complex.py
[2025-01-20T08:55:42.034+0000] {processor.py:914} INFO - Processing file /home/airflow/.local/lib/python3.12/site-packages/airflow/example_dags/example_complex.py for tasks to queue
[2025-01-20T08:55:42.037+0000] {logging_mixin.py:190} INFO - [2025-01-20T08:55:42.037+0000] {dagbag.py:588} INFO - Filling up the DagBag from /home/airflow/.local/lib/python3.12/site-packages/airflow/example_dags/example_complex.py
[2025-01-20T08:55:42.049+0000] {processor.py:925} INFO - DAG(s) 'example_complex' retrieved from /home/airflow/.local/lib/python3.12/site-packages/airflow/example_dags/example_complex.py
[2025-01-20T08:55:42.072+0000] {logging_mixin.py:190} INFO - [2025-01-20T08:55:42.072+0000] {dag.py:3239} INFO - Sync 1 DAGs
[2025-01-20T08:55:42.086+0000] {logging_mixin.py:190} INFO - [2025-01-20T08:55:42.086+0000] {dag.py:4180} INFO - Setting next_dagrun for example_complex to None, run_after=None
[2025-01-20T08:55:42.101+0000] {processor.py:208} INFO - Processing /home/airflow/.local/lib/python3.12/site-packages/airflow/example_dags/example_complex.py took 0.074 seconds
[2025-01-20T08:56:13.162+0000] {processor.py:186} INFO - Started process (PID=71101) to work on /home/airflow/.local/lib/python3.12/site-packages/airflow/example_dags/example_complex.py
[2025-01-20T08:56:13.163+0000] {processor.py:914} INFO - Processing file /home/airflow/.local/lib/python3.12/site-packages/airflow/example_dags/example_complex.py for tasks to queue
[2025-01-20T08:56:13.171+0000] {logging_mixin.py:190} INFO - [2025-01-20T08:56:13.167+0000] {dagbag.py:588} INFO - Filling up the DagBag from /home/airflow/.local/lib/python3.12/site-packages/airflow/example_dags/example_complex.py
[2025-01-20T08:56:13.193+0000] {processor.py:925} INFO - DAG(s) 'example_complex' retrieved from /home/airflow/.local/lib/python3.12/site-packages/airflow/example_dags/example_complex.py
[2025-01-20T08:56:13.225+0000] {logging_mixin.py:190} INFO - [2025-01-20T08:56:13.225+0000] {dag.py:3239} INFO - Sync 1 DAGs
[2025-01-20T08:56:13.236+0000] {logging_mixin.py:190} INFO - [2025-01-20T08:56:13.236+0000] {dag.py:4180} INFO - Setting next_dagrun for example_complex to None, run_after=None
[2025-01-20T08:56:13.254+0000] {processor.py:208} INFO - Processing /home/airflow/.local/lib/python3.12/site-packages/airflow/example_dags/example_complex.py took 0.098 seconds
[2025-01-20T08:56:43.584+0000] {processor.py:186} INFO - Started process (PID=71401) to work on /home/airflow/.local/lib/python3.12/site-packages/airflow/example_dags/example_complex.py
[2025-01-20T08:56:43.585+0000] {processor.py:914} INFO - Processing file /home/airflow/.local/lib/python3.12/site-packages/airflow/example_dags/example_complex.py for tasks to queue
[2025-01-20T08:56:43.589+0000] {logging_mixin.py:190} INFO - [2025-01-20T08:56:43.588+0000] {dagbag.py:588} INFO - Filling up the DagBag from /home/airflow/.local/lib/python3.12/site-packages/airflow/example_dags/example_complex.py
[2025-01-20T08:56:43.605+0000] {processor.py:925} INFO - DAG(s) 'example_complex' retrieved from /home/airflow/.local/lib/python3.12/site-packages/airflow/example_dags/example_complex.py
[2025-01-20T08:56:43.631+0000] {logging_mixin.py:190} INFO - [2025-01-20T08:56:43.631+0000] {dag.py:3239} INFO - Sync 1 DAGs
[2025-01-20T08:56:43.642+0000] {logging_mixin.py:190} INFO - [2025-01-20T08:56:43.641+0000] {dag.py:4180} INFO - Setting next_dagrun for example_complex to None, run_after=None
[2025-01-20T08:56:43.684+0000] {processor.py:208} INFO - Processing /home/airflow/.local/lib/python3.12/site-packages/airflow/example_dags/example_complex.py took 0.104 seconds
[2025-01-20T08:57:14.645+0000] {processor.py:186} INFO - Started process (PID=71713) to work on /home/airflow/.local/lib/python3.12/site-packages/airflow/example_dags/example_complex.py
[2025-01-20T08:57:14.646+0000] {processor.py:914} INFO - Processing file /home/airflow/.local/lib/python3.12/site-packages/airflow/example_dags/example_complex.py for tasks to queue
[2025-01-20T08:57:14.651+0000] {logging_mixin.py:190} INFO - [2025-01-20T08:57:14.650+0000] {dagbag.py:588} INFO - Filling up the DagBag from /home/airflow/.local/lib/python3.12/site-packages/airflow/example_dags/example_complex.py
[2025-01-20T08:57:14.662+0000] {processor.py:925} INFO - DAG(s) 'example_complex' retrieved from /home/airflow/.local/lib/python3.12/site-packages/airflow/example_dags/example_complex.py
[2025-01-20T08:57:14.687+0000] {logging_mixin.py:190} INFO - [2025-01-20T08:57:14.686+0000] {dag.py:3239} INFO - Sync 1 DAGs
[2025-01-20T08:57:14.708+0000] {logging_mixin.py:190} INFO - [2025-01-20T08:57:14.707+0000] {dag.py:4180} INFO - Setting next_dagrun for example_complex to None, run_after=None
[2025-01-20T08:57:14.721+0000] {processor.py:208} INFO - Processing /home/airflow/.local/lib/python3.12/site-packages/airflow/example_dags/example_complex.py took 0.084 seconds
[2025-01-20T08:57:45.287+0000] {processor.py:186} INFO - Started process (PID=72014) to work on /home/airflow/.local/lib/python3.12/site-packages/airflow/example_dags/example_complex.py
[2025-01-20T08:57:45.288+0000] {processor.py:914} INFO - Processing file /home/airflow/.local/lib/python3.12/site-packages/airflow/example_dags/example_complex.py for tasks to queue
[2025-01-20T08:57:45.290+0000] {logging_mixin.py:190} INFO - [2025-01-20T08:57:45.290+0000] {dagbag.py:588} INFO - Filling up the DagBag from /home/airflow/.local/lib/python3.12/site-packages/airflow/example_dags/example_complex.py
[2025-01-20T08:57:45.299+0000] {processor.py:925} INFO - DAG(s) 'example_complex' retrieved from /home/airflow/.local/lib/python3.12/site-packages/airflow/example_dags/example_complex.py
[2025-01-20T08:57:45.326+0000] {logging_mixin.py:190} INFO - [2025-01-20T08:57:45.325+0000] {dag.py:3239} INFO - Sync 1 DAGs
[2025-01-20T08:57:45.341+0000] {logging_mixin.py:190} INFO - [2025-01-20T08:57:45.341+0000] {dag.py:4180} INFO - Setting next_dagrun for example_complex to None, run_after=None
[2025-01-20T08:57:45.365+0000] {processor.py:208} INFO - Processing /home/airflow/.local/lib/python3.12/site-packages/airflow/example_dags/example_complex.py took 0.086 seconds
[2025-01-20T08:58:16.318+0000] {processor.py:186} INFO - Started process (PID=72320) to work on /home/airflow/.local/lib/python3.12/site-packages/airflow/example_dags/example_complex.py
[2025-01-20T08:58:16.319+0000] {processor.py:914} INFO - Processing file /home/airflow/.local/lib/python3.12/site-packages/airflow/example_dags/example_complex.py for tasks to queue
[2025-01-20T08:58:16.321+0000] {logging_mixin.py:190} INFO - [2025-01-20T08:58:16.320+0000] {dagbag.py:588} INFO - Filling up the DagBag from /home/airflow/.local/lib/python3.12/site-packages/airflow/example_dags/example_complex.py
[2025-01-20T08:58:16.328+0000] {processor.py:925} INFO - DAG(s) 'example_complex' retrieved from /home/airflow/.local/lib/python3.12/site-packages/airflow/example_dags/example_complex.py
[2025-01-20T08:58:16.348+0000] {logging_mixin.py:190} INFO - [2025-01-20T08:58:16.348+0000] {dag.py:3239} INFO - Sync 1 DAGs
[2025-01-20T08:58:16.359+0000] {logging_mixin.py:190} INFO - [2025-01-20T08:58:16.359+0000] {dag.py:4180} INFO - Setting next_dagrun for example_complex to None, run_after=None
[2025-01-20T08:58:16.376+0000] {processor.py:208} INFO - Processing /home/airflow/.local/lib/python3.12/site-packages/airflow/example_dags/example_complex.py took 0.063 seconds
[2025-01-20T08:58:46.679+0000] {processor.py:186} INFO - Started process (PID=72618) to work on /home/airflow/.local/lib/python3.12/site-packages/airflow/example_dags/example_complex.py
[2025-01-20T08:58:46.680+0000] {processor.py:914} INFO - Processing file /home/airflow/.local/lib/python3.12/site-packages/airflow/example_dags/example_complex.py for tasks to queue
[2025-01-20T08:58:46.683+0000] {logging_mixin.py:190} INFO - [2025-01-20T08:58:46.682+0000] {dagbag.py:588} INFO - Filling up the DagBag from /home/airflow/.local/lib/python3.12/site-packages/airflow/example_dags/example_complex.py
[2025-01-20T08:58:46.700+0000] {processor.py:925} INFO - DAG(s) 'example_complex' retrieved from /home/airflow/.local/lib/python3.12/site-packages/airflow/example_dags/example_complex.py
[2025-01-20T08:58:46.729+0000] {logging_mixin.py:190} INFO - [2025-01-20T08:58:46.728+0000] {dag.py:3239} INFO - Sync 1 DAGs
[2025-01-20T08:58:46.741+0000] {logging_mixin.py:190} INFO - [2025-01-20T08:58:46.740+0000] {dag.py:4180} INFO - Setting next_dagrun for example_complex to None, run_after=None
[2025-01-20T08:58:46.761+0000] {processor.py:208} INFO - Processing /home/airflow/.local/lib/python3.12/site-packages/airflow/example_dags/example_complex.py took 0.088 seconds
[2025-01-20T08:59:16.982+0000] {processor.py:186} INFO - Started process (PID=72924) to work on /home/airflow/.local/lib/python3.12/site-packages/airflow/example_dags/example_complex.py
[2025-01-20T08:59:16.984+0000] {processor.py:914} INFO - Processing file /home/airflow/.local/lib/python3.12/site-packages/airflow/example_dags/example_complex.py for tasks to queue
[2025-01-20T08:59:16.988+0000] {logging_mixin.py:190} INFO - [2025-01-20T08:59:16.987+0000] {dagbag.py:588} INFO - Filling up the DagBag from /home/airflow/.local/lib/python3.12/site-packages/airflow/example_dags/example_complex.py
[2025-01-20T08:59:17.004+0000] {processor.py:925} INFO - DAG(s) 'example_complex' retrieved from /home/airflow/.local/lib/python3.12/site-packages/airflow/example_dags/example_complex.py
[2025-01-20T08:59:17.026+0000] {logging_mixin.py:190} INFO - [2025-01-20T08:59:17.026+0000] {dag.py:3239} INFO - Sync 1 DAGs
[2025-01-20T08:59:17.042+0000] {logging_mixin.py:190} INFO - [2025-01-20T08:59:17.042+0000] {dag.py:4180} INFO - Setting next_dagrun for example_complex to None, run_after=None
[2025-01-20T08:59:17.064+0000] {processor.py:208} INFO - Processing /home/airflow/.local/lib/python3.12/site-packages/airflow/example_dags/example_complex.py took 0.092 seconds
[2025-01-20T08:59:47.452+0000] {processor.py:186} INFO - Started process (PID=73225) to work on /home/airflow/.local/lib/python3.12/site-packages/airflow/example_dags/example_complex.py
[2025-01-20T08:59:47.454+0000] {processor.py:914} INFO - Processing file /home/airflow/.local/lib/python3.12/site-packages/airflow/example_dags/example_complex.py for tasks to queue
[2025-01-20T08:59:47.457+0000] {logging_mixin.py:190} INFO - [2025-01-20T08:59:47.457+0000] {dagbag.py:588} INFO - Filling up the DagBag from /home/airflow/.local/lib/python3.12/site-packages/airflow/example_dags/example_complex.py
[2025-01-20T08:59:47.473+0000] {processor.py:925} INFO - DAG(s) 'example_complex' retrieved from /home/airflow/.local/lib/python3.12/site-packages/airflow/example_dags/example_complex.py
[2025-01-20T08:59:47.496+0000] {logging_mixin.py:190} INFO - [2025-01-20T08:59:47.496+0000] {dag.py:3239} INFO - Sync 1 DAGs
[2025-01-20T08:59:47.508+0000] {logging_mixin.py:190} INFO - [2025-01-20T08:59:47.508+0000] {dag.py:4180} INFO - Setting next_dagrun for example_complex to None, run_after=None
[2025-01-20T08:59:47.534+0000] {processor.py:208} INFO - Processing /home/airflow/.local/lib/python3.12/site-packages/airflow/example_dags/example_complex.py took 0.090 seconds
[2025-01-20T09:00:17.767+0000] {processor.py:186} INFO - Started process (PID=73531) to work on /home/airflow/.local/lib/python3.12/site-packages/airflow/example_dags/example_complex.py
[2025-01-20T09:00:17.768+0000] {processor.py:914} INFO - Processing file /home/airflow/.local/lib/python3.12/site-packages/airflow/example_dags/example_complex.py for tasks to queue
[2025-01-20T09:00:17.771+0000] {logging_mixin.py:190} INFO - [2025-01-20T09:00:17.770+0000] {dagbag.py:588} INFO - Filling up the DagBag from /home/airflow/.local/lib/python3.12/site-packages/airflow/example_dags/example_complex.py
[2025-01-20T09:00:17.778+0000] {processor.py:925} INFO - DAG(s) 'example_complex' retrieved from /home/airflow/.local/lib/python3.12/site-packages/airflow/example_dags/example_complex.py
[2025-01-20T09:00:17.800+0000] {logging_mixin.py:190} INFO - [2025-01-20T09:00:17.800+0000] {dag.py:3239} INFO - Sync 1 DAGs
[2025-01-20T09:00:17.809+0000] {logging_mixin.py:190} INFO - [2025-01-20T09:00:17.809+0000] {dag.py:4180} INFO - Setting next_dagrun for example_complex to None, run_after=None
[2025-01-20T09:00:17.823+0000] {processor.py:208} INFO - Processing /home/airflow/.local/lib/python3.12/site-packages/airflow/example_dags/example_complex.py took 0.061 seconds
[2025-01-20T09:00:48.171+0000] {processor.py:186} INFO - Started process (PID=73832) to work on /home/airflow/.local/lib/python3.12/site-packages/airflow/example_dags/example_complex.py
[2025-01-20T09:00:48.172+0000] {processor.py:914} INFO - Processing file /home/airflow/.local/lib/python3.12/site-packages/airflow/example_dags/example_complex.py for tasks to queue
[2025-01-20T09:00:48.175+0000] {logging_mixin.py:190} INFO - [2025-01-20T09:00:48.175+0000] {dagbag.py:588} INFO - Filling up the DagBag from /home/airflow/.local/lib/python3.12/site-packages/airflow/example_dags/example_complex.py
[2025-01-20T09:00:48.193+0000] {processor.py:925} INFO - DAG(s) 'example_complex' retrieved from /home/airflow/.local/lib/python3.12/site-packages/airflow/example_dags/example_complex.py
[2025-01-20T09:00:48.218+0000] {logging_mixin.py:190} INFO - [2025-01-20T09:00:48.218+0000] {dag.py:3239} INFO - Sync 1 DAGs
[2025-01-20T09:00:48.233+0000] {logging_mixin.py:190} INFO - [2025-01-20T09:00:48.233+0000] {dag.py:4180} INFO - Setting next_dagrun for example_complex to None, run_after=None
[2025-01-20T09:00:48.252+0000] {processor.py:208} INFO - Processing /home/airflow/.local/lib/python3.12/site-packages/airflow/example_dags/example_complex.py took 0.085 seconds
[2025-01-20T09:01:18.558+0000] {processor.py:186} INFO - Started process (PID=74138) to work on /home/airflow/.local/lib/python3.12/site-packages/airflow/example_dags/example_complex.py
[2025-01-20T09:01:18.559+0000] {processor.py:914} INFO - Processing file /home/airflow/.local/lib/python3.12/site-packages/airflow/example_dags/example_complex.py for tasks to queue
[2025-01-20T09:01:18.561+0000] {logging_mixin.py:190} INFO - [2025-01-20T09:01:18.561+0000] {dagbag.py:588} INFO - Filling up the DagBag from /home/airflow/.local/lib/python3.12/site-packages/airflow/example_dags/example_complex.py
[2025-01-20T09:01:18.575+0000] {processor.py:925} INFO - DAG(s) 'example_complex' retrieved from /home/airflow/.local/lib/python3.12/site-packages/airflow/example_dags/example_complex.py
[2025-01-20T09:01:18.600+0000] {logging_mixin.py:190} INFO - [2025-01-20T09:01:18.600+0000] {dag.py:3239} INFO - Sync 1 DAGs
[2025-01-20T09:01:18.614+0000] {logging_mixin.py:190} INFO - [2025-01-20T09:01:18.613+0000] {dag.py:4180} INFO - Setting next_dagrun for example_complex to None, run_after=None
[2025-01-20T09:01:18.632+0000] {processor.py:208} INFO - Processing /home/airflow/.local/lib/python3.12/site-packages/airflow/example_dags/example_complex.py took 0.078 seconds
[2025-01-20T09:01:49.180+0000] {processor.py:186} INFO - Started process (PID=74439) to work on /home/airflow/.local/lib/python3.12/site-packages/airflow/example_dags/example_complex.py
[2025-01-20T09:01:49.183+0000] {processor.py:914} INFO - Processing file /home/airflow/.local/lib/python3.12/site-packages/airflow/example_dags/example_complex.py for tasks to queue
[2025-01-20T09:01:49.185+0000] {logging_mixin.py:190} INFO - [2025-01-20T09:01:49.184+0000] {dagbag.py:588} INFO - Filling up the DagBag from /home/airflow/.local/lib/python3.12/site-packages/airflow/example_dags/example_complex.py
[2025-01-20T09:01:49.197+0000] {processor.py:925} INFO - DAG(s) 'example_complex' retrieved from /home/airflow/.local/lib/python3.12/site-packages/airflow/example_dags/example_complex.py
[2025-01-20T09:01:49.220+0000] {logging_mixin.py:190} INFO - [2025-01-20T09:01:49.220+0000] {dag.py:3239} INFO - Sync 1 DAGs
[2025-01-20T09:01:49.233+0000] {logging_mixin.py:190} INFO - [2025-01-20T09:01:49.233+0000] {dag.py:4180} INFO - Setting next_dagrun for example_complex to None, run_after=None
[2025-01-20T09:01:49.254+0000] {processor.py:208} INFO - Processing /home/airflow/.local/lib/python3.12/site-packages/airflow/example_dags/example_complex.py took 0.079 seconds
[2025-01-20T09:02:19.688+0000] {processor.py:186} INFO - Started process (PID=74745) to work on /home/airflow/.local/lib/python3.12/site-packages/airflow/example_dags/example_complex.py
[2025-01-20T09:02:19.690+0000] {processor.py:914} INFO - Processing file /home/airflow/.local/lib/python3.12/site-packages/airflow/example_dags/example_complex.py for tasks to queue
[2025-01-20T09:02:19.693+0000] {logging_mixin.py:190} INFO - [2025-01-20T09:02:19.692+0000] {dagbag.py:588} INFO - Filling up the DagBag from /home/airflow/.local/lib/python3.12/site-packages/airflow/example_dags/example_complex.py
[2025-01-20T09:02:19.701+0000] {processor.py:925} INFO - DAG(s) 'example_complex' retrieved from /home/airflow/.local/lib/python3.12/site-packages/airflow/example_dags/example_complex.py
[2025-01-20T09:02:19.725+0000] {logging_mixin.py:190} INFO - [2025-01-20T09:02:19.725+0000] {dag.py:3239} INFO - Sync 1 DAGs
[2025-01-20T09:02:19.735+0000] {logging_mixin.py:190} INFO - [2025-01-20T09:02:19.735+0000] {dag.py:4180} INFO - Setting next_dagrun for example_complex to None, run_after=None
[2025-01-20T09:02:19.754+0000] {processor.py:208} INFO - Processing /home/airflow/.local/lib/python3.12/site-packages/airflow/example_dags/example_complex.py took 0.077 seconds
[2025-01-20T09:02:49.891+0000] {processor.py:186} INFO - Started process (PID=75046) to work on /home/airflow/.local/lib/python3.12/site-packages/airflow/example_dags/example_complex.py
[2025-01-20T09:02:49.893+0000] {processor.py:914} INFO - Processing file /home/airflow/.local/lib/python3.12/site-packages/airflow/example_dags/example_complex.py for tasks to queue
[2025-01-20T09:02:49.898+0000] {logging_mixin.py:190} INFO - [2025-01-20T09:02:49.897+0000] {dagbag.py:588} INFO - Filling up the DagBag from /home/airflow/.local/lib/python3.12/site-packages/airflow/example_dags/example_complex.py
[2025-01-20T09:02:49.913+0000] {processor.py:925} INFO - DAG(s) 'example_complex' retrieved from /home/airflow/.local/lib/python3.12/site-packages/airflow/example_dags/example_complex.py
[2025-01-20T09:02:49.950+0000] {logging_mixin.py:190} INFO - [2025-01-20T09:02:49.950+0000] {dag.py:3239} INFO - Sync 1 DAGs
[2025-01-20T09:02:49.971+0000] {logging_mixin.py:190} INFO - [2025-01-20T09:02:49.971+0000] {dag.py:4180} INFO - Setting next_dagrun for example_complex to None, run_after=None
[2025-01-20T09:02:49.991+0000] {processor.py:208} INFO - Processing /home/airflow/.local/lib/python3.12/site-packages/airflow/example_dags/example_complex.py took 0.107 seconds
[2025-01-20T09:03:20.087+0000] {processor.py:186} INFO - Started process (PID=75352) to work on /home/airflow/.local/lib/python3.12/site-packages/airflow/example_dags/example_complex.py
[2025-01-20T09:03:20.088+0000] {processor.py:914} INFO - Processing file /home/airflow/.local/lib/python3.12/site-packages/airflow/example_dags/example_complex.py for tasks to queue
[2025-01-20T09:03:20.090+0000] {logging_mixin.py:190} INFO - [2025-01-20T09:03:20.089+0000] {dagbag.py:588} INFO - Filling up the DagBag from /home/airflow/.local/lib/python3.12/site-packages/airflow/example_dags/example_complex.py
[2025-01-20T09:03:20.097+0000] {processor.py:925} INFO - DAG(s) 'example_complex' retrieved from /home/airflow/.local/lib/python3.12/site-packages/airflow/example_dags/example_complex.py
[2025-01-20T09:03:20.118+0000] {logging_mixin.py:190} INFO - [2025-01-20T09:03:20.118+0000] {dag.py:3239} INFO - Sync 1 DAGs
[2025-01-20T09:03:20.129+0000] {logging_mixin.py:190} INFO - [2025-01-20T09:03:20.128+0000] {dag.py:4180} INFO - Setting next_dagrun for example_complex to None, run_after=None
[2025-01-20T09:03:20.143+0000] {processor.py:208} INFO - Processing /home/airflow/.local/lib/python3.12/site-packages/airflow/example_dags/example_complex.py took 0.061 seconds
[2025-01-20T09:03:50.335+0000] {processor.py:186} INFO - Started process (PID=75653) to work on /home/airflow/.local/lib/python3.12/site-packages/airflow/example_dags/example_complex.py
[2025-01-20T09:03:50.337+0000] {processor.py:914} INFO - Processing file /home/airflow/.local/lib/python3.12/site-packages/airflow/example_dags/example_complex.py for tasks to queue
[2025-01-20T09:03:50.343+0000] {logging_mixin.py:190} INFO - [2025-01-20T09:03:50.343+0000] {dagbag.py:588} INFO - Filling up the DagBag from /home/airflow/.local/lib/python3.12/site-packages/airflow/example_dags/example_complex.py
[2025-01-20T09:03:50.352+0000] {processor.py:925} INFO - DAG(s) 'example_complex' retrieved from /home/airflow/.local/lib/python3.12/site-packages/airflow/example_dags/example_complex.py
[2025-01-20T09:03:50.374+0000] {logging_mixin.py:190} INFO - [2025-01-20T09:03:50.374+0000] {dag.py:3239} INFO - Sync 1 DAGs
[2025-01-20T09:03:50.384+0000] {logging_mixin.py:190} INFO - [2025-01-20T09:03:50.384+0000] {dag.py:4180} INFO - Setting next_dagrun for example_complex to None, run_after=None
[2025-01-20T09:03:50.408+0000] {processor.py:208} INFO - Processing /home/airflow/.local/lib/python3.12/site-packages/airflow/example_dags/example_complex.py took 0.080 seconds
[2025-01-20T09:04:20.634+0000] {processor.py:186} INFO - Started process (PID=75959) to work on /home/airflow/.local/lib/python3.12/site-packages/airflow/example_dags/example_complex.py
[2025-01-20T09:04:20.635+0000] {processor.py:914} INFO - Processing file /home/airflow/.local/lib/python3.12/site-packages/airflow/example_dags/example_complex.py for tasks to queue
[2025-01-20T09:04:20.638+0000] {logging_mixin.py:190} INFO - [2025-01-20T09:04:20.637+0000] {dagbag.py:588} INFO - Filling up the DagBag from /home/airflow/.local/lib/python3.12/site-packages/airflow/example_dags/example_complex.py
[2025-01-20T09:04:20.648+0000] {processor.py:925} INFO - DAG(s) 'example_complex' retrieved from /home/airflow/.local/lib/python3.12/site-packages/airflow/example_dags/example_complex.py
[2025-01-20T09:04:20.672+0000] {logging_mixin.py:190} INFO - [2025-01-20T09:04:20.672+0000] {dag.py:3239} INFO - Sync 1 DAGs
[2025-01-20T09:04:20.683+0000] {logging_mixin.py:190} INFO - [2025-01-20T09:04:20.682+0000] {dag.py:4180} INFO - Setting next_dagrun for example_complex to None, run_after=None
[2025-01-20T09:04:20.700+0000] {processor.py:208} INFO - Processing /home/airflow/.local/lib/python3.12/site-packages/airflow/example_dags/example_complex.py took 0.071 seconds
[2025-01-20T09:04:51.529+0000] {processor.py:186} INFO - Started process (PID=76260) to work on /home/airflow/.local/lib/python3.12/site-packages/airflow/example_dags/example_complex.py
[2025-01-20T09:04:51.531+0000] {processor.py:914} INFO - Processing file /home/airflow/.local/lib/python3.12/site-packages/airflow/example_dags/example_complex.py for tasks to queue
[2025-01-20T09:04:51.536+0000] {logging_mixin.py:190} INFO - [2025-01-20T09:04:51.535+0000] {dagbag.py:588} INFO - Filling up the DagBag from /home/airflow/.local/lib/python3.12/site-packages/airflow/example_dags/example_complex.py
[2025-01-20T09:04:51.558+0000] {processor.py:925} INFO - DAG(s) 'example_complex' retrieved from /home/airflow/.local/lib/python3.12/site-packages/airflow/example_dags/example_complex.py
[2025-01-20T09:04:51.586+0000] {logging_mixin.py:190} INFO - [2025-01-20T09:04:51.586+0000] {dag.py:3239} INFO - Sync 1 DAGs
[2025-01-20T09:04:51.718+0000] {logging_mixin.py:190} INFO - [2025-01-20T09:04:51.718+0000] {dag.py:4180} INFO - Setting next_dagrun for example_complex to None, run_after=None
[2025-01-20T09:04:51.739+0000] {processor.py:208} INFO - Processing /home/airflow/.local/lib/python3.12/site-packages/airflow/example_dags/example_complex.py took 0.216 seconds
[2025-01-20T09:05:21.808+0000] {processor.py:186} INFO - Started process (PID=76566) to work on /home/airflow/.local/lib/python3.12/site-packages/airflow/example_dags/example_complex.py
[2025-01-20T09:05:21.809+0000] {processor.py:914} INFO - Processing file /home/airflow/.local/lib/python3.12/site-packages/airflow/example_dags/example_complex.py for tasks to queue
[2025-01-20T09:05:21.813+0000] {logging_mixin.py:190} INFO - [2025-01-20T09:05:21.813+0000] {dagbag.py:588} INFO - Filling up the DagBag from /home/airflow/.local/lib/python3.12/site-packages/airflow/example_dags/example_complex.py
[2025-01-20T09:05:21.825+0000] {processor.py:925} INFO - DAG(s) 'example_complex' retrieved from /home/airflow/.local/lib/python3.12/site-packages/airflow/example_dags/example_complex.py
[2025-01-20T09:05:21.847+0000] {logging_mixin.py:190} INFO - [2025-01-20T09:05:21.846+0000] {dag.py:3239} INFO - Sync 1 DAGs
[2025-01-20T09:05:21.857+0000] {logging_mixin.py:190} INFO - [2025-01-20T09:05:21.857+0000] {dag.py:4180} INFO - Setting next_dagrun for example_complex to None, run_after=None
[2025-01-20T09:05:21.873+0000] {processor.py:208} INFO - Processing /home/airflow/.local/lib/python3.12/site-packages/airflow/example_dags/example_complex.py took 0.072 seconds
[2025-01-20T09:05:52.113+0000] {processor.py:186} INFO - Started process (PID=76867) to work on /home/airflow/.local/lib/python3.12/site-packages/airflow/example_dags/example_complex.py
[2025-01-20T09:05:52.115+0000] {processor.py:914} INFO - Processing file /home/airflow/.local/lib/python3.12/site-packages/airflow/example_dags/example_complex.py for tasks to queue
[2025-01-20T09:05:52.119+0000] {logging_mixin.py:190} INFO - [2025-01-20T09:05:52.118+0000] {dagbag.py:588} INFO - Filling up the DagBag from /home/airflow/.local/lib/python3.12/site-packages/airflow/example_dags/example_complex.py
[2025-01-20T09:05:52.133+0000] {processor.py:925} INFO - DAG(s) 'example_complex' retrieved from /home/airflow/.local/lib/python3.12/site-packages/airflow/example_dags/example_complex.py
[2025-01-20T09:05:52.159+0000] {logging_mixin.py:190} INFO - [2025-01-20T09:05:52.159+0000] {dag.py:3239} INFO - Sync 1 DAGs
[2025-01-20T09:05:52.169+0000] {logging_mixin.py:190} INFO - [2025-01-20T09:05:52.169+0000] {dag.py:4180} INFO - Setting next_dagrun for example_complex to None, run_after=None
[2025-01-20T09:05:52.187+0000] {processor.py:208} INFO - Processing /home/airflow/.local/lib/python3.12/site-packages/airflow/example_dags/example_complex.py took 0.084 seconds
[2025-01-20T09:06:22.676+0000] {processor.py:186} INFO - Started process (PID=77173) to work on /home/airflow/.local/lib/python3.12/site-packages/airflow/example_dags/example_complex.py
[2025-01-20T09:06:22.680+0000] {processor.py:914} INFO - Processing file /home/airflow/.local/lib/python3.12/site-packages/airflow/example_dags/example_complex.py for tasks to queue
[2025-01-20T09:06:22.692+0000] {logging_mixin.py:190} INFO - [2025-01-20T09:06:22.690+0000] {dagbag.py:588} INFO - Filling up the DagBag from /home/airflow/.local/lib/python3.12/site-packages/airflow/example_dags/example_complex.py
[2025-01-20T09:06:22.733+0000] {processor.py:925} INFO - DAG(s) 'example_complex' retrieved from /home/airflow/.local/lib/python3.12/site-packages/airflow/example_dags/example_complex.py
[2025-01-20T09:06:22.757+0000] {logging_mixin.py:190} INFO - [2025-01-20T09:06:22.757+0000] {dag.py:3239} INFO - Sync 1 DAGs
[2025-01-20T09:06:22.767+0000] {logging_mixin.py:190} INFO - [2025-01-20T09:06:22.767+0000] {dag.py:4180} INFO - Setting next_dagrun for example_complex to None, run_after=None
[2025-01-20T09:06:22.781+0000] {processor.py:208} INFO - Processing /home/airflow/.local/lib/python3.12/site-packages/airflow/example_dags/example_complex.py took 0.125 seconds
[2025-01-20T09:06:52.895+0000] {processor.py:186} INFO - Started process (PID=77474) to work on /home/airflow/.local/lib/python3.12/site-packages/airflow/example_dags/example_complex.py
[2025-01-20T09:06:52.896+0000] {processor.py:914} INFO - Processing file /home/airflow/.local/lib/python3.12/site-packages/airflow/example_dags/example_complex.py for tasks to queue
[2025-01-20T09:06:52.898+0000] {logging_mixin.py:190} INFO - [2025-01-20T09:06:52.898+0000] {dagbag.py:588} INFO - Filling up the DagBag from /home/airflow/.local/lib/python3.12/site-packages/airflow/example_dags/example_complex.py
[2025-01-20T09:06:52.908+0000] {processor.py:925} INFO - DAG(s) 'example_complex' retrieved from /home/airflow/.local/lib/python3.12/site-packages/airflow/example_dags/example_complex.py
[2025-01-20T09:06:52.935+0000] {logging_mixin.py:190} INFO - [2025-01-20T09:06:52.935+0000] {dag.py:3239} INFO - Sync 1 DAGs
[2025-01-20T09:06:52.946+0000] {logging_mixin.py:190} INFO - [2025-01-20T09:06:52.946+0000] {dag.py:4180} INFO - Setting next_dagrun for example_complex to None, run_after=None
[2025-01-20T09:06:52.968+0000] {processor.py:208} INFO - Processing /home/airflow/.local/lib/python3.12/site-packages/airflow/example_dags/example_complex.py took 0.078 seconds
[2025-01-20T09:07:23.629+0000] {processor.py:186} INFO - Started process (PID=77780) to work on /home/airflow/.local/lib/python3.12/site-packages/airflow/example_dags/example_complex.py
[2025-01-20T09:07:23.630+0000] {processor.py:914} INFO - Processing file /home/airflow/.local/lib/python3.12/site-packages/airflow/example_dags/example_complex.py for tasks to queue
[2025-01-20T09:07:23.632+0000] {logging_mixin.py:190} INFO - [2025-01-20T09:07:23.632+0000] {dagbag.py:588} INFO - Filling up the DagBag from /home/airflow/.local/lib/python3.12/site-packages/airflow/example_dags/example_complex.py
[2025-01-20T09:07:23.640+0000] {processor.py:925} INFO - DAG(s) 'example_complex' retrieved from /home/airflow/.local/lib/python3.12/site-packages/airflow/example_dags/example_complex.py
[2025-01-20T09:07:23.662+0000] {logging_mixin.py:190} INFO - [2025-01-20T09:07:23.662+0000] {dag.py:3239} INFO - Sync 1 DAGs
[2025-01-20T09:07:23.672+0000] {logging_mixin.py:190} INFO - [2025-01-20T09:07:23.672+0000] {dag.py:4180} INFO - Setting next_dagrun for example_complex to None, run_after=None
[2025-01-20T09:07:23.688+0000] {processor.py:208} INFO - Processing /home/airflow/.local/lib/python3.12/site-packages/airflow/example_dags/example_complex.py took 0.065 seconds
[2025-01-20T09:07:53.718+0000] {processor.py:186} INFO - Started process (PID=78079) to work on /home/airflow/.local/lib/python3.12/site-packages/airflow/example_dags/example_complex.py
[2025-01-20T09:07:53.719+0000] {processor.py:914} INFO - Processing file /home/airflow/.local/lib/python3.12/site-packages/airflow/example_dags/example_complex.py for tasks to queue
[2025-01-20T09:07:53.721+0000] {logging_mixin.py:190} INFO - [2025-01-20T09:07:53.720+0000] {dagbag.py:588} INFO - Filling up the DagBag from /home/airflow/.local/lib/python3.12/site-packages/airflow/example_dags/example_complex.py
[2025-01-20T09:07:53.728+0000] {processor.py:925} INFO - DAG(s) 'example_complex' retrieved from /home/airflow/.local/lib/python3.12/site-packages/airflow/example_dags/example_complex.py
[2025-01-20T09:07:53.749+0000] {logging_mixin.py:190} INFO - [2025-01-20T09:07:53.749+0000] {dag.py:3239} INFO - Sync 1 DAGs
[2025-01-20T09:07:53.759+0000] {logging_mixin.py:190} INFO - [2025-01-20T09:07:53.759+0000] {dag.py:4180} INFO - Setting next_dagrun for example_complex to None, run_after=None
[2025-01-20T09:07:53.774+0000] {processor.py:208} INFO - Processing /home/airflow/.local/lib/python3.12/site-packages/airflow/example_dags/example_complex.py took 0.063 seconds
[2025-01-20T09:08:23.922+0000] {processor.py:186} INFO - Started process (PID=78385) to work on /home/airflow/.local/lib/python3.12/site-packages/airflow/example_dags/example_complex.py
[2025-01-20T09:08:23.923+0000] {processor.py:914} INFO - Processing file /home/airflow/.local/lib/python3.12/site-packages/airflow/example_dags/example_complex.py for tasks to queue
[2025-01-20T09:08:23.925+0000] {logging_mixin.py:190} INFO - [2025-01-20T09:08:23.925+0000] {dagbag.py:588} INFO - Filling up the DagBag from /home/airflow/.local/lib/python3.12/site-packages/airflow/example_dags/example_complex.py
[2025-01-20T09:08:23.932+0000] {processor.py:925} INFO - DAG(s) 'example_complex' retrieved from /home/airflow/.local/lib/python3.12/site-packages/airflow/example_dags/example_complex.py
[2025-01-20T09:08:23.952+0000] {logging_mixin.py:190} INFO - [2025-01-20T09:08:23.952+0000] {dag.py:3239} INFO - Sync 1 DAGs
[2025-01-20T09:08:23.964+0000] {logging_mixin.py:190} INFO - [2025-01-20T09:08:23.964+0000] {dag.py:4180} INFO - Setting next_dagrun for example_complex to None, run_after=None
[2025-01-20T09:08:23.982+0000] {processor.py:208} INFO - Processing /home/airflow/.local/lib/python3.12/site-packages/airflow/example_dags/example_complex.py took 0.064 seconds
[2025-01-20T09:08:54.059+0000] {processor.py:186} INFO - Started process (PID=78681) to work on /home/airflow/.local/lib/python3.12/site-packages/airflow/example_dags/example_complex.py
[2025-01-20T09:08:54.060+0000] {processor.py:914} INFO - Processing file /home/airflow/.local/lib/python3.12/site-packages/airflow/example_dags/example_complex.py for tasks to queue
[2025-01-20T09:08:54.062+0000] {logging_mixin.py:190} INFO - [2025-01-20T09:08:54.062+0000] {dagbag.py:588} INFO - Filling up the DagBag from /home/airflow/.local/lib/python3.12/site-packages/airflow/example_dags/example_complex.py
[2025-01-20T09:08:54.069+0000] {processor.py:925} INFO - DAG(s) 'example_complex' retrieved from /home/airflow/.local/lib/python3.12/site-packages/airflow/example_dags/example_complex.py
[2025-01-20T09:08:54.086+0000] {logging_mixin.py:190} INFO - [2025-01-20T09:08:54.086+0000] {dag.py:3239} INFO - Sync 1 DAGs
[2025-01-20T09:08:54.096+0000] {logging_mixin.py:190} INFO - [2025-01-20T09:08:54.096+0000] {dag.py:4180} INFO - Setting next_dagrun for example_complex to None, run_after=None
[2025-01-20T09:08:54.110+0000] {processor.py:208} INFO - Processing /home/airflow/.local/lib/python3.12/site-packages/airflow/example_dags/example_complex.py took 0.056 seconds
[2025-01-20T09:09:25.058+0000] {processor.py:186} INFO - Started process (PID=78987) to work on /home/airflow/.local/lib/python3.12/site-packages/airflow/example_dags/example_complex.py
[2025-01-20T09:09:25.059+0000] {processor.py:914} INFO - Processing file /home/airflow/.local/lib/python3.12/site-packages/airflow/example_dags/example_complex.py for tasks to queue
[2025-01-20T09:09:25.061+0000] {logging_mixin.py:190} INFO - [2025-01-20T09:09:25.060+0000] {dagbag.py:588} INFO - Filling up the DagBag from /home/airflow/.local/lib/python3.12/site-packages/airflow/example_dags/example_complex.py
[2025-01-20T09:09:25.068+0000] {processor.py:925} INFO - DAG(s) 'example_complex' retrieved from /home/airflow/.local/lib/python3.12/site-packages/airflow/example_dags/example_complex.py
[2025-01-20T09:09:25.086+0000] {logging_mixin.py:190} INFO - [2025-01-20T09:09:25.086+0000] {dag.py:3239} INFO - Sync 1 DAGs
[2025-01-20T09:09:25.096+0000] {logging_mixin.py:190} INFO - [2025-01-20T09:09:25.096+0000] {dag.py:4180} INFO - Setting next_dagrun for example_complex to None, run_after=None
[2025-01-20T09:09:25.110+0000] {processor.py:208} INFO - Processing /home/airflow/.local/lib/python3.12/site-packages/airflow/example_dags/example_complex.py took 0.058 seconds
