[2025-01-20T08:06:41.025+0000] {processor.py:186} INFO - Started process (PID=41516) to work on /home/airflow/.local/lib/python3.12/site-packages/airflow/example_dags/example_branch_operator.py
[2025-01-20T08:06:41.028+0000] {processor.py:914} INFO - Processing file /home/airflow/.local/lib/python3.12/site-packages/airflow/example_dags/example_branch_operator.py for tasks to queue
[2025-01-20T08:06:41.032+0000] {logging_mixin.py:190} INFO - [2025-01-20T08:06:41.030+0000] {dagbag.py:588} INFO - Filling up the DagBag from /home/airflow/.local/lib/python3.12/site-packages/airflow/example_dags/example_branch_operator.py
[2025-01-20T08:06:41.050+0000] {processor.py:925} INFO - DAG(s) 'example_branch_operator' retrieved from /home/airflow/.local/lib/python3.12/site-packages/airflow/example_dags/example_branch_operator.py
[2025-01-20T08:06:41.088+0000] {logging_mixin.py:190} INFO - [2025-01-20T08:06:41.088+0000] {dag.py:3239} INFO - Sync 1 DAGs
[2025-01-20T08:06:41.114+0000] {logging_mixin.py:190} INFO - [2025-01-20T08:06:41.114+0000] {dag.py:4180} INFO - Setting next_dagrun for example_branch_operator to 2025-01-19 00:00:00+00:00, run_after=2025-01-20 00:00:00+00:00
[2025-01-20T08:06:41.147+0000] {processor.py:208} INFO - Processing /home/airflow/.local/lib/python3.12/site-packages/airflow/example_dags/example_branch_operator.py took 0.132 seconds
[2025-01-20T08:07:11.238+0000] {processor.py:186} INFO - Started process (PID=41856) to work on /home/airflow/.local/lib/python3.12/site-packages/airflow/example_dags/example_branch_operator.py
[2025-01-20T08:07:11.238+0000] {processor.py:914} INFO - Processing file /home/airflow/.local/lib/python3.12/site-packages/airflow/example_dags/example_branch_operator.py for tasks to queue
[2025-01-20T08:07:11.241+0000] {logging_mixin.py:190} INFO - [2025-01-20T08:07:11.240+0000] {dagbag.py:588} INFO - Filling up the DagBag from /home/airflow/.local/lib/python3.12/site-packages/airflow/example_dags/example_branch_operator.py
[2025-01-20T08:07:11.253+0000] {processor.py:925} INFO - DAG(s) 'example_branch_operator' retrieved from /home/airflow/.local/lib/python3.12/site-packages/airflow/example_dags/example_branch_operator.py
[2025-01-20T08:07:11.271+0000] {logging_mixin.py:190} INFO - [2025-01-20T08:07:11.271+0000] {dag.py:3239} INFO - Sync 1 DAGs
[2025-01-20T08:07:11.288+0000] {logging_mixin.py:190} INFO - [2025-01-20T08:07:11.288+0000] {dag.py:4180} INFO - Setting next_dagrun for example_branch_operator to 2025-01-19 00:00:00+00:00, run_after=2025-01-20 00:00:00+00:00
[2025-01-20T08:07:11.300+0000] {processor.py:208} INFO - Processing /home/airflow/.local/lib/python3.12/site-packages/airflow/example_dags/example_branch_operator.py took 0.069 seconds
[2025-01-20T08:07:41.439+0000] {processor.py:186} INFO - Started process (PID=42155) to work on /home/airflow/.local/lib/python3.12/site-packages/airflow/example_dags/example_branch_operator.py
[2025-01-20T08:07:41.440+0000] {processor.py:914} INFO - Processing file /home/airflow/.local/lib/python3.12/site-packages/airflow/example_dags/example_branch_operator.py for tasks to queue
[2025-01-20T08:07:41.442+0000] {logging_mixin.py:190} INFO - [2025-01-20T08:07:41.442+0000] {dagbag.py:588} INFO - Filling up the DagBag from /home/airflow/.local/lib/python3.12/site-packages/airflow/example_dags/example_branch_operator.py
[2025-01-20T08:07:41.455+0000] {processor.py:925} INFO - DAG(s) 'example_branch_operator' retrieved from /home/airflow/.local/lib/python3.12/site-packages/airflow/example_dags/example_branch_operator.py
[2025-01-20T08:07:41.472+0000] {logging_mixin.py:190} INFO - [2025-01-20T08:07:41.472+0000] {dag.py:3239} INFO - Sync 1 DAGs
[2025-01-20T08:07:41.495+0000] {logging_mixin.py:190} INFO - [2025-01-20T08:07:41.495+0000] {dag.py:4180} INFO - Setting next_dagrun for example_branch_operator to 2025-01-19 00:00:00+00:00, run_after=2025-01-20 00:00:00+00:00
[2025-01-20T08:07:41.514+0000] {processor.py:208} INFO - Processing /home/airflow/.local/lib/python3.12/site-packages/airflow/example_dags/example_branch_operator.py took 0.081 seconds
[2025-01-20T08:08:11.986+0000] {processor.py:186} INFO - Started process (PID=42461) to work on /home/airflow/.local/lib/python3.12/site-packages/airflow/example_dags/example_branch_operator.py
[2025-01-20T08:08:11.987+0000] {processor.py:914} INFO - Processing file /home/airflow/.local/lib/python3.12/site-packages/airflow/example_dags/example_branch_operator.py for tasks to queue
[2025-01-20T08:08:11.989+0000] {logging_mixin.py:190} INFO - [2025-01-20T08:08:11.988+0000] {dagbag.py:588} INFO - Filling up the DagBag from /home/airflow/.local/lib/python3.12/site-packages/airflow/example_dags/example_branch_operator.py
[2025-01-20T08:08:12.002+0000] {processor.py:925} INFO - DAG(s) 'example_branch_operator' retrieved from /home/airflow/.local/lib/python3.12/site-packages/airflow/example_dags/example_branch_operator.py
[2025-01-20T08:08:12.022+0000] {logging_mixin.py:190} INFO - [2025-01-20T08:08:12.022+0000] {dag.py:3239} INFO - Sync 1 DAGs
[2025-01-20T08:08:12.052+0000] {logging_mixin.py:190} INFO - [2025-01-20T08:08:12.052+0000] {dag.py:4180} INFO - Setting next_dagrun for example_branch_operator to 2025-01-19 00:00:00+00:00, run_after=2025-01-20 00:00:00+00:00
[2025-01-20T08:08:12.068+0000] {processor.py:208} INFO - Processing /home/airflow/.local/lib/python3.12/site-packages/airflow/example_dags/example_branch_operator.py took 0.085 seconds
[2025-01-20T08:08:42.379+0000] {processor.py:186} INFO - Started process (PID=42762) to work on /home/airflow/.local/lib/python3.12/site-packages/airflow/example_dags/example_branch_operator.py
[2025-01-20T08:08:42.379+0000] {processor.py:914} INFO - Processing file /home/airflow/.local/lib/python3.12/site-packages/airflow/example_dags/example_branch_operator.py for tasks to queue
[2025-01-20T08:08:42.381+0000] {logging_mixin.py:190} INFO - [2025-01-20T08:08:42.381+0000] {dagbag.py:588} INFO - Filling up the DagBag from /home/airflow/.local/lib/python3.12/site-packages/airflow/example_dags/example_branch_operator.py
[2025-01-20T08:08:42.393+0000] {processor.py:925} INFO - DAG(s) 'example_branch_operator' retrieved from /home/airflow/.local/lib/python3.12/site-packages/airflow/example_dags/example_branch_operator.py
[2025-01-20T08:08:42.412+0000] {logging_mixin.py:190} INFO - [2025-01-20T08:08:42.412+0000] {dag.py:3239} INFO - Sync 1 DAGs
[2025-01-20T08:08:42.429+0000] {logging_mixin.py:190} INFO - [2025-01-20T08:08:42.429+0000] {dag.py:4180} INFO - Setting next_dagrun for example_branch_operator to 2025-01-19 00:00:00+00:00, run_after=2025-01-20 00:00:00+00:00
[2025-01-20T08:08:42.445+0000] {processor.py:208} INFO - Processing /home/airflow/.local/lib/python3.12/site-packages/airflow/example_dags/example_branch_operator.py took 0.073 seconds
[2025-01-20T08:09:12.809+0000] {processor.py:186} INFO - Started process (PID=43068) to work on /home/airflow/.local/lib/python3.12/site-packages/airflow/example_dags/example_branch_operator.py
[2025-01-20T08:09:12.810+0000] {processor.py:914} INFO - Processing file /home/airflow/.local/lib/python3.12/site-packages/airflow/example_dags/example_branch_operator.py for tasks to queue
[2025-01-20T08:09:12.812+0000] {logging_mixin.py:190} INFO - [2025-01-20T08:09:12.812+0000] {dagbag.py:588} INFO - Filling up the DagBag from /home/airflow/.local/lib/python3.12/site-packages/airflow/example_dags/example_branch_operator.py
[2025-01-20T08:09:12.827+0000] {processor.py:925} INFO - DAG(s) 'example_branch_operator' retrieved from /home/airflow/.local/lib/python3.12/site-packages/airflow/example_dags/example_branch_operator.py
[2025-01-20T08:09:12.847+0000] {logging_mixin.py:190} INFO - [2025-01-20T08:09:12.846+0000] {dag.py:3239} INFO - Sync 1 DAGs
[2025-01-20T08:09:12.865+0000] {logging_mixin.py:190} INFO - [2025-01-20T08:09:12.865+0000] {dag.py:4180} INFO - Setting next_dagrun for example_branch_operator to 2025-01-19 00:00:00+00:00, run_after=2025-01-20 00:00:00+00:00
[2025-01-20T08:09:12.894+0000] {processor.py:208} INFO - Processing /home/airflow/.local/lib/python3.12/site-packages/airflow/example_dags/example_branch_operator.py took 0.091 seconds
[2025-01-20T08:09:43.346+0000] {processor.py:186} INFO - Started process (PID=43369) to work on /home/airflow/.local/lib/python3.12/site-packages/airflow/example_dags/example_branch_operator.py
[2025-01-20T08:09:43.347+0000] {processor.py:914} INFO - Processing file /home/airflow/.local/lib/python3.12/site-packages/airflow/example_dags/example_branch_operator.py for tasks to queue
[2025-01-20T08:09:43.349+0000] {logging_mixin.py:190} INFO - [2025-01-20T08:09:43.348+0000] {dagbag.py:588} INFO - Filling up the DagBag from /home/airflow/.local/lib/python3.12/site-packages/airflow/example_dags/example_branch_operator.py
[2025-01-20T08:09:43.361+0000] {processor.py:925} INFO - DAG(s) 'example_branch_operator' retrieved from /home/airflow/.local/lib/python3.12/site-packages/airflow/example_dags/example_branch_operator.py
[2025-01-20T08:09:43.385+0000] {logging_mixin.py:190} INFO - [2025-01-20T08:09:43.384+0000] {dag.py:3239} INFO - Sync 1 DAGs
[2025-01-20T08:09:43.403+0000] {logging_mixin.py:190} INFO - [2025-01-20T08:09:43.403+0000] {dag.py:4180} INFO - Setting next_dagrun for example_branch_operator to 2025-01-19 00:00:00+00:00, run_after=2025-01-20 00:00:00+00:00
[2025-01-20T08:09:43.421+0000] {processor.py:208} INFO - Processing /home/airflow/.local/lib/python3.12/site-packages/airflow/example_dags/example_branch_operator.py took 0.084 seconds
[2025-01-20T08:10:13.835+0000] {processor.py:186} INFO - Started process (PID=43675) to work on /home/airflow/.local/lib/python3.12/site-packages/airflow/example_dags/example_branch_operator.py
[2025-01-20T08:10:13.836+0000] {processor.py:914} INFO - Processing file /home/airflow/.local/lib/python3.12/site-packages/airflow/example_dags/example_branch_operator.py for tasks to queue
[2025-01-20T08:10:13.839+0000] {logging_mixin.py:190} INFO - [2025-01-20T08:10:13.838+0000] {dagbag.py:588} INFO - Filling up the DagBag from /home/airflow/.local/lib/python3.12/site-packages/airflow/example_dags/example_branch_operator.py
[2025-01-20T08:10:13.858+0000] {processor.py:925} INFO - DAG(s) 'example_branch_operator' retrieved from /home/airflow/.local/lib/python3.12/site-packages/airflow/example_dags/example_branch_operator.py
[2025-01-20T08:10:13.879+0000] {logging_mixin.py:190} INFO - [2025-01-20T08:10:13.879+0000] {dag.py:3239} INFO - Sync 1 DAGs
[2025-01-20T08:10:13.894+0000] {logging_mixin.py:190} INFO - [2025-01-20T08:10:13.894+0000] {dag.py:4180} INFO - Setting next_dagrun for example_branch_operator to 2025-01-19 00:00:00+00:00, run_after=2025-01-20 00:00:00+00:00
[2025-01-20T08:10:13.911+0000] {processor.py:208} INFO - Processing /home/airflow/.local/lib/python3.12/site-packages/airflow/example_dags/example_branch_operator.py took 0.083 seconds
[2025-01-20T08:10:44.259+0000] {processor.py:186} INFO - Started process (PID=43976) to work on /home/airflow/.local/lib/python3.12/site-packages/airflow/example_dags/example_branch_operator.py
[2025-01-20T08:10:44.260+0000] {processor.py:914} INFO - Processing file /home/airflow/.local/lib/python3.12/site-packages/airflow/example_dags/example_branch_operator.py for tasks to queue
[2025-01-20T08:10:44.263+0000] {logging_mixin.py:190} INFO - [2025-01-20T08:10:44.262+0000] {dagbag.py:588} INFO - Filling up the DagBag from /home/airflow/.local/lib/python3.12/site-packages/airflow/example_dags/example_branch_operator.py
[2025-01-20T08:10:44.280+0000] {processor.py:925} INFO - DAG(s) 'example_branch_operator' retrieved from /home/airflow/.local/lib/python3.12/site-packages/airflow/example_dags/example_branch_operator.py
[2025-01-20T08:10:44.304+0000] {logging_mixin.py:190} INFO - [2025-01-20T08:10:44.304+0000] {dag.py:3239} INFO - Sync 1 DAGs
[2025-01-20T08:10:44.329+0000] {logging_mixin.py:190} INFO - [2025-01-20T08:10:44.328+0000] {dag.py:4180} INFO - Setting next_dagrun for example_branch_operator to 2025-01-19 00:00:00+00:00, run_after=2025-01-20 00:00:00+00:00
[2025-01-20T08:10:44.343+0000] {processor.py:208} INFO - Processing /home/airflow/.local/lib/python3.12/site-packages/airflow/example_dags/example_branch_operator.py took 0.088 seconds
[2025-01-20T08:11:14.810+0000] {processor.py:186} INFO - Started process (PID=44282) to work on /home/airflow/.local/lib/python3.12/site-packages/airflow/example_dags/example_branch_operator.py
[2025-01-20T08:11:14.811+0000] {processor.py:914} INFO - Processing file /home/airflow/.local/lib/python3.12/site-packages/airflow/example_dags/example_branch_operator.py for tasks to queue
[2025-01-20T08:11:14.813+0000] {logging_mixin.py:190} INFO - [2025-01-20T08:11:14.813+0000] {dagbag.py:588} INFO - Filling up the DagBag from /home/airflow/.local/lib/python3.12/site-packages/airflow/example_dags/example_branch_operator.py
[2025-01-20T08:11:14.827+0000] {processor.py:925} INFO - DAG(s) 'example_branch_operator' retrieved from /home/airflow/.local/lib/python3.12/site-packages/airflow/example_dags/example_branch_operator.py
[2025-01-20T08:11:14.853+0000] {logging_mixin.py:190} INFO - [2025-01-20T08:11:14.853+0000] {dag.py:3239} INFO - Sync 1 DAGs
[2025-01-20T08:11:14.880+0000] {logging_mixin.py:190} INFO - [2025-01-20T08:11:14.879+0000] {dag.py:4180} INFO - Setting next_dagrun for example_branch_operator to 2025-01-19 00:00:00+00:00, run_after=2025-01-20 00:00:00+00:00
[2025-01-20T08:11:14.908+0000] {processor.py:208} INFO - Processing /home/airflow/.local/lib/python3.12/site-packages/airflow/example_dags/example_branch_operator.py took 0.102 seconds
[2025-01-20T08:11:45.564+0000] {processor.py:186} INFO - Started process (PID=44583) to work on /home/airflow/.local/lib/python3.12/site-packages/airflow/example_dags/example_branch_operator.py
[2025-01-20T08:11:45.565+0000] {processor.py:914} INFO - Processing file /home/airflow/.local/lib/python3.12/site-packages/airflow/example_dags/example_branch_operator.py for tasks to queue
[2025-01-20T08:11:45.569+0000] {logging_mixin.py:190} INFO - [2025-01-20T08:11:45.568+0000] {dagbag.py:588} INFO - Filling up the DagBag from /home/airflow/.local/lib/python3.12/site-packages/airflow/example_dags/example_branch_operator.py
[2025-01-20T08:11:45.593+0000] {processor.py:925} INFO - DAG(s) 'example_branch_operator' retrieved from /home/airflow/.local/lib/python3.12/site-packages/airflow/example_dags/example_branch_operator.py
[2025-01-20T08:11:45.627+0000] {logging_mixin.py:190} INFO - [2025-01-20T08:11:45.626+0000] {dag.py:3239} INFO - Sync 1 DAGs
[2025-01-20T08:11:45.648+0000] {logging_mixin.py:190} INFO - [2025-01-20T08:11:45.648+0000] {dag.py:4180} INFO - Setting next_dagrun for example_branch_operator to 2025-01-19 00:00:00+00:00, run_after=2025-01-20 00:00:00+00:00
[2025-01-20T08:11:45.674+0000] {processor.py:208} INFO - Processing /home/airflow/.local/lib/python3.12/site-packages/airflow/example_dags/example_branch_operator.py took 0.114 seconds
[2025-01-20T08:12:16.005+0000] {processor.py:186} INFO - Started process (PID=44889) to work on /home/airflow/.local/lib/python3.12/site-packages/airflow/example_dags/example_branch_operator.py
[2025-01-20T08:12:16.005+0000] {processor.py:914} INFO - Processing file /home/airflow/.local/lib/python3.12/site-packages/airflow/example_dags/example_branch_operator.py for tasks to queue
[2025-01-20T08:12:16.007+0000] {logging_mixin.py:190} INFO - [2025-01-20T08:12:16.007+0000] {dagbag.py:588} INFO - Filling up the DagBag from /home/airflow/.local/lib/python3.12/site-packages/airflow/example_dags/example_branch_operator.py
[2025-01-20T08:12:16.031+0000] {processor.py:925} INFO - DAG(s) 'example_branch_operator' retrieved from /home/airflow/.local/lib/python3.12/site-packages/airflow/example_dags/example_branch_operator.py
[2025-01-20T08:12:16.048+0000] {logging_mixin.py:190} INFO - [2025-01-20T08:12:16.048+0000] {dag.py:3239} INFO - Sync 1 DAGs
[2025-01-20T08:12:16.070+0000] {logging_mixin.py:190} INFO - [2025-01-20T08:12:16.069+0000] {dag.py:4180} INFO - Setting next_dagrun for example_branch_operator to 2025-01-19 00:00:00+00:00, run_after=2025-01-20 00:00:00+00:00
[2025-01-20T08:12:16.085+0000] {processor.py:208} INFO - Processing /home/airflow/.local/lib/python3.12/site-packages/airflow/example_dags/example_branch_operator.py took 0.085 seconds
[2025-01-20T08:12:46.951+0000] {processor.py:186} INFO - Started process (PID=45190) to work on /home/airflow/.local/lib/python3.12/site-packages/airflow/example_dags/example_branch_operator.py
[2025-01-20T08:12:46.952+0000] {processor.py:914} INFO - Processing file /home/airflow/.local/lib/python3.12/site-packages/airflow/example_dags/example_branch_operator.py for tasks to queue
[2025-01-20T08:12:46.955+0000] {logging_mixin.py:190} INFO - [2025-01-20T08:12:46.954+0000] {dagbag.py:588} INFO - Filling up the DagBag from /home/airflow/.local/lib/python3.12/site-packages/airflow/example_dags/example_branch_operator.py
[2025-01-20T08:12:46.979+0000] {processor.py:925} INFO - DAG(s) 'example_branch_operator' retrieved from /home/airflow/.local/lib/python3.12/site-packages/airflow/example_dags/example_branch_operator.py
[2025-01-20T08:12:46.997+0000] {logging_mixin.py:190} INFO - [2025-01-20T08:12:46.996+0000] {dag.py:3239} INFO - Sync 1 DAGs
[2025-01-20T08:12:47.174+0000] {logging_mixin.py:190} INFO - [2025-01-20T08:12:47.174+0000] {dag.py:4180} INFO - Setting next_dagrun for example_branch_operator to 2025-01-19 00:00:00+00:00, run_after=2025-01-20 00:00:00+00:00
[2025-01-20T08:12:47.191+0000] {processor.py:208} INFO - Processing /home/airflow/.local/lib/python3.12/site-packages/airflow/example_dags/example_branch_operator.py took 0.245 seconds
[2025-01-20T08:13:17.236+0000] {processor.py:186} INFO - Started process (PID=45503) to work on /home/airflow/.local/lib/python3.12/site-packages/airflow/example_dags/example_branch_operator.py
[2025-01-20T08:13:17.237+0000] {processor.py:914} INFO - Processing file /home/airflow/.local/lib/python3.12/site-packages/airflow/example_dags/example_branch_operator.py for tasks to queue
[2025-01-20T08:13:17.242+0000] {logging_mixin.py:190} INFO - [2025-01-20T08:13:17.241+0000] {dagbag.py:588} INFO - Filling up the DagBag from /home/airflow/.local/lib/python3.12/site-packages/airflow/example_dags/example_branch_operator.py
[2025-01-20T08:13:17.259+0000] {processor.py:925} INFO - DAG(s) 'example_branch_operator' retrieved from /home/airflow/.local/lib/python3.12/site-packages/airflow/example_dags/example_branch_operator.py
[2025-01-20T08:13:17.279+0000] {logging_mixin.py:190} INFO - [2025-01-20T08:13:17.278+0000] {dag.py:3239} INFO - Sync 1 DAGs
[2025-01-20T08:13:17.294+0000] {logging_mixin.py:190} INFO - [2025-01-20T08:13:17.294+0000] {dag.py:4180} INFO - Setting next_dagrun for example_branch_operator to 2025-01-19 00:00:00+00:00, run_after=2025-01-20 00:00:00+00:00
[2025-01-20T08:13:17.441+0000] {processor.py:208} INFO - Processing /home/airflow/.local/lib/python3.12/site-packages/airflow/example_dags/example_branch_operator.py took 0.211 seconds
[2025-01-20T08:13:48.134+0000] {processor.py:186} INFO - Started process (PID=45814) to work on /home/airflow/.local/lib/python3.12/site-packages/airflow/example_dags/example_branch_operator.py
[2025-01-20T08:13:48.135+0000] {processor.py:914} INFO - Processing file /home/airflow/.local/lib/python3.12/site-packages/airflow/example_dags/example_branch_operator.py for tasks to queue
[2025-01-20T08:13:48.136+0000] {logging_mixin.py:190} INFO - [2025-01-20T08:13:48.136+0000] {dagbag.py:588} INFO - Filling up the DagBag from /home/airflow/.local/lib/python3.12/site-packages/airflow/example_dags/example_branch_operator.py
[2025-01-20T08:13:48.147+0000] {processor.py:925} INFO - DAG(s) 'example_branch_operator' retrieved from /home/airflow/.local/lib/python3.12/site-packages/airflow/example_dags/example_branch_operator.py
[2025-01-20T08:13:48.167+0000] {logging_mixin.py:190} INFO - [2025-01-20T08:13:48.167+0000] {dag.py:3239} INFO - Sync 1 DAGs
[2025-01-20T08:13:48.185+0000] {logging_mixin.py:190} INFO - [2025-01-20T08:13:48.184+0000] {dag.py:4180} INFO - Setting next_dagrun for example_branch_operator to 2025-01-19 00:00:00+00:00, run_after=2025-01-20 00:00:00+00:00
[2025-01-20T08:13:48.340+0000] {processor.py:208} INFO - Processing /home/airflow/.local/lib/python3.12/site-packages/airflow/example_dags/example_branch_operator.py took 0.213 seconds
[2025-01-20T08:14:19.024+0000] {processor.py:186} INFO - Started process (PID=46103) to work on /home/airflow/.local/lib/python3.12/site-packages/airflow/example_dags/example_branch_operator.py
[2025-01-20T08:14:19.024+0000] {processor.py:914} INFO - Processing file /home/airflow/.local/lib/python3.12/site-packages/airflow/example_dags/example_branch_operator.py for tasks to queue
[2025-01-20T08:14:19.026+0000] {logging_mixin.py:190} INFO - [2025-01-20T08:14:19.026+0000] {dagbag.py:588} INFO - Filling up the DagBag from /home/airflow/.local/lib/python3.12/site-packages/airflow/example_dags/example_branch_operator.py
[2025-01-20T08:14:19.046+0000] {processor.py:925} INFO - DAG(s) 'example_branch_operator' retrieved from /home/airflow/.local/lib/python3.12/site-packages/airflow/example_dags/example_branch_operator.py
[2025-01-20T08:14:19.066+0000] {logging_mixin.py:190} INFO - [2025-01-20T08:14:19.066+0000] {dag.py:3239} INFO - Sync 1 DAGs
[2025-01-20T08:14:19.080+0000] {logging_mixin.py:190} INFO - [2025-01-20T08:14:19.080+0000] {dag.py:4180} INFO - Setting next_dagrun for example_branch_operator to 2025-01-19 00:00:00+00:00, run_after=2025-01-20 00:00:00+00:00
[2025-01-20T08:14:19.095+0000] {processor.py:208} INFO - Processing /home/airflow/.local/lib/python3.12/site-packages/airflow/example_dags/example_branch_operator.py took 0.076 seconds
[2025-01-20T08:14:49.897+0000] {processor.py:186} INFO - Started process (PID=46404) to work on /home/airflow/.local/lib/python3.12/site-packages/airflow/example_dags/example_branch_operator.py
[2025-01-20T08:14:49.898+0000] {processor.py:914} INFO - Processing file /home/airflow/.local/lib/python3.12/site-packages/airflow/example_dags/example_branch_operator.py for tasks to queue
[2025-01-20T08:14:49.901+0000] {logging_mixin.py:190} INFO - [2025-01-20T08:14:49.900+0000] {dagbag.py:588} INFO - Filling up the DagBag from /home/airflow/.local/lib/python3.12/site-packages/airflow/example_dags/example_branch_operator.py
[2025-01-20T08:14:49.918+0000] {processor.py:925} INFO - DAG(s) 'example_branch_operator' retrieved from /home/airflow/.local/lib/python3.12/site-packages/airflow/example_dags/example_branch_operator.py
[2025-01-20T08:14:49.946+0000] {logging_mixin.py:190} INFO - [2025-01-20T08:14:49.945+0000] {dag.py:3239} INFO - Sync 1 DAGs
[2025-01-20T08:14:49.969+0000] {logging_mixin.py:190} INFO - [2025-01-20T08:14:49.968+0000] {dag.py:4180} INFO - Setting next_dagrun for example_branch_operator to 2025-01-19 00:00:00+00:00, run_after=2025-01-20 00:00:00+00:00
[2025-01-20T08:14:49.990+0000] {processor.py:208} INFO - Processing /home/airflow/.local/lib/python3.12/site-packages/airflow/example_dags/example_branch_operator.py took 0.097 seconds
[2025-01-20T08:15:20.713+0000] {processor.py:186} INFO - Started process (PID=46710) to work on /home/airflow/.local/lib/python3.12/site-packages/airflow/example_dags/example_branch_operator.py
[2025-01-20T08:15:20.714+0000] {processor.py:914} INFO - Processing file /home/airflow/.local/lib/python3.12/site-packages/airflow/example_dags/example_branch_operator.py for tasks to queue
[2025-01-20T08:15:20.716+0000] {logging_mixin.py:190} INFO - [2025-01-20T08:15:20.716+0000] {dagbag.py:588} INFO - Filling up the DagBag from /home/airflow/.local/lib/python3.12/site-packages/airflow/example_dags/example_branch_operator.py
[2025-01-20T08:15:20.846+0000] {processor.py:925} INFO - DAG(s) 'example_branch_operator' retrieved from /home/airflow/.local/lib/python3.12/site-packages/airflow/example_dags/example_branch_operator.py
[2025-01-20T08:15:20.866+0000] {logging_mixin.py:190} INFO - [2025-01-20T08:15:20.866+0000] {dag.py:3239} INFO - Sync 1 DAGs
[2025-01-20T08:15:20.878+0000] {logging_mixin.py:190} INFO - [2025-01-20T08:15:20.878+0000] {dag.py:4180} INFO - Setting next_dagrun for example_branch_operator to 2025-01-19 00:00:00+00:00, run_after=2025-01-20 00:00:00+00:00
[2025-01-20T08:15:20.891+0000] {processor.py:208} INFO - Processing /home/airflow/.local/lib/python3.12/site-packages/airflow/example_dags/example_branch_operator.py took 0.183 seconds
[2025-01-20T08:15:51.378+0000] {processor.py:186} INFO - Started process (PID=47011) to work on /home/airflow/.local/lib/python3.12/site-packages/airflow/example_dags/example_branch_operator.py
[2025-01-20T08:15:51.379+0000] {processor.py:914} INFO - Processing file /home/airflow/.local/lib/python3.12/site-packages/airflow/example_dags/example_branch_operator.py for tasks to queue
[2025-01-20T08:15:51.383+0000] {logging_mixin.py:190} INFO - [2025-01-20T08:15:51.382+0000] {dagbag.py:588} INFO - Filling up the DagBag from /home/airflow/.local/lib/python3.12/site-packages/airflow/example_dags/example_branch_operator.py
[2025-01-20T08:15:51.401+0000] {processor.py:925} INFO - DAG(s) 'example_branch_operator' retrieved from /home/airflow/.local/lib/python3.12/site-packages/airflow/example_dags/example_branch_operator.py
[2025-01-20T08:15:51.431+0000] {logging_mixin.py:190} INFO - [2025-01-20T08:15:51.431+0000] {dag.py:3239} INFO - Sync 1 DAGs
[2025-01-20T08:15:51.458+0000] {logging_mixin.py:190} INFO - [2025-01-20T08:15:51.458+0000] {dag.py:4180} INFO - Setting next_dagrun for example_branch_operator to 2025-01-19 00:00:00+00:00, run_after=2025-01-20 00:00:00+00:00
[2025-01-20T08:15:51.476+0000] {processor.py:208} INFO - Processing /home/airflow/.local/lib/python3.12/site-packages/airflow/example_dags/example_branch_operator.py took 0.105 seconds
[2025-01-20T08:16:21.784+0000] {processor.py:186} INFO - Started process (PID=47319) to work on /home/airflow/.local/lib/python3.12/site-packages/airflow/example_dags/example_branch_operator.py
[2025-01-20T08:16:21.785+0000] {processor.py:914} INFO - Processing file /home/airflow/.local/lib/python3.12/site-packages/airflow/example_dags/example_branch_operator.py for tasks to queue
[2025-01-20T08:16:21.786+0000] {logging_mixin.py:190} INFO - [2025-01-20T08:16:21.786+0000] {dagbag.py:588} INFO - Filling up the DagBag from /home/airflow/.local/lib/python3.12/site-packages/airflow/example_dags/example_branch_operator.py
[2025-01-20T08:16:21.797+0000] {processor.py:925} INFO - DAG(s) 'example_branch_operator' retrieved from /home/airflow/.local/lib/python3.12/site-packages/airflow/example_dags/example_branch_operator.py
[2025-01-20T08:16:21.816+0000] {logging_mixin.py:190} INFO - [2025-01-20T08:16:21.816+0000] {dag.py:3239} INFO - Sync 1 DAGs
[2025-01-20T08:16:21.832+0000] {logging_mixin.py:190} INFO - [2025-01-20T08:16:21.831+0000] {dag.py:4180} INFO - Setting next_dagrun for example_branch_operator to 2025-01-19 00:00:00+00:00, run_after=2025-01-20 00:00:00+00:00
[2025-01-20T08:16:21.845+0000] {processor.py:208} INFO - Processing /home/airflow/.local/lib/python3.12/site-packages/airflow/example_dags/example_branch_operator.py took 0.064 seconds
[2025-01-20T08:16:52.693+0000] {processor.py:186} INFO - Started process (PID=47618) to work on /home/airflow/.local/lib/python3.12/site-packages/airflow/example_dags/example_branch_operator.py
[2025-01-20T08:16:52.694+0000] {processor.py:914} INFO - Processing file /home/airflow/.local/lib/python3.12/site-packages/airflow/example_dags/example_branch_operator.py for tasks to queue
[2025-01-20T08:16:52.696+0000] {logging_mixin.py:190} INFO - [2025-01-20T08:16:52.696+0000] {dagbag.py:588} INFO - Filling up the DagBag from /home/airflow/.local/lib/python3.12/site-packages/airflow/example_dags/example_branch_operator.py
[2025-01-20T08:16:52.707+0000] {processor.py:925} INFO - DAG(s) 'example_branch_operator' retrieved from /home/airflow/.local/lib/python3.12/site-packages/airflow/example_dags/example_branch_operator.py
[2025-01-20T08:16:52.730+0000] {logging_mixin.py:190} INFO - [2025-01-20T08:16:52.730+0000] {dag.py:3239} INFO - Sync 1 DAGs
[2025-01-20T08:16:52.746+0000] {logging_mixin.py:190} INFO - [2025-01-20T08:16:52.746+0000] {dag.py:4180} INFO - Setting next_dagrun for example_branch_operator to 2025-01-19 00:00:00+00:00, run_after=2025-01-20 00:00:00+00:00
[2025-01-20T08:16:52.761+0000] {processor.py:208} INFO - Processing /home/airflow/.local/lib/python3.12/site-packages/airflow/example_dags/example_branch_operator.py took 0.075 seconds
[2025-01-20T08:17:23.631+0000] {processor.py:186} INFO - Started process (PID=47924) to work on /home/airflow/.local/lib/python3.12/site-packages/airflow/example_dags/example_branch_operator.py
[2025-01-20T08:17:23.632+0000] {processor.py:914} INFO - Processing file /home/airflow/.local/lib/python3.12/site-packages/airflow/example_dags/example_branch_operator.py for tasks to queue
[2025-01-20T08:17:23.635+0000] {logging_mixin.py:190} INFO - [2025-01-20T08:17:23.634+0000] {dagbag.py:588} INFO - Filling up the DagBag from /home/airflow/.local/lib/python3.12/site-packages/airflow/example_dags/example_branch_operator.py
[2025-01-20T08:17:23.662+0000] {processor.py:925} INFO - DAG(s) 'example_branch_operator' retrieved from /home/airflow/.local/lib/python3.12/site-packages/airflow/example_dags/example_branch_operator.py
[2025-01-20T08:17:23.692+0000] {logging_mixin.py:190} INFO - [2025-01-20T08:17:23.692+0000] {dag.py:3239} INFO - Sync 1 DAGs
[2025-01-20T08:17:23.711+0000] {logging_mixin.py:190} INFO - [2025-01-20T08:17:23.711+0000] {dag.py:4180} INFO - Setting next_dagrun for example_branch_operator to 2025-01-19 00:00:00+00:00, run_after=2025-01-20 00:00:00+00:00
[2025-01-20T08:17:23.727+0000] {processor.py:208} INFO - Processing /home/airflow/.local/lib/python3.12/site-packages/airflow/example_dags/example_branch_operator.py took 0.102 seconds
[2025-01-20T08:17:54.348+0000] {processor.py:186} INFO - Started process (PID=48227) to work on /home/airflow/.local/lib/python3.12/site-packages/airflow/example_dags/example_branch_operator.py
[2025-01-20T08:17:54.349+0000] {processor.py:914} INFO - Processing file /home/airflow/.local/lib/python3.12/site-packages/airflow/example_dags/example_branch_operator.py for tasks to queue
[2025-01-20T08:17:54.351+0000] {logging_mixin.py:190} INFO - [2025-01-20T08:17:54.351+0000] {dagbag.py:588} INFO - Filling up the DagBag from /home/airflow/.local/lib/python3.12/site-packages/airflow/example_dags/example_branch_operator.py
[2025-01-20T08:17:54.363+0000] {processor.py:925} INFO - DAG(s) 'example_branch_operator' retrieved from /home/airflow/.local/lib/python3.12/site-packages/airflow/example_dags/example_branch_operator.py
[2025-01-20T08:17:54.380+0000] {logging_mixin.py:190} INFO - [2025-01-20T08:17:54.380+0000] {dag.py:3239} INFO - Sync 1 DAGs
[2025-01-20T08:17:54.394+0000] {logging_mixin.py:190} INFO - [2025-01-20T08:17:54.394+0000] {dag.py:4180} INFO - Setting next_dagrun for example_branch_operator to 2025-01-19 00:00:00+00:00, run_after=2025-01-20 00:00:00+00:00
[2025-01-20T08:17:54.406+0000] {processor.py:208} INFO - Processing /home/airflow/.local/lib/python3.12/site-packages/airflow/example_dags/example_branch_operator.py took 0.061 seconds
[2025-01-20T08:18:25.211+0000] {processor.py:186} INFO - Started process (PID=48531) to work on /home/airflow/.local/lib/python3.12/site-packages/airflow/example_dags/example_branch_operator.py
[2025-01-20T08:18:25.211+0000] {processor.py:914} INFO - Processing file /home/airflow/.local/lib/python3.12/site-packages/airflow/example_dags/example_branch_operator.py for tasks to queue
[2025-01-20T08:18:25.213+0000] {logging_mixin.py:190} INFO - [2025-01-20T08:18:25.213+0000] {dagbag.py:588} INFO - Filling up the DagBag from /home/airflow/.local/lib/python3.12/site-packages/airflow/example_dags/example_branch_operator.py
[2025-01-20T08:18:25.223+0000] {processor.py:925} INFO - DAG(s) 'example_branch_operator' retrieved from /home/airflow/.local/lib/python3.12/site-packages/airflow/example_dags/example_branch_operator.py
[2025-01-20T08:18:25.240+0000] {logging_mixin.py:190} INFO - [2025-01-20T08:18:25.240+0000] {dag.py:3239} INFO - Sync 1 DAGs
[2025-01-20T08:18:25.255+0000] {logging_mixin.py:190} INFO - [2025-01-20T08:18:25.255+0000] {dag.py:4180} INFO - Setting next_dagrun for example_branch_operator to 2025-01-19 00:00:00+00:00, run_after=2025-01-20 00:00:00+00:00
[2025-01-20T08:18:25.266+0000] {processor.py:208} INFO - Processing /home/airflow/.local/lib/python3.12/site-packages/airflow/example_dags/example_branch_operator.py took 0.059 seconds
[2025-01-20T08:18:56.086+0000] {processor.py:186} INFO - Started process (PID=48833) to work on /home/airflow/.local/lib/python3.12/site-packages/airflow/example_dags/example_branch_operator.py
[2025-01-20T08:18:56.088+0000] {processor.py:914} INFO - Processing file /home/airflow/.local/lib/python3.12/site-packages/airflow/example_dags/example_branch_operator.py for tasks to queue
[2025-01-20T08:18:56.093+0000] {logging_mixin.py:190} INFO - [2025-01-20T08:18:56.092+0000] {dagbag.py:588} INFO - Filling up the DagBag from /home/airflow/.local/lib/python3.12/site-packages/airflow/example_dags/example_branch_operator.py
[2025-01-20T08:18:56.111+0000] {processor.py:925} INFO - DAG(s) 'example_branch_operator' retrieved from /home/airflow/.local/lib/python3.12/site-packages/airflow/example_dags/example_branch_operator.py
[2025-01-20T08:18:56.132+0000] {logging_mixin.py:190} INFO - [2025-01-20T08:18:56.132+0000] {dag.py:3239} INFO - Sync 1 DAGs
[2025-01-20T08:18:56.151+0000] {logging_mixin.py:190} INFO - [2025-01-20T08:18:56.151+0000] {dag.py:4180} INFO - Setting next_dagrun for example_branch_operator to 2025-01-19 00:00:00+00:00, run_after=2025-01-20 00:00:00+00:00
[2025-01-20T08:18:56.162+0000] {processor.py:208} INFO - Processing /home/airflow/.local/lib/python3.12/site-packages/airflow/example_dags/example_branch_operator.py took 0.086 seconds
[2025-01-20T08:19:26.937+0000] {processor.py:186} INFO - Started process (PID=49139) to work on /home/airflow/.local/lib/python3.12/site-packages/airflow/example_dags/example_branch_operator.py
[2025-01-20T08:19:26.938+0000] {processor.py:914} INFO - Processing file /home/airflow/.local/lib/python3.12/site-packages/airflow/example_dags/example_branch_operator.py for tasks to queue
[2025-01-20T08:19:26.940+0000] {logging_mixin.py:190} INFO - [2025-01-20T08:19:26.940+0000] {dagbag.py:588} INFO - Filling up the DagBag from /home/airflow/.local/lib/python3.12/site-packages/airflow/example_dags/example_branch_operator.py
[2025-01-20T08:19:26.957+0000] {processor.py:925} INFO - DAG(s) 'example_branch_operator' retrieved from /home/airflow/.local/lib/python3.12/site-packages/airflow/example_dags/example_branch_operator.py
[2025-01-20T08:19:26.983+0000] {logging_mixin.py:190} INFO - [2025-01-20T08:19:26.983+0000] {dag.py:3239} INFO - Sync 1 DAGs
[2025-01-20T08:19:27.006+0000] {logging_mixin.py:190} INFO - [2025-01-20T08:19:27.006+0000] {dag.py:4180} INFO - Setting next_dagrun for example_branch_operator to 2025-01-19 00:00:00+00:00, run_after=2025-01-20 00:00:00+00:00
[2025-01-20T08:19:27.021+0000] {processor.py:208} INFO - Processing /home/airflow/.local/lib/python3.12/site-packages/airflow/example_dags/example_branch_operator.py took 0.092 seconds
[2025-01-20T08:19:57.714+0000] {processor.py:186} INFO - Started process (PID=49442) to work on /home/airflow/.local/lib/python3.12/site-packages/airflow/example_dags/example_branch_operator.py
[2025-01-20T08:19:57.715+0000] {processor.py:914} INFO - Processing file /home/airflow/.local/lib/python3.12/site-packages/airflow/example_dags/example_branch_operator.py for tasks to queue
[2025-01-20T08:19:57.718+0000] {logging_mixin.py:190} INFO - [2025-01-20T08:19:57.718+0000] {dagbag.py:588} INFO - Filling up the DagBag from /home/airflow/.local/lib/python3.12/site-packages/airflow/example_dags/example_branch_operator.py
[2025-01-20T08:19:57.739+0000] {processor.py:925} INFO - DAG(s) 'example_branch_operator' retrieved from /home/airflow/.local/lib/python3.12/site-packages/airflow/example_dags/example_branch_operator.py
[2025-01-20T08:19:57.763+0000] {logging_mixin.py:190} INFO - [2025-01-20T08:19:57.763+0000] {dag.py:3239} INFO - Sync 1 DAGs
[2025-01-20T08:19:57.783+0000] {logging_mixin.py:190} INFO - [2025-01-20T08:19:57.783+0000] {dag.py:4180} INFO - Setting next_dagrun for example_branch_operator to 2025-01-19 00:00:00+00:00, run_after=2025-01-20 00:00:00+00:00
[2025-01-20T08:19:57.802+0000] {processor.py:208} INFO - Processing /home/airflow/.local/lib/python3.12/site-packages/airflow/example_dags/example_branch_operator.py took 0.093 seconds
[2025-01-20T08:20:28.575+0000] {processor.py:186} INFO - Started process (PID=49748) to work on /home/airflow/.local/lib/python3.12/site-packages/airflow/example_dags/example_branch_operator.py
[2025-01-20T08:20:28.576+0000] {processor.py:914} INFO - Processing file /home/airflow/.local/lib/python3.12/site-packages/airflow/example_dags/example_branch_operator.py for tasks to queue
[2025-01-20T08:20:28.579+0000] {logging_mixin.py:190} INFO - [2025-01-20T08:20:28.578+0000] {dagbag.py:588} INFO - Filling up the DagBag from /home/airflow/.local/lib/python3.12/site-packages/airflow/example_dags/example_branch_operator.py
[2025-01-20T08:20:28.596+0000] {processor.py:925} INFO - DAG(s) 'example_branch_operator' retrieved from /home/airflow/.local/lib/python3.12/site-packages/airflow/example_dags/example_branch_operator.py
[2025-01-20T08:20:28.615+0000] {logging_mixin.py:190} INFO - [2025-01-20T08:20:28.614+0000] {dag.py:3239} INFO - Sync 1 DAGs
[2025-01-20T08:20:28.636+0000] {logging_mixin.py:190} INFO - [2025-01-20T08:20:28.636+0000] {dag.py:4180} INFO - Setting next_dagrun for example_branch_operator to 2025-01-19 00:00:00+00:00, run_after=2025-01-20 00:00:00+00:00
[2025-01-20T08:20:28.656+0000] {processor.py:208} INFO - Processing /home/airflow/.local/lib/python3.12/site-packages/airflow/example_dags/example_branch_operator.py took 0.092 seconds
[2025-01-20T08:20:59.516+0000] {processor.py:186} INFO - Started process (PID=50049) to work on /home/airflow/.local/lib/python3.12/site-packages/airflow/example_dags/example_branch_operator.py
[2025-01-20T08:20:59.517+0000] {processor.py:914} INFO - Processing file /home/airflow/.local/lib/python3.12/site-packages/airflow/example_dags/example_branch_operator.py for tasks to queue
[2025-01-20T08:20:59.519+0000] {logging_mixin.py:190} INFO - [2025-01-20T08:20:59.519+0000] {dagbag.py:588} INFO - Filling up the DagBag from /home/airflow/.local/lib/python3.12/site-packages/airflow/example_dags/example_branch_operator.py
[2025-01-20T08:20:59.531+0000] {processor.py:925} INFO - DAG(s) 'example_branch_operator' retrieved from /home/airflow/.local/lib/python3.12/site-packages/airflow/example_dags/example_branch_operator.py
[2025-01-20T08:20:59.548+0000] {logging_mixin.py:190} INFO - [2025-01-20T08:20:59.548+0000] {dag.py:3239} INFO - Sync 1 DAGs
[2025-01-20T08:20:59.563+0000] {logging_mixin.py:190} INFO - [2025-01-20T08:20:59.563+0000] {dag.py:4180} INFO - Setting next_dagrun for example_branch_operator to 2025-01-19 00:00:00+00:00, run_after=2025-01-20 00:00:00+00:00
[2025-01-20T08:20:59.579+0000] {processor.py:208} INFO - Processing /home/airflow/.local/lib/python3.12/site-packages/airflow/example_dags/example_branch_operator.py took 0.072 seconds
[2025-01-20T08:21:30.282+0000] {processor.py:186} INFO - Started process (PID=50353) to work on /home/airflow/.local/lib/python3.12/site-packages/airflow/example_dags/example_branch_operator.py
[2025-01-20T08:21:30.282+0000] {processor.py:914} INFO - Processing file /home/airflow/.local/lib/python3.12/site-packages/airflow/example_dags/example_branch_operator.py for tasks to queue
[2025-01-20T08:21:30.284+0000] {logging_mixin.py:190} INFO - [2025-01-20T08:21:30.284+0000] {dagbag.py:588} INFO - Filling up the DagBag from /home/airflow/.local/lib/python3.12/site-packages/airflow/example_dags/example_branch_operator.py
[2025-01-20T08:21:30.295+0000] {processor.py:925} INFO - DAG(s) 'example_branch_operator' retrieved from /home/airflow/.local/lib/python3.12/site-packages/airflow/example_dags/example_branch_operator.py
[2025-01-20T08:21:30.314+0000] {logging_mixin.py:190} INFO - [2025-01-20T08:21:30.313+0000] {dag.py:3239} INFO - Sync 1 DAGs
[2025-01-20T08:21:30.334+0000] {logging_mixin.py:190} INFO - [2025-01-20T08:21:30.333+0000] {dag.py:4180} INFO - Setting next_dagrun for example_branch_operator to 2025-01-19 00:00:00+00:00, run_after=2025-01-20 00:00:00+00:00
[2025-01-20T08:21:30.351+0000] {processor.py:208} INFO - Processing /home/airflow/.local/lib/python3.12/site-packages/airflow/example_dags/example_branch_operator.py took 0.073 seconds
[2025-01-20T08:22:01.272+0000] {processor.py:186} INFO - Started process (PID=50655) to work on /home/airflow/.local/lib/python3.12/site-packages/airflow/example_dags/example_branch_operator.py
[2025-01-20T08:22:01.274+0000] {processor.py:914} INFO - Processing file /home/airflow/.local/lib/python3.12/site-packages/airflow/example_dags/example_branch_operator.py for tasks to queue
[2025-01-20T08:22:01.277+0000] {logging_mixin.py:190} INFO - [2025-01-20T08:22:01.277+0000] {dagbag.py:588} INFO - Filling up the DagBag from /home/airflow/.local/lib/python3.12/site-packages/airflow/example_dags/example_branch_operator.py
[2025-01-20T08:22:01.293+0000] {processor.py:925} INFO - DAG(s) 'example_branch_operator' retrieved from /home/airflow/.local/lib/python3.12/site-packages/airflow/example_dags/example_branch_operator.py
[2025-01-20T08:22:01.316+0000] {logging_mixin.py:190} INFO - [2025-01-20T08:22:01.316+0000] {dag.py:3239} INFO - Sync 1 DAGs
[2025-01-20T08:22:01.337+0000] {logging_mixin.py:190} INFO - [2025-01-20T08:22:01.337+0000] {dag.py:4180} INFO - Setting next_dagrun for example_branch_operator to 2025-01-19 00:00:00+00:00, run_after=2025-01-20 00:00:00+00:00
[2025-01-20T08:22:01.359+0000] {processor.py:208} INFO - Processing /home/airflow/.local/lib/python3.12/site-packages/airflow/example_dags/example_branch_operator.py took 0.093 seconds
[2025-01-20T08:22:32.036+0000] {processor.py:186} INFO - Started process (PID=50960) to work on /home/airflow/.local/lib/python3.12/site-packages/airflow/example_dags/example_branch_operator.py
[2025-01-20T08:22:32.038+0000] {processor.py:914} INFO - Processing file /home/airflow/.local/lib/python3.12/site-packages/airflow/example_dags/example_branch_operator.py for tasks to queue
[2025-01-20T08:22:32.045+0000] {logging_mixin.py:190} INFO - [2025-01-20T08:22:32.044+0000] {dagbag.py:588} INFO - Filling up the DagBag from /home/airflow/.local/lib/python3.12/site-packages/airflow/example_dags/example_branch_operator.py
[2025-01-20T08:22:32.071+0000] {processor.py:925} INFO - DAG(s) 'example_branch_operator' retrieved from /home/airflow/.local/lib/python3.12/site-packages/airflow/example_dags/example_branch_operator.py
[2025-01-20T08:22:32.108+0000] {logging_mixin.py:190} INFO - [2025-01-20T08:22:32.108+0000] {dag.py:3239} INFO - Sync 1 DAGs
[2025-01-20T08:22:32.130+0000] {logging_mixin.py:190} INFO - [2025-01-20T08:22:32.129+0000] {dag.py:4180} INFO - Setting next_dagrun for example_branch_operator to 2025-01-19 00:00:00+00:00, run_after=2025-01-20 00:00:00+00:00
[2025-01-20T08:22:32.154+0000] {processor.py:208} INFO - Processing /home/airflow/.local/lib/python3.12/site-packages/airflow/example_dags/example_branch_operator.py took 0.123 seconds
[2025-01-20T08:23:03.074+0000] {processor.py:186} INFO - Started process (PID=51266) to work on /home/airflow/.local/lib/python3.12/site-packages/airflow/example_dags/example_branch_operator.py
[2025-01-20T08:23:03.074+0000] {processor.py:914} INFO - Processing file /home/airflow/.local/lib/python3.12/site-packages/airflow/example_dags/example_branch_operator.py for tasks to queue
[2025-01-20T08:23:03.078+0000] {logging_mixin.py:190} INFO - [2025-01-20T08:23:03.077+0000] {dagbag.py:588} INFO - Filling up the DagBag from /home/airflow/.local/lib/python3.12/site-packages/airflow/example_dags/example_branch_operator.py
[2025-01-20T08:23:03.091+0000] {processor.py:925} INFO - DAG(s) 'example_branch_operator' retrieved from /home/airflow/.local/lib/python3.12/site-packages/airflow/example_dags/example_branch_operator.py
[2025-01-20T08:23:03.114+0000] {logging_mixin.py:190} INFO - [2025-01-20T08:23:03.114+0000] {dag.py:3239} INFO - Sync 1 DAGs
[2025-01-20T08:23:03.136+0000] {logging_mixin.py:190} INFO - [2025-01-20T08:23:03.135+0000] {dag.py:4180} INFO - Setting next_dagrun for example_branch_operator to 2025-01-19 00:00:00+00:00, run_after=2025-01-20 00:00:00+00:00
[2025-01-20T08:23:03.154+0000] {processor.py:208} INFO - Processing /home/airflow/.local/lib/python3.12/site-packages/airflow/example_dags/example_branch_operator.py took 0.087 seconds
[2025-01-20T08:23:33.977+0000] {processor.py:186} INFO - Started process (PID=51569) to work on /home/airflow/.local/lib/python3.12/site-packages/airflow/example_dags/example_branch_operator.py
[2025-01-20T08:23:33.978+0000] {processor.py:914} INFO - Processing file /home/airflow/.local/lib/python3.12/site-packages/airflow/example_dags/example_branch_operator.py for tasks to queue
[2025-01-20T08:23:33.979+0000] {logging_mixin.py:190} INFO - [2025-01-20T08:23:33.979+0000] {dagbag.py:588} INFO - Filling up the DagBag from /home/airflow/.local/lib/python3.12/site-packages/airflow/example_dags/example_branch_operator.py
[2025-01-20T08:23:33.991+0000] {processor.py:925} INFO - DAG(s) 'example_branch_operator' retrieved from /home/airflow/.local/lib/python3.12/site-packages/airflow/example_dags/example_branch_operator.py
[2025-01-20T08:23:34.008+0000] {logging_mixin.py:190} INFO - [2025-01-20T08:23:34.008+0000] {dag.py:3239} INFO - Sync 1 DAGs
[2025-01-20T08:23:34.022+0000] {logging_mixin.py:190} INFO - [2025-01-20T08:23:34.022+0000] {dag.py:4180} INFO - Setting next_dagrun for example_branch_operator to 2025-01-19 00:00:00+00:00, run_after=2025-01-20 00:00:00+00:00
[2025-01-20T08:23:34.035+0000] {processor.py:208} INFO - Processing /home/airflow/.local/lib/python3.12/site-packages/airflow/example_dags/example_branch_operator.py took 0.062 seconds
[2025-01-20T08:24:04.897+0000] {processor.py:186} INFO - Started process (PID=51875) to work on /home/airflow/.local/lib/python3.12/site-packages/airflow/example_dags/example_branch_operator.py
[2025-01-20T08:24:04.898+0000] {processor.py:914} INFO - Processing file /home/airflow/.local/lib/python3.12/site-packages/airflow/example_dags/example_branch_operator.py for tasks to queue
[2025-01-20T08:24:04.902+0000] {logging_mixin.py:190} INFO - [2025-01-20T08:24:04.901+0000] {dagbag.py:588} INFO - Filling up the DagBag from /home/airflow/.local/lib/python3.12/site-packages/airflow/example_dags/example_branch_operator.py
[2025-01-20T08:24:04.926+0000] {processor.py:925} INFO - DAG(s) 'example_branch_operator' retrieved from /home/airflow/.local/lib/python3.12/site-packages/airflow/example_dags/example_branch_operator.py
[2025-01-20T08:24:04.954+0000] {logging_mixin.py:190} INFO - [2025-01-20T08:24:04.954+0000] {dag.py:3239} INFO - Sync 1 DAGs
[2025-01-20T08:24:04.997+0000] {logging_mixin.py:190} INFO - [2025-01-20T08:24:04.996+0000] {dag.py:4180} INFO - Setting next_dagrun for example_branch_operator to 2025-01-19 00:00:00+00:00, run_after=2025-01-20 00:00:00+00:00
[2025-01-20T08:24:05.011+0000] {processor.py:208} INFO - Processing /home/airflow/.local/lib/python3.12/site-packages/airflow/example_dags/example_branch_operator.py took 0.120 seconds
[2025-01-20T08:24:35.857+0000] {processor.py:186} INFO - Started process (PID=52174) to work on /home/airflow/.local/lib/python3.12/site-packages/airflow/example_dags/example_branch_operator.py
[2025-01-20T08:24:35.858+0000] {processor.py:914} INFO - Processing file /home/airflow/.local/lib/python3.12/site-packages/airflow/example_dags/example_branch_operator.py for tasks to queue
[2025-01-20T08:24:35.861+0000] {logging_mixin.py:190} INFO - [2025-01-20T08:24:35.860+0000] {dagbag.py:588} INFO - Filling up the DagBag from /home/airflow/.local/lib/python3.12/site-packages/airflow/example_dags/example_branch_operator.py
[2025-01-20T08:24:35.874+0000] {processor.py:925} INFO - DAG(s) 'example_branch_operator' retrieved from /home/airflow/.local/lib/python3.12/site-packages/airflow/example_dags/example_branch_operator.py
[2025-01-20T08:24:35.899+0000] {logging_mixin.py:190} INFO - [2025-01-20T08:24:35.898+0000] {dag.py:3239} INFO - Sync 1 DAGs
[2025-01-20T08:24:35.921+0000] {logging_mixin.py:190} INFO - [2025-01-20T08:24:35.921+0000] {dag.py:4180} INFO - Setting next_dagrun for example_branch_operator to 2025-01-19 00:00:00+00:00, run_after=2025-01-20 00:00:00+00:00
[2025-01-20T08:24:35.937+0000] {processor.py:208} INFO - Processing /home/airflow/.local/lib/python3.12/site-packages/airflow/example_dags/example_branch_operator.py took 0.086 seconds
[2025-01-20T08:25:06.792+0000] {processor.py:186} INFO - Started process (PID=52480) to work on /home/airflow/.local/lib/python3.12/site-packages/airflow/example_dags/example_branch_operator.py
[2025-01-20T08:25:06.793+0000] {processor.py:914} INFO - Processing file /home/airflow/.local/lib/python3.12/site-packages/airflow/example_dags/example_branch_operator.py for tasks to queue
[2025-01-20T08:25:06.796+0000] {logging_mixin.py:190} INFO - [2025-01-20T08:25:06.796+0000] {dagbag.py:588} INFO - Filling up the DagBag from /home/airflow/.local/lib/python3.12/site-packages/airflow/example_dags/example_branch_operator.py
[2025-01-20T08:25:06.815+0000] {processor.py:925} INFO - DAG(s) 'example_branch_operator' retrieved from /home/airflow/.local/lib/python3.12/site-packages/airflow/example_dags/example_branch_operator.py
[2025-01-20T08:25:06.835+0000] {logging_mixin.py:190} INFO - [2025-01-20T08:25:06.835+0000] {dag.py:3239} INFO - Sync 1 DAGs
[2025-01-20T08:25:06.860+0000] {logging_mixin.py:190} INFO - [2025-01-20T08:25:06.860+0000] {dag.py:4180} INFO - Setting next_dagrun for example_branch_operator to 2025-01-19 00:00:00+00:00, run_after=2025-01-20 00:00:00+00:00
[2025-01-20T08:25:06.875+0000] {processor.py:208} INFO - Processing /home/airflow/.local/lib/python3.12/site-packages/airflow/example_dags/example_branch_operator.py took 0.087 seconds
[2025-01-20T08:25:37.329+0000] {processor.py:186} INFO - Started process (PID=52781) to work on /home/airflow/.local/lib/python3.12/site-packages/airflow/example_dags/example_branch_operator.py
[2025-01-20T08:25:37.330+0000] {processor.py:914} INFO - Processing file /home/airflow/.local/lib/python3.12/site-packages/airflow/example_dags/example_branch_operator.py for tasks to queue
[2025-01-20T08:25:37.333+0000] {logging_mixin.py:190} INFO - [2025-01-20T08:25:37.333+0000] {dagbag.py:588} INFO - Filling up the DagBag from /home/airflow/.local/lib/python3.12/site-packages/airflow/example_dags/example_branch_operator.py
[2025-01-20T08:25:37.353+0000] {processor.py:925} INFO - DAG(s) 'example_branch_operator' retrieved from /home/airflow/.local/lib/python3.12/site-packages/airflow/example_dags/example_branch_operator.py
[2025-01-20T08:25:37.402+0000] {logging_mixin.py:190} INFO - [2025-01-20T08:25:37.401+0000] {dag.py:3239} INFO - Sync 1 DAGs
[2025-01-20T08:25:37.432+0000] {logging_mixin.py:190} INFO - [2025-01-20T08:25:37.431+0000] {dag.py:4180} INFO - Setting next_dagrun for example_branch_operator to 2025-01-19 00:00:00+00:00, run_after=2025-01-20 00:00:00+00:00
[2025-01-20T08:25:37.452+0000] {processor.py:208} INFO - Processing /home/airflow/.local/lib/python3.12/site-packages/airflow/example_dags/example_branch_operator.py took 0.128 seconds
[2025-01-20T08:26:07.650+0000] {processor.py:186} INFO - Started process (PID=53087) to work on /home/airflow/.local/lib/python3.12/site-packages/airflow/example_dags/example_branch_operator.py
[2025-01-20T08:26:07.651+0000] {processor.py:914} INFO - Processing file /home/airflow/.local/lib/python3.12/site-packages/airflow/example_dags/example_branch_operator.py for tasks to queue
[2025-01-20T08:26:07.655+0000] {logging_mixin.py:190} INFO - [2025-01-20T08:26:07.654+0000] {dagbag.py:588} INFO - Filling up the DagBag from /home/airflow/.local/lib/python3.12/site-packages/airflow/example_dags/example_branch_operator.py
[2025-01-20T08:26:07.671+0000] {processor.py:925} INFO - DAG(s) 'example_branch_operator' retrieved from /home/airflow/.local/lib/python3.12/site-packages/airflow/example_dags/example_branch_operator.py
[2025-01-20T08:26:07.699+0000] {logging_mixin.py:190} INFO - [2025-01-20T08:26:07.699+0000] {dag.py:3239} INFO - Sync 1 DAGs
[2025-01-20T08:26:07.720+0000] {logging_mixin.py:190} INFO - [2025-01-20T08:26:07.719+0000] {dag.py:4180} INFO - Setting next_dagrun for example_branch_operator to 2025-01-19 00:00:00+00:00, run_after=2025-01-20 00:00:00+00:00
[2025-01-20T08:26:07.738+0000] {processor.py:208} INFO - Processing /home/airflow/.local/lib/python3.12/site-packages/airflow/example_dags/example_branch_operator.py took 0.095 seconds
[2025-01-20T08:26:38.153+0000] {processor.py:186} INFO - Started process (PID=53388) to work on /home/airflow/.local/lib/python3.12/site-packages/airflow/example_dags/example_branch_operator.py
[2025-01-20T08:26:38.154+0000] {processor.py:914} INFO - Processing file /home/airflow/.local/lib/python3.12/site-packages/airflow/example_dags/example_branch_operator.py for tasks to queue
[2025-01-20T08:26:38.157+0000] {logging_mixin.py:190} INFO - [2025-01-20T08:26:38.157+0000] {dagbag.py:588} INFO - Filling up the DagBag from /home/airflow/.local/lib/python3.12/site-packages/airflow/example_dags/example_branch_operator.py
[2025-01-20T08:26:38.169+0000] {processor.py:925} INFO - DAG(s) 'example_branch_operator' retrieved from /home/airflow/.local/lib/python3.12/site-packages/airflow/example_dags/example_branch_operator.py
[2025-01-20T08:26:38.194+0000] {logging_mixin.py:190} INFO - [2025-01-20T08:26:38.193+0000] {dag.py:3239} INFO - Sync 1 DAGs
[2025-01-20T08:26:38.219+0000] {logging_mixin.py:190} INFO - [2025-01-20T08:26:38.218+0000] {dag.py:4180} INFO - Setting next_dagrun for example_branch_operator to 2025-01-19 00:00:00+00:00, run_after=2025-01-20 00:00:00+00:00
[2025-01-20T08:26:38.236+0000] {processor.py:208} INFO - Processing /home/airflow/.local/lib/python3.12/site-packages/airflow/example_dags/example_branch_operator.py took 0.088 seconds
[2025-01-20T08:27:08.784+0000] {processor.py:186} INFO - Started process (PID=53694) to work on /home/airflow/.local/lib/python3.12/site-packages/airflow/example_dags/example_branch_operator.py
[2025-01-20T08:27:08.785+0000] {processor.py:914} INFO - Processing file /home/airflow/.local/lib/python3.12/site-packages/airflow/example_dags/example_branch_operator.py for tasks to queue
[2025-01-20T08:27:08.788+0000] {logging_mixin.py:190} INFO - [2025-01-20T08:27:08.788+0000] {dagbag.py:588} INFO - Filling up the DagBag from /home/airflow/.local/lib/python3.12/site-packages/airflow/example_dags/example_branch_operator.py
[2025-01-20T08:27:08.800+0000] {processor.py:925} INFO - DAG(s) 'example_branch_operator' retrieved from /home/airflow/.local/lib/python3.12/site-packages/airflow/example_dags/example_branch_operator.py
[2025-01-20T08:27:08.819+0000] {logging_mixin.py:190} INFO - [2025-01-20T08:27:08.819+0000] {dag.py:3239} INFO - Sync 1 DAGs
[2025-01-20T08:27:08.840+0000] {logging_mixin.py:190} INFO - [2025-01-20T08:27:08.840+0000] {dag.py:4180} INFO - Setting next_dagrun for example_branch_operator to 2025-01-19 00:00:00+00:00, run_after=2025-01-20 00:00:00+00:00
[2025-01-20T08:27:08.860+0000] {processor.py:208} INFO - Processing /home/airflow/.local/lib/python3.12/site-packages/airflow/example_dags/example_branch_operator.py took 0.083 seconds
[2025-01-20T08:27:39.353+0000] {processor.py:186} INFO - Started process (PID=53997) to work on /home/airflow/.local/lib/python3.12/site-packages/airflow/example_dags/example_branch_operator.py
[2025-01-20T08:27:39.354+0000] {processor.py:914} INFO - Processing file /home/airflow/.local/lib/python3.12/site-packages/airflow/example_dags/example_branch_operator.py for tasks to queue
[2025-01-20T08:27:39.356+0000] {logging_mixin.py:190} INFO - [2025-01-20T08:27:39.355+0000] {dagbag.py:588} INFO - Filling up the DagBag from /home/airflow/.local/lib/python3.12/site-packages/airflow/example_dags/example_branch_operator.py
[2025-01-20T08:27:39.366+0000] {processor.py:925} INFO - DAG(s) 'example_branch_operator' retrieved from /home/airflow/.local/lib/python3.12/site-packages/airflow/example_dags/example_branch_operator.py
[2025-01-20T08:27:39.382+0000] {logging_mixin.py:190} INFO - [2025-01-20T08:27:39.382+0000] {dag.py:3239} INFO - Sync 1 DAGs
[2025-01-20T08:27:39.396+0000] {logging_mixin.py:190} INFO - [2025-01-20T08:27:39.396+0000] {dag.py:4180} INFO - Setting next_dagrun for example_branch_operator to 2025-01-19 00:00:00+00:00, run_after=2025-01-20 00:00:00+00:00
[2025-01-20T08:27:39.411+0000] {processor.py:208} INFO - Processing /home/airflow/.local/lib/python3.12/site-packages/airflow/example_dags/example_branch_operator.py took 0.062 seconds
[2025-01-20T08:28:09.810+0000] {processor.py:186} INFO - Started process (PID=54301) to work on /home/airflow/.local/lib/python3.12/site-packages/airflow/example_dags/example_branch_operator.py
[2025-01-20T08:28:09.811+0000] {processor.py:914} INFO - Processing file /home/airflow/.local/lib/python3.12/site-packages/airflow/example_dags/example_branch_operator.py for tasks to queue
[2025-01-20T08:28:09.816+0000] {logging_mixin.py:190} INFO - [2025-01-20T08:28:09.816+0000] {dagbag.py:588} INFO - Filling up the DagBag from /home/airflow/.local/lib/python3.12/site-packages/airflow/example_dags/example_branch_operator.py
[2025-01-20T08:28:09.830+0000] {processor.py:925} INFO - DAG(s) 'example_branch_operator' retrieved from /home/airflow/.local/lib/python3.12/site-packages/airflow/example_dags/example_branch_operator.py
[2025-01-20T08:28:09.849+0000] {logging_mixin.py:190} INFO - [2025-01-20T08:28:09.849+0000] {dag.py:3239} INFO - Sync 1 DAGs
[2025-01-20T08:28:09.865+0000] {logging_mixin.py:190} INFO - [2025-01-20T08:28:09.865+0000] {dag.py:4180} INFO - Setting next_dagrun for example_branch_operator to 2025-01-19 00:00:00+00:00, run_after=2025-01-20 00:00:00+00:00
[2025-01-20T08:28:09.878+0000] {processor.py:208} INFO - Processing /home/airflow/.local/lib/python3.12/site-packages/airflow/example_dags/example_branch_operator.py took 0.075 seconds
[2025-01-20T08:28:40.369+0000] {processor.py:186} INFO - Started process (PID=54602) to work on /home/airflow/.local/lib/python3.12/site-packages/airflow/example_dags/example_branch_operator.py
[2025-01-20T08:28:40.370+0000] {processor.py:914} INFO - Processing file /home/airflow/.local/lib/python3.12/site-packages/airflow/example_dags/example_branch_operator.py for tasks to queue
[2025-01-20T08:28:40.372+0000] {logging_mixin.py:190} INFO - [2025-01-20T08:28:40.372+0000] {dagbag.py:588} INFO - Filling up the DagBag from /home/airflow/.local/lib/python3.12/site-packages/airflow/example_dags/example_branch_operator.py
[2025-01-20T08:28:40.393+0000] {processor.py:925} INFO - DAG(s) 'example_branch_operator' retrieved from /home/airflow/.local/lib/python3.12/site-packages/airflow/example_dags/example_branch_operator.py
[2025-01-20T08:28:40.415+0000] {logging_mixin.py:190} INFO - [2025-01-20T08:28:40.415+0000] {dag.py:3239} INFO - Sync 1 DAGs
[2025-01-20T08:28:40.432+0000] {logging_mixin.py:190} INFO - [2025-01-20T08:28:40.432+0000] {dag.py:4180} INFO - Setting next_dagrun for example_branch_operator to 2025-01-19 00:00:00+00:00, run_after=2025-01-20 00:00:00+00:00
[2025-01-20T08:28:40.447+0000] {processor.py:208} INFO - Processing /home/airflow/.local/lib/python3.12/site-packages/airflow/example_dags/example_branch_operator.py took 0.085 seconds
[2025-01-20T08:29:11.117+0000] {processor.py:186} INFO - Started process (PID=54910) to work on /home/airflow/.local/lib/python3.12/site-packages/airflow/example_dags/example_branch_operator.py
[2025-01-20T08:29:11.118+0000] {processor.py:914} INFO - Processing file /home/airflow/.local/lib/python3.12/site-packages/airflow/example_dags/example_branch_operator.py for tasks to queue
[2025-01-20T08:29:11.120+0000] {logging_mixin.py:190} INFO - [2025-01-20T08:29:11.119+0000] {dagbag.py:588} INFO - Filling up the DagBag from /home/airflow/.local/lib/python3.12/site-packages/airflow/example_dags/example_branch_operator.py
[2025-01-20T08:29:11.131+0000] {processor.py:925} INFO - DAG(s) 'example_branch_operator' retrieved from /home/airflow/.local/lib/python3.12/site-packages/airflow/example_dags/example_branch_operator.py
[2025-01-20T08:29:11.147+0000] {logging_mixin.py:190} INFO - [2025-01-20T08:29:11.147+0000] {dag.py:3239} INFO - Sync 1 DAGs
[2025-01-20T08:29:11.168+0000] {logging_mixin.py:190} INFO - [2025-01-20T08:29:11.168+0000] {dag.py:4180} INFO - Setting next_dagrun for example_branch_operator to 2025-01-19 00:00:00+00:00, run_after=2025-01-20 00:00:00+00:00
[2025-01-20T08:29:11.187+0000] {processor.py:208} INFO - Processing /home/airflow/.local/lib/python3.12/site-packages/airflow/example_dags/example_branch_operator.py took 0.074 seconds
[2025-01-20T08:29:41.359+0000] {processor.py:186} INFO - Started process (PID=55209) to work on /home/airflow/.local/lib/python3.12/site-packages/airflow/example_dags/example_branch_operator.py
[2025-01-20T08:29:41.360+0000] {processor.py:914} INFO - Processing file /home/airflow/.local/lib/python3.12/site-packages/airflow/example_dags/example_branch_operator.py for tasks to queue
[2025-01-20T08:29:41.363+0000] {logging_mixin.py:190} INFO - [2025-01-20T08:29:41.363+0000] {dagbag.py:588} INFO - Filling up the DagBag from /home/airflow/.local/lib/python3.12/site-packages/airflow/example_dags/example_branch_operator.py
[2025-01-20T08:29:41.380+0000] {processor.py:925} INFO - DAG(s) 'example_branch_operator' retrieved from /home/airflow/.local/lib/python3.12/site-packages/airflow/example_dags/example_branch_operator.py
[2025-01-20T08:29:41.400+0000] {logging_mixin.py:190} INFO - [2025-01-20T08:29:41.400+0000] {dag.py:3239} INFO - Sync 1 DAGs
[2025-01-20T08:29:41.427+0000] {logging_mixin.py:190} INFO - [2025-01-20T08:29:41.426+0000] {dag.py:4180} INFO - Setting next_dagrun for example_branch_operator to 2025-01-19 00:00:00+00:00, run_after=2025-01-20 00:00:00+00:00
[2025-01-20T08:29:41.449+0000] {processor.py:208} INFO - Processing /home/airflow/.local/lib/python3.12/site-packages/airflow/example_dags/example_branch_operator.py took 0.095 seconds
[2025-01-20T08:30:11.787+0000] {processor.py:186} INFO - Started process (PID=55515) to work on /home/airflow/.local/lib/python3.12/site-packages/airflow/example_dags/example_branch_operator.py
[2025-01-20T08:30:11.788+0000] {processor.py:914} INFO - Processing file /home/airflow/.local/lib/python3.12/site-packages/airflow/example_dags/example_branch_operator.py for tasks to queue
[2025-01-20T08:30:11.790+0000] {logging_mixin.py:190} INFO - [2025-01-20T08:30:11.790+0000] {dagbag.py:588} INFO - Filling up the DagBag from /home/airflow/.local/lib/python3.12/site-packages/airflow/example_dags/example_branch_operator.py
[2025-01-20T08:30:11.802+0000] {processor.py:925} INFO - DAG(s) 'example_branch_operator' retrieved from /home/airflow/.local/lib/python3.12/site-packages/airflow/example_dags/example_branch_operator.py
[2025-01-20T08:30:11.822+0000] {logging_mixin.py:190} INFO - [2025-01-20T08:30:11.822+0000] {dag.py:3239} INFO - Sync 1 DAGs
[2025-01-20T08:30:11.840+0000] {logging_mixin.py:190} INFO - [2025-01-20T08:30:11.839+0000] {dag.py:4180} INFO - Setting next_dagrun for example_branch_operator to 2025-01-19 00:00:00+00:00, run_after=2025-01-20 00:00:00+00:00
[2025-01-20T08:30:11.854+0000] {processor.py:208} INFO - Processing /home/airflow/.local/lib/python3.12/site-packages/airflow/example_dags/example_branch_operator.py took 0.070 seconds
[2025-01-20T08:30:42.279+0000] {processor.py:186} INFO - Started process (PID=55816) to work on /home/airflow/.local/lib/python3.12/site-packages/airflow/example_dags/example_branch_operator.py
[2025-01-20T08:30:42.280+0000] {processor.py:914} INFO - Processing file /home/airflow/.local/lib/python3.12/site-packages/airflow/example_dags/example_branch_operator.py for tasks to queue
[2025-01-20T08:30:42.283+0000] {logging_mixin.py:190} INFO - [2025-01-20T08:30:42.282+0000] {dagbag.py:588} INFO - Filling up the DagBag from /home/airflow/.local/lib/python3.12/site-packages/airflow/example_dags/example_branch_operator.py
[2025-01-20T08:30:42.295+0000] {processor.py:925} INFO - DAG(s) 'example_branch_operator' retrieved from /home/airflow/.local/lib/python3.12/site-packages/airflow/example_dags/example_branch_operator.py
[2025-01-20T08:30:42.325+0000] {logging_mixin.py:190} INFO - [2025-01-20T08:30:42.325+0000] {dag.py:3239} INFO - Sync 1 DAGs
[2025-01-20T08:30:42.347+0000] {logging_mixin.py:190} INFO - [2025-01-20T08:30:42.346+0000] {dag.py:4180} INFO - Setting next_dagrun for example_branch_operator to 2025-01-19 00:00:00+00:00, run_after=2025-01-20 00:00:00+00:00
[2025-01-20T08:30:42.366+0000] {processor.py:208} INFO - Processing /home/airflow/.local/lib/python3.12/site-packages/airflow/example_dags/example_branch_operator.py took 0.092 seconds
[2025-01-20T08:31:13.253+0000] {processor.py:186} INFO - Started process (PID=56124) to work on /home/airflow/.local/lib/python3.12/site-packages/airflow/example_dags/example_branch_operator.py
[2025-01-20T08:31:13.254+0000] {processor.py:914} INFO - Processing file /home/airflow/.local/lib/python3.12/site-packages/airflow/example_dags/example_branch_operator.py for tasks to queue
[2025-01-20T08:31:13.260+0000] {logging_mixin.py:190} INFO - [2025-01-20T08:31:13.259+0000] {dagbag.py:588} INFO - Filling up the DagBag from /home/airflow/.local/lib/python3.12/site-packages/airflow/example_dags/example_branch_operator.py
[2025-01-20T08:31:13.277+0000] {processor.py:925} INFO - DAG(s) 'example_branch_operator' retrieved from /home/airflow/.local/lib/python3.12/site-packages/airflow/example_dags/example_branch_operator.py
[2025-01-20T08:31:13.297+0000] {logging_mixin.py:190} INFO - [2025-01-20T08:31:13.297+0000] {dag.py:3239} INFO - Sync 1 DAGs
[2025-01-20T08:31:13.325+0000] {logging_mixin.py:190} INFO - [2025-01-20T08:31:13.324+0000] {dag.py:4180} INFO - Setting next_dagrun for example_branch_operator to 2025-01-19 00:00:00+00:00, run_after=2025-01-20 00:00:00+00:00
[2025-01-20T08:31:13.347+0000] {processor.py:208} INFO - Processing /home/airflow/.local/lib/python3.12/site-packages/airflow/example_dags/example_branch_operator.py took 0.099 seconds
[2025-01-20T08:31:43.435+0000] {processor.py:186} INFO - Started process (PID=56429) to work on /home/airflow/.local/lib/python3.12/site-packages/airflow/example_dags/example_branch_operator.py
[2025-01-20T08:31:43.436+0000] {processor.py:914} INFO - Processing file /home/airflow/.local/lib/python3.12/site-packages/airflow/example_dags/example_branch_operator.py for tasks to queue
[2025-01-20T08:31:43.438+0000] {logging_mixin.py:190} INFO - [2025-01-20T08:31:43.437+0000] {dagbag.py:588} INFO - Filling up the DagBag from /home/airflow/.local/lib/python3.12/site-packages/airflow/example_dags/example_branch_operator.py
[2025-01-20T08:31:43.453+0000] {processor.py:925} INFO - DAG(s) 'example_branch_operator' retrieved from /home/airflow/.local/lib/python3.12/site-packages/airflow/example_dags/example_branch_operator.py
[2025-01-20T08:31:43.473+0000] {logging_mixin.py:190} INFO - [2025-01-20T08:31:43.473+0000] {dag.py:3239} INFO - Sync 1 DAGs
[2025-01-20T08:31:43.496+0000] {logging_mixin.py:190} INFO - [2025-01-20T08:31:43.496+0000] {dag.py:4180} INFO - Setting next_dagrun for example_branch_operator to 2025-01-19 00:00:00+00:00, run_after=2025-01-20 00:00:00+00:00
[2025-01-20T08:31:43.510+0000] {processor.py:208} INFO - Processing /home/airflow/.local/lib/python3.12/site-packages/airflow/example_dags/example_branch_operator.py took 0.079 seconds
[2025-01-20T08:32:13.862+0000] {processor.py:186} INFO - Started process (PID=56735) to work on /home/airflow/.local/lib/python3.12/site-packages/airflow/example_dags/example_branch_operator.py
[2025-01-20T08:32:13.863+0000] {processor.py:914} INFO - Processing file /home/airflow/.local/lib/python3.12/site-packages/airflow/example_dags/example_branch_operator.py for tasks to queue
[2025-01-20T08:32:13.864+0000] {logging_mixin.py:190} INFO - [2025-01-20T08:32:13.864+0000] {dagbag.py:588} INFO - Filling up the DagBag from /home/airflow/.local/lib/python3.12/site-packages/airflow/example_dags/example_branch_operator.py
[2025-01-20T08:32:13.876+0000] {processor.py:925} INFO - DAG(s) 'example_branch_operator' retrieved from /home/airflow/.local/lib/python3.12/site-packages/airflow/example_dags/example_branch_operator.py
[2025-01-20T08:32:13.896+0000] {logging_mixin.py:190} INFO - [2025-01-20T08:32:13.896+0000] {dag.py:3239} INFO - Sync 1 DAGs
[2025-01-20T08:32:13.923+0000] {logging_mixin.py:190} INFO - [2025-01-20T08:32:13.923+0000] {dag.py:4180} INFO - Setting next_dagrun for example_branch_operator to 2025-01-19 00:00:00+00:00, run_after=2025-01-20 00:00:00+00:00
[2025-01-20T08:32:13.940+0000] {processor.py:208} INFO - Processing /home/airflow/.local/lib/python3.12/site-packages/airflow/example_dags/example_branch_operator.py took 0.082 seconds
[2025-01-20T08:32:44.888+0000] {processor.py:186} INFO - Started process (PID=57036) to work on /home/airflow/.local/lib/python3.12/site-packages/airflow/example_dags/example_branch_operator.py
[2025-01-20T08:32:44.891+0000] {processor.py:914} INFO - Processing file /home/airflow/.local/lib/python3.12/site-packages/airflow/example_dags/example_branch_operator.py for tasks to queue
[2025-01-20T08:32:44.898+0000] {logging_mixin.py:190} INFO - [2025-01-20T08:32:44.897+0000] {dagbag.py:588} INFO - Filling up the DagBag from /home/airflow/.local/lib/python3.12/site-packages/airflow/example_dags/example_branch_operator.py
[2025-01-20T08:32:44.929+0000] {processor.py:925} INFO - DAG(s) 'example_branch_operator' retrieved from /home/airflow/.local/lib/python3.12/site-packages/airflow/example_dags/example_branch_operator.py
[2025-01-20T08:32:44.990+0000] {logging_mixin.py:190} INFO - [2025-01-20T08:32:44.990+0000] {dag.py:3239} INFO - Sync 1 DAGs
[2025-01-20T08:32:45.051+0000] {logging_mixin.py:190} INFO - [2025-01-20T08:32:45.051+0000] {dag.py:4180} INFO - Setting next_dagrun for example_branch_operator to 2025-01-19 00:00:00+00:00, run_after=2025-01-20 00:00:00+00:00
[2025-01-20T08:32:45.077+0000] {processor.py:208} INFO - Processing /home/airflow/.local/lib/python3.12/site-packages/airflow/example_dags/example_branch_operator.py took 0.199 seconds
[2025-01-20T08:33:15.656+0000] {processor.py:186} INFO - Started process (PID=57344) to work on /home/airflow/.local/lib/python3.12/site-packages/airflow/example_dags/example_branch_operator.py
[2025-01-20T08:33:15.657+0000] {processor.py:914} INFO - Processing file /home/airflow/.local/lib/python3.12/site-packages/airflow/example_dags/example_branch_operator.py for tasks to queue
[2025-01-20T08:33:15.659+0000] {logging_mixin.py:190} INFO - [2025-01-20T08:33:15.659+0000] {dagbag.py:588} INFO - Filling up the DagBag from /home/airflow/.local/lib/python3.12/site-packages/airflow/example_dags/example_branch_operator.py
[2025-01-20T08:33:15.670+0000] {processor.py:925} INFO - DAG(s) 'example_branch_operator' retrieved from /home/airflow/.local/lib/python3.12/site-packages/airflow/example_dags/example_branch_operator.py
[2025-01-20T08:33:15.689+0000] {logging_mixin.py:190} INFO - [2025-01-20T08:33:15.688+0000] {dag.py:3239} INFO - Sync 1 DAGs
[2025-01-20T08:33:15.705+0000] {logging_mixin.py:190} INFO - [2025-01-20T08:33:15.705+0000] {dag.py:4180} INFO - Setting next_dagrun for example_branch_operator to 2025-01-19 00:00:00+00:00, run_after=2025-01-20 00:00:00+00:00
[2025-01-20T08:33:15.720+0000] {processor.py:208} INFO - Processing /home/airflow/.local/lib/python3.12/site-packages/airflow/example_dags/example_branch_operator.py took 0.067 seconds
[2025-01-20T08:33:46.113+0000] {processor.py:186} INFO - Started process (PID=57643) to work on /home/airflow/.local/lib/python3.12/site-packages/airflow/example_dags/example_branch_operator.py
[2025-01-20T08:33:46.115+0000] {processor.py:914} INFO - Processing file /home/airflow/.local/lib/python3.12/site-packages/airflow/example_dags/example_branch_operator.py for tasks to queue
[2025-01-20T08:33:46.119+0000] {logging_mixin.py:190} INFO - [2025-01-20T08:33:46.118+0000] {dagbag.py:588} INFO - Filling up the DagBag from /home/airflow/.local/lib/python3.12/site-packages/airflow/example_dags/example_branch_operator.py
[2025-01-20T08:33:46.138+0000] {processor.py:925} INFO - DAG(s) 'example_branch_operator' retrieved from /home/airflow/.local/lib/python3.12/site-packages/airflow/example_dags/example_branch_operator.py
[2025-01-20T08:33:46.160+0000] {logging_mixin.py:190} INFO - [2025-01-20T08:33:46.160+0000] {dag.py:3239} INFO - Sync 1 DAGs
[2025-01-20T08:33:46.184+0000] {logging_mixin.py:190} INFO - [2025-01-20T08:33:46.184+0000] {dag.py:4180} INFO - Setting next_dagrun for example_branch_operator to 2025-01-19 00:00:00+00:00, run_after=2025-01-20 00:00:00+00:00
[2025-01-20T08:33:46.202+0000] {processor.py:208} INFO - Processing /home/airflow/.local/lib/python3.12/site-packages/airflow/example_dags/example_branch_operator.py took 0.093 seconds
[2025-01-20T08:34:16.525+0000] {processor.py:186} INFO - Started process (PID=57949) to work on /home/airflow/.local/lib/python3.12/site-packages/airflow/example_dags/example_branch_operator.py
[2025-01-20T08:34:16.526+0000] {processor.py:914} INFO - Processing file /home/airflow/.local/lib/python3.12/site-packages/airflow/example_dags/example_branch_operator.py for tasks to queue
[2025-01-20T08:34:16.527+0000] {logging_mixin.py:190} INFO - [2025-01-20T08:34:16.527+0000] {dagbag.py:588} INFO - Filling up the DagBag from /home/airflow/.local/lib/python3.12/site-packages/airflow/example_dags/example_branch_operator.py
[2025-01-20T08:34:16.538+0000] {processor.py:925} INFO - DAG(s) 'example_branch_operator' retrieved from /home/airflow/.local/lib/python3.12/site-packages/airflow/example_dags/example_branch_operator.py
[2025-01-20T08:34:16.560+0000] {logging_mixin.py:190} INFO - [2025-01-20T08:34:16.560+0000] {dag.py:3239} INFO - Sync 1 DAGs
[2025-01-20T08:34:16.579+0000] {logging_mixin.py:190} INFO - [2025-01-20T08:34:16.579+0000] {dag.py:4180} INFO - Setting next_dagrun for example_branch_operator to 2025-01-19 00:00:00+00:00, run_after=2025-01-20 00:00:00+00:00
[2025-01-20T08:34:16.593+0000] {processor.py:208} INFO - Processing /home/airflow/.local/lib/python3.12/site-packages/airflow/example_dags/example_branch_operator.py took 0.073 seconds
[2025-01-20T08:34:47.497+0000] {processor.py:186} INFO - Started process (PID=58250) to work on /home/airflow/.local/lib/python3.12/site-packages/airflow/example_dags/example_branch_operator.py
[2025-01-20T08:34:47.499+0000] {processor.py:914} INFO - Processing file /home/airflow/.local/lib/python3.12/site-packages/airflow/example_dags/example_branch_operator.py for tasks to queue
[2025-01-20T08:34:47.501+0000] {logging_mixin.py:190} INFO - [2025-01-20T08:34:47.501+0000] {dagbag.py:588} INFO - Filling up the DagBag from /home/airflow/.local/lib/python3.12/site-packages/airflow/example_dags/example_branch_operator.py
[2025-01-20T08:34:47.521+0000] {processor.py:925} INFO - DAG(s) 'example_branch_operator' retrieved from /home/airflow/.local/lib/python3.12/site-packages/airflow/example_dags/example_branch_operator.py
[2025-01-20T08:34:47.543+0000] {logging_mixin.py:190} INFO - [2025-01-20T08:34:47.543+0000] {dag.py:3239} INFO - Sync 1 DAGs
[2025-01-20T08:34:47.561+0000] {logging_mixin.py:190} INFO - [2025-01-20T08:34:47.561+0000] {dag.py:4180} INFO - Setting next_dagrun for example_branch_operator to 2025-01-19 00:00:00+00:00, run_after=2025-01-20 00:00:00+00:00
[2025-01-20T08:34:47.580+0000] {processor.py:208} INFO - Processing /home/airflow/.local/lib/python3.12/site-packages/airflow/example_dags/example_branch_operator.py took 0.087 seconds
[2025-01-20T08:35:18.467+0000] {processor.py:186} INFO - Started process (PID=58558) to work on /home/airflow/.local/lib/python3.12/site-packages/airflow/example_dags/example_branch_operator.py
[2025-01-20T08:35:18.468+0000] {processor.py:914} INFO - Processing file /home/airflow/.local/lib/python3.12/site-packages/airflow/example_dags/example_branch_operator.py for tasks to queue
[2025-01-20T08:35:18.470+0000] {logging_mixin.py:190} INFO - [2025-01-20T08:35:18.469+0000] {dagbag.py:588} INFO - Filling up the DagBag from /home/airflow/.local/lib/python3.12/site-packages/airflow/example_dags/example_branch_operator.py
[2025-01-20T08:35:18.482+0000] {processor.py:925} INFO - DAG(s) 'example_branch_operator' retrieved from /home/airflow/.local/lib/python3.12/site-packages/airflow/example_dags/example_branch_operator.py
[2025-01-20T08:35:18.505+0000] {logging_mixin.py:190} INFO - [2025-01-20T08:35:18.505+0000] {dag.py:3239} INFO - Sync 1 DAGs
[2025-01-20T08:35:18.522+0000] {logging_mixin.py:190} INFO - [2025-01-20T08:35:18.522+0000] {dag.py:4180} INFO - Setting next_dagrun for example_branch_operator to 2025-01-19 00:00:00+00:00, run_after=2025-01-20 00:00:00+00:00
[2025-01-20T08:35:18.539+0000] {processor.py:208} INFO - Processing /home/airflow/.local/lib/python3.12/site-packages/airflow/example_dags/example_branch_operator.py took 0.078 seconds
[2025-01-20T08:35:48.664+0000] {processor.py:186} INFO - Started process (PID=58857) to work on /home/airflow/.local/lib/python3.12/site-packages/airflow/example_dags/example_branch_operator.py
[2025-01-20T08:35:48.665+0000] {processor.py:914} INFO - Processing file /home/airflow/.local/lib/python3.12/site-packages/airflow/example_dags/example_branch_operator.py for tasks to queue
[2025-01-20T08:35:48.668+0000] {logging_mixin.py:190} INFO - [2025-01-20T08:35:48.668+0000] {dagbag.py:588} INFO - Filling up the DagBag from /home/airflow/.local/lib/python3.12/site-packages/airflow/example_dags/example_branch_operator.py
[2025-01-20T08:35:48.688+0000] {processor.py:925} INFO - DAG(s) 'example_branch_operator' retrieved from /home/airflow/.local/lib/python3.12/site-packages/airflow/example_dags/example_branch_operator.py
[2025-01-20T08:35:48.713+0000] {logging_mixin.py:190} INFO - [2025-01-20T08:35:48.713+0000] {dag.py:3239} INFO - Sync 1 DAGs
[2025-01-20T08:35:48.728+0000] {logging_mixin.py:190} INFO - [2025-01-20T08:35:48.728+0000] {dag.py:4180} INFO - Setting next_dagrun for example_branch_operator to 2025-01-19 00:00:00+00:00, run_after=2025-01-20 00:00:00+00:00
[2025-01-20T08:35:48.743+0000] {processor.py:208} INFO - Processing /home/airflow/.local/lib/python3.12/site-packages/airflow/example_dags/example_branch_operator.py took 0.083 seconds
[2025-01-20T08:36:19.695+0000] {processor.py:186} INFO - Started process (PID=59163) to work on /home/airflow/.local/lib/python3.12/site-packages/airflow/example_dags/example_branch_operator.py
[2025-01-20T08:36:19.696+0000] {processor.py:914} INFO - Processing file /home/airflow/.local/lib/python3.12/site-packages/airflow/example_dags/example_branch_operator.py for tasks to queue
[2025-01-20T08:36:19.698+0000] {logging_mixin.py:190} INFO - [2025-01-20T08:36:19.698+0000] {dagbag.py:588} INFO - Filling up the DagBag from /home/airflow/.local/lib/python3.12/site-packages/airflow/example_dags/example_branch_operator.py
[2025-01-20T08:36:19.718+0000] {processor.py:925} INFO - DAG(s) 'example_branch_operator' retrieved from /home/airflow/.local/lib/python3.12/site-packages/airflow/example_dags/example_branch_operator.py
[2025-01-20T08:36:19.745+0000] {logging_mixin.py:190} INFO - [2025-01-20T08:36:19.745+0000] {dag.py:3239} INFO - Sync 1 DAGs
[2025-01-20T08:36:19.762+0000] {logging_mixin.py:190} INFO - [2025-01-20T08:36:19.761+0000] {dag.py:4180} INFO - Setting next_dagrun for example_branch_operator to 2025-01-19 00:00:00+00:00, run_after=2025-01-20 00:00:00+00:00
[2025-01-20T08:36:19.775+0000] {processor.py:208} INFO - Processing /home/airflow/.local/lib/python3.12/site-packages/airflow/example_dags/example_branch_operator.py took 0.088 seconds
[2025-01-20T08:36:49.946+0000] {processor.py:186} INFO - Started process (PID=59464) to work on /home/airflow/.local/lib/python3.12/site-packages/airflow/example_dags/example_branch_operator.py
[2025-01-20T08:36:49.947+0000] {processor.py:914} INFO - Processing file /home/airflow/.local/lib/python3.12/site-packages/airflow/example_dags/example_branch_operator.py for tasks to queue
[2025-01-20T08:36:49.949+0000] {logging_mixin.py:190} INFO - [2025-01-20T08:36:49.949+0000] {dagbag.py:588} INFO - Filling up the DagBag from /home/airflow/.local/lib/python3.12/site-packages/airflow/example_dags/example_branch_operator.py
[2025-01-20T08:36:49.963+0000] {processor.py:925} INFO - DAG(s) 'example_branch_operator' retrieved from /home/airflow/.local/lib/python3.12/site-packages/airflow/example_dags/example_branch_operator.py
[2025-01-20T08:36:49.982+0000] {logging_mixin.py:190} INFO - [2025-01-20T08:36:49.982+0000] {dag.py:3239} INFO - Sync 1 DAGs
[2025-01-20T08:36:50.003+0000] {logging_mixin.py:190} INFO - [2025-01-20T08:36:50.003+0000] {dag.py:4180} INFO - Setting next_dagrun for example_branch_operator to 2025-01-19 00:00:00+00:00, run_after=2025-01-20 00:00:00+00:00
[2025-01-20T08:36:50.024+0000] {processor.py:208} INFO - Processing /home/airflow/.local/lib/python3.12/site-packages/airflow/example_dags/example_branch_operator.py took 0.083 seconds
[2025-01-20T08:37:20.282+0000] {processor.py:186} INFO - Started process (PID=59770) to work on /home/airflow/.local/lib/python3.12/site-packages/airflow/example_dags/example_branch_operator.py
[2025-01-20T08:37:20.283+0000] {processor.py:914} INFO - Processing file /home/airflow/.local/lib/python3.12/site-packages/airflow/example_dags/example_branch_operator.py for tasks to queue
[2025-01-20T08:37:20.284+0000] {logging_mixin.py:190} INFO - [2025-01-20T08:37:20.284+0000] {dagbag.py:588} INFO - Filling up the DagBag from /home/airflow/.local/lib/python3.12/site-packages/airflow/example_dags/example_branch_operator.py
[2025-01-20T08:37:20.295+0000] {processor.py:925} INFO - DAG(s) 'example_branch_operator' retrieved from /home/airflow/.local/lib/python3.12/site-packages/airflow/example_dags/example_branch_operator.py
[2025-01-20T08:37:20.315+0000] {logging_mixin.py:190} INFO - [2025-01-20T08:37:20.315+0000] {dag.py:3239} INFO - Sync 1 DAGs
[2025-01-20T08:37:20.343+0000] {logging_mixin.py:190} INFO - [2025-01-20T08:37:20.342+0000] {dag.py:4180} INFO - Setting next_dagrun for example_branch_operator to 2025-01-19 00:00:00+00:00, run_after=2025-01-20 00:00:00+00:00
[2025-01-20T08:37:20.364+0000] {processor.py:208} INFO - Processing /home/airflow/.local/lib/python3.12/site-packages/airflow/example_dags/example_branch_operator.py took 0.086 seconds
[2025-01-20T08:37:50.608+0000] {processor.py:186} INFO - Started process (PID=60071) to work on /home/airflow/.local/lib/python3.12/site-packages/airflow/example_dags/example_branch_operator.py
[2025-01-20T08:37:50.609+0000] {processor.py:914} INFO - Processing file /home/airflow/.local/lib/python3.12/site-packages/airflow/example_dags/example_branch_operator.py for tasks to queue
[2025-01-20T08:37:50.611+0000] {logging_mixin.py:190} INFO - [2025-01-20T08:37:50.611+0000] {dagbag.py:588} INFO - Filling up the DagBag from /home/airflow/.local/lib/python3.12/site-packages/airflow/example_dags/example_branch_operator.py
[2025-01-20T08:37:50.622+0000] {processor.py:925} INFO - DAG(s) 'example_branch_operator' retrieved from /home/airflow/.local/lib/python3.12/site-packages/airflow/example_dags/example_branch_operator.py
[2025-01-20T08:37:50.644+0000] {logging_mixin.py:190} INFO - [2025-01-20T08:37:50.644+0000] {dag.py:3239} INFO - Sync 1 DAGs
[2025-01-20T08:37:50.667+0000] {logging_mixin.py:190} INFO - [2025-01-20T08:37:50.667+0000] {dag.py:4180} INFO - Setting next_dagrun for example_branch_operator to 2025-01-19 00:00:00+00:00, run_after=2025-01-20 00:00:00+00:00
[2025-01-20T08:37:50.685+0000] {processor.py:208} INFO - Processing /home/airflow/.local/lib/python3.12/site-packages/airflow/example_dags/example_branch_operator.py took 0.084 seconds
[2025-01-20T08:38:21.403+0000] {processor.py:186} INFO - Started process (PID=60377) to work on /home/airflow/.local/lib/python3.12/site-packages/airflow/example_dags/example_branch_operator.py
[2025-01-20T08:38:21.404+0000] {processor.py:914} INFO - Processing file /home/airflow/.local/lib/python3.12/site-packages/airflow/example_dags/example_branch_operator.py for tasks to queue
[2025-01-20T08:38:21.408+0000] {logging_mixin.py:190} INFO - [2025-01-20T08:38:21.407+0000] {dagbag.py:588} INFO - Filling up the DagBag from /home/airflow/.local/lib/python3.12/site-packages/airflow/example_dags/example_branch_operator.py
[2025-01-20T08:38:21.424+0000] {processor.py:925} INFO - DAG(s) 'example_branch_operator' retrieved from /home/airflow/.local/lib/python3.12/site-packages/airflow/example_dags/example_branch_operator.py
[2025-01-20T08:38:21.444+0000] {logging_mixin.py:190} INFO - [2025-01-20T08:38:21.443+0000] {dag.py:3239} INFO - Sync 1 DAGs
[2025-01-20T08:38:21.461+0000] {logging_mixin.py:190} INFO - [2025-01-20T08:38:21.461+0000] {dag.py:4180} INFO - Setting next_dagrun for example_branch_operator to 2025-01-19 00:00:00+00:00, run_after=2025-01-20 00:00:00+00:00
[2025-01-20T08:38:21.477+0000] {processor.py:208} INFO - Processing /home/airflow/.local/lib/python3.12/site-packages/airflow/example_dags/example_branch_operator.py took 0.080 seconds
[2025-01-20T08:38:52.120+0000] {processor.py:186} INFO - Started process (PID=60678) to work on /home/airflow/.local/lib/python3.12/site-packages/airflow/example_dags/example_branch_operator.py
[2025-01-20T08:38:52.121+0000] {processor.py:914} INFO - Processing file /home/airflow/.local/lib/python3.12/site-packages/airflow/example_dags/example_branch_operator.py for tasks to queue
[2025-01-20T08:38:52.122+0000] {logging_mixin.py:190} INFO - [2025-01-20T08:38:52.122+0000] {dagbag.py:588} INFO - Filling up the DagBag from /home/airflow/.local/lib/python3.12/site-packages/airflow/example_dags/example_branch_operator.py
[2025-01-20T08:38:52.133+0000] {processor.py:925} INFO - DAG(s) 'example_branch_operator' retrieved from /home/airflow/.local/lib/python3.12/site-packages/airflow/example_dags/example_branch_operator.py
[2025-01-20T08:38:52.158+0000] {logging_mixin.py:190} INFO - [2025-01-20T08:38:52.157+0000] {dag.py:3239} INFO - Sync 1 DAGs
[2025-01-20T08:38:52.174+0000] {logging_mixin.py:190} INFO - [2025-01-20T08:38:52.174+0000] {dag.py:4180} INFO - Setting next_dagrun for example_branch_operator to 2025-01-19 00:00:00+00:00, run_after=2025-01-20 00:00:00+00:00
[2025-01-20T08:38:52.187+0000] {processor.py:208} INFO - Processing /home/airflow/.local/lib/python3.12/site-packages/airflow/example_dags/example_branch_operator.py took 0.072 seconds
[2025-01-20T08:39:22.637+0000] {processor.py:186} INFO - Started process (PID=60986) to work on /home/airflow/.local/lib/python3.12/site-packages/airflow/example_dags/example_branch_operator.py
[2025-01-20T08:39:22.639+0000] {processor.py:914} INFO - Processing file /home/airflow/.local/lib/python3.12/site-packages/airflow/example_dags/example_branch_operator.py for tasks to queue
[2025-01-20T08:39:22.641+0000] {logging_mixin.py:190} INFO - [2025-01-20T08:39:22.641+0000] {dagbag.py:588} INFO - Filling up the DagBag from /home/airflow/.local/lib/python3.12/site-packages/airflow/example_dags/example_branch_operator.py
[2025-01-20T08:39:22.661+0000] {processor.py:925} INFO - DAG(s) 'example_branch_operator' retrieved from /home/airflow/.local/lib/python3.12/site-packages/airflow/example_dags/example_branch_operator.py
[2025-01-20T08:39:22.682+0000] {logging_mixin.py:190} INFO - [2025-01-20T08:39:22.682+0000] {dag.py:3239} INFO - Sync 1 DAGs
[2025-01-20T08:39:22.698+0000] {logging_mixin.py:190} INFO - [2025-01-20T08:39:22.698+0000] {dag.py:4180} INFO - Setting next_dagrun for example_branch_operator to 2025-01-19 00:00:00+00:00, run_after=2025-01-20 00:00:00+00:00
[2025-01-20T08:39:22.718+0000] {processor.py:208} INFO - Processing /home/airflow/.local/lib/python3.12/site-packages/airflow/example_dags/example_branch_operator.py took 0.086 seconds
[2025-01-20T08:39:53.781+0000] {processor.py:186} INFO - Started process (PID=61287) to work on /home/airflow/.local/lib/python3.12/site-packages/airflow/example_dags/example_branch_operator.py
[2025-01-20T08:39:53.782+0000] {processor.py:914} INFO - Processing file /home/airflow/.local/lib/python3.12/site-packages/airflow/example_dags/example_branch_operator.py for tasks to queue
[2025-01-20T08:39:53.784+0000] {logging_mixin.py:190} INFO - [2025-01-20T08:39:53.784+0000] {dagbag.py:588} INFO - Filling up the DagBag from /home/airflow/.local/lib/python3.12/site-packages/airflow/example_dags/example_branch_operator.py
[2025-01-20T08:39:53.796+0000] {processor.py:925} INFO - DAG(s) 'example_branch_operator' retrieved from /home/airflow/.local/lib/python3.12/site-packages/airflow/example_dags/example_branch_operator.py
[2025-01-20T08:39:53.820+0000] {logging_mixin.py:190} INFO - [2025-01-20T08:39:53.819+0000] {dag.py:3239} INFO - Sync 1 DAGs
[2025-01-20T08:39:53.836+0000] {logging_mixin.py:190} INFO - [2025-01-20T08:39:53.836+0000] {dag.py:4180} INFO - Setting next_dagrun for example_branch_operator to 2025-01-19 00:00:00+00:00, run_after=2025-01-20 00:00:00+00:00
[2025-01-20T08:39:53.853+0000] {processor.py:208} INFO - Processing /home/airflow/.local/lib/python3.12/site-packages/airflow/example_dags/example_branch_operator.py took 0.079 seconds
[2025-01-20T08:40:24.302+0000] {processor.py:186} INFO - Started process (PID=61591) to work on /home/airflow/.local/lib/python3.12/site-packages/airflow/example_dags/example_branch_operator.py
[2025-01-20T08:40:24.303+0000] {processor.py:914} INFO - Processing file /home/airflow/.local/lib/python3.12/site-packages/airflow/example_dags/example_branch_operator.py for tasks to queue
[2025-01-20T08:40:24.305+0000] {logging_mixin.py:190} INFO - [2025-01-20T08:40:24.304+0000] {dagbag.py:588} INFO - Filling up the DagBag from /home/airflow/.local/lib/python3.12/site-packages/airflow/example_dags/example_branch_operator.py
[2025-01-20T08:40:24.316+0000] {processor.py:925} INFO - DAG(s) 'example_branch_operator' retrieved from /home/airflow/.local/lib/python3.12/site-packages/airflow/example_dags/example_branch_operator.py
[2025-01-20T08:40:24.339+0000] {logging_mixin.py:190} INFO - [2025-01-20T08:40:24.339+0000] {dag.py:3239} INFO - Sync 1 DAGs
[2025-01-20T08:40:24.357+0000] {logging_mixin.py:190} INFO - [2025-01-20T08:40:24.356+0000] {dag.py:4180} INFO - Setting next_dagrun for example_branch_operator to 2025-01-19 00:00:00+00:00, run_after=2025-01-20 00:00:00+00:00
[2025-01-20T08:40:24.371+0000] {processor.py:208} INFO - Processing /home/airflow/.local/lib/python3.12/site-packages/airflow/example_dags/example_branch_operator.py took 0.075 seconds
[2025-01-20T08:40:55.135+0000] {processor.py:186} INFO - Started process (PID=61892) to work on /home/airflow/.local/lib/python3.12/site-packages/airflow/example_dags/example_branch_operator.py
[2025-01-20T08:40:55.136+0000] {processor.py:914} INFO - Processing file /home/airflow/.local/lib/python3.12/site-packages/airflow/example_dags/example_branch_operator.py for tasks to queue
[2025-01-20T08:40:55.139+0000] {logging_mixin.py:190} INFO - [2025-01-20T08:40:55.139+0000] {dagbag.py:588} INFO - Filling up the DagBag from /home/airflow/.local/lib/python3.12/site-packages/airflow/example_dags/example_branch_operator.py
[2025-01-20T08:40:55.160+0000] {processor.py:925} INFO - DAG(s) 'example_branch_operator' retrieved from /home/airflow/.local/lib/python3.12/site-packages/airflow/example_dags/example_branch_operator.py
[2025-01-20T08:40:55.188+0000] {logging_mixin.py:190} INFO - [2025-01-20T08:40:55.188+0000] {dag.py:3239} INFO - Sync 1 DAGs
[2025-01-20T08:40:55.212+0000] {logging_mixin.py:190} INFO - [2025-01-20T08:40:55.212+0000] {dag.py:4180} INFO - Setting next_dagrun for example_branch_operator to 2025-01-19 00:00:00+00:00, run_after=2025-01-20 00:00:00+00:00
[2025-01-20T08:40:55.229+0000] {processor.py:208} INFO - Processing /home/airflow/.local/lib/python3.12/site-packages/airflow/example_dags/example_branch_operator.py took 0.101 seconds
[2025-01-20T08:41:25.507+0000] {processor.py:186} INFO - Started process (PID=62200) to work on /home/airflow/.local/lib/python3.12/site-packages/airflow/example_dags/example_branch_operator.py
[2025-01-20T08:41:25.507+0000] {processor.py:914} INFO - Processing file /home/airflow/.local/lib/python3.12/site-packages/airflow/example_dags/example_branch_operator.py for tasks to queue
[2025-01-20T08:41:25.510+0000] {logging_mixin.py:190} INFO - [2025-01-20T08:41:25.510+0000] {dagbag.py:588} INFO - Filling up the DagBag from /home/airflow/.local/lib/python3.12/site-packages/airflow/example_dags/example_branch_operator.py
[2025-01-20T08:41:25.527+0000] {processor.py:925} INFO - DAG(s) 'example_branch_operator' retrieved from /home/airflow/.local/lib/python3.12/site-packages/airflow/example_dags/example_branch_operator.py
[2025-01-20T08:41:25.547+0000] {logging_mixin.py:190} INFO - [2025-01-20T08:41:25.547+0000] {dag.py:3239} INFO - Sync 1 DAGs
[2025-01-20T08:41:25.569+0000] {logging_mixin.py:190} INFO - [2025-01-20T08:41:25.569+0000] {dag.py:4180} INFO - Setting next_dagrun for example_branch_operator to 2025-01-19 00:00:00+00:00, run_after=2025-01-20 00:00:00+00:00
[2025-01-20T08:41:25.586+0000] {processor.py:208} INFO - Processing /home/airflow/.local/lib/python3.12/site-packages/airflow/example_dags/example_branch_operator.py took 0.084 seconds
[2025-01-20T08:41:55.644+0000] {processor.py:186} INFO - Started process (PID=62501) to work on /home/airflow/.local/lib/python3.12/site-packages/airflow/example_dags/example_branch_operator.py
[2025-01-20T08:41:55.645+0000] {processor.py:914} INFO - Processing file /home/airflow/.local/lib/python3.12/site-packages/airflow/example_dags/example_branch_operator.py for tasks to queue
[2025-01-20T08:41:55.647+0000] {logging_mixin.py:190} INFO - [2025-01-20T08:41:55.647+0000] {dagbag.py:588} INFO - Filling up the DagBag from /home/airflow/.local/lib/python3.12/site-packages/airflow/example_dags/example_branch_operator.py
[2025-01-20T08:41:55.659+0000] {processor.py:925} INFO - DAG(s) 'example_branch_operator' retrieved from /home/airflow/.local/lib/python3.12/site-packages/airflow/example_dags/example_branch_operator.py
[2025-01-20T08:41:55.688+0000] {logging_mixin.py:190} INFO - [2025-01-20T08:41:55.688+0000] {dag.py:3239} INFO - Sync 1 DAGs
[2025-01-20T08:41:55.706+0000] {logging_mixin.py:190} INFO - [2025-01-20T08:41:55.706+0000] {dag.py:4180} INFO - Setting next_dagrun for example_branch_operator to 2025-01-19 00:00:00+00:00, run_after=2025-01-20 00:00:00+00:00
[2025-01-20T08:41:55.723+0000] {processor.py:208} INFO - Processing /home/airflow/.local/lib/python3.12/site-packages/airflow/example_dags/example_branch_operator.py took 0.083 seconds
[2025-01-20T08:42:26.151+0000] {processor.py:186} INFO - Started process (PID=62807) to work on /home/airflow/.local/lib/python3.12/site-packages/airflow/example_dags/example_branch_operator.py
[2025-01-20T08:42:26.152+0000] {processor.py:914} INFO - Processing file /home/airflow/.local/lib/python3.12/site-packages/airflow/example_dags/example_branch_operator.py for tasks to queue
[2025-01-20T08:42:26.155+0000] {logging_mixin.py:190} INFO - [2025-01-20T08:42:26.154+0000] {dagbag.py:588} INFO - Filling up the DagBag from /home/airflow/.local/lib/python3.12/site-packages/airflow/example_dags/example_branch_operator.py
[2025-01-20T08:42:26.167+0000] {processor.py:925} INFO - DAG(s) 'example_branch_operator' retrieved from /home/airflow/.local/lib/python3.12/site-packages/airflow/example_dags/example_branch_operator.py
[2025-01-20T08:42:26.186+0000] {logging_mixin.py:190} INFO - [2025-01-20T08:42:26.186+0000] {dag.py:3239} INFO - Sync 1 DAGs
[2025-01-20T08:42:26.201+0000] {logging_mixin.py:190} INFO - [2025-01-20T08:42:26.201+0000] {dag.py:4180} INFO - Setting next_dagrun for example_branch_operator to 2025-01-19 00:00:00+00:00, run_after=2025-01-20 00:00:00+00:00
[2025-01-20T08:42:26.214+0000] {processor.py:208} INFO - Processing /home/airflow/.local/lib/python3.12/site-packages/airflow/example_dags/example_branch_operator.py took 0.068 seconds
[2025-01-20T08:42:56.697+0000] {processor.py:186} INFO - Started process (PID=63108) to work on /home/airflow/.local/lib/python3.12/site-packages/airflow/example_dags/example_branch_operator.py
[2025-01-20T08:42:56.698+0000] {processor.py:914} INFO - Processing file /home/airflow/.local/lib/python3.12/site-packages/airflow/example_dags/example_branch_operator.py for tasks to queue
[2025-01-20T08:42:56.702+0000] {logging_mixin.py:190} INFO - [2025-01-20T08:42:56.701+0000] {dagbag.py:588} INFO - Filling up the DagBag from /home/airflow/.local/lib/python3.12/site-packages/airflow/example_dags/example_branch_operator.py
[2025-01-20T08:42:56.718+0000] {processor.py:925} INFO - DAG(s) 'example_branch_operator' retrieved from /home/airflow/.local/lib/python3.12/site-packages/airflow/example_dags/example_branch_operator.py
[2025-01-20T08:42:56.740+0000] {logging_mixin.py:190} INFO - [2025-01-20T08:42:56.740+0000] {dag.py:3239} INFO - Sync 1 DAGs
[2025-01-20T08:42:56.766+0000] {logging_mixin.py:190} INFO - [2025-01-20T08:42:56.765+0000] {dag.py:4180} INFO - Setting next_dagrun for example_branch_operator to 2025-01-19 00:00:00+00:00, run_after=2025-01-20 00:00:00+00:00
[2025-01-20T08:42:56.791+0000] {processor.py:208} INFO - Processing /home/airflow/.local/lib/python3.12/site-packages/airflow/example_dags/example_branch_operator.py took 0.101 seconds
[2025-01-20T08:43:27.256+0000] {processor.py:186} INFO - Started process (PID=63412) to work on /home/airflow/.local/lib/python3.12/site-packages/airflow/example_dags/example_branch_operator.py
[2025-01-20T08:43:27.257+0000] {processor.py:914} INFO - Processing file /home/airflow/.local/lib/python3.12/site-packages/airflow/example_dags/example_branch_operator.py for tasks to queue
[2025-01-20T08:43:27.259+0000] {logging_mixin.py:190} INFO - [2025-01-20T08:43:27.259+0000] {dagbag.py:588} INFO - Filling up the DagBag from /home/airflow/.local/lib/python3.12/site-packages/airflow/example_dags/example_branch_operator.py
[2025-01-20T08:43:27.273+0000] {processor.py:925} INFO - DAG(s) 'example_branch_operator' retrieved from /home/airflow/.local/lib/python3.12/site-packages/airflow/example_dags/example_branch_operator.py
[2025-01-20T08:43:27.306+0000] {logging_mixin.py:190} INFO - [2025-01-20T08:43:27.305+0000] {dag.py:3239} INFO - Sync 1 DAGs
[2025-01-20T08:43:27.335+0000] {logging_mixin.py:190} INFO - [2025-01-20T08:43:27.335+0000] {dag.py:4180} INFO - Setting next_dagrun for example_branch_operator to 2025-01-19 00:00:00+00:00, run_after=2025-01-20 00:00:00+00:00
[2025-01-20T08:43:27.348+0000] {processor.py:208} INFO - Processing /home/airflow/.local/lib/python3.12/site-packages/airflow/example_dags/example_branch_operator.py took 0.097 seconds
[2025-01-20T08:43:57.445+0000] {processor.py:186} INFO - Started process (PID=63713) to work on /home/airflow/.local/lib/python3.12/site-packages/airflow/example_dags/example_branch_operator.py
[2025-01-20T08:43:57.446+0000] {processor.py:914} INFO - Processing file /home/airflow/.local/lib/python3.12/site-packages/airflow/example_dags/example_branch_operator.py for tasks to queue
[2025-01-20T08:43:57.450+0000] {logging_mixin.py:190} INFO - [2025-01-20T08:43:57.450+0000] {dagbag.py:588} INFO - Filling up the DagBag from /home/airflow/.local/lib/python3.12/site-packages/airflow/example_dags/example_branch_operator.py
[2025-01-20T08:43:57.463+0000] {processor.py:925} INFO - DAG(s) 'example_branch_operator' retrieved from /home/airflow/.local/lib/python3.12/site-packages/airflow/example_dags/example_branch_operator.py
[2025-01-20T08:43:57.488+0000] {logging_mixin.py:190} INFO - [2025-01-20T08:43:57.487+0000] {dag.py:3239} INFO - Sync 1 DAGs
[2025-01-20T08:43:57.505+0000] {logging_mixin.py:190} INFO - [2025-01-20T08:43:57.505+0000] {dag.py:4180} INFO - Setting next_dagrun for example_branch_operator to 2025-01-19 00:00:00+00:00, run_after=2025-01-20 00:00:00+00:00
[2025-01-20T08:43:57.527+0000] {processor.py:208} INFO - Processing /home/airflow/.local/lib/python3.12/site-packages/airflow/example_dags/example_branch_operator.py took 0.088 seconds
[2025-01-20T08:44:27.654+0000] {processor.py:186} INFO - Started process (PID=64019) to work on /home/airflow/.local/lib/python3.12/site-packages/airflow/example_dags/example_branch_operator.py
[2025-01-20T08:44:27.654+0000] {processor.py:914} INFO - Processing file /home/airflow/.local/lib/python3.12/site-packages/airflow/example_dags/example_branch_operator.py for tasks to queue
[2025-01-20T08:44:27.656+0000] {logging_mixin.py:190} INFO - [2025-01-20T08:44:27.656+0000] {dagbag.py:588} INFO - Filling up the DagBag from /home/airflow/.local/lib/python3.12/site-packages/airflow/example_dags/example_branch_operator.py
[2025-01-20T08:44:27.669+0000] {processor.py:925} INFO - DAG(s) 'example_branch_operator' retrieved from /home/airflow/.local/lib/python3.12/site-packages/airflow/example_dags/example_branch_operator.py
[2025-01-20T08:44:27.689+0000] {logging_mixin.py:190} INFO - [2025-01-20T08:44:27.689+0000] {dag.py:3239} INFO - Sync 1 DAGs
[2025-01-20T08:44:27.707+0000] {logging_mixin.py:190} INFO - [2025-01-20T08:44:27.706+0000] {dag.py:4180} INFO - Setting next_dagrun for example_branch_operator to 2025-01-19 00:00:00+00:00, run_after=2025-01-20 00:00:00+00:00
[2025-01-20T08:44:27.722+0000] {processor.py:208} INFO - Processing /home/airflow/.local/lib/python3.12/site-packages/airflow/example_dags/example_branch_operator.py took 0.072 seconds
[2025-01-20T08:44:57.942+0000] {processor.py:186} INFO - Started process (PID=64320) to work on /home/airflow/.local/lib/python3.12/site-packages/airflow/example_dags/example_branch_operator.py
[2025-01-20T08:44:57.943+0000] {processor.py:914} INFO - Processing file /home/airflow/.local/lib/python3.12/site-packages/airflow/example_dags/example_branch_operator.py for tasks to queue
[2025-01-20T08:44:57.946+0000] {logging_mixin.py:190} INFO - [2025-01-20T08:44:57.946+0000] {dagbag.py:588} INFO - Filling up the DagBag from /home/airflow/.local/lib/python3.12/site-packages/airflow/example_dags/example_branch_operator.py
[2025-01-20T08:44:57.969+0000] {processor.py:925} INFO - DAG(s) 'example_branch_operator' retrieved from /home/airflow/.local/lib/python3.12/site-packages/airflow/example_dags/example_branch_operator.py
[2025-01-20T08:44:57.999+0000] {logging_mixin.py:190} INFO - [2025-01-20T08:44:57.999+0000] {dag.py:3239} INFO - Sync 1 DAGs
[2025-01-20T08:44:58.015+0000] {logging_mixin.py:190} INFO - [2025-01-20T08:44:58.015+0000] {dag.py:4180} INFO - Setting next_dagrun for example_branch_operator to 2025-01-19 00:00:00+00:00, run_after=2025-01-20 00:00:00+00:00
[2025-01-20T08:44:58.032+0000] {processor.py:208} INFO - Processing /home/airflow/.local/lib/python3.12/site-packages/airflow/example_dags/example_branch_operator.py took 0.093 seconds
[2025-01-20T08:45:28.532+0000] {processor.py:186} INFO - Started process (PID=64626) to work on /home/airflow/.local/lib/python3.12/site-packages/airflow/example_dags/example_branch_operator.py
[2025-01-20T08:45:28.533+0000] {processor.py:914} INFO - Processing file /home/airflow/.local/lib/python3.12/site-packages/airflow/example_dags/example_branch_operator.py for tasks to queue
[2025-01-20T08:45:28.536+0000] {logging_mixin.py:190} INFO - [2025-01-20T08:45:28.536+0000] {dagbag.py:588} INFO - Filling up the DagBag from /home/airflow/.local/lib/python3.12/site-packages/airflow/example_dags/example_branch_operator.py
[2025-01-20T08:45:28.550+0000] {processor.py:925} INFO - DAG(s) 'example_branch_operator' retrieved from /home/airflow/.local/lib/python3.12/site-packages/airflow/example_dags/example_branch_operator.py
[2025-01-20T08:45:28.571+0000] {logging_mixin.py:190} INFO - [2025-01-20T08:45:28.571+0000] {dag.py:3239} INFO - Sync 1 DAGs
[2025-01-20T08:45:28.587+0000] {logging_mixin.py:190} INFO - [2025-01-20T08:45:28.587+0000] {dag.py:4180} INFO - Setting next_dagrun for example_branch_operator to 2025-01-19 00:00:00+00:00, run_after=2025-01-20 00:00:00+00:00
[2025-01-20T08:45:28.602+0000] {processor.py:208} INFO - Processing /home/airflow/.local/lib/python3.12/site-packages/airflow/example_dags/example_branch_operator.py took 0.073 seconds
[2025-01-20T08:45:59.140+0000] {processor.py:186} INFO - Started process (PID=64927) to work on /home/airflow/.local/lib/python3.12/site-packages/airflow/example_dags/example_branch_operator.py
[2025-01-20T08:45:59.141+0000] {processor.py:914} INFO - Processing file /home/airflow/.local/lib/python3.12/site-packages/airflow/example_dags/example_branch_operator.py for tasks to queue
[2025-01-20T08:45:59.142+0000] {logging_mixin.py:190} INFO - [2025-01-20T08:45:59.142+0000] {dagbag.py:588} INFO - Filling up the DagBag from /home/airflow/.local/lib/python3.12/site-packages/airflow/example_dags/example_branch_operator.py
[2025-01-20T08:45:59.153+0000] {processor.py:925} INFO - DAG(s) 'example_branch_operator' retrieved from /home/airflow/.local/lib/python3.12/site-packages/airflow/example_dags/example_branch_operator.py
[2025-01-20T08:45:59.175+0000] {logging_mixin.py:190} INFO - [2025-01-20T08:45:59.174+0000] {dag.py:3239} INFO - Sync 1 DAGs
[2025-01-20T08:45:59.197+0000] {logging_mixin.py:190} INFO - [2025-01-20T08:45:59.196+0000] {dag.py:4180} INFO - Setting next_dagrun for example_branch_operator to 2025-01-19 00:00:00+00:00, run_after=2025-01-20 00:00:00+00:00
[2025-01-20T08:45:59.212+0000] {processor.py:208} INFO - Processing /home/airflow/.local/lib/python3.12/site-packages/airflow/example_dags/example_branch_operator.py took 0.079 seconds
[2025-01-20T08:46:29.645+0000] {processor.py:186} INFO - Started process (PID=65233) to work on /home/airflow/.local/lib/python3.12/site-packages/airflow/example_dags/example_branch_operator.py
[2025-01-20T08:46:29.646+0000] {processor.py:914} INFO - Processing file /home/airflow/.local/lib/python3.12/site-packages/airflow/example_dags/example_branch_operator.py for tasks to queue
[2025-01-20T08:46:29.648+0000] {logging_mixin.py:190} INFO - [2025-01-20T08:46:29.647+0000] {dagbag.py:588} INFO - Filling up the DagBag from /home/airflow/.local/lib/python3.12/site-packages/airflow/example_dags/example_branch_operator.py
[2025-01-20T08:46:29.667+0000] {processor.py:925} INFO - DAG(s) 'example_branch_operator' retrieved from /home/airflow/.local/lib/python3.12/site-packages/airflow/example_dags/example_branch_operator.py
[2025-01-20T08:46:29.685+0000] {logging_mixin.py:190} INFO - [2025-01-20T08:46:29.685+0000] {dag.py:3239} INFO - Sync 1 DAGs
[2025-01-20T08:46:29.702+0000] {logging_mixin.py:190} INFO - [2025-01-20T08:46:29.701+0000] {dag.py:4180} INFO - Setting next_dagrun for example_branch_operator to 2025-01-19 00:00:00+00:00, run_after=2025-01-20 00:00:00+00:00
[2025-01-20T08:46:29.715+0000] {processor.py:208} INFO - Processing /home/airflow/.local/lib/python3.12/site-packages/airflow/example_dags/example_branch_operator.py took 0.074 seconds
[2025-01-20T08:47:00.327+0000] {processor.py:186} INFO - Started process (PID=65535) to work on /home/airflow/.local/lib/python3.12/site-packages/airflow/example_dags/example_branch_operator.py
[2025-01-20T08:47:00.329+0000] {processor.py:914} INFO - Processing file /home/airflow/.local/lib/python3.12/site-packages/airflow/example_dags/example_branch_operator.py for tasks to queue
[2025-01-20T08:47:00.332+0000] {logging_mixin.py:190} INFO - [2025-01-20T08:47:00.331+0000] {dagbag.py:588} INFO - Filling up the DagBag from /home/airflow/.local/lib/python3.12/site-packages/airflow/example_dags/example_branch_operator.py
[2025-01-20T08:47:00.353+0000] {processor.py:925} INFO - DAG(s) 'example_branch_operator' retrieved from /home/airflow/.local/lib/python3.12/site-packages/airflow/example_dags/example_branch_operator.py
[2025-01-20T08:47:00.378+0000] {logging_mixin.py:190} INFO - [2025-01-20T08:47:00.378+0000] {dag.py:3239} INFO - Sync 1 DAGs
[2025-01-20T08:47:00.404+0000] {logging_mixin.py:190} INFO - [2025-01-20T08:47:00.404+0000] {dag.py:4180} INFO - Setting next_dagrun for example_branch_operator to 2025-01-19 00:00:00+00:00, run_after=2025-01-20 00:00:00+00:00
[2025-01-20T08:47:00.422+0000] {processor.py:208} INFO - Processing /home/airflow/.local/lib/python3.12/site-packages/airflow/example_dags/example_branch_operator.py took 0.103 seconds
[2025-01-20T08:47:30.601+0000] {processor.py:186} INFO - Started process (PID=65840) to work on /home/airflow/.local/lib/python3.12/site-packages/airflow/example_dags/example_branch_operator.py
[2025-01-20T08:47:30.602+0000] {processor.py:914} INFO - Processing file /home/airflow/.local/lib/python3.12/site-packages/airflow/example_dags/example_branch_operator.py for tasks to queue
[2025-01-20T08:47:30.605+0000] {logging_mixin.py:190} INFO - [2025-01-20T08:47:30.605+0000] {dagbag.py:588} INFO - Filling up the DagBag from /home/airflow/.local/lib/python3.12/site-packages/airflow/example_dags/example_branch_operator.py
[2025-01-20T08:47:30.625+0000] {processor.py:925} INFO - DAG(s) 'example_branch_operator' retrieved from /home/airflow/.local/lib/python3.12/site-packages/airflow/example_dags/example_branch_operator.py
[2025-01-20T08:47:30.646+0000] {logging_mixin.py:190} INFO - [2025-01-20T08:47:30.645+0000] {dag.py:3239} INFO - Sync 1 DAGs
[2025-01-20T08:47:30.675+0000] {logging_mixin.py:190} INFO - [2025-01-20T08:47:30.675+0000] {dag.py:4180} INFO - Setting next_dagrun for example_branch_operator to 2025-01-19 00:00:00+00:00, run_after=2025-01-20 00:00:00+00:00
[2025-01-20T08:47:30.695+0000] {processor.py:208} INFO - Processing /home/airflow/.local/lib/python3.12/site-packages/airflow/example_dags/example_branch_operator.py took 0.100 seconds
[2025-01-20T08:48:00.900+0000] {processor.py:186} INFO - Started process (PID=66141) to work on /home/airflow/.local/lib/python3.12/site-packages/airflow/example_dags/example_branch_operator.py
[2025-01-20T08:48:00.902+0000] {processor.py:914} INFO - Processing file /home/airflow/.local/lib/python3.12/site-packages/airflow/example_dags/example_branch_operator.py for tasks to queue
[2025-01-20T08:48:00.905+0000] {logging_mixin.py:190} INFO - [2025-01-20T08:48:00.904+0000] {dagbag.py:588} INFO - Filling up the DagBag from /home/airflow/.local/lib/python3.12/site-packages/airflow/example_dags/example_branch_operator.py
[2025-01-20T08:48:00.937+0000] {processor.py:925} INFO - DAG(s) 'example_branch_operator' retrieved from /home/airflow/.local/lib/python3.12/site-packages/airflow/example_dags/example_branch_operator.py
[2025-01-20T08:48:00.962+0000] {logging_mixin.py:190} INFO - [2025-01-20T08:48:00.962+0000] {dag.py:3239} INFO - Sync 1 DAGs
[2025-01-20T08:48:00.992+0000] {logging_mixin.py:190} INFO - [2025-01-20T08:48:00.992+0000] {dag.py:4180} INFO - Setting next_dagrun for example_branch_operator to 2025-01-19 00:00:00+00:00, run_after=2025-01-20 00:00:00+00:00
[2025-01-20T08:48:01.016+0000] {processor.py:208} INFO - Processing /home/airflow/.local/lib/python3.12/site-packages/airflow/example_dags/example_branch_operator.py took 0.123 seconds
[2025-01-20T08:48:31.150+0000] {processor.py:186} INFO - Started process (PID=66447) to work on /home/airflow/.local/lib/python3.12/site-packages/airflow/example_dags/example_branch_operator.py
[2025-01-20T08:48:31.151+0000] {processor.py:914} INFO - Processing file /home/airflow/.local/lib/python3.12/site-packages/airflow/example_dags/example_branch_operator.py for tasks to queue
[2025-01-20T08:48:31.153+0000] {logging_mixin.py:190} INFO - [2025-01-20T08:48:31.153+0000] {dagbag.py:588} INFO - Filling up the DagBag from /home/airflow/.local/lib/python3.12/site-packages/airflow/example_dags/example_branch_operator.py
[2025-01-20T08:48:31.164+0000] {processor.py:925} INFO - DAG(s) 'example_branch_operator' retrieved from /home/airflow/.local/lib/python3.12/site-packages/airflow/example_dags/example_branch_operator.py
[2025-01-20T08:48:31.181+0000] {logging_mixin.py:190} INFO - [2025-01-20T08:48:31.181+0000] {dag.py:3239} INFO - Sync 1 DAGs
[2025-01-20T08:48:31.198+0000] {logging_mixin.py:190} INFO - [2025-01-20T08:48:31.198+0000] {dag.py:4180} INFO - Setting next_dagrun for example_branch_operator to 2025-01-19 00:00:00+00:00, run_after=2025-01-20 00:00:00+00:00
[2025-01-20T08:48:31.215+0000] {processor.py:208} INFO - Processing /home/airflow/.local/lib/python3.12/site-packages/airflow/example_dags/example_branch_operator.py took 0.072 seconds
[2025-01-20T08:49:01.643+0000] {processor.py:186} INFO - Started process (PID=66753) to work on /home/airflow/.local/lib/python3.12/site-packages/airflow/example_dags/example_branch_operator.py
[2025-01-20T08:49:01.644+0000] {processor.py:914} INFO - Processing file /home/airflow/.local/lib/python3.12/site-packages/airflow/example_dags/example_branch_operator.py for tasks to queue
[2025-01-20T08:49:01.646+0000] {logging_mixin.py:190} INFO - [2025-01-20T08:49:01.645+0000] {dagbag.py:588} INFO - Filling up the DagBag from /home/airflow/.local/lib/python3.12/site-packages/airflow/example_dags/example_branch_operator.py
[2025-01-20T08:49:01.657+0000] {processor.py:925} INFO - DAG(s) 'example_branch_operator' retrieved from /home/airflow/.local/lib/python3.12/site-packages/airflow/example_dags/example_branch_operator.py
[2025-01-20T08:49:01.689+0000] {logging_mixin.py:190} INFO - [2025-01-20T08:49:01.689+0000] {dag.py:3239} INFO - Sync 1 DAGs
[2025-01-20T08:49:01.719+0000] {logging_mixin.py:190} INFO - [2025-01-20T08:49:01.719+0000] {dag.py:4180} INFO - Setting next_dagrun for example_branch_operator to 2025-01-19 00:00:00+00:00, run_after=2025-01-20 00:00:00+00:00
[2025-01-20T08:49:01.732+0000] {processor.py:208} INFO - Processing /home/airflow/.local/lib/python3.12/site-packages/airflow/example_dags/example_branch_operator.py took 0.092 seconds
[2025-01-20T08:49:32.807+0000] {processor.py:186} INFO - Started process (PID=67054) to work on /home/airflow/.local/lib/python3.12/site-packages/airflow/example_dags/example_branch_operator.py
[2025-01-20T08:49:32.808+0000] {processor.py:914} INFO - Processing file /home/airflow/.local/lib/python3.12/site-packages/airflow/example_dags/example_branch_operator.py for tasks to queue
[2025-01-20T08:49:32.810+0000] {logging_mixin.py:190} INFO - [2025-01-20T08:49:32.810+0000] {dagbag.py:588} INFO - Filling up the DagBag from /home/airflow/.local/lib/python3.12/site-packages/airflow/example_dags/example_branch_operator.py
[2025-01-20T08:49:32.822+0000] {processor.py:925} INFO - DAG(s) 'example_branch_operator' retrieved from /home/airflow/.local/lib/python3.12/site-packages/airflow/example_dags/example_branch_operator.py
[2025-01-20T08:49:32.843+0000] {logging_mixin.py:190} INFO - [2025-01-20T08:49:32.843+0000] {dag.py:3239} INFO - Sync 1 DAGs
[2025-01-20T08:49:32.859+0000] {logging_mixin.py:190} INFO - [2025-01-20T08:49:32.859+0000] {dag.py:4180} INFO - Setting next_dagrun for example_branch_operator to 2025-01-19 00:00:00+00:00, run_after=2025-01-20 00:00:00+00:00
[2025-01-20T08:49:32.875+0000] {processor.py:208} INFO - Processing /home/airflow/.local/lib/python3.12/site-packages/airflow/example_dags/example_branch_operator.py took 0.077 seconds
[2025-01-20T08:50:03.046+0000] {processor.py:186} INFO - Started process (PID=67362) to work on /home/airflow/.local/lib/python3.12/site-packages/airflow/example_dags/example_branch_operator.py
[2025-01-20T08:50:03.046+0000] {processor.py:914} INFO - Processing file /home/airflow/.local/lib/python3.12/site-packages/airflow/example_dags/example_branch_operator.py for tasks to queue
[2025-01-20T08:50:03.048+0000] {logging_mixin.py:190} INFO - [2025-01-20T08:50:03.048+0000] {dagbag.py:588} INFO - Filling up the DagBag from /home/airflow/.local/lib/python3.12/site-packages/airflow/example_dags/example_branch_operator.py
[2025-01-20T08:50:03.059+0000] {processor.py:925} INFO - DAG(s) 'example_branch_operator' retrieved from /home/airflow/.local/lib/python3.12/site-packages/airflow/example_dags/example_branch_operator.py
[2025-01-20T08:50:03.077+0000] {logging_mixin.py:190} INFO - [2025-01-20T08:50:03.077+0000] {dag.py:3239} INFO - Sync 1 DAGs
[2025-01-20T08:50:03.093+0000] {logging_mixin.py:190} INFO - [2025-01-20T08:50:03.092+0000] {dag.py:4180} INFO - Setting next_dagrun for example_branch_operator to 2025-01-19 00:00:00+00:00, run_after=2025-01-20 00:00:00+00:00
[2025-01-20T08:50:03.105+0000] {processor.py:208} INFO - Processing /home/airflow/.local/lib/python3.12/site-packages/airflow/example_dags/example_branch_operator.py took 0.064 seconds
[2025-01-20T08:50:33.362+0000] {processor.py:186} INFO - Started process (PID=67661) to work on /home/airflow/.local/lib/python3.12/site-packages/airflow/example_dags/example_branch_operator.py
[2025-01-20T08:50:33.363+0000] {processor.py:914} INFO - Processing file /home/airflow/.local/lib/python3.12/site-packages/airflow/example_dags/example_branch_operator.py for tasks to queue
[2025-01-20T08:50:33.366+0000] {logging_mixin.py:190} INFO - [2025-01-20T08:50:33.365+0000] {dagbag.py:588} INFO - Filling up the DagBag from /home/airflow/.local/lib/python3.12/site-packages/airflow/example_dags/example_branch_operator.py
[2025-01-20T08:50:33.383+0000] {processor.py:925} INFO - DAG(s) 'example_branch_operator' retrieved from /home/airflow/.local/lib/python3.12/site-packages/airflow/example_dags/example_branch_operator.py
[2025-01-20T08:50:33.410+0000] {logging_mixin.py:190} INFO - [2025-01-20T08:50:33.410+0000] {dag.py:3239} INFO - Sync 1 DAGs
[2025-01-20T08:50:33.430+0000] {logging_mixin.py:190} INFO - [2025-01-20T08:50:33.430+0000] {dag.py:4180} INFO - Setting next_dagrun for example_branch_operator to 2025-01-19 00:00:00+00:00, run_after=2025-01-20 00:00:00+00:00
[2025-01-20T08:50:33.461+0000] {processor.py:208} INFO - Processing /home/airflow/.local/lib/python3.12/site-packages/airflow/example_dags/example_branch_operator.py took 0.104 seconds
[2025-01-20T08:51:04.162+0000] {processor.py:186} INFO - Started process (PID=67969) to work on /home/airflow/.local/lib/python3.12/site-packages/airflow/example_dags/example_branch_operator.py
[2025-01-20T08:51:04.163+0000] {processor.py:914} INFO - Processing file /home/airflow/.local/lib/python3.12/site-packages/airflow/example_dags/example_branch_operator.py for tasks to queue
[2025-01-20T08:51:04.165+0000] {logging_mixin.py:190} INFO - [2025-01-20T08:51:04.164+0000] {dagbag.py:588} INFO - Filling up the DagBag from /home/airflow/.local/lib/python3.12/site-packages/airflow/example_dags/example_branch_operator.py
[2025-01-20T08:51:04.176+0000] {processor.py:925} INFO - DAG(s) 'example_branch_operator' retrieved from /home/airflow/.local/lib/python3.12/site-packages/airflow/example_dags/example_branch_operator.py
[2025-01-20T08:51:04.210+0000] {logging_mixin.py:190} INFO - [2025-01-20T08:51:04.210+0000] {dag.py:3239} INFO - Sync 1 DAGs
[2025-01-20T08:51:04.234+0000] {logging_mixin.py:190} INFO - [2025-01-20T08:51:04.233+0000] {dag.py:4180} INFO - Setting next_dagrun for example_branch_operator to 2025-01-19 00:00:00+00:00, run_after=2025-01-20 00:00:00+00:00
[2025-01-20T08:51:04.249+0000] {processor.py:208} INFO - Processing /home/airflow/.local/lib/python3.12/site-packages/airflow/example_dags/example_branch_operator.py took 0.090 seconds
[2025-01-20T08:51:34.318+0000] {processor.py:186} INFO - Started process (PID=68268) to work on /home/airflow/.local/lib/python3.12/site-packages/airflow/example_dags/example_branch_operator.py
[2025-01-20T08:51:34.319+0000] {processor.py:914} INFO - Processing file /home/airflow/.local/lib/python3.12/site-packages/airflow/example_dags/example_branch_operator.py for tasks to queue
[2025-01-20T08:51:34.323+0000] {logging_mixin.py:190} INFO - [2025-01-20T08:51:34.322+0000] {dagbag.py:588} INFO - Filling up the DagBag from /home/airflow/.local/lib/python3.12/site-packages/airflow/example_dags/example_branch_operator.py
[2025-01-20T08:51:34.337+0000] {processor.py:925} INFO - DAG(s) 'example_branch_operator' retrieved from /home/airflow/.local/lib/python3.12/site-packages/airflow/example_dags/example_branch_operator.py
[2025-01-20T08:51:34.358+0000] {logging_mixin.py:190} INFO - [2025-01-20T08:51:34.358+0000] {dag.py:3239} INFO - Sync 1 DAGs
[2025-01-20T08:51:34.372+0000] {logging_mixin.py:190} INFO - [2025-01-20T08:51:34.372+0000] {dag.py:4180} INFO - Setting next_dagrun for example_branch_operator to 2025-01-19 00:00:00+00:00, run_after=2025-01-20 00:00:00+00:00
[2025-01-20T08:51:34.384+0000] {processor.py:208} INFO - Processing /home/airflow/.local/lib/python3.12/site-packages/airflow/example_dags/example_branch_operator.py took 0.073 seconds
[2025-01-20T08:52:04.842+0000] {processor.py:186} INFO - Started process (PID=68574) to work on /home/airflow/.local/lib/python3.12/site-packages/airflow/example_dags/example_branch_operator.py
[2025-01-20T08:52:04.846+0000] {processor.py:914} INFO - Processing file /home/airflow/.local/lib/python3.12/site-packages/airflow/example_dags/example_branch_operator.py for tasks to queue
[2025-01-20T08:52:04.852+0000] {logging_mixin.py:190} INFO - [2025-01-20T08:52:04.851+0000] {dagbag.py:588} INFO - Filling up the DagBag from /home/airflow/.local/lib/python3.12/site-packages/airflow/example_dags/example_branch_operator.py
[2025-01-20T08:52:04.893+0000] {processor.py:925} INFO - DAG(s) 'example_branch_operator' retrieved from /home/airflow/.local/lib/python3.12/site-packages/airflow/example_dags/example_branch_operator.py
[2025-01-20T08:52:04.930+0000] {logging_mixin.py:190} INFO - [2025-01-20T08:52:04.930+0000] {dag.py:3239} INFO - Sync 1 DAGs
[2025-01-20T08:52:04.961+0000] {logging_mixin.py:190} INFO - [2025-01-20T08:52:04.960+0000] {dag.py:4180} INFO - Setting next_dagrun for example_branch_operator to 2025-01-19 00:00:00+00:00, run_after=2025-01-20 00:00:00+00:00
[2025-01-20T08:52:04.982+0000] {processor.py:208} INFO - Processing /home/airflow/.local/lib/python3.12/site-packages/airflow/example_dags/example_branch_operator.py took 0.148 seconds
[2025-01-20T08:52:35.169+0000] {processor.py:186} INFO - Started process (PID=68877) to work on /home/airflow/.local/lib/python3.12/site-packages/airflow/example_dags/example_branch_operator.py
[2025-01-20T08:52:35.170+0000] {processor.py:914} INFO - Processing file /home/airflow/.local/lib/python3.12/site-packages/airflow/example_dags/example_branch_operator.py for tasks to queue
[2025-01-20T08:52:35.172+0000] {logging_mixin.py:190} INFO - [2025-01-20T08:52:35.171+0000] {dagbag.py:588} INFO - Filling up the DagBag from /home/airflow/.local/lib/python3.12/site-packages/airflow/example_dags/example_branch_operator.py
[2025-01-20T08:52:35.182+0000] {processor.py:925} INFO - DAG(s) 'example_branch_operator' retrieved from /home/airflow/.local/lib/python3.12/site-packages/airflow/example_dags/example_branch_operator.py
[2025-01-20T08:52:35.200+0000] {logging_mixin.py:190} INFO - [2025-01-20T08:52:35.200+0000] {dag.py:3239} INFO - Sync 1 DAGs
[2025-01-20T08:52:35.217+0000] {logging_mixin.py:190} INFO - [2025-01-20T08:52:35.217+0000] {dag.py:4180} INFO - Setting next_dagrun for example_branch_operator to 2025-01-19 00:00:00+00:00, run_after=2025-01-20 00:00:00+00:00
[2025-01-20T08:52:35.231+0000] {processor.py:208} INFO - Processing /home/airflow/.local/lib/python3.12/site-packages/airflow/example_dags/example_branch_operator.py took 0.065 seconds
[2025-01-20T08:53:05.550+0000] {processor.py:186} INFO - Started process (PID=69161) to work on /home/airflow/.local/lib/python3.12/site-packages/airflow/example_dags/example_branch_operator.py
[2025-01-20T08:53:05.551+0000] {processor.py:914} INFO - Processing file /home/airflow/.local/lib/python3.12/site-packages/airflow/example_dags/example_branch_operator.py for tasks to queue
[2025-01-20T08:53:05.553+0000] {logging_mixin.py:190} INFO - [2025-01-20T08:53:05.553+0000] {dagbag.py:588} INFO - Filling up the DagBag from /home/airflow/.local/lib/python3.12/site-packages/airflow/example_dags/example_branch_operator.py
[2025-01-20T08:53:05.564+0000] {processor.py:925} INFO - DAG(s) 'example_branch_operator' retrieved from /home/airflow/.local/lib/python3.12/site-packages/airflow/example_dags/example_branch_operator.py
[2025-01-20T08:53:05.584+0000] {logging_mixin.py:190} INFO - [2025-01-20T08:53:05.584+0000] {dag.py:3239} INFO - Sync 1 DAGs
[2025-01-20T08:53:05.601+0000] {logging_mixin.py:190} INFO - [2025-01-20T08:53:05.601+0000] {dag.py:4180} INFO - Setting next_dagrun for example_branch_operator to 2025-01-19 00:00:00+00:00, run_after=2025-01-20 00:00:00+00:00
[2025-01-20T08:53:05.615+0000] {processor.py:208} INFO - Processing /home/airflow/.local/lib/python3.12/site-packages/airflow/example_dags/example_branch_operator.py took 0.068 seconds
[2025-01-20T08:53:36.053+0000] {processor.py:186} INFO - Started process (PID=69447) to work on /home/airflow/.local/lib/python3.12/site-packages/airflow/example_dags/example_branch_operator.py
[2025-01-20T08:53:36.054+0000] {processor.py:914} INFO - Processing file /home/airflow/.local/lib/python3.12/site-packages/airflow/example_dags/example_branch_operator.py for tasks to queue
[2025-01-20T08:53:36.058+0000] {logging_mixin.py:190} INFO - [2025-01-20T08:53:36.057+0000] {dagbag.py:588} INFO - Filling up the DagBag from /home/airflow/.local/lib/python3.12/site-packages/airflow/example_dags/example_branch_operator.py
[2025-01-20T08:53:36.081+0000] {processor.py:925} INFO - DAG(s) 'example_branch_operator' retrieved from /home/airflow/.local/lib/python3.12/site-packages/airflow/example_dags/example_branch_operator.py
[2025-01-20T08:53:36.103+0000] {logging_mixin.py:190} INFO - [2025-01-20T08:53:36.103+0000] {dag.py:3239} INFO - Sync 1 DAGs
[2025-01-20T08:53:36.123+0000] {logging_mixin.py:190} INFO - [2025-01-20T08:53:36.123+0000] {dag.py:4180} INFO - Setting next_dagrun for example_branch_operator to 2025-01-19 00:00:00+00:00, run_after=2025-01-20 00:00:00+00:00
[2025-01-20T08:53:36.140+0000] {processor.py:208} INFO - Processing /home/airflow/.local/lib/python3.12/site-packages/airflow/example_dags/example_branch_operator.py took 0.094 seconds
[2025-01-20T08:54:06.765+0000] {processor.py:186} INFO - Started process (PID=69745) to work on /home/airflow/.local/lib/python3.12/site-packages/airflow/example_dags/example_branch_operator.py
[2025-01-20T08:54:06.766+0000] {processor.py:914} INFO - Processing file /home/airflow/.local/lib/python3.12/site-packages/airflow/example_dags/example_branch_operator.py for tasks to queue
[2025-01-20T08:54:06.770+0000] {logging_mixin.py:190} INFO - [2025-01-20T08:54:06.769+0000] {dagbag.py:588} INFO - Filling up the DagBag from /home/airflow/.local/lib/python3.12/site-packages/airflow/example_dags/example_branch_operator.py
[2025-01-20T08:54:06.784+0000] {processor.py:925} INFO - DAG(s) 'example_branch_operator' retrieved from /home/airflow/.local/lib/python3.12/site-packages/airflow/example_dags/example_branch_operator.py
[2025-01-20T08:54:06.812+0000] {logging_mixin.py:190} INFO - [2025-01-20T08:54:06.812+0000] {dag.py:3239} INFO - Sync 1 DAGs
[2025-01-20T08:54:06.831+0000] {logging_mixin.py:190} INFO - [2025-01-20T08:54:06.831+0000] {dag.py:4180} INFO - Setting next_dagrun for example_branch_operator to 2025-01-19 00:00:00+00:00, run_after=2025-01-20 00:00:00+00:00
[2025-01-20T08:54:06.848+0000] {processor.py:208} INFO - Processing /home/airflow/.local/lib/python3.12/site-packages/airflow/example_dags/example_branch_operator.py took 0.086 seconds
[2025-01-20T08:54:37.063+0000] {processor.py:186} INFO - Started process (PID=70043) to work on /home/airflow/.local/lib/python3.12/site-packages/airflow/example_dags/example_branch_operator.py
[2025-01-20T08:54:37.064+0000] {processor.py:914} INFO - Processing file /home/airflow/.local/lib/python3.12/site-packages/airflow/example_dags/example_branch_operator.py for tasks to queue
[2025-01-20T08:54:37.067+0000] {logging_mixin.py:190} INFO - [2025-01-20T08:54:37.067+0000] {dagbag.py:588} INFO - Filling up the DagBag from /home/airflow/.local/lib/python3.12/site-packages/airflow/example_dags/example_branch_operator.py
[2025-01-20T08:54:37.079+0000] {processor.py:925} INFO - DAG(s) 'example_branch_operator' retrieved from /home/airflow/.local/lib/python3.12/site-packages/airflow/example_dags/example_branch_operator.py
[2025-01-20T08:54:37.110+0000] {logging_mixin.py:190} INFO - [2025-01-20T08:54:37.109+0000] {dag.py:3239} INFO - Sync 1 DAGs
[2025-01-20T08:54:37.128+0000] {logging_mixin.py:190} INFO - [2025-01-20T08:54:37.128+0000] {dag.py:4180} INFO - Setting next_dagrun for example_branch_operator to 2025-01-19 00:00:00+00:00, run_after=2025-01-20 00:00:00+00:00
[2025-01-20T08:54:37.142+0000] {processor.py:208} INFO - Processing /home/airflow/.local/lib/python3.12/site-packages/airflow/example_dags/example_branch_operator.py took 0.083 seconds
[2025-01-20T08:55:07.303+0000] {processor.py:186} INFO - Started process (PID=70349) to work on /home/airflow/.local/lib/python3.12/site-packages/airflow/example_dags/example_branch_operator.py
[2025-01-20T08:55:07.304+0000] {processor.py:914} INFO - Processing file /home/airflow/.local/lib/python3.12/site-packages/airflow/example_dags/example_branch_operator.py for tasks to queue
[2025-01-20T08:55:07.308+0000] {logging_mixin.py:190} INFO - [2025-01-20T08:55:07.307+0000] {dagbag.py:588} INFO - Filling up the DagBag from /home/airflow/.local/lib/python3.12/site-packages/airflow/example_dags/example_branch_operator.py
[2025-01-20T08:55:07.328+0000] {processor.py:925} INFO - DAG(s) 'example_branch_operator' retrieved from /home/airflow/.local/lib/python3.12/site-packages/airflow/example_dags/example_branch_operator.py
[2025-01-20T08:55:07.345+0000] {logging_mixin.py:190} INFO - [2025-01-20T08:55:07.344+0000] {dag.py:3239} INFO - Sync 1 DAGs
[2025-01-20T08:55:07.360+0000] {logging_mixin.py:190} INFO - [2025-01-20T08:55:07.360+0000] {dag.py:4180} INFO - Setting next_dagrun for example_branch_operator to 2025-01-19 00:00:00+00:00, run_after=2025-01-20 00:00:00+00:00
[2025-01-20T08:55:07.374+0000] {processor.py:208} INFO - Processing /home/airflow/.local/lib/python3.12/site-packages/airflow/example_dags/example_branch_operator.py took 0.078 seconds
[2025-01-20T08:55:37.867+0000] {processor.py:186} INFO - Started process (PID=70652) to work on /home/airflow/.local/lib/python3.12/site-packages/airflow/example_dags/example_branch_operator.py
[2025-01-20T08:55:37.869+0000] {processor.py:914} INFO - Processing file /home/airflow/.local/lib/python3.12/site-packages/airflow/example_dags/example_branch_operator.py for tasks to queue
[2025-01-20T08:55:37.873+0000] {logging_mixin.py:190} INFO - [2025-01-20T08:55:37.873+0000] {dagbag.py:588} INFO - Filling up the DagBag from /home/airflow/.local/lib/python3.12/site-packages/airflow/example_dags/example_branch_operator.py
[2025-01-20T08:55:37.891+0000] {processor.py:925} INFO - DAG(s) 'example_branch_operator' retrieved from /home/airflow/.local/lib/python3.12/site-packages/airflow/example_dags/example_branch_operator.py
[2025-01-20T08:55:37.913+0000] {logging_mixin.py:190} INFO - [2025-01-20T08:55:37.913+0000] {dag.py:3239} INFO - Sync 1 DAGs
[2025-01-20T08:55:37.928+0000] {logging_mixin.py:190} INFO - [2025-01-20T08:55:37.928+0000] {dag.py:4180} INFO - Setting next_dagrun for example_branch_operator to 2025-01-19 00:00:00+00:00, run_after=2025-01-20 00:00:00+00:00
[2025-01-20T08:55:37.941+0000] {processor.py:208} INFO - Processing /home/airflow/.local/lib/python3.12/site-packages/airflow/example_dags/example_branch_operator.py took 0.077 seconds
[2025-01-20T08:56:08.321+0000] {processor.py:186} INFO - Started process (PID=70956) to work on /home/airflow/.local/lib/python3.12/site-packages/airflow/example_dags/example_branch_operator.py
[2025-01-20T08:56:08.323+0000] {processor.py:914} INFO - Processing file /home/airflow/.local/lib/python3.12/site-packages/airflow/example_dags/example_branch_operator.py for tasks to queue
[2025-01-20T08:56:08.325+0000] {logging_mixin.py:190} INFO - [2025-01-20T08:56:08.324+0000] {dagbag.py:588} INFO - Filling up the DagBag from /home/airflow/.local/lib/python3.12/site-packages/airflow/example_dags/example_branch_operator.py
[2025-01-20T08:56:08.336+0000] {processor.py:925} INFO - DAG(s) 'example_branch_operator' retrieved from /home/airflow/.local/lib/python3.12/site-packages/airflow/example_dags/example_branch_operator.py
[2025-01-20T08:56:08.352+0000] {logging_mixin.py:190} INFO - [2025-01-20T08:56:08.352+0000] {dag.py:3239} INFO - Sync 1 DAGs
[2025-01-20T08:56:08.367+0000] {logging_mixin.py:190} INFO - [2025-01-20T08:56:08.367+0000] {dag.py:4180} INFO - Setting next_dagrun for example_branch_operator to 2025-01-19 00:00:00+00:00, run_after=2025-01-20 00:00:00+00:00
[2025-01-20T08:56:08.379+0000] {processor.py:208} INFO - Processing /home/airflow/.local/lib/python3.12/site-packages/airflow/example_dags/example_branch_operator.py took 0.065 seconds
[2025-01-20T08:56:38.715+0000] {processor.py:186} INFO - Started process (PID=71256) to work on /home/airflow/.local/lib/python3.12/site-packages/airflow/example_dags/example_branch_operator.py
[2025-01-20T08:56:38.716+0000] {processor.py:914} INFO - Processing file /home/airflow/.local/lib/python3.12/site-packages/airflow/example_dags/example_branch_operator.py for tasks to queue
[2025-01-20T08:56:38.717+0000] {logging_mixin.py:190} INFO - [2025-01-20T08:56:38.717+0000] {dagbag.py:588} INFO - Filling up the DagBag from /home/airflow/.local/lib/python3.12/site-packages/airflow/example_dags/example_branch_operator.py
[2025-01-20T08:56:38.728+0000] {processor.py:925} INFO - DAG(s) 'example_branch_operator' retrieved from /home/airflow/.local/lib/python3.12/site-packages/airflow/example_dags/example_branch_operator.py
[2025-01-20T08:56:38.751+0000] {logging_mixin.py:190} INFO - [2025-01-20T08:56:38.751+0000] {dag.py:3239} INFO - Sync 1 DAGs
[2025-01-20T08:56:38.773+0000] {logging_mixin.py:190} INFO - [2025-01-20T08:56:38.772+0000] {dag.py:4180} INFO - Setting next_dagrun for example_branch_operator to 2025-01-19 00:00:00+00:00, run_after=2025-01-20 00:00:00+00:00
[2025-01-20T08:56:38.793+0000] {processor.py:208} INFO - Processing /home/airflow/.local/lib/python3.12/site-packages/airflow/example_dags/example_branch_operator.py took 0.082 seconds
[2025-01-20T08:57:09.058+0000] {processor.py:186} INFO - Started process (PID=71557) to work on /home/airflow/.local/lib/python3.12/site-packages/airflow/example_dags/example_branch_operator.py
[2025-01-20T08:57:09.059+0000] {processor.py:914} INFO - Processing file /home/airflow/.local/lib/python3.12/site-packages/airflow/example_dags/example_branch_operator.py for tasks to queue
[2025-01-20T08:57:09.061+0000] {logging_mixin.py:190} INFO - [2025-01-20T08:57:09.061+0000] {dagbag.py:588} INFO - Filling up the DagBag from /home/airflow/.local/lib/python3.12/site-packages/airflow/example_dags/example_branch_operator.py
[2025-01-20T08:57:09.074+0000] {processor.py:925} INFO - DAG(s) 'example_branch_operator' retrieved from /home/airflow/.local/lib/python3.12/site-packages/airflow/example_dags/example_branch_operator.py
[2025-01-20T08:57:09.092+0000] {logging_mixin.py:190} INFO - [2025-01-20T08:57:09.091+0000] {dag.py:3239} INFO - Sync 1 DAGs
[2025-01-20T08:57:09.110+0000] {logging_mixin.py:190} INFO - [2025-01-20T08:57:09.110+0000] {dag.py:4180} INFO - Setting next_dagrun for example_branch_operator to 2025-01-19 00:00:00+00:00, run_after=2025-01-20 00:00:00+00:00
[2025-01-20T08:57:09.125+0000] {processor.py:208} INFO - Processing /home/airflow/.local/lib/python3.12/site-packages/airflow/example_dags/example_branch_operator.py took 0.073 seconds
[2025-01-20T08:57:39.879+0000] {processor.py:186} INFO - Started process (PID=71858) to work on /home/airflow/.local/lib/python3.12/site-packages/airflow/example_dags/example_branch_operator.py
[2025-01-20T08:57:39.880+0000] {processor.py:914} INFO - Processing file /home/airflow/.local/lib/python3.12/site-packages/airflow/example_dags/example_branch_operator.py for tasks to queue
[2025-01-20T08:57:39.882+0000] {logging_mixin.py:190} INFO - [2025-01-20T08:57:39.882+0000] {dagbag.py:588} INFO - Filling up the DagBag from /home/airflow/.local/lib/python3.12/site-packages/airflow/example_dags/example_branch_operator.py
[2025-01-20T08:57:39.893+0000] {processor.py:925} INFO - DAG(s) 'example_branch_operator' retrieved from /home/airflow/.local/lib/python3.12/site-packages/airflow/example_dags/example_branch_operator.py
[2025-01-20T08:57:39.916+0000] {logging_mixin.py:190} INFO - [2025-01-20T08:57:39.916+0000] {dag.py:3239} INFO - Sync 1 DAGs
[2025-01-20T08:57:39.935+0000] {logging_mixin.py:190} INFO - [2025-01-20T08:57:39.935+0000] {dag.py:4180} INFO - Setting next_dagrun for example_branch_operator to 2025-01-19 00:00:00+00:00, run_after=2025-01-20 00:00:00+00:00
[2025-01-20T08:57:39.951+0000] {processor.py:208} INFO - Processing /home/airflow/.local/lib/python3.12/site-packages/airflow/example_dags/example_branch_operator.py took 0.078 seconds
[2025-01-20T08:58:10.386+0000] {processor.py:186} INFO - Started process (PID=72164) to work on /home/airflow/.local/lib/python3.12/site-packages/airflow/example_dags/example_branch_operator.py
[2025-01-20T08:58:10.387+0000] {processor.py:914} INFO - Processing file /home/airflow/.local/lib/python3.12/site-packages/airflow/example_dags/example_branch_operator.py for tasks to queue
[2025-01-20T08:58:10.391+0000] {logging_mixin.py:190} INFO - [2025-01-20T08:58:10.390+0000] {dagbag.py:588} INFO - Filling up the DagBag from /home/airflow/.local/lib/python3.12/site-packages/airflow/example_dags/example_branch_operator.py
[2025-01-20T08:58:10.407+0000] {processor.py:925} INFO - DAG(s) 'example_branch_operator' retrieved from /home/airflow/.local/lib/python3.12/site-packages/airflow/example_dags/example_branch_operator.py
[2025-01-20T08:58:10.426+0000] {logging_mixin.py:190} INFO - [2025-01-20T08:58:10.426+0000] {dag.py:3239} INFO - Sync 1 DAGs
[2025-01-20T08:58:10.448+0000] {logging_mixin.py:190} INFO - [2025-01-20T08:58:10.448+0000] {dag.py:4180} INFO - Setting next_dagrun for example_branch_operator to 2025-01-19 00:00:00+00:00, run_after=2025-01-20 00:00:00+00:00
[2025-01-20T08:58:10.461+0000] {processor.py:208} INFO - Processing /home/airflow/.local/lib/python3.12/site-packages/airflow/example_dags/example_branch_operator.py took 0.082 seconds
[2025-01-20T08:58:40.661+0000] {processor.py:186} INFO - Started process (PID=72467) to work on /home/airflow/.local/lib/python3.12/site-packages/airflow/example_dags/example_branch_operator.py
[2025-01-20T08:58:40.662+0000] {processor.py:914} INFO - Processing file /home/airflow/.local/lib/python3.12/site-packages/airflow/example_dags/example_branch_operator.py for tasks to queue
[2025-01-20T08:58:40.665+0000] {logging_mixin.py:190} INFO - [2025-01-20T08:58:40.665+0000] {dagbag.py:588} INFO - Filling up the DagBag from /home/airflow/.local/lib/python3.12/site-packages/airflow/example_dags/example_branch_operator.py
[2025-01-20T08:58:40.680+0000] {processor.py:925} INFO - DAG(s) 'example_branch_operator' retrieved from /home/airflow/.local/lib/python3.12/site-packages/airflow/example_dags/example_branch_operator.py
[2025-01-20T08:58:40.698+0000] {logging_mixin.py:190} INFO - [2025-01-20T08:58:40.698+0000] {dag.py:3239} INFO - Sync 1 DAGs
[2025-01-20T08:58:40.713+0000] {logging_mixin.py:190} INFO - [2025-01-20T08:58:40.713+0000] {dag.py:4180} INFO - Setting next_dagrun for example_branch_operator to 2025-01-19 00:00:00+00:00, run_after=2025-01-20 00:00:00+00:00
[2025-01-20T08:58:40.729+0000] {processor.py:208} INFO - Processing /home/airflow/.local/lib/python3.12/site-packages/airflow/example_dags/example_branch_operator.py took 0.074 seconds
[2025-01-20T08:59:11.085+0000] {processor.py:186} INFO - Started process (PID=72771) to work on /home/airflow/.local/lib/python3.12/site-packages/airflow/example_dags/example_branch_operator.py
[2025-01-20T08:59:11.086+0000] {processor.py:914} INFO - Processing file /home/airflow/.local/lib/python3.12/site-packages/airflow/example_dags/example_branch_operator.py for tasks to queue
[2025-01-20T08:59:11.089+0000] {logging_mixin.py:190} INFO - [2025-01-20T08:59:11.089+0000] {dagbag.py:588} INFO - Filling up the DagBag from /home/airflow/.local/lib/python3.12/site-packages/airflow/example_dags/example_branch_operator.py
[2025-01-20T08:59:11.109+0000] {processor.py:925} INFO - DAG(s) 'example_branch_operator' retrieved from /home/airflow/.local/lib/python3.12/site-packages/airflow/example_dags/example_branch_operator.py
[2025-01-20T08:59:11.137+0000] {logging_mixin.py:190} INFO - [2025-01-20T08:59:11.137+0000] {dag.py:3239} INFO - Sync 1 DAGs
[2025-01-20T08:59:11.164+0000] {logging_mixin.py:190} INFO - [2025-01-20T08:59:11.164+0000] {dag.py:4180} INFO - Setting next_dagrun for example_branch_operator to 2025-01-19 00:00:00+00:00, run_after=2025-01-20 00:00:00+00:00
[2025-01-20T08:59:11.188+0000] {processor.py:208} INFO - Processing /home/airflow/.local/lib/python3.12/site-packages/airflow/example_dags/example_branch_operator.py took 0.110 seconds
[2025-01-20T08:59:41.622+0000] {processor.py:186} INFO - Started process (PID=73072) to work on /home/airflow/.local/lib/python3.12/site-packages/airflow/example_dags/example_branch_operator.py
[2025-01-20T08:59:41.622+0000] {processor.py:914} INFO - Processing file /home/airflow/.local/lib/python3.12/site-packages/airflow/example_dags/example_branch_operator.py for tasks to queue
[2025-01-20T08:59:41.624+0000] {logging_mixin.py:190} INFO - [2025-01-20T08:59:41.624+0000] {dagbag.py:588} INFO - Filling up the DagBag from /home/airflow/.local/lib/python3.12/site-packages/airflow/example_dags/example_branch_operator.py
[2025-01-20T08:59:41.638+0000] {processor.py:925} INFO - DAG(s) 'example_branch_operator' retrieved from /home/airflow/.local/lib/python3.12/site-packages/airflow/example_dags/example_branch_operator.py
[2025-01-20T08:59:41.657+0000] {logging_mixin.py:190} INFO - [2025-01-20T08:59:41.657+0000] {dag.py:3239} INFO - Sync 1 DAGs
[2025-01-20T08:59:41.677+0000] {logging_mixin.py:190} INFO - [2025-01-20T08:59:41.677+0000] {dag.py:4180} INFO - Setting next_dagrun for example_branch_operator to 2025-01-19 00:00:00+00:00, run_after=2025-01-20 00:00:00+00:00
[2025-01-20T08:59:41.694+0000] {processor.py:208} INFO - Processing /home/airflow/.local/lib/python3.12/site-packages/airflow/example_dags/example_branch_operator.py took 0.077 seconds
[2025-01-20T09:00:12.002+0000] {processor.py:186} INFO - Started process (PID=73378) to work on /home/airflow/.local/lib/python3.12/site-packages/airflow/example_dags/example_branch_operator.py
[2025-01-20T09:00:12.003+0000] {processor.py:914} INFO - Processing file /home/airflow/.local/lib/python3.12/site-packages/airflow/example_dags/example_branch_operator.py for tasks to queue
[2025-01-20T09:00:12.006+0000] {logging_mixin.py:190} INFO - [2025-01-20T09:00:12.005+0000] {dagbag.py:588} INFO - Filling up the DagBag from /home/airflow/.local/lib/python3.12/site-packages/airflow/example_dags/example_branch_operator.py
[2025-01-20T09:00:12.023+0000] {processor.py:925} INFO - DAG(s) 'example_branch_operator' retrieved from /home/airflow/.local/lib/python3.12/site-packages/airflow/example_dags/example_branch_operator.py
[2025-01-20T09:00:12.048+0000] {logging_mixin.py:190} INFO - [2025-01-20T09:00:12.047+0000] {dag.py:3239} INFO - Sync 1 DAGs
[2025-01-20T09:00:12.065+0000] {logging_mixin.py:190} INFO - [2025-01-20T09:00:12.064+0000] {dag.py:4180} INFO - Setting next_dagrun for example_branch_operator to 2025-01-19 00:00:00+00:00, run_after=2025-01-20 00:00:00+00:00
[2025-01-20T09:00:12.078+0000] {processor.py:208} INFO - Processing /home/airflow/.local/lib/python3.12/site-packages/airflow/example_dags/example_branch_operator.py took 0.084 seconds
[2025-01-20T09:00:42.370+0000] {processor.py:186} INFO - Started process (PID=73681) to work on /home/airflow/.local/lib/python3.12/site-packages/airflow/example_dags/example_branch_operator.py
[2025-01-20T09:00:42.371+0000] {processor.py:914} INFO - Processing file /home/airflow/.local/lib/python3.12/site-packages/airflow/example_dags/example_branch_operator.py for tasks to queue
[2025-01-20T09:00:42.373+0000] {logging_mixin.py:190} INFO - [2025-01-20T09:00:42.372+0000] {dagbag.py:588} INFO - Filling up the DagBag from /home/airflow/.local/lib/python3.12/site-packages/airflow/example_dags/example_branch_operator.py
[2025-01-20T09:00:42.414+0000] {processor.py:925} INFO - DAG(s) 'example_branch_operator' retrieved from /home/airflow/.local/lib/python3.12/site-packages/airflow/example_dags/example_branch_operator.py
[2025-01-20T09:00:42.454+0000] {logging_mixin.py:190} INFO - [2025-01-20T09:00:42.454+0000] {dag.py:3239} INFO - Sync 1 DAGs
[2025-01-20T09:00:42.481+0000] {logging_mixin.py:190} INFO - [2025-01-20T09:00:42.480+0000] {dag.py:4180} INFO - Setting next_dagrun for example_branch_operator to 2025-01-19 00:00:00+00:00, run_after=2025-01-20 00:00:00+00:00
[2025-01-20T09:00:42.503+0000] {processor.py:208} INFO - Processing /home/airflow/.local/lib/python3.12/site-packages/airflow/example_dags/example_branch_operator.py took 0.139 seconds
[2025-01-20T09:01:12.896+0000] {processor.py:186} INFO - Started process (PID=73987) to work on /home/airflow/.local/lib/python3.12/site-packages/airflow/example_dags/example_branch_operator.py
[2025-01-20T09:01:12.897+0000] {processor.py:914} INFO - Processing file /home/airflow/.local/lib/python3.12/site-packages/airflow/example_dags/example_branch_operator.py for tasks to queue
[2025-01-20T09:01:12.899+0000] {logging_mixin.py:190} INFO - [2025-01-20T09:01:12.899+0000] {dagbag.py:588} INFO - Filling up the DagBag from /home/airflow/.local/lib/python3.12/site-packages/airflow/example_dags/example_branch_operator.py
[2025-01-20T09:01:12.911+0000] {processor.py:925} INFO - DAG(s) 'example_branch_operator' retrieved from /home/airflow/.local/lib/python3.12/site-packages/airflow/example_dags/example_branch_operator.py
[2025-01-20T09:01:12.939+0000] {logging_mixin.py:190} INFO - [2025-01-20T09:01:12.939+0000] {dag.py:3239} INFO - Sync 1 DAGs
[2025-01-20T09:01:12.958+0000] {logging_mixin.py:190} INFO - [2025-01-20T09:01:12.958+0000] {dag.py:4180} INFO - Setting next_dagrun for example_branch_operator to 2025-01-19 00:00:00+00:00, run_after=2025-01-20 00:00:00+00:00
[2025-01-20T09:01:12.970+0000] {processor.py:208} INFO - Processing /home/airflow/.local/lib/python3.12/site-packages/airflow/example_dags/example_branch_operator.py took 0.078 seconds
[2025-01-20T09:01:43.299+0000] {processor.py:186} INFO - Started process (PID=74286) to work on /home/airflow/.local/lib/python3.12/site-packages/airflow/example_dags/example_branch_operator.py
[2025-01-20T09:01:43.300+0000] {processor.py:914} INFO - Processing file /home/airflow/.local/lib/python3.12/site-packages/airflow/example_dags/example_branch_operator.py for tasks to queue
[2025-01-20T09:01:43.302+0000] {logging_mixin.py:190} INFO - [2025-01-20T09:01:43.302+0000] {dagbag.py:588} INFO - Filling up the DagBag from /home/airflow/.local/lib/python3.12/site-packages/airflow/example_dags/example_branch_operator.py
[2025-01-20T09:01:43.315+0000] {processor.py:925} INFO - DAG(s) 'example_branch_operator' retrieved from /home/airflow/.local/lib/python3.12/site-packages/airflow/example_dags/example_branch_operator.py
[2025-01-20T09:01:43.337+0000] {logging_mixin.py:190} INFO - [2025-01-20T09:01:43.337+0000] {dag.py:3239} INFO - Sync 1 DAGs
[2025-01-20T09:01:43.354+0000] {logging_mixin.py:190} INFO - [2025-01-20T09:01:43.354+0000] {dag.py:4180} INFO - Setting next_dagrun for example_branch_operator to 2025-01-19 00:00:00+00:00, run_after=2025-01-20 00:00:00+00:00
[2025-01-20T09:01:43.369+0000] {processor.py:208} INFO - Processing /home/airflow/.local/lib/python3.12/site-packages/airflow/example_dags/example_branch_operator.py took 0.073 seconds
[2025-01-20T09:02:13.812+0000] {processor.py:186} INFO - Started process (PID=74592) to work on /home/airflow/.local/lib/python3.12/site-packages/airflow/example_dags/example_branch_operator.py
[2025-01-20T09:02:13.813+0000] {processor.py:914} INFO - Processing file /home/airflow/.local/lib/python3.12/site-packages/airflow/example_dags/example_branch_operator.py for tasks to queue
[2025-01-20T09:02:13.816+0000] {logging_mixin.py:190} INFO - [2025-01-20T09:02:13.816+0000] {dagbag.py:588} INFO - Filling up the DagBag from /home/airflow/.local/lib/python3.12/site-packages/airflow/example_dags/example_branch_operator.py
[2025-01-20T09:02:13.833+0000] {processor.py:925} INFO - DAG(s) 'example_branch_operator' retrieved from /home/airflow/.local/lib/python3.12/site-packages/airflow/example_dags/example_branch_operator.py
[2025-01-20T09:02:13.856+0000] {logging_mixin.py:190} INFO - [2025-01-20T09:02:13.855+0000] {dag.py:3239} INFO - Sync 1 DAGs
[2025-01-20T09:02:13.877+0000] {logging_mixin.py:190} INFO - [2025-01-20T09:02:13.877+0000] {dag.py:4180} INFO - Setting next_dagrun for example_branch_operator to 2025-01-19 00:00:00+00:00, run_after=2025-01-20 00:00:00+00:00
[2025-01-20T09:02:13.893+0000] {processor.py:208} INFO - Processing /home/airflow/.local/lib/python3.12/site-packages/airflow/example_dags/example_branch_operator.py took 0.085 seconds
[2025-01-20T09:02:44.076+0000] {processor.py:186} INFO - Started process (PID=74893) to work on /home/airflow/.local/lib/python3.12/site-packages/airflow/example_dags/example_branch_operator.py
[2025-01-20T09:02:44.077+0000] {processor.py:914} INFO - Processing file /home/airflow/.local/lib/python3.12/site-packages/airflow/example_dags/example_branch_operator.py for tasks to queue
[2025-01-20T09:02:44.080+0000] {logging_mixin.py:190} INFO - [2025-01-20T09:02:44.080+0000] {dagbag.py:588} INFO - Filling up the DagBag from /home/airflow/.local/lib/python3.12/site-packages/airflow/example_dags/example_branch_operator.py
[2025-01-20T09:02:44.095+0000] {processor.py:925} INFO - DAG(s) 'example_branch_operator' retrieved from /home/airflow/.local/lib/python3.12/site-packages/airflow/example_dags/example_branch_operator.py
[2025-01-20T09:02:44.114+0000] {logging_mixin.py:190} INFO - [2025-01-20T09:02:44.114+0000] {dag.py:3239} INFO - Sync 1 DAGs
[2025-01-20T09:02:44.131+0000] {logging_mixin.py:190} INFO - [2025-01-20T09:02:44.131+0000] {dag.py:4180} INFO - Setting next_dagrun for example_branch_operator to 2025-01-19 00:00:00+00:00, run_after=2025-01-20 00:00:00+00:00
[2025-01-20T09:02:44.147+0000] {processor.py:208} INFO - Processing /home/airflow/.local/lib/python3.12/site-packages/airflow/example_dags/example_branch_operator.py took 0.075 seconds
[2025-01-20T09:03:14.324+0000] {processor.py:186} INFO - Started process (PID=75199) to work on /home/airflow/.local/lib/python3.12/site-packages/airflow/example_dags/example_branch_operator.py
[2025-01-20T09:03:14.325+0000] {processor.py:914} INFO - Processing file /home/airflow/.local/lib/python3.12/site-packages/airflow/example_dags/example_branch_operator.py for tasks to queue
[2025-01-20T09:03:14.327+0000] {logging_mixin.py:190} INFO - [2025-01-20T09:03:14.326+0000] {dagbag.py:588} INFO - Filling up the DagBag from /home/airflow/.local/lib/python3.12/site-packages/airflow/example_dags/example_branch_operator.py
[2025-01-20T09:03:14.338+0000] {processor.py:925} INFO - DAG(s) 'example_branch_operator' retrieved from /home/airflow/.local/lib/python3.12/site-packages/airflow/example_dags/example_branch_operator.py
[2025-01-20T09:03:14.361+0000] {logging_mixin.py:190} INFO - [2025-01-20T09:03:14.360+0000] {dag.py:3239} INFO - Sync 1 DAGs
[2025-01-20T09:03:14.378+0000] {logging_mixin.py:190} INFO - [2025-01-20T09:03:14.378+0000] {dag.py:4180} INFO - Setting next_dagrun for example_branch_operator to 2025-01-19 00:00:00+00:00, run_after=2025-01-20 00:00:00+00:00
[2025-01-20T09:03:14.396+0000] {processor.py:208} INFO - Processing /home/airflow/.local/lib/python3.12/site-packages/airflow/example_dags/example_branch_operator.py took 0.076 seconds
[2025-01-20T09:03:44.990+0000] {processor.py:186} INFO - Started process (PID=75500) to work on /home/airflow/.local/lib/python3.12/site-packages/airflow/example_dags/example_branch_operator.py
[2025-01-20T09:03:44.991+0000] {processor.py:914} INFO - Processing file /home/airflow/.local/lib/python3.12/site-packages/airflow/example_dags/example_branch_operator.py for tasks to queue
[2025-01-20T09:03:44.994+0000] {logging_mixin.py:190} INFO - [2025-01-20T09:03:44.993+0000] {dagbag.py:588} INFO - Filling up the DagBag from /home/airflow/.local/lib/python3.12/site-packages/airflow/example_dags/example_branch_operator.py
[2025-01-20T09:03:45.010+0000] {processor.py:925} INFO - DAG(s) 'example_branch_operator' retrieved from /home/airflow/.local/lib/python3.12/site-packages/airflow/example_dags/example_branch_operator.py
[2025-01-20T09:03:45.033+0000] {logging_mixin.py:190} INFO - [2025-01-20T09:03:45.033+0000] {dag.py:3239} INFO - Sync 1 DAGs
[2025-01-20T09:03:45.184+0000] {logging_mixin.py:190} INFO - [2025-01-20T09:03:45.184+0000] {dag.py:4180} INFO - Setting next_dagrun for example_branch_operator to 2025-01-19 00:00:00+00:00, run_after=2025-01-20 00:00:00+00:00
[2025-01-20T09:03:45.205+0000] {processor.py:208} INFO - Processing /home/airflow/.local/lib/python3.12/site-packages/airflow/example_dags/example_branch_operator.py took 0.222 seconds
[2025-01-20T09:04:15.339+0000] {processor.py:186} INFO - Started process (PID=75812) to work on /home/airflow/.local/lib/python3.12/site-packages/airflow/example_dags/example_branch_operator.py
[2025-01-20T09:04:15.340+0000] {processor.py:914} INFO - Processing file /home/airflow/.local/lib/python3.12/site-packages/airflow/example_dags/example_branch_operator.py for tasks to queue
[2025-01-20T09:04:15.342+0000] {logging_mixin.py:190} INFO - [2025-01-20T09:04:15.342+0000] {dagbag.py:588} INFO - Filling up the DagBag from /home/airflow/.local/lib/python3.12/site-packages/airflow/example_dags/example_branch_operator.py
[2025-01-20T09:04:15.358+0000] {processor.py:925} INFO - DAG(s) 'example_branch_operator' retrieved from /home/airflow/.local/lib/python3.12/site-packages/airflow/example_dags/example_branch_operator.py
[2025-01-20T09:04:15.382+0000] {logging_mixin.py:190} INFO - [2025-01-20T09:04:15.382+0000] {dag.py:3239} INFO - Sync 1 DAGs
[2025-01-20T09:04:15.514+0000] {logging_mixin.py:190} INFO - [2025-01-20T09:04:15.514+0000] {dag.py:4180} INFO - Setting next_dagrun for example_branch_operator to 2025-01-19 00:00:00+00:00, run_after=2025-01-20 00:00:00+00:00
[2025-01-20T09:04:15.540+0000] {processor.py:208} INFO - Processing /home/airflow/.local/lib/python3.12/site-packages/airflow/example_dags/example_branch_operator.py took 0.206 seconds
[2025-01-20T09:04:46.156+0000] {processor.py:186} INFO - Started process (PID=76113) to work on /home/airflow/.local/lib/python3.12/site-packages/airflow/example_dags/example_branch_operator.py
[2025-01-20T09:04:46.157+0000] {processor.py:914} INFO - Processing file /home/airflow/.local/lib/python3.12/site-packages/airflow/example_dags/example_branch_operator.py for tasks to queue
[2025-01-20T09:04:46.159+0000] {logging_mixin.py:190} INFO - [2025-01-20T09:04:46.159+0000] {dagbag.py:588} INFO - Filling up the DagBag from /home/airflow/.local/lib/python3.12/site-packages/airflow/example_dags/example_branch_operator.py
[2025-01-20T09:04:46.171+0000] {processor.py:925} INFO - DAG(s) 'example_branch_operator' retrieved from /home/airflow/.local/lib/python3.12/site-packages/airflow/example_dags/example_branch_operator.py
[2025-01-20T09:04:46.191+0000] {logging_mixin.py:190} INFO - [2025-01-20T09:04:46.191+0000] {dag.py:3239} INFO - Sync 1 DAGs
[2025-01-20T09:04:46.207+0000] {logging_mixin.py:190} INFO - [2025-01-20T09:04:46.207+0000] {dag.py:4180} INFO - Setting next_dagrun for example_branch_operator to 2025-01-19 00:00:00+00:00, run_after=2025-01-20 00:00:00+00:00
[2025-01-20T09:04:46.375+0000] {processor.py:208} INFO - Processing /home/airflow/.local/lib/python3.12/site-packages/airflow/example_dags/example_branch_operator.py took 0.222 seconds
[2025-01-20T09:05:16.678+0000] {processor.py:186} INFO - Started process (PID=76416) to work on /home/airflow/.local/lib/python3.12/site-packages/airflow/example_dags/example_branch_operator.py
[2025-01-20T09:05:16.679+0000] {processor.py:914} INFO - Processing file /home/airflow/.local/lib/python3.12/site-packages/airflow/example_dags/example_branch_operator.py for tasks to queue
[2025-01-20T09:05:16.680+0000] {logging_mixin.py:190} INFO - [2025-01-20T09:05:16.680+0000] {dagbag.py:588} INFO - Filling up the DagBag from /home/airflow/.local/lib/python3.12/site-packages/airflow/example_dags/example_branch_operator.py
[2025-01-20T09:05:16.691+0000] {processor.py:925} INFO - DAG(s) 'example_branch_operator' retrieved from /home/airflow/.local/lib/python3.12/site-packages/airflow/example_dags/example_branch_operator.py
[2025-01-20T09:05:16.708+0000] {logging_mixin.py:190} INFO - [2025-01-20T09:05:16.708+0000] {dag.py:3239} INFO - Sync 1 DAGs
[2025-01-20T09:05:16.722+0000] {logging_mixin.py:190} INFO - [2025-01-20T09:05:16.722+0000] {dag.py:4180} INFO - Setting next_dagrun for example_branch_operator to 2025-01-19 00:00:00+00:00, run_after=2025-01-20 00:00:00+00:00
[2025-01-20T09:05:16.735+0000] {processor.py:208} INFO - Processing /home/airflow/.local/lib/python3.12/site-packages/airflow/example_dags/example_branch_operator.py took 0.061 seconds
[2025-01-20T09:05:46.948+0000] {processor.py:186} INFO - Started process (PID=76715) to work on /home/airflow/.local/lib/python3.12/site-packages/airflow/example_dags/example_branch_operator.py
[2025-01-20T09:05:46.949+0000] {processor.py:914} INFO - Processing file /home/airflow/.local/lib/python3.12/site-packages/airflow/example_dags/example_branch_operator.py for tasks to queue
[2025-01-20T09:05:46.952+0000] {logging_mixin.py:190} INFO - [2025-01-20T09:05:46.952+0000] {dagbag.py:588} INFO - Filling up the DagBag from /home/airflow/.local/lib/python3.12/site-packages/airflow/example_dags/example_branch_operator.py
[2025-01-20T09:05:46.966+0000] {processor.py:925} INFO - DAG(s) 'example_branch_operator' retrieved from /home/airflow/.local/lib/python3.12/site-packages/airflow/example_dags/example_branch_operator.py
[2025-01-20T09:05:46.985+0000] {logging_mixin.py:190} INFO - [2025-01-20T09:05:46.985+0000] {dag.py:3239} INFO - Sync 1 DAGs
[2025-01-20T09:05:47.008+0000] {logging_mixin.py:190} INFO - [2025-01-20T09:05:47.008+0000] {dag.py:4180} INFO - Setting next_dagrun for example_branch_operator to 2025-01-19 00:00:00+00:00, run_after=2025-01-20 00:00:00+00:00
[2025-01-20T09:05:47.026+0000] {processor.py:208} INFO - Processing /home/airflow/.local/lib/python3.12/site-packages/airflow/example_dags/example_branch_operator.py took 0.082 seconds
[2025-01-20T09:06:17.970+0000] {processor.py:186} INFO - Started process (PID=77023) to work on /home/airflow/.local/lib/python3.12/site-packages/airflow/example_dags/example_branch_operator.py
[2025-01-20T09:06:17.971+0000] {processor.py:914} INFO - Processing file /home/airflow/.local/lib/python3.12/site-packages/airflow/example_dags/example_branch_operator.py for tasks to queue
[2025-01-20T09:06:17.974+0000] {logging_mixin.py:190} INFO - [2025-01-20T09:06:17.973+0000] {dagbag.py:588} INFO - Filling up the DagBag from /home/airflow/.local/lib/python3.12/site-packages/airflow/example_dags/example_branch_operator.py
[2025-01-20T09:06:17.985+0000] {processor.py:925} INFO - DAG(s) 'example_branch_operator' retrieved from /home/airflow/.local/lib/python3.12/site-packages/airflow/example_dags/example_branch_operator.py
[2025-01-20T09:06:18.005+0000] {logging_mixin.py:190} INFO - [2025-01-20T09:06:18.005+0000] {dag.py:3239} INFO - Sync 1 DAGs
[2025-01-20T09:06:18.021+0000] {logging_mixin.py:190} INFO - [2025-01-20T09:06:18.021+0000] {dag.py:4180} INFO - Setting next_dagrun for example_branch_operator to 2025-01-19 00:00:00+00:00, run_after=2025-01-20 00:00:00+00:00
[2025-01-20T09:06:18.035+0000] {processor.py:208} INFO - Processing /home/airflow/.local/lib/python3.12/site-packages/airflow/example_dags/example_branch_operator.py took 0.071 seconds
[2025-01-20T09:06:48.860+0000] {processor.py:186} INFO - Started process (PID=77322) to work on /home/airflow/.local/lib/python3.12/site-packages/airflow/example_dags/example_branch_operator.py
[2025-01-20T09:06:48.861+0000] {processor.py:914} INFO - Processing file /home/airflow/.local/lib/python3.12/site-packages/airflow/example_dags/example_branch_operator.py for tasks to queue
[2025-01-20T09:06:48.864+0000] {logging_mixin.py:190} INFO - [2025-01-20T09:06:48.864+0000] {dagbag.py:588} INFO - Filling up the DagBag from /home/airflow/.local/lib/python3.12/site-packages/airflow/example_dags/example_branch_operator.py
[2025-01-20T09:06:48.876+0000] {processor.py:925} INFO - DAG(s) 'example_branch_operator' retrieved from /home/airflow/.local/lib/python3.12/site-packages/airflow/example_dags/example_branch_operator.py
[2025-01-20T09:06:48.903+0000] {logging_mixin.py:190} INFO - [2025-01-20T09:06:48.903+0000] {dag.py:3239} INFO - Sync 1 DAGs
[2025-01-20T09:06:48.920+0000] {logging_mixin.py:190} INFO - [2025-01-20T09:06:48.920+0000] {dag.py:4180} INFO - Setting next_dagrun for example_branch_operator to 2025-01-19 00:00:00+00:00, run_after=2025-01-20 00:00:00+00:00
[2025-01-20T09:06:48.939+0000] {processor.py:208} INFO - Processing /home/airflow/.local/lib/python3.12/site-packages/airflow/example_dags/example_branch_operator.py took 0.081 seconds
[2025-01-20T09:07:19.789+0000] {processor.py:186} INFO - Started process (PID=77628) to work on /home/airflow/.local/lib/python3.12/site-packages/airflow/example_dags/example_branch_operator.py
[2025-01-20T09:07:19.790+0000] {processor.py:914} INFO - Processing file /home/airflow/.local/lib/python3.12/site-packages/airflow/example_dags/example_branch_operator.py for tasks to queue
[2025-01-20T09:07:19.792+0000] {logging_mixin.py:190} INFO - [2025-01-20T09:07:19.792+0000] {dagbag.py:588} INFO - Filling up the DagBag from /home/airflow/.local/lib/python3.12/site-packages/airflow/example_dags/example_branch_operator.py
[2025-01-20T09:07:19.803+0000] {processor.py:925} INFO - DAG(s) 'example_branch_operator' retrieved from /home/airflow/.local/lib/python3.12/site-packages/airflow/example_dags/example_branch_operator.py
[2025-01-20T09:07:19.826+0000] {logging_mixin.py:190} INFO - [2025-01-20T09:07:19.826+0000] {dag.py:3239} INFO - Sync 1 DAGs
[2025-01-20T09:07:19.846+0000] {logging_mixin.py:190} INFO - [2025-01-20T09:07:19.845+0000] {dag.py:4180} INFO - Setting next_dagrun for example_branch_operator to 2025-01-19 00:00:00+00:00, run_after=2025-01-20 00:00:00+00:00
[2025-01-20T09:07:19.860+0000] {processor.py:208} INFO - Processing /home/airflow/.local/lib/python3.12/site-packages/airflow/example_dags/example_branch_operator.py took 0.077 seconds
[2025-01-20T09:07:50.654+0000] {processor.py:186} INFO - Started process (PID=77929) to work on /home/airflow/.local/lib/python3.12/site-packages/airflow/example_dags/example_branch_operator.py
[2025-01-20T09:07:50.655+0000] {processor.py:914} INFO - Processing file /home/airflow/.local/lib/python3.12/site-packages/airflow/example_dags/example_branch_operator.py for tasks to queue
[2025-01-20T09:07:50.657+0000] {logging_mixin.py:190} INFO - [2025-01-20T09:07:50.657+0000] {dagbag.py:588} INFO - Filling up the DagBag from /home/airflow/.local/lib/python3.12/site-packages/airflow/example_dags/example_branch_operator.py
[2025-01-20T09:07:50.669+0000] {processor.py:925} INFO - DAG(s) 'example_branch_operator' retrieved from /home/airflow/.local/lib/python3.12/site-packages/airflow/example_dags/example_branch_operator.py
[2025-01-20T09:07:50.697+0000] {logging_mixin.py:190} INFO - [2025-01-20T09:07:50.696+0000] {dag.py:3239} INFO - Sync 1 DAGs
[2025-01-20T09:07:50.716+0000] {logging_mixin.py:190} INFO - [2025-01-20T09:07:50.715+0000] {dag.py:4180} INFO - Setting next_dagrun for example_branch_operator to 2025-01-19 00:00:00+00:00, run_after=2025-01-20 00:00:00+00:00
[2025-01-20T09:07:50.730+0000] {processor.py:208} INFO - Processing /home/airflow/.local/lib/python3.12/site-packages/airflow/example_dags/example_branch_operator.py took 0.083 seconds
[2025-01-20T09:08:20.878+0000] {processor.py:186} INFO - Started process (PID=78235) to work on /home/airflow/.local/lib/python3.12/site-packages/airflow/example_dags/example_branch_operator.py
[2025-01-20T09:08:20.879+0000] {processor.py:914} INFO - Processing file /home/airflow/.local/lib/python3.12/site-packages/airflow/example_dags/example_branch_operator.py for tasks to queue
[2025-01-20T09:08:20.882+0000] {logging_mixin.py:190} INFO - [2025-01-20T09:08:20.882+0000] {dagbag.py:588} INFO - Filling up the DagBag from /home/airflow/.local/lib/python3.12/site-packages/airflow/example_dags/example_branch_operator.py
[2025-01-20T09:08:20.904+0000] {processor.py:925} INFO - DAG(s) 'example_branch_operator' retrieved from /home/airflow/.local/lib/python3.12/site-packages/airflow/example_dags/example_branch_operator.py
[2025-01-20T09:08:20.936+0000] {logging_mixin.py:190} INFO - [2025-01-20T09:08:20.936+0000] {dag.py:3239} INFO - Sync 1 DAGs
[2025-01-20T09:08:20.957+0000] {logging_mixin.py:190} INFO - [2025-01-20T09:08:20.957+0000] {dag.py:4180} INFO - Setting next_dagrun for example_branch_operator to 2025-01-19 00:00:00+00:00, run_after=2025-01-20 00:00:00+00:00
[2025-01-20T09:08:20.979+0000] {processor.py:208} INFO - Processing /home/airflow/.local/lib/python3.12/site-packages/airflow/example_dags/example_branch_operator.py took 0.105 seconds
[2025-01-20T09:08:51.033+0000] {processor.py:186} INFO - Started process (PID=78536) to work on /home/airflow/.local/lib/python3.12/site-packages/airflow/example_dags/example_branch_operator.py
[2025-01-20T09:08:51.034+0000] {processor.py:914} INFO - Processing file /home/airflow/.local/lib/python3.12/site-packages/airflow/example_dags/example_branch_operator.py for tasks to queue
[2025-01-20T09:08:51.035+0000] {logging_mixin.py:190} INFO - [2025-01-20T09:08:51.035+0000] {dagbag.py:588} INFO - Filling up the DagBag from /home/airflow/.local/lib/python3.12/site-packages/airflow/example_dags/example_branch_operator.py
[2025-01-20T09:08:51.046+0000] {processor.py:925} INFO - DAG(s) 'example_branch_operator' retrieved from /home/airflow/.local/lib/python3.12/site-packages/airflow/example_dags/example_branch_operator.py
[2025-01-20T09:08:51.069+0000] {logging_mixin.py:190} INFO - [2025-01-20T09:08:51.068+0000] {dag.py:3239} INFO - Sync 1 DAGs
[2025-01-20T09:08:51.100+0000] {logging_mixin.py:190} INFO - [2025-01-20T09:08:51.100+0000] {dag.py:4180} INFO - Setting next_dagrun for example_branch_operator to 2025-01-19 00:00:00+00:00, run_after=2025-01-20 00:00:00+00:00
[2025-01-20T09:08:51.124+0000] {processor.py:208} INFO - Processing /home/airflow/.local/lib/python3.12/site-packages/airflow/example_dags/example_branch_operator.py took 0.097 seconds
[2025-01-20T09:09:21.320+0000] {processor.py:186} INFO - Started process (PID=78842) to work on /home/airflow/.local/lib/python3.12/site-packages/airflow/example_dags/example_branch_operator.py
[2025-01-20T09:09:21.321+0000] {processor.py:914} INFO - Processing file /home/airflow/.local/lib/python3.12/site-packages/airflow/example_dags/example_branch_operator.py for tasks to queue
[2025-01-20T09:09:21.323+0000] {logging_mixin.py:190} INFO - [2025-01-20T09:09:21.322+0000] {dagbag.py:588} INFO - Filling up the DagBag from /home/airflow/.local/lib/python3.12/site-packages/airflow/example_dags/example_branch_operator.py
[2025-01-20T09:09:21.335+0000] {processor.py:925} INFO - DAG(s) 'example_branch_operator' retrieved from /home/airflow/.local/lib/python3.12/site-packages/airflow/example_dags/example_branch_operator.py
[2025-01-20T09:09:21.352+0000] {logging_mixin.py:190} INFO - [2025-01-20T09:09:21.351+0000] {dag.py:3239} INFO - Sync 1 DAGs
[2025-01-20T09:09:21.367+0000] {logging_mixin.py:190} INFO - [2025-01-20T09:09:21.367+0000] {dag.py:4180} INFO - Setting next_dagrun for example_branch_operator to 2025-01-19 00:00:00+00:00, run_after=2025-01-20 00:00:00+00:00
[2025-01-20T09:09:21.380+0000] {processor.py:208} INFO - Processing /home/airflow/.local/lib/python3.12/site-packages/airflow/example_dags/example_branch_operator.py took 0.063 seconds
