[2025-01-20T08:06:41.995+0000] {processor.py:186} INFO - Started process (PID=41568) to work on /home/airflow/.local/lib/python3.12/site-packages/airflow/example_dags/example_branch_day_of_week_operator.py
[2025-01-20T08:06:41.996+0000] {processor.py:914} INFO - Processing file /home/airflow/.local/lib/python3.12/site-packages/airflow/example_dags/example_branch_day_of_week_operator.py for tasks to queue
[2025-01-20T08:06:41.999+0000] {logging_mixin.py:190} INFO - [2025-01-20T08:06:41.998+0000] {dagbag.py:588} INFO - Filling up the DagBag from /home/airflow/.local/lib/python3.12/site-packages/airflow/example_dags/example_branch_day_of_week_operator.py
[2025-01-20T08:06:42.008+0000] {processor.py:925} INFO - DAG(s) 'example_weekday_branch_operator' retrieved from /home/airflow/.local/lib/python3.12/site-packages/airflow/example_dags/example_branch_day_of_week_operator.py
[2025-01-20T08:06:42.032+0000] {logging_mixin.py:190} INFO - [2025-01-20T08:06:42.031+0000] {dag.py:3239} INFO - Sync 1 DAGs
[2025-01-20T08:06:42.068+0000] {logging_mixin.py:190} INFO - [2025-01-20T08:06:42.067+0000] {dag.py:4180} INFO - Setting next_dagrun for example_weekday_branch_operator to 2025-01-19 00:00:00+00:00, run_after=2025-01-20 00:00:00+00:00
[2025-01-20T08:06:42.086+0000] {processor.py:208} INFO - Processing /home/airflow/.local/lib/python3.12/site-packages/airflow/example_dags/example_branch_day_of_week_operator.py took 0.096 seconds
[2025-01-20T08:07:12.829+0000] {processor.py:186} INFO - Started process (PID=41904) to work on /home/airflow/.local/lib/python3.12/site-packages/airflow/example_dags/example_branch_day_of_week_operator.py
[2025-01-20T08:07:12.830+0000] {processor.py:914} INFO - Processing file /home/airflow/.local/lib/python3.12/site-packages/airflow/example_dags/example_branch_day_of_week_operator.py for tasks to queue
[2025-01-20T08:07:12.833+0000] {logging_mixin.py:190} INFO - [2025-01-20T08:07:12.833+0000] {dagbag.py:588} INFO - Filling up the DagBag from /home/airflow/.local/lib/python3.12/site-packages/airflow/example_dags/example_branch_day_of_week_operator.py
[2025-01-20T08:07:12.845+0000] {processor.py:925} INFO - DAG(s) 'example_weekday_branch_operator' retrieved from /home/airflow/.local/lib/python3.12/site-packages/airflow/example_dags/example_branch_day_of_week_operator.py
[2025-01-20T08:07:12.866+0000] {logging_mixin.py:190} INFO - [2025-01-20T08:07:12.866+0000] {dag.py:3239} INFO - Sync 1 DAGs
[2025-01-20T08:07:12.884+0000] {logging_mixin.py:190} INFO - [2025-01-20T08:07:12.884+0000] {dag.py:4180} INFO - Setting next_dagrun for example_weekday_branch_operator to 2025-01-19 00:00:00+00:00, run_after=2025-01-20 00:00:00+00:00
[2025-01-20T08:07:12.901+0000] {processor.py:208} INFO - Processing /home/airflow/.local/lib/python3.12/site-packages/airflow/example_dags/example_branch_day_of_week_operator.py took 0.079 seconds
[2025-01-20T08:07:42.966+0000] {processor.py:186} INFO - Started process (PID=42205) to work on /home/airflow/.local/lib/python3.12/site-packages/airflow/example_dags/example_branch_day_of_week_operator.py
[2025-01-20T08:07:42.967+0000] {processor.py:914} INFO - Processing file /home/airflow/.local/lib/python3.12/site-packages/airflow/example_dags/example_branch_day_of_week_operator.py for tasks to queue
[2025-01-20T08:07:42.969+0000] {logging_mixin.py:190} INFO - [2025-01-20T08:07:42.969+0000] {dagbag.py:588} INFO - Filling up the DagBag from /home/airflow/.local/lib/python3.12/site-packages/airflow/example_dags/example_branch_day_of_week_operator.py
[2025-01-20T08:07:42.981+0000] {processor.py:925} INFO - DAG(s) 'example_weekday_branch_operator' retrieved from /home/airflow/.local/lib/python3.12/site-packages/airflow/example_dags/example_branch_day_of_week_operator.py
[2025-01-20T08:07:43.003+0000] {logging_mixin.py:190} INFO - [2025-01-20T08:07:43.002+0000] {dag.py:3239} INFO - Sync 1 DAGs
[2025-01-20T08:07:43.028+0000] {logging_mixin.py:190} INFO - [2025-01-20T08:07:43.028+0000] {dag.py:4180} INFO - Setting next_dagrun for example_weekday_branch_operator to 2025-01-19 00:00:00+00:00, run_after=2025-01-20 00:00:00+00:00
[2025-01-20T08:07:43.047+0000] {processor.py:208} INFO - Processing /home/airflow/.local/lib/python3.12/site-packages/airflow/example_dags/example_branch_day_of_week_operator.py took 0.086 seconds
[2025-01-20T08:08:13.478+0000] {processor.py:186} INFO - Started process (PID=42511) to work on /home/airflow/.local/lib/python3.12/site-packages/airflow/example_dags/example_branch_day_of_week_operator.py
[2025-01-20T08:08:13.479+0000] {processor.py:914} INFO - Processing file /home/airflow/.local/lib/python3.12/site-packages/airflow/example_dags/example_branch_day_of_week_operator.py for tasks to queue
[2025-01-20T08:08:13.483+0000] {logging_mixin.py:190} INFO - [2025-01-20T08:08:13.482+0000] {dagbag.py:588} INFO - Filling up the DagBag from /home/airflow/.local/lib/python3.12/site-packages/airflow/example_dags/example_branch_day_of_week_operator.py
[2025-01-20T08:08:13.492+0000] {processor.py:925} INFO - DAG(s) 'example_weekday_branch_operator' retrieved from /home/airflow/.local/lib/python3.12/site-packages/airflow/example_dags/example_branch_day_of_week_operator.py
[2025-01-20T08:08:13.532+0000] {logging_mixin.py:190} INFO - [2025-01-20T08:08:13.531+0000] {dag.py:3239} INFO - Sync 1 DAGs
[2025-01-20T08:08:13.552+0000] {logging_mixin.py:190} INFO - [2025-01-20T08:08:13.552+0000] {dag.py:4180} INFO - Setting next_dagrun for example_weekday_branch_operator to 2025-01-19 00:00:00+00:00, run_after=2025-01-20 00:00:00+00:00
[2025-01-20T08:08:13.573+0000] {processor.py:208} INFO - Processing /home/airflow/.local/lib/python3.12/site-packages/airflow/example_dags/example_branch_day_of_week_operator.py took 0.102 seconds
[2025-01-20T08:08:43.969+0000] {processor.py:186} INFO - Started process (PID=42809) to work on /home/airflow/.local/lib/python3.12/site-packages/airflow/example_dags/example_branch_day_of_week_operator.py
[2025-01-20T08:08:43.970+0000] {processor.py:914} INFO - Processing file /home/airflow/.local/lib/python3.12/site-packages/airflow/example_dags/example_branch_day_of_week_operator.py for tasks to queue
[2025-01-20T08:08:43.971+0000] {logging_mixin.py:190} INFO - [2025-01-20T08:08:43.971+0000] {dagbag.py:588} INFO - Filling up the DagBag from /home/airflow/.local/lib/python3.12/site-packages/airflow/example_dags/example_branch_day_of_week_operator.py
[2025-01-20T08:08:43.977+0000] {processor.py:925} INFO - DAG(s) 'example_weekday_branch_operator' retrieved from /home/airflow/.local/lib/python3.12/site-packages/airflow/example_dags/example_branch_day_of_week_operator.py
[2025-01-20T08:08:43.992+0000] {logging_mixin.py:190} INFO - [2025-01-20T08:08:43.992+0000] {dag.py:3239} INFO - Sync 1 DAGs
[2025-01-20T08:08:44.012+0000] {logging_mixin.py:190} INFO - [2025-01-20T08:08:44.012+0000] {dag.py:4180} INFO - Setting next_dagrun for example_weekday_branch_operator to 2025-01-19 00:00:00+00:00, run_after=2025-01-20 00:00:00+00:00
[2025-01-20T08:08:44.031+0000] {processor.py:208} INFO - Processing /home/airflow/.local/lib/python3.12/site-packages/airflow/example_dags/example_branch_day_of_week_operator.py took 0.067 seconds
[2025-01-20T08:09:14.250+0000] {processor.py:186} INFO - Started process (PID=43113) to work on /home/airflow/.local/lib/python3.12/site-packages/airflow/example_dags/example_branch_day_of_week_operator.py
[2025-01-20T08:09:14.251+0000] {processor.py:914} INFO - Processing file /home/airflow/.local/lib/python3.12/site-packages/airflow/example_dags/example_branch_day_of_week_operator.py for tasks to queue
[2025-01-20T08:09:14.252+0000] {logging_mixin.py:190} INFO - [2025-01-20T08:09:14.252+0000] {dagbag.py:588} INFO - Filling up the DagBag from /home/airflow/.local/lib/python3.12/site-packages/airflow/example_dags/example_branch_day_of_week_operator.py
[2025-01-20T08:09:14.260+0000] {processor.py:925} INFO - DAG(s) 'example_weekday_branch_operator' retrieved from /home/airflow/.local/lib/python3.12/site-packages/airflow/example_dags/example_branch_day_of_week_operator.py
[2025-01-20T08:09:14.276+0000] {logging_mixin.py:190} INFO - [2025-01-20T08:09:14.276+0000] {dag.py:3239} INFO - Sync 1 DAGs
[2025-01-20T08:09:14.305+0000] {logging_mixin.py:190} INFO - [2025-01-20T08:09:14.305+0000] {dag.py:4180} INFO - Setting next_dagrun for example_weekday_branch_operator to 2025-01-19 00:00:00+00:00, run_after=2025-01-20 00:00:00+00:00
[2025-01-20T08:09:14.326+0000] {processor.py:208} INFO - Processing /home/airflow/.local/lib/python3.12/site-packages/airflow/example_dags/example_branch_day_of_week_operator.py took 0.080 seconds
[2025-01-20T08:09:44.908+0000] {processor.py:186} INFO - Started process (PID=43419) to work on /home/airflow/.local/lib/python3.12/site-packages/airflow/example_dags/example_branch_day_of_week_operator.py
[2025-01-20T08:09:44.911+0000] {processor.py:914} INFO - Processing file /home/airflow/.local/lib/python3.12/site-packages/airflow/example_dags/example_branch_day_of_week_operator.py for tasks to queue
[2025-01-20T08:09:44.916+0000] {logging_mixin.py:190} INFO - [2025-01-20T08:09:44.915+0000] {dagbag.py:588} INFO - Filling up the DagBag from /home/airflow/.local/lib/python3.12/site-packages/airflow/example_dags/example_branch_day_of_week_operator.py
[2025-01-20T08:09:44.930+0000] {processor.py:925} INFO - DAG(s) 'example_weekday_branch_operator' retrieved from /home/airflow/.local/lib/python3.12/site-packages/airflow/example_dags/example_branch_day_of_week_operator.py
[2025-01-20T08:09:44.956+0000] {logging_mixin.py:190} INFO - [2025-01-20T08:09:44.955+0000] {dag.py:3239} INFO - Sync 1 DAGs
[2025-01-20T08:09:44.976+0000] {logging_mixin.py:190} INFO - [2025-01-20T08:09:44.976+0000] {dag.py:4180} INFO - Setting next_dagrun for example_weekday_branch_operator to 2025-01-19 00:00:00+00:00, run_after=2025-01-20 00:00:00+00:00
[2025-01-20T08:09:44.991+0000] {processor.py:208} INFO - Processing /home/airflow/.local/lib/python3.12/site-packages/airflow/example_dags/example_branch_day_of_week_operator.py took 0.100 seconds
[2025-01-20T08:10:15.310+0000] {processor.py:186} INFO - Started process (PID=43725) to work on /home/airflow/.local/lib/python3.12/site-packages/airflow/example_dags/example_branch_day_of_week_operator.py
[2025-01-20T08:10:15.311+0000] {processor.py:914} INFO - Processing file /home/airflow/.local/lib/python3.12/site-packages/airflow/example_dags/example_branch_day_of_week_operator.py for tasks to queue
[2025-01-20T08:10:15.313+0000] {logging_mixin.py:190} INFO - [2025-01-20T08:10:15.312+0000] {dagbag.py:588} INFO - Filling up the DagBag from /home/airflow/.local/lib/python3.12/site-packages/airflow/example_dags/example_branch_day_of_week_operator.py
[2025-01-20T08:10:15.319+0000] {processor.py:925} INFO - DAG(s) 'example_weekday_branch_operator' retrieved from /home/airflow/.local/lib/python3.12/site-packages/airflow/example_dags/example_branch_day_of_week_operator.py
[2025-01-20T08:10:15.332+0000] {logging_mixin.py:190} INFO - [2025-01-20T08:10:15.332+0000] {dag.py:3239} INFO - Sync 1 DAGs
[2025-01-20T08:10:15.347+0000] {logging_mixin.py:190} INFO - [2025-01-20T08:10:15.347+0000] {dag.py:4180} INFO - Setting next_dagrun for example_weekday_branch_operator to 2025-01-19 00:00:00+00:00, run_after=2025-01-20 00:00:00+00:00
[2025-01-20T08:10:15.361+0000] {processor.py:208} INFO - Processing /home/airflow/.local/lib/python3.12/site-packages/airflow/example_dags/example_branch_day_of_week_operator.py took 0.055 seconds
[2025-01-20T08:10:45.710+0000] {processor.py:186} INFO - Started process (PID=44026) to work on /home/airflow/.local/lib/python3.12/site-packages/airflow/example_dags/example_branch_day_of_week_operator.py
[2025-01-20T08:10:45.711+0000] {processor.py:914} INFO - Processing file /home/airflow/.local/lib/python3.12/site-packages/airflow/example_dags/example_branch_day_of_week_operator.py for tasks to queue
[2025-01-20T08:10:45.714+0000] {logging_mixin.py:190} INFO - [2025-01-20T08:10:45.714+0000] {dagbag.py:588} INFO - Filling up the DagBag from /home/airflow/.local/lib/python3.12/site-packages/airflow/example_dags/example_branch_day_of_week_operator.py
[2025-01-20T08:10:45.726+0000] {processor.py:925} INFO - DAG(s) 'example_weekday_branch_operator' retrieved from /home/airflow/.local/lib/python3.12/site-packages/airflow/example_dags/example_branch_day_of_week_operator.py
[2025-01-20T08:10:45.746+0000] {logging_mixin.py:190} INFO - [2025-01-20T08:10:45.745+0000] {dag.py:3239} INFO - Sync 1 DAGs
[2025-01-20T08:10:45.776+0000] {logging_mixin.py:190} INFO - [2025-01-20T08:10:45.775+0000] {dag.py:4180} INFO - Setting next_dagrun for example_weekday_branch_operator to 2025-01-19 00:00:00+00:00, run_after=2025-01-20 00:00:00+00:00
[2025-01-20T08:10:45.804+0000] {processor.py:208} INFO - Processing /home/airflow/.local/lib/python3.12/site-packages/airflow/example_dags/example_branch_day_of_week_operator.py took 0.100 seconds
[2025-01-20T08:11:16.361+0000] {processor.py:186} INFO - Started process (PID=44332) to work on /home/airflow/.local/lib/python3.12/site-packages/airflow/example_dags/example_branch_day_of_week_operator.py
[2025-01-20T08:11:16.362+0000] {processor.py:914} INFO - Processing file /home/airflow/.local/lib/python3.12/site-packages/airflow/example_dags/example_branch_day_of_week_operator.py for tasks to queue
[2025-01-20T08:11:16.364+0000] {logging_mixin.py:190} INFO - [2025-01-20T08:11:16.363+0000] {dagbag.py:588} INFO - Filling up the DagBag from /home/airflow/.local/lib/python3.12/site-packages/airflow/example_dags/example_branch_day_of_week_operator.py
[2025-01-20T08:11:16.370+0000] {processor.py:925} INFO - DAG(s) 'example_weekday_branch_operator' retrieved from /home/airflow/.local/lib/python3.12/site-packages/airflow/example_dags/example_branch_day_of_week_operator.py
[2025-01-20T08:11:16.390+0000] {logging_mixin.py:190} INFO - [2025-01-20T08:11:16.390+0000] {dag.py:3239} INFO - Sync 1 DAGs
[2025-01-20T08:11:16.407+0000] {logging_mixin.py:190} INFO - [2025-01-20T08:11:16.407+0000] {dag.py:4180} INFO - Setting next_dagrun for example_weekday_branch_operator to 2025-01-19 00:00:00+00:00, run_after=2025-01-20 00:00:00+00:00
[2025-01-20T08:11:16.421+0000] {processor.py:208} INFO - Processing /home/airflow/.local/lib/python3.12/site-packages/airflow/example_dags/example_branch_day_of_week_operator.py took 0.066 seconds
[2025-01-20T08:11:47.194+0000] {processor.py:186} INFO - Started process (PID=44633) to work on /home/airflow/.local/lib/python3.12/site-packages/airflow/example_dags/example_branch_day_of_week_operator.py
[2025-01-20T08:11:47.195+0000] {processor.py:914} INFO - Processing file /home/airflow/.local/lib/python3.12/site-packages/airflow/example_dags/example_branch_day_of_week_operator.py for tasks to queue
[2025-01-20T08:11:47.198+0000] {logging_mixin.py:190} INFO - [2025-01-20T08:11:47.197+0000] {dagbag.py:588} INFO - Filling up the DagBag from /home/airflow/.local/lib/python3.12/site-packages/airflow/example_dags/example_branch_day_of_week_operator.py
[2025-01-20T08:11:47.204+0000] {processor.py:925} INFO - DAG(s) 'example_weekday_branch_operator' retrieved from /home/airflow/.local/lib/python3.12/site-packages/airflow/example_dags/example_branch_day_of_week_operator.py
[2025-01-20T08:11:47.223+0000] {logging_mixin.py:190} INFO - [2025-01-20T08:11:47.223+0000] {dag.py:3239} INFO - Sync 1 DAGs
[2025-01-20T08:11:47.241+0000] {logging_mixin.py:190} INFO - [2025-01-20T08:11:47.240+0000] {dag.py:4180} INFO - Setting next_dagrun for example_weekday_branch_operator to 2025-01-19 00:00:00+00:00, run_after=2025-01-20 00:00:00+00:00
[2025-01-20T08:11:47.254+0000] {processor.py:208} INFO - Processing /home/airflow/.local/lib/python3.12/site-packages/airflow/example_dags/example_branch_day_of_week_operator.py took 0.066 seconds
[2025-01-20T08:12:17.487+0000] {processor.py:186} INFO - Started process (PID=44934) to work on /home/airflow/.local/lib/python3.12/site-packages/airflow/example_dags/example_branch_day_of_week_operator.py
[2025-01-20T08:12:17.488+0000] {processor.py:914} INFO - Processing file /home/airflow/.local/lib/python3.12/site-packages/airflow/example_dags/example_branch_day_of_week_operator.py for tasks to queue
[2025-01-20T08:12:17.489+0000] {logging_mixin.py:190} INFO - [2025-01-20T08:12:17.489+0000] {dagbag.py:588} INFO - Filling up the DagBag from /home/airflow/.local/lib/python3.12/site-packages/airflow/example_dags/example_branch_day_of_week_operator.py
[2025-01-20T08:12:17.496+0000] {processor.py:925} INFO - DAG(s) 'example_weekday_branch_operator' retrieved from /home/airflow/.local/lib/python3.12/site-packages/airflow/example_dags/example_branch_day_of_week_operator.py
[2025-01-20T08:12:17.514+0000] {logging_mixin.py:190} INFO - [2025-01-20T08:12:17.513+0000] {dag.py:3239} INFO - Sync 1 DAGs
[2025-01-20T08:12:17.532+0000] {logging_mixin.py:190} INFO - [2025-01-20T08:12:17.532+0000] {dag.py:4180} INFO - Setting next_dagrun for example_weekday_branch_operator to 2025-01-19 00:00:00+00:00, run_after=2025-01-20 00:00:00+00:00
[2025-01-20T08:12:17.546+0000] {processor.py:208} INFO - Processing /home/airflow/.local/lib/python3.12/site-packages/airflow/example_dags/example_branch_day_of_week_operator.py took 0.066 seconds
[2025-01-20T08:12:48.713+0000] {processor.py:186} INFO - Started process (PID=45240) to work on /home/airflow/.local/lib/python3.12/site-packages/airflow/example_dags/example_branch_day_of_week_operator.py
[2025-01-20T08:12:48.714+0000] {processor.py:914} INFO - Processing file /home/airflow/.local/lib/python3.12/site-packages/airflow/example_dags/example_branch_day_of_week_operator.py for tasks to queue
[2025-01-20T08:12:48.716+0000] {logging_mixin.py:190} INFO - [2025-01-20T08:12:48.716+0000] {dagbag.py:588} INFO - Filling up the DagBag from /home/airflow/.local/lib/python3.12/site-packages/airflow/example_dags/example_branch_day_of_week_operator.py
[2025-01-20T08:12:48.728+0000] {processor.py:925} INFO - DAG(s) 'example_weekday_branch_operator' retrieved from /home/airflow/.local/lib/python3.12/site-packages/airflow/example_dags/example_branch_day_of_week_operator.py
[2025-01-20T08:12:48.747+0000] {logging_mixin.py:190} INFO - [2025-01-20T08:12:48.747+0000] {dag.py:3239} INFO - Sync 1 DAGs
[2025-01-20T08:12:48.764+0000] {logging_mixin.py:190} INFO - [2025-01-20T08:12:48.764+0000] {dag.py:4180} INFO - Setting next_dagrun for example_weekday_branch_operator to 2025-01-19 00:00:00+00:00, run_after=2025-01-20 00:00:00+00:00
[2025-01-20T08:12:48.918+0000] {processor.py:208} INFO - Processing /home/airflow/.local/lib/python3.12/site-packages/airflow/example_dags/example_branch_day_of_week_operator.py took 0.211 seconds
[2025-01-20T08:13:19.687+0000] {processor.py:186} INFO - Started process (PID=45546) to work on /home/airflow/.local/lib/python3.12/site-packages/airflow/example_dags/example_branch_day_of_week_operator.py
[2025-01-20T08:13:19.688+0000] {processor.py:914} INFO - Processing file /home/airflow/.local/lib/python3.12/site-packages/airflow/example_dags/example_branch_day_of_week_operator.py for tasks to queue
[2025-01-20T08:13:19.689+0000] {logging_mixin.py:190} INFO - [2025-01-20T08:13:19.689+0000] {dagbag.py:588} INFO - Filling up the DagBag from /home/airflow/.local/lib/python3.12/site-packages/airflow/example_dags/example_branch_day_of_week_operator.py
[2025-01-20T08:13:19.697+0000] {processor.py:925} INFO - DAG(s) 'example_weekday_branch_operator' retrieved from /home/airflow/.local/lib/python3.12/site-packages/airflow/example_dags/example_branch_day_of_week_operator.py
[2025-01-20T08:13:19.715+0000] {logging_mixin.py:190} INFO - [2025-01-20T08:13:19.715+0000] {dag.py:3239} INFO - Sync 1 DAGs
[2025-01-20T08:13:19.732+0000] {logging_mixin.py:190} INFO - [2025-01-20T08:13:19.732+0000] {dag.py:4180} INFO - Setting next_dagrun for example_weekday_branch_operator to 2025-01-19 00:00:00+00:00, run_after=2025-01-20 00:00:00+00:00
[2025-01-20T08:13:19.870+0000] {processor.py:208} INFO - Processing /home/airflow/.local/lib/python3.12/site-packages/airflow/example_dags/example_branch_day_of_week_operator.py took 0.187 seconds
[2025-01-20T08:13:50.511+0000] {processor.py:186} INFO - Started process (PID=45847) to work on /home/airflow/.local/lib/python3.12/site-packages/airflow/example_dags/example_branch_day_of_week_operator.py
[2025-01-20T08:13:50.511+0000] {processor.py:914} INFO - Processing file /home/airflow/.local/lib/python3.12/site-packages/airflow/example_dags/example_branch_day_of_week_operator.py for tasks to queue
[2025-01-20T08:13:50.513+0000] {logging_mixin.py:190} INFO - [2025-01-20T08:13:50.513+0000] {dagbag.py:588} INFO - Filling up the DagBag from /home/airflow/.local/lib/python3.12/site-packages/airflow/example_dags/example_branch_day_of_week_operator.py
[2025-01-20T08:13:50.520+0000] {processor.py:925} INFO - DAG(s) 'example_weekday_branch_operator' retrieved from /home/airflow/.local/lib/python3.12/site-packages/airflow/example_dags/example_branch_day_of_week_operator.py
[2025-01-20T08:13:50.534+0000] {logging_mixin.py:190} INFO - [2025-01-20T08:13:50.534+0000] {dag.py:3239} INFO - Sync 1 DAGs
[2025-01-20T08:13:50.549+0000] {logging_mixin.py:190} INFO - [2025-01-20T08:13:50.549+0000] {dag.py:4180} INFO - Setting next_dagrun for example_weekday_branch_operator to 2025-01-19 00:00:00+00:00, run_after=2025-01-20 00:00:00+00:00
[2025-01-20T08:13:50.680+0000] {processor.py:208} INFO - Processing /home/airflow/.local/lib/python3.12/site-packages/airflow/example_dags/example_branch_day_of_week_operator.py took 0.173 seconds
[2025-01-20T08:14:21.455+0000] {processor.py:186} INFO - Started process (PID=46153) to work on /home/airflow/.local/lib/python3.12/site-packages/airflow/example_dags/example_branch_day_of_week_operator.py
[2025-01-20T08:14:21.456+0000] {processor.py:914} INFO - Processing file /home/airflow/.local/lib/python3.12/site-packages/airflow/example_dags/example_branch_day_of_week_operator.py for tasks to queue
[2025-01-20T08:14:21.458+0000] {logging_mixin.py:190} INFO - [2025-01-20T08:14:21.457+0000] {dagbag.py:588} INFO - Filling up the DagBag from /home/airflow/.local/lib/python3.12/site-packages/airflow/example_dags/example_branch_day_of_week_operator.py
[2025-01-20T08:14:21.465+0000] {processor.py:925} INFO - DAG(s) 'example_weekday_branch_operator' retrieved from /home/airflow/.local/lib/python3.12/site-packages/airflow/example_dags/example_branch_day_of_week_operator.py
[2025-01-20T08:14:21.482+0000] {logging_mixin.py:190} INFO - [2025-01-20T08:14:21.481+0000] {dag.py:3239} INFO - Sync 1 DAGs
[2025-01-20T08:14:21.501+0000] {logging_mixin.py:190} INFO - [2025-01-20T08:14:21.501+0000] {dag.py:4180} INFO - Setting next_dagrun for example_weekday_branch_operator to 2025-01-19 00:00:00+00:00, run_after=2025-01-20 00:00:00+00:00
[2025-01-20T08:14:21.519+0000] {processor.py:208} INFO - Processing /home/airflow/.local/lib/python3.12/site-packages/airflow/example_dags/example_branch_day_of_week_operator.py took 0.068 seconds
[2025-01-20T08:14:52.463+0000] {processor.py:186} INFO - Started process (PID=46454) to work on /home/airflow/.local/lib/python3.12/site-packages/airflow/example_dags/example_branch_day_of_week_operator.py
[2025-01-20T08:14:52.464+0000] {processor.py:914} INFO - Processing file /home/airflow/.local/lib/python3.12/site-packages/airflow/example_dags/example_branch_day_of_week_operator.py for tasks to queue
[2025-01-20T08:14:52.467+0000] {logging_mixin.py:190} INFO - [2025-01-20T08:14:52.466+0000] {dagbag.py:588} INFO - Filling up the DagBag from /home/airflow/.local/lib/python3.12/site-packages/airflow/example_dags/example_branch_day_of_week_operator.py
[2025-01-20T08:14:52.474+0000] {processor.py:925} INFO - DAG(s) 'example_weekday_branch_operator' retrieved from /home/airflow/.local/lib/python3.12/site-packages/airflow/example_dags/example_branch_day_of_week_operator.py
[2025-01-20T08:14:52.493+0000] {logging_mixin.py:190} INFO - [2025-01-20T08:14:52.493+0000] {dag.py:3239} INFO - Sync 1 DAGs
[2025-01-20T08:14:52.511+0000] {logging_mixin.py:190} INFO - [2025-01-20T08:14:52.511+0000] {dag.py:4180} INFO - Setting next_dagrun for example_weekday_branch_operator to 2025-01-19 00:00:00+00:00, run_after=2025-01-20 00:00:00+00:00
[2025-01-20T08:14:52.524+0000] {processor.py:208} INFO - Processing /home/airflow/.local/lib/python3.12/site-packages/airflow/example_dags/example_branch_day_of_week_operator.py took 0.068 seconds
[2025-01-20T08:15:22.630+0000] {processor.py:186} INFO - Started process (PID=46755) to work on /home/airflow/.local/lib/python3.12/site-packages/airflow/example_dags/example_branch_day_of_week_operator.py
[2025-01-20T08:15:22.630+0000] {processor.py:914} INFO - Processing file /home/airflow/.local/lib/python3.12/site-packages/airflow/example_dags/example_branch_day_of_week_operator.py for tasks to queue
[2025-01-20T08:15:22.632+0000] {logging_mixin.py:190} INFO - [2025-01-20T08:15:22.632+0000] {dagbag.py:588} INFO - Filling up the DagBag from /home/airflow/.local/lib/python3.12/site-packages/airflow/example_dags/example_branch_day_of_week_operator.py
[2025-01-20T08:15:22.754+0000] {processor.py:925} INFO - DAG(s) 'example_weekday_branch_operator' retrieved from /home/airflow/.local/lib/python3.12/site-packages/airflow/example_dags/example_branch_day_of_week_operator.py
[2025-01-20T08:15:22.767+0000] {logging_mixin.py:190} INFO - [2025-01-20T08:15:22.767+0000] {dag.py:3239} INFO - Sync 1 DAGs
[2025-01-20T08:15:22.784+0000] {logging_mixin.py:190} INFO - [2025-01-20T08:15:22.784+0000] {dag.py:4180} INFO - Setting next_dagrun for example_weekday_branch_operator to 2025-01-19 00:00:00+00:00, run_after=2025-01-20 00:00:00+00:00
[2025-01-20T08:15:22.801+0000] {processor.py:208} INFO - Processing /home/airflow/.local/lib/python3.12/site-packages/airflow/example_dags/example_branch_day_of_week_operator.py took 0.175 seconds
[2025-01-20T08:15:52.847+0000] {processor.py:186} INFO - Started process (PID=47056) to work on /home/airflow/.local/lib/python3.12/site-packages/airflow/example_dags/example_branch_day_of_week_operator.py
[2025-01-20T08:15:52.848+0000] {processor.py:914} INFO - Processing file /home/airflow/.local/lib/python3.12/site-packages/airflow/example_dags/example_branch_day_of_week_operator.py for tasks to queue
[2025-01-20T08:15:52.849+0000] {logging_mixin.py:190} INFO - [2025-01-20T08:15:52.849+0000] {dagbag.py:588} INFO - Filling up the DagBag from /home/airflow/.local/lib/python3.12/site-packages/airflow/example_dags/example_branch_day_of_week_operator.py
[2025-01-20T08:15:52.858+0000] {processor.py:925} INFO - DAG(s) 'example_weekday_branch_operator' retrieved from /home/airflow/.local/lib/python3.12/site-packages/airflow/example_dags/example_branch_day_of_week_operator.py
[2025-01-20T08:15:52.880+0000] {logging_mixin.py:190} INFO - [2025-01-20T08:15:52.879+0000] {dag.py:3239} INFO - Sync 1 DAGs
[2025-01-20T08:15:52.903+0000] {logging_mixin.py:190} INFO - [2025-01-20T08:15:52.903+0000] {dag.py:4180} INFO - Setting next_dagrun for example_weekday_branch_operator to 2025-01-19 00:00:00+00:00, run_after=2025-01-20 00:00:00+00:00
[2025-01-20T08:15:52.930+0000] {processor.py:208} INFO - Processing /home/airflow/.local/lib/python3.12/site-packages/airflow/example_dags/example_branch_day_of_week_operator.py took 0.088 seconds
[2025-01-20T08:16:23.245+0000] {processor.py:186} INFO - Started process (PID=47362) to work on /home/airflow/.local/lib/python3.12/site-packages/airflow/example_dags/example_branch_day_of_week_operator.py
[2025-01-20T08:16:23.245+0000] {processor.py:914} INFO - Processing file /home/airflow/.local/lib/python3.12/site-packages/airflow/example_dags/example_branch_day_of_week_operator.py for tasks to queue
[2025-01-20T08:16:23.247+0000] {logging_mixin.py:190} INFO - [2025-01-20T08:16:23.247+0000] {dagbag.py:588} INFO - Filling up the DagBag from /home/airflow/.local/lib/python3.12/site-packages/airflow/example_dags/example_branch_day_of_week_operator.py
[2025-01-20T08:16:23.253+0000] {processor.py:925} INFO - DAG(s) 'example_weekday_branch_operator' retrieved from /home/airflow/.local/lib/python3.12/site-packages/airflow/example_dags/example_branch_day_of_week_operator.py
[2025-01-20T08:16:23.273+0000] {logging_mixin.py:190} INFO - [2025-01-20T08:16:23.273+0000] {dag.py:3239} INFO - Sync 1 DAGs
[2025-01-20T08:16:23.290+0000] {logging_mixin.py:190} INFO - [2025-01-20T08:16:23.289+0000] {dag.py:4180} INFO - Setting next_dagrun for example_weekday_branch_operator to 2025-01-19 00:00:00+00:00, run_after=2025-01-20 00:00:00+00:00
[2025-01-20T08:16:23.305+0000] {processor.py:208} INFO - Processing /home/airflow/.local/lib/python3.12/site-packages/airflow/example_dags/example_branch_day_of_week_operator.py took 0.066 seconds
[2025-01-20T08:16:54.098+0000] {processor.py:186} INFO - Started process (PID=47663) to work on /home/airflow/.local/lib/python3.12/site-packages/airflow/example_dags/example_branch_day_of_week_operator.py
[2025-01-20T08:16:54.099+0000] {processor.py:914} INFO - Processing file /home/airflow/.local/lib/python3.12/site-packages/airflow/example_dags/example_branch_day_of_week_operator.py for tasks to queue
[2025-01-20T08:16:54.102+0000] {logging_mixin.py:190} INFO - [2025-01-20T08:16:54.101+0000] {dagbag.py:588} INFO - Filling up the DagBag from /home/airflow/.local/lib/python3.12/site-packages/airflow/example_dags/example_branch_day_of_week_operator.py
[2025-01-20T08:16:54.111+0000] {processor.py:925} INFO - DAG(s) 'example_weekday_branch_operator' retrieved from /home/airflow/.local/lib/python3.12/site-packages/airflow/example_dags/example_branch_day_of_week_operator.py
[2025-01-20T08:16:54.136+0000] {logging_mixin.py:190} INFO - [2025-01-20T08:16:54.136+0000] {dag.py:3239} INFO - Sync 1 DAGs
[2025-01-20T08:16:54.159+0000] {logging_mixin.py:190} INFO - [2025-01-20T08:16:54.159+0000] {dag.py:4180} INFO - Setting next_dagrun for example_weekday_branch_operator to 2025-01-19 00:00:00+00:00, run_after=2025-01-20 00:00:00+00:00
[2025-01-20T08:16:54.186+0000] {processor.py:208} INFO - Processing /home/airflow/.local/lib/python3.12/site-packages/airflow/example_dags/example_branch_day_of_week_operator.py took 0.092 seconds
[2025-01-20T08:17:25.171+0000] {processor.py:186} INFO - Started process (PID=47971) to work on /home/airflow/.local/lib/python3.12/site-packages/airflow/example_dags/example_branch_day_of_week_operator.py
[2025-01-20T08:17:25.172+0000] {processor.py:914} INFO - Processing file /home/airflow/.local/lib/python3.12/site-packages/airflow/example_dags/example_branch_day_of_week_operator.py for tasks to queue
[2025-01-20T08:17:25.174+0000] {logging_mixin.py:190} INFO - [2025-01-20T08:17:25.174+0000] {dagbag.py:588} INFO - Filling up the DagBag from /home/airflow/.local/lib/python3.12/site-packages/airflow/example_dags/example_branch_day_of_week_operator.py
[2025-01-20T08:17:25.181+0000] {processor.py:925} INFO - DAG(s) 'example_weekday_branch_operator' retrieved from /home/airflow/.local/lib/python3.12/site-packages/airflow/example_dags/example_branch_day_of_week_operator.py
[2025-01-20T08:17:25.195+0000] {logging_mixin.py:190} INFO - [2025-01-20T08:17:25.195+0000] {dag.py:3239} INFO - Sync 1 DAGs
[2025-01-20T08:17:25.219+0000] {logging_mixin.py:190} INFO - [2025-01-20T08:17:25.219+0000] {dag.py:4180} INFO - Setting next_dagrun for example_weekday_branch_operator to 2025-01-19 00:00:00+00:00, run_after=2025-01-20 00:00:00+00:00
[2025-01-20T08:17:25.233+0000] {processor.py:208} INFO - Processing /home/airflow/.local/lib/python3.12/site-packages/airflow/example_dags/example_branch_day_of_week_operator.py took 0.070 seconds
[2025-01-20T08:17:55.899+0000] {processor.py:186} INFO - Started process (PID=48272) to work on /home/airflow/.local/lib/python3.12/site-packages/airflow/example_dags/example_branch_day_of_week_operator.py
[2025-01-20T08:17:55.900+0000] {processor.py:914} INFO - Processing file /home/airflow/.local/lib/python3.12/site-packages/airflow/example_dags/example_branch_day_of_week_operator.py for tasks to queue
[2025-01-20T08:17:55.903+0000] {logging_mixin.py:190} INFO - [2025-01-20T08:17:55.903+0000] {dagbag.py:588} INFO - Filling up the DagBag from /home/airflow/.local/lib/python3.12/site-packages/airflow/example_dags/example_branch_day_of_week_operator.py
[2025-01-20T08:17:55.913+0000] {processor.py:925} INFO - DAG(s) 'example_weekday_branch_operator' retrieved from /home/airflow/.local/lib/python3.12/site-packages/airflow/example_dags/example_branch_day_of_week_operator.py
[2025-01-20T08:17:55.933+0000] {logging_mixin.py:190} INFO - [2025-01-20T08:17:55.933+0000] {dag.py:3239} INFO - Sync 1 DAGs
[2025-01-20T08:17:55.947+0000] {logging_mixin.py:190} INFO - [2025-01-20T08:17:55.947+0000] {dag.py:4180} INFO - Setting next_dagrun for example_weekday_branch_operator to 2025-01-19 00:00:00+00:00, run_after=2025-01-20 00:00:00+00:00
[2025-01-20T08:17:55.959+0000] {processor.py:208} INFO - Processing /home/airflow/.local/lib/python3.12/site-packages/airflow/example_dags/example_branch_day_of_week_operator.py took 0.067 seconds
[2025-01-20T08:18:26.694+0000] {processor.py:186} INFO - Started process (PID=48578) to work on /home/airflow/.local/lib/python3.12/site-packages/airflow/example_dags/example_branch_day_of_week_operator.py
[2025-01-20T08:18:26.695+0000] {processor.py:914} INFO - Processing file /home/airflow/.local/lib/python3.12/site-packages/airflow/example_dags/example_branch_day_of_week_operator.py for tasks to queue
[2025-01-20T08:18:26.698+0000] {logging_mixin.py:190} INFO - [2025-01-20T08:18:26.697+0000] {dagbag.py:588} INFO - Filling up the DagBag from /home/airflow/.local/lib/python3.12/site-packages/airflow/example_dags/example_branch_day_of_week_operator.py
[2025-01-20T08:18:26.705+0000] {processor.py:925} INFO - DAG(s) 'example_weekday_branch_operator' retrieved from /home/airflow/.local/lib/python3.12/site-packages/airflow/example_dags/example_branch_day_of_week_operator.py
[2025-01-20T08:18:26.718+0000] {logging_mixin.py:190} INFO - [2025-01-20T08:18:26.718+0000] {dag.py:3239} INFO - Sync 1 DAGs
[2025-01-20T08:18:26.733+0000] {logging_mixin.py:190} INFO - [2025-01-20T08:18:26.733+0000] {dag.py:4180} INFO - Setting next_dagrun for example_weekday_branch_operator to 2025-01-19 00:00:00+00:00, run_after=2025-01-20 00:00:00+00:00
[2025-01-20T08:18:26.745+0000] {processor.py:208} INFO - Processing /home/airflow/.local/lib/python3.12/site-packages/airflow/example_dags/example_branch_day_of_week_operator.py took 0.058 seconds
[2025-01-20T08:18:57.633+0000] {processor.py:186} INFO - Started process (PID=48880) to work on /home/airflow/.local/lib/python3.12/site-packages/airflow/example_dags/example_branch_day_of_week_operator.py
[2025-01-20T08:18:57.634+0000] {processor.py:914} INFO - Processing file /home/airflow/.local/lib/python3.12/site-packages/airflow/example_dags/example_branch_day_of_week_operator.py for tasks to queue
[2025-01-20T08:18:57.635+0000] {logging_mixin.py:190} INFO - [2025-01-20T08:18:57.635+0000] {dagbag.py:588} INFO - Filling up the DagBag from /home/airflow/.local/lib/python3.12/site-packages/airflow/example_dags/example_branch_day_of_week_operator.py
[2025-01-20T08:18:57.642+0000] {processor.py:925} INFO - DAG(s) 'example_weekday_branch_operator' retrieved from /home/airflow/.local/lib/python3.12/site-packages/airflow/example_dags/example_branch_day_of_week_operator.py
[2025-01-20T08:18:57.655+0000] {logging_mixin.py:190} INFO - [2025-01-20T08:18:57.655+0000] {dag.py:3239} INFO - Sync 1 DAGs
[2025-01-20T08:18:57.680+0000] {logging_mixin.py:190} INFO - [2025-01-20T08:18:57.680+0000] {dag.py:4180} INFO - Setting next_dagrun for example_weekday_branch_operator to 2025-01-19 00:00:00+00:00, run_after=2025-01-20 00:00:00+00:00
[2025-01-20T08:18:57.706+0000] {processor.py:208} INFO - Processing /home/airflow/.local/lib/python3.12/site-packages/airflow/example_dags/example_branch_day_of_week_operator.py took 0.078 seconds
[2025-01-20T08:19:28.477+0000] {processor.py:186} INFO - Started process (PID=49186) to work on /home/airflow/.local/lib/python3.12/site-packages/airflow/example_dags/example_branch_day_of_week_operator.py
[2025-01-20T08:19:28.479+0000] {processor.py:914} INFO - Processing file /home/airflow/.local/lib/python3.12/site-packages/airflow/example_dags/example_branch_day_of_week_operator.py for tasks to queue
[2025-01-20T08:19:28.481+0000] {logging_mixin.py:190} INFO - [2025-01-20T08:19:28.480+0000] {dagbag.py:588} INFO - Filling up the DagBag from /home/airflow/.local/lib/python3.12/site-packages/airflow/example_dags/example_branch_day_of_week_operator.py
[2025-01-20T08:19:28.489+0000] {processor.py:925} INFO - DAG(s) 'example_weekday_branch_operator' retrieved from /home/airflow/.local/lib/python3.12/site-packages/airflow/example_dags/example_branch_day_of_week_operator.py
[2025-01-20T08:19:28.511+0000] {logging_mixin.py:190} INFO - [2025-01-20T08:19:28.511+0000] {dag.py:3239} INFO - Sync 1 DAGs
[2025-01-20T08:19:28.528+0000] {logging_mixin.py:190} INFO - [2025-01-20T08:19:28.528+0000] {dag.py:4180} INFO - Setting next_dagrun for example_weekday_branch_operator to 2025-01-19 00:00:00+00:00, run_after=2025-01-20 00:00:00+00:00
[2025-01-20T08:19:28.543+0000] {processor.py:208} INFO - Processing /home/airflow/.local/lib/python3.12/site-packages/airflow/example_dags/example_branch_day_of_week_operator.py took 0.071 seconds
[2025-01-20T08:19:59.201+0000] {processor.py:186} INFO - Started process (PID=49487) to work on /home/airflow/.local/lib/python3.12/site-packages/airflow/example_dags/example_branch_day_of_week_operator.py
[2025-01-20T08:19:59.202+0000] {processor.py:914} INFO - Processing file /home/airflow/.local/lib/python3.12/site-packages/airflow/example_dags/example_branch_day_of_week_operator.py for tasks to queue
[2025-01-20T08:19:59.203+0000] {logging_mixin.py:190} INFO - [2025-01-20T08:19:59.203+0000] {dagbag.py:588} INFO - Filling up the DagBag from /home/airflow/.local/lib/python3.12/site-packages/airflow/example_dags/example_branch_day_of_week_operator.py
[2025-01-20T08:19:59.209+0000] {processor.py:925} INFO - DAG(s) 'example_weekday_branch_operator' retrieved from /home/airflow/.local/lib/python3.12/site-packages/airflow/example_dags/example_branch_day_of_week_operator.py
[2025-01-20T08:19:59.230+0000] {logging_mixin.py:190} INFO - [2025-01-20T08:19:59.230+0000] {dag.py:3239} INFO - Sync 1 DAGs
[2025-01-20T08:19:59.253+0000] {logging_mixin.py:190} INFO - [2025-01-20T08:19:59.253+0000] {dag.py:4180} INFO - Setting next_dagrun for example_weekday_branch_operator to 2025-01-19 00:00:00+00:00, run_after=2025-01-20 00:00:00+00:00
[2025-01-20T08:19:59.267+0000] {processor.py:208} INFO - Processing /home/airflow/.local/lib/python3.12/site-packages/airflow/example_dags/example_branch_day_of_week_operator.py took 0.070 seconds
[2025-01-20T08:20:29.922+0000] {processor.py:186} INFO - Started process (PID=49791) to work on /home/airflow/.local/lib/python3.12/site-packages/airflow/example_dags/example_branch_day_of_week_operator.py
[2025-01-20T08:20:29.923+0000] {processor.py:914} INFO - Processing file /home/airflow/.local/lib/python3.12/site-packages/airflow/example_dags/example_branch_day_of_week_operator.py for tasks to queue
[2025-01-20T08:20:29.925+0000] {logging_mixin.py:190} INFO - [2025-01-20T08:20:29.925+0000] {dagbag.py:588} INFO - Filling up the DagBag from /home/airflow/.local/lib/python3.12/site-packages/airflow/example_dags/example_branch_day_of_week_operator.py
[2025-01-20T08:20:29.936+0000] {processor.py:925} INFO - DAG(s) 'example_weekday_branch_operator' retrieved from /home/airflow/.local/lib/python3.12/site-packages/airflow/example_dags/example_branch_day_of_week_operator.py
[2025-01-20T08:20:29.954+0000] {logging_mixin.py:190} INFO - [2025-01-20T08:20:29.954+0000] {dag.py:3239} INFO - Sync 1 DAGs
[2025-01-20T08:20:29.981+0000] {logging_mixin.py:190} INFO - [2025-01-20T08:20:29.981+0000] {dag.py:4180} INFO - Setting next_dagrun for example_weekday_branch_operator to 2025-01-19 00:00:00+00:00, run_after=2025-01-20 00:00:00+00:00
[2025-01-20T08:20:30.007+0000] {processor.py:208} INFO - Processing /home/airflow/.local/lib/python3.12/site-packages/airflow/example_dags/example_branch_day_of_week_operator.py took 0.092 seconds
[2025-01-20T08:21:00.926+0000] {processor.py:186} INFO - Started process (PID=50093) to work on /home/airflow/.local/lib/python3.12/site-packages/airflow/example_dags/example_branch_day_of_week_operator.py
[2025-01-20T08:21:00.928+0000] {processor.py:914} INFO - Processing file /home/airflow/.local/lib/python3.12/site-packages/airflow/example_dags/example_branch_day_of_week_operator.py for tasks to queue
[2025-01-20T08:21:00.931+0000] {logging_mixin.py:190} INFO - [2025-01-20T08:21:00.931+0000] {dagbag.py:588} INFO - Filling up the DagBag from /home/airflow/.local/lib/python3.12/site-packages/airflow/example_dags/example_branch_day_of_week_operator.py
[2025-01-20T08:21:00.939+0000] {processor.py:925} INFO - DAG(s) 'example_weekday_branch_operator' retrieved from /home/airflow/.local/lib/python3.12/site-packages/airflow/example_dags/example_branch_day_of_week_operator.py
[2025-01-20T08:21:00.961+0000] {logging_mixin.py:190} INFO - [2025-01-20T08:21:00.961+0000] {dag.py:3239} INFO - Sync 1 DAGs
[2025-01-20T08:21:00.978+0000] {logging_mixin.py:190} INFO - [2025-01-20T08:21:00.978+0000] {dag.py:4180} INFO - Setting next_dagrun for example_weekday_branch_operator to 2025-01-19 00:00:00+00:00, run_after=2025-01-20 00:00:00+00:00
[2025-01-20T08:21:01.005+0000] {processor.py:208} INFO - Processing /home/airflow/.local/lib/python3.12/site-packages/airflow/example_dags/example_branch_day_of_week_operator.py took 0.083 seconds
[2025-01-20T08:21:31.778+0000] {processor.py:186} INFO - Started process (PID=50400) to work on /home/airflow/.local/lib/python3.12/site-packages/airflow/example_dags/example_branch_day_of_week_operator.py
[2025-01-20T08:21:31.779+0000] {processor.py:914} INFO - Processing file /home/airflow/.local/lib/python3.12/site-packages/airflow/example_dags/example_branch_day_of_week_operator.py for tasks to queue
[2025-01-20T08:21:31.780+0000] {logging_mixin.py:190} INFO - [2025-01-20T08:21:31.780+0000] {dagbag.py:588} INFO - Filling up the DagBag from /home/airflow/.local/lib/python3.12/site-packages/airflow/example_dags/example_branch_day_of_week_operator.py
[2025-01-20T08:21:31.787+0000] {processor.py:925} INFO - DAG(s) 'example_weekday_branch_operator' retrieved from /home/airflow/.local/lib/python3.12/site-packages/airflow/example_dags/example_branch_day_of_week_operator.py
[2025-01-20T08:21:31.803+0000] {logging_mixin.py:190} INFO - [2025-01-20T08:21:31.803+0000] {dag.py:3239} INFO - Sync 1 DAGs
[2025-01-20T08:21:31.819+0000] {logging_mixin.py:190} INFO - [2025-01-20T08:21:31.819+0000] {dag.py:4180} INFO - Setting next_dagrun for example_weekday_branch_operator to 2025-01-19 00:00:00+00:00, run_after=2025-01-20 00:00:00+00:00
[2025-01-20T08:21:31.831+0000] {processor.py:208} INFO - Processing /home/airflow/.local/lib/python3.12/site-packages/airflow/example_dags/example_branch_day_of_week_operator.py took 0.063 seconds
[2025-01-20T08:22:02.719+0000] {processor.py:186} INFO - Started process (PID=50704) to work on /home/airflow/.local/lib/python3.12/site-packages/airflow/example_dags/example_branch_day_of_week_operator.py
[2025-01-20T08:22:02.720+0000] {processor.py:914} INFO - Processing file /home/airflow/.local/lib/python3.12/site-packages/airflow/example_dags/example_branch_day_of_week_operator.py for tasks to queue
[2025-01-20T08:22:02.721+0000] {logging_mixin.py:190} INFO - [2025-01-20T08:22:02.721+0000] {dagbag.py:588} INFO - Filling up the DagBag from /home/airflow/.local/lib/python3.12/site-packages/airflow/example_dags/example_branch_day_of_week_operator.py
[2025-01-20T08:22:02.728+0000] {processor.py:925} INFO - DAG(s) 'example_weekday_branch_operator' retrieved from /home/airflow/.local/lib/python3.12/site-packages/airflow/example_dags/example_branch_day_of_week_operator.py
[2025-01-20T08:22:02.745+0000] {logging_mixin.py:190} INFO - [2025-01-20T08:22:02.745+0000] {dag.py:3239} INFO - Sync 1 DAGs
[2025-01-20T08:22:02.762+0000] {logging_mixin.py:190} INFO - [2025-01-20T08:22:02.762+0000] {dag.py:4180} INFO - Setting next_dagrun for example_weekday_branch_operator to 2025-01-19 00:00:00+00:00, run_after=2025-01-20 00:00:00+00:00
[2025-01-20T08:22:02.775+0000] {processor.py:208} INFO - Processing /home/airflow/.local/lib/python3.12/site-packages/airflow/example_dags/example_branch_day_of_week_operator.py took 0.061 seconds
[2025-01-20T08:22:33.525+0000] {processor.py:186} INFO - Started process (PID=51005) to work on /home/airflow/.local/lib/python3.12/site-packages/airflow/example_dags/example_branch_day_of_week_operator.py
[2025-01-20T08:22:33.526+0000] {processor.py:914} INFO - Processing file /home/airflow/.local/lib/python3.12/site-packages/airflow/example_dags/example_branch_day_of_week_operator.py for tasks to queue
[2025-01-20T08:22:33.528+0000] {logging_mixin.py:190} INFO - [2025-01-20T08:22:33.528+0000] {dagbag.py:588} INFO - Filling up the DagBag from /home/airflow/.local/lib/python3.12/site-packages/airflow/example_dags/example_branch_day_of_week_operator.py
[2025-01-20T08:22:33.542+0000] {processor.py:925} INFO - DAG(s) 'example_weekday_branch_operator' retrieved from /home/airflow/.local/lib/python3.12/site-packages/airflow/example_dags/example_branch_day_of_week_operator.py
[2025-01-20T08:22:33.570+0000] {logging_mixin.py:190} INFO - [2025-01-20T08:22:33.570+0000] {dag.py:3239} INFO - Sync 1 DAGs
[2025-01-20T08:22:33.610+0000] {logging_mixin.py:190} INFO - [2025-01-20T08:22:33.610+0000] {dag.py:4180} INFO - Setting next_dagrun for example_weekday_branch_operator to 2025-01-19 00:00:00+00:00, run_after=2025-01-20 00:00:00+00:00
[2025-01-20T08:22:33.635+0000] {processor.py:208} INFO - Processing /home/airflow/.local/lib/python3.12/site-packages/airflow/example_dags/example_branch_day_of_week_operator.py took 0.118 seconds
[2025-01-20T08:23:04.592+0000] {processor.py:186} INFO - Started process (PID=51313) to work on /home/airflow/.local/lib/python3.12/site-packages/airflow/example_dags/example_branch_day_of_week_operator.py
[2025-01-20T08:23:04.593+0000] {processor.py:914} INFO - Processing file /home/airflow/.local/lib/python3.12/site-packages/airflow/example_dags/example_branch_day_of_week_operator.py for tasks to queue
[2025-01-20T08:23:04.597+0000] {logging_mixin.py:190} INFO - [2025-01-20T08:23:04.596+0000] {dagbag.py:588} INFO - Filling up the DagBag from /home/airflow/.local/lib/python3.12/site-packages/airflow/example_dags/example_branch_day_of_week_operator.py
[2025-01-20T08:23:04.606+0000] {processor.py:925} INFO - DAG(s) 'example_weekday_branch_operator' retrieved from /home/airflow/.local/lib/python3.12/site-packages/airflow/example_dags/example_branch_day_of_week_operator.py
[2025-01-20T08:23:04.629+0000] {logging_mixin.py:190} INFO - [2025-01-20T08:23:04.629+0000] {dag.py:3239} INFO - Sync 1 DAGs
[2025-01-20T08:23:04.658+0000] {logging_mixin.py:190} INFO - [2025-01-20T08:23:04.658+0000] {dag.py:4180} INFO - Setting next_dagrun for example_weekday_branch_operator to 2025-01-19 00:00:00+00:00, run_after=2025-01-20 00:00:00+00:00
[2025-01-20T08:23:04.686+0000] {processor.py:208} INFO - Processing /home/airflow/.local/lib/python3.12/site-packages/airflow/example_dags/example_branch_day_of_week_operator.py took 0.098 seconds
[2025-01-20T08:23:35.353+0000] {processor.py:186} INFO - Started process (PID=51612) to work on /home/airflow/.local/lib/python3.12/site-packages/airflow/example_dags/example_branch_day_of_week_operator.py
[2025-01-20T08:23:35.354+0000] {processor.py:914} INFO - Processing file /home/airflow/.local/lib/python3.12/site-packages/airflow/example_dags/example_branch_day_of_week_operator.py for tasks to queue
[2025-01-20T08:23:35.357+0000] {logging_mixin.py:190} INFO - [2025-01-20T08:23:35.356+0000] {dagbag.py:588} INFO - Filling up the DagBag from /home/airflow/.local/lib/python3.12/site-packages/airflow/example_dags/example_branch_day_of_week_operator.py
[2025-01-20T08:23:35.366+0000] {processor.py:925} INFO - DAG(s) 'example_weekday_branch_operator' retrieved from /home/airflow/.local/lib/python3.12/site-packages/airflow/example_dags/example_branch_day_of_week_operator.py
[2025-01-20T08:23:35.383+0000] {logging_mixin.py:190} INFO - [2025-01-20T08:23:35.383+0000] {dag.py:3239} INFO - Sync 1 DAGs
[2025-01-20T08:23:35.399+0000] {logging_mixin.py:190} INFO - [2025-01-20T08:23:35.399+0000] {dag.py:4180} INFO - Setting next_dagrun for example_weekday_branch_operator to 2025-01-19 00:00:00+00:00, run_after=2025-01-20 00:00:00+00:00
[2025-01-20T08:23:35.413+0000] {processor.py:208} INFO - Processing /home/airflow/.local/lib/python3.12/site-packages/airflow/example_dags/example_branch_day_of_week_operator.py took 0.064 seconds
[2025-01-20T08:24:06.460+0000] {processor.py:186} INFO - Started process (PID=51918) to work on /home/airflow/.local/lib/python3.12/site-packages/airflow/example_dags/example_branch_day_of_week_operator.py
[2025-01-20T08:24:06.461+0000] {processor.py:914} INFO - Processing file /home/airflow/.local/lib/python3.12/site-packages/airflow/example_dags/example_branch_day_of_week_operator.py for tasks to queue
[2025-01-20T08:24:06.463+0000] {logging_mixin.py:190} INFO - [2025-01-20T08:24:06.463+0000] {dagbag.py:588} INFO - Filling up the DagBag from /home/airflow/.local/lib/python3.12/site-packages/airflow/example_dags/example_branch_day_of_week_operator.py
[2025-01-20T08:24:06.473+0000] {processor.py:925} INFO - DAG(s) 'example_weekday_branch_operator' retrieved from /home/airflow/.local/lib/python3.12/site-packages/airflow/example_dags/example_branch_day_of_week_operator.py
[2025-01-20T08:24:06.497+0000] {logging_mixin.py:190} INFO - [2025-01-20T08:24:06.496+0000] {dag.py:3239} INFO - Sync 1 DAGs
[2025-01-20T08:24:06.514+0000] {logging_mixin.py:190} INFO - [2025-01-20T08:24:06.514+0000] {dag.py:4180} INFO - Setting next_dagrun for example_weekday_branch_operator to 2025-01-19 00:00:00+00:00, run_after=2025-01-20 00:00:00+00:00
[2025-01-20T08:24:06.529+0000] {processor.py:208} INFO - Processing /home/airflow/.local/lib/python3.12/site-packages/airflow/example_dags/example_branch_day_of_week_operator.py took 0.073 seconds
[2025-01-20T08:24:37.376+0000] {processor.py:186} INFO - Started process (PID=52224) to work on /home/airflow/.local/lib/python3.12/site-packages/airflow/example_dags/example_branch_day_of_week_operator.py
[2025-01-20T08:24:37.376+0000] {processor.py:914} INFO - Processing file /home/airflow/.local/lib/python3.12/site-packages/airflow/example_dags/example_branch_day_of_week_operator.py for tasks to queue
[2025-01-20T08:24:37.378+0000] {logging_mixin.py:190} INFO - [2025-01-20T08:24:37.378+0000] {dagbag.py:588} INFO - Filling up the DagBag from /home/airflow/.local/lib/python3.12/site-packages/airflow/example_dags/example_branch_day_of_week_operator.py
[2025-01-20T08:24:37.385+0000] {processor.py:925} INFO - DAG(s) 'example_weekday_branch_operator' retrieved from /home/airflow/.local/lib/python3.12/site-packages/airflow/example_dags/example_branch_day_of_week_operator.py
[2025-01-20T08:24:37.398+0000] {logging_mixin.py:190} INFO - [2025-01-20T08:24:37.398+0000] {dag.py:3239} INFO - Sync 1 DAGs
[2025-01-20T08:24:37.415+0000] {logging_mixin.py:190} INFO - [2025-01-20T08:24:37.415+0000] {dag.py:4180} INFO - Setting next_dagrun for example_weekday_branch_operator to 2025-01-19 00:00:00+00:00, run_after=2025-01-20 00:00:00+00:00
[2025-01-20T08:24:37.429+0000] {processor.py:208} INFO - Processing /home/airflow/.local/lib/python3.12/site-packages/airflow/example_dags/example_branch_day_of_week_operator.py took 0.058 seconds
[2025-01-20T08:25:08.381+0000] {processor.py:186} INFO - Started process (PID=52530) to work on /home/airflow/.local/lib/python3.12/site-packages/airflow/example_dags/example_branch_day_of_week_operator.py
[2025-01-20T08:25:08.383+0000] {processor.py:914} INFO - Processing file /home/airflow/.local/lib/python3.12/site-packages/airflow/example_dags/example_branch_day_of_week_operator.py for tasks to queue
[2025-01-20T08:25:08.386+0000] {logging_mixin.py:190} INFO - [2025-01-20T08:25:08.385+0000] {dagbag.py:588} INFO - Filling up the DagBag from /home/airflow/.local/lib/python3.12/site-packages/airflow/example_dags/example_branch_day_of_week_operator.py
[2025-01-20T08:25:08.397+0000] {processor.py:925} INFO - DAG(s) 'example_weekday_branch_operator' retrieved from /home/airflow/.local/lib/python3.12/site-packages/airflow/example_dags/example_branch_day_of_week_operator.py
[2025-01-20T08:25:08.420+0000] {logging_mixin.py:190} INFO - [2025-01-20T08:25:08.420+0000] {dag.py:3239} INFO - Sync 1 DAGs
[2025-01-20T08:25:08.448+0000] {logging_mixin.py:190} INFO - [2025-01-20T08:25:08.448+0000] {dag.py:4180} INFO - Setting next_dagrun for example_weekday_branch_operator to 2025-01-19 00:00:00+00:00, run_after=2025-01-20 00:00:00+00:00
[2025-01-20T08:25:08.471+0000] {processor.py:208} INFO - Processing /home/airflow/.local/lib/python3.12/site-packages/airflow/example_dags/example_branch_day_of_week_operator.py took 0.096 seconds
[2025-01-20T08:25:38.911+0000] {processor.py:186} INFO - Started process (PID=52831) to work on /home/airflow/.local/lib/python3.12/site-packages/airflow/example_dags/example_branch_day_of_week_operator.py
[2025-01-20T08:25:38.912+0000] {processor.py:914} INFO - Processing file /home/airflow/.local/lib/python3.12/site-packages/airflow/example_dags/example_branch_day_of_week_operator.py for tasks to queue
[2025-01-20T08:25:38.916+0000] {logging_mixin.py:190} INFO - [2025-01-20T08:25:38.916+0000] {dagbag.py:588} INFO - Filling up the DagBag from /home/airflow/.local/lib/python3.12/site-packages/airflow/example_dags/example_branch_day_of_week_operator.py
[2025-01-20T08:25:38.927+0000] {processor.py:925} INFO - DAG(s) 'example_weekday_branch_operator' retrieved from /home/airflow/.local/lib/python3.12/site-packages/airflow/example_dags/example_branch_day_of_week_operator.py
[2025-01-20T08:25:38.948+0000] {logging_mixin.py:190} INFO - [2025-01-20T08:25:38.948+0000] {dag.py:3239} INFO - Sync 1 DAGs
[2025-01-20T08:25:38.976+0000] {logging_mixin.py:190} INFO - [2025-01-20T08:25:38.975+0000] {dag.py:4180} INFO - Setting next_dagrun for example_weekday_branch_operator to 2025-01-19 00:00:00+00:00, run_after=2025-01-20 00:00:00+00:00
[2025-01-20T08:25:38.994+0000] {processor.py:208} INFO - Processing /home/airflow/.local/lib/python3.12/site-packages/airflow/example_dags/example_branch_day_of_week_operator.py took 0.090 seconds
[2025-01-20T08:26:09.109+0000] {processor.py:186} INFO - Started process (PID=53137) to work on /home/airflow/.local/lib/python3.12/site-packages/airflow/example_dags/example_branch_day_of_week_operator.py
[2025-01-20T08:26:09.110+0000] {processor.py:914} INFO - Processing file /home/airflow/.local/lib/python3.12/site-packages/airflow/example_dags/example_branch_day_of_week_operator.py for tasks to queue
[2025-01-20T08:26:09.113+0000] {logging_mixin.py:190} INFO - [2025-01-20T08:26:09.112+0000] {dagbag.py:588} INFO - Filling up the DagBag from /home/airflow/.local/lib/python3.12/site-packages/airflow/example_dags/example_branch_day_of_week_operator.py
[2025-01-20T08:26:09.123+0000] {processor.py:925} INFO - DAG(s) 'example_weekday_branch_operator' retrieved from /home/airflow/.local/lib/python3.12/site-packages/airflow/example_dags/example_branch_day_of_week_operator.py
[2025-01-20T08:26:09.142+0000] {logging_mixin.py:190} INFO - [2025-01-20T08:26:09.142+0000] {dag.py:3239} INFO - Sync 1 DAGs
[2025-01-20T08:26:09.159+0000] {logging_mixin.py:190} INFO - [2025-01-20T08:26:09.158+0000] {dag.py:4180} INFO - Setting next_dagrun for example_weekday_branch_operator to 2025-01-19 00:00:00+00:00, run_after=2025-01-20 00:00:00+00:00
[2025-01-20T08:26:09.173+0000] {processor.py:208} INFO - Processing /home/airflow/.local/lib/python3.12/site-packages/airflow/example_dags/example_branch_day_of_week_operator.py took 0.070 seconds
[2025-01-20T08:26:39.649+0000] {processor.py:186} INFO - Started process (PID=53438) to work on /home/airflow/.local/lib/python3.12/site-packages/airflow/example_dags/example_branch_day_of_week_operator.py
[2025-01-20T08:26:39.650+0000] {processor.py:914} INFO - Processing file /home/airflow/.local/lib/python3.12/site-packages/airflow/example_dags/example_branch_day_of_week_operator.py for tasks to queue
[2025-01-20T08:26:39.651+0000] {logging_mixin.py:190} INFO - [2025-01-20T08:26:39.651+0000] {dagbag.py:588} INFO - Filling up the DagBag from /home/airflow/.local/lib/python3.12/site-packages/airflow/example_dags/example_branch_day_of_week_operator.py
[2025-01-20T08:26:39.659+0000] {processor.py:925} INFO - DAG(s) 'example_weekday_branch_operator' retrieved from /home/airflow/.local/lib/python3.12/site-packages/airflow/example_dags/example_branch_day_of_week_operator.py
[2025-01-20T08:26:39.683+0000] {logging_mixin.py:190} INFO - [2025-01-20T08:26:39.682+0000] {dag.py:3239} INFO - Sync 1 DAGs
[2025-01-20T08:26:39.706+0000] {logging_mixin.py:190} INFO - [2025-01-20T08:26:39.706+0000] {dag.py:4180} INFO - Setting next_dagrun for example_weekday_branch_operator to 2025-01-19 00:00:00+00:00, run_after=2025-01-20 00:00:00+00:00
[2025-01-20T08:26:39.724+0000] {processor.py:208} INFO - Processing /home/airflow/.local/lib/python3.12/site-packages/airflow/example_dags/example_branch_day_of_week_operator.py took 0.079 seconds
[2025-01-20T08:27:10.249+0000] {processor.py:186} INFO - Started process (PID=53744) to work on /home/airflow/.local/lib/python3.12/site-packages/airflow/example_dags/example_branch_day_of_week_operator.py
[2025-01-20T08:27:10.250+0000] {processor.py:914} INFO - Processing file /home/airflow/.local/lib/python3.12/site-packages/airflow/example_dags/example_branch_day_of_week_operator.py for tasks to queue
[2025-01-20T08:27:10.252+0000] {logging_mixin.py:190} INFO - [2025-01-20T08:27:10.252+0000] {dagbag.py:588} INFO - Filling up the DagBag from /home/airflow/.local/lib/python3.12/site-packages/airflow/example_dags/example_branch_day_of_week_operator.py
[2025-01-20T08:27:10.263+0000] {processor.py:925} INFO - DAG(s) 'example_weekday_branch_operator' retrieved from /home/airflow/.local/lib/python3.12/site-packages/airflow/example_dags/example_branch_day_of_week_operator.py
[2025-01-20T08:27:10.282+0000] {logging_mixin.py:190} INFO - [2025-01-20T08:27:10.282+0000] {dag.py:3239} INFO - Sync 1 DAGs
[2025-01-20T08:27:10.302+0000] {logging_mixin.py:190} INFO - [2025-01-20T08:27:10.302+0000] {dag.py:4180} INFO - Setting next_dagrun for example_weekday_branch_operator to 2025-01-19 00:00:00+00:00, run_after=2025-01-20 00:00:00+00:00
[2025-01-20T08:27:10.317+0000] {processor.py:208} INFO - Processing /home/airflow/.local/lib/python3.12/site-packages/airflow/example_dags/example_branch_day_of_week_operator.py took 0.076 seconds
[2025-01-20T08:27:40.874+0000] {processor.py:186} INFO - Started process (PID=54045) to work on /home/airflow/.local/lib/python3.12/site-packages/airflow/example_dags/example_branch_day_of_week_operator.py
[2025-01-20T08:27:40.875+0000] {processor.py:914} INFO - Processing file /home/airflow/.local/lib/python3.12/site-packages/airflow/example_dags/example_branch_day_of_week_operator.py for tasks to queue
[2025-01-20T08:27:40.877+0000] {logging_mixin.py:190} INFO - [2025-01-20T08:27:40.877+0000] {dagbag.py:588} INFO - Filling up the DagBag from /home/airflow/.local/lib/python3.12/site-packages/airflow/example_dags/example_branch_day_of_week_operator.py
[2025-01-20T08:27:40.890+0000] {processor.py:925} INFO - DAG(s) 'example_weekday_branch_operator' retrieved from /home/airflow/.local/lib/python3.12/site-packages/airflow/example_dags/example_branch_day_of_week_operator.py
[2025-01-20T08:27:40.909+0000] {logging_mixin.py:190} INFO - [2025-01-20T08:27:40.908+0000] {dag.py:3239} INFO - Sync 1 DAGs
[2025-01-20T08:27:40.946+0000] {logging_mixin.py:190} INFO - [2025-01-20T08:27:40.946+0000] {dag.py:4180} INFO - Setting next_dagrun for example_weekday_branch_operator to 2025-01-19 00:00:00+00:00, run_after=2025-01-20 00:00:00+00:00
[2025-01-20T08:27:40.966+0000] {processor.py:208} INFO - Processing /home/airflow/.local/lib/python3.12/site-packages/airflow/example_dags/example_branch_day_of_week_operator.py took 0.097 seconds
[2025-01-20T08:28:11.331+0000] {processor.py:186} INFO - Started process (PID=54351) to work on /home/airflow/.local/lib/python3.12/site-packages/airflow/example_dags/example_branch_day_of_week_operator.py
[2025-01-20T08:28:11.331+0000] {processor.py:914} INFO - Processing file /home/airflow/.local/lib/python3.12/site-packages/airflow/example_dags/example_branch_day_of_week_operator.py for tasks to queue
[2025-01-20T08:28:11.333+0000] {logging_mixin.py:190} INFO - [2025-01-20T08:28:11.333+0000] {dagbag.py:588} INFO - Filling up the DagBag from /home/airflow/.local/lib/python3.12/site-packages/airflow/example_dags/example_branch_day_of_week_operator.py
[2025-01-20T08:28:11.340+0000] {processor.py:925} INFO - DAG(s) 'example_weekday_branch_operator' retrieved from /home/airflow/.local/lib/python3.12/site-packages/airflow/example_dags/example_branch_day_of_week_operator.py
[2025-01-20T08:28:11.360+0000] {logging_mixin.py:190} INFO - [2025-01-20T08:28:11.359+0000] {dag.py:3239} INFO - Sync 1 DAGs
[2025-01-20T08:28:11.382+0000] {logging_mixin.py:190} INFO - [2025-01-20T08:28:11.381+0000] {dag.py:4180} INFO - Setting next_dagrun for example_weekday_branch_operator to 2025-01-19 00:00:00+00:00, run_after=2025-01-20 00:00:00+00:00
[2025-01-20T08:28:11.397+0000] {processor.py:208} INFO - Processing /home/airflow/.local/lib/python3.12/site-packages/airflow/example_dags/example_branch_day_of_week_operator.py took 0.073 seconds
[2025-01-20T08:28:41.842+0000] {processor.py:186} INFO - Started process (PID=54652) to work on /home/airflow/.local/lib/python3.12/site-packages/airflow/example_dags/example_branch_day_of_week_operator.py
[2025-01-20T08:28:41.843+0000] {processor.py:914} INFO - Processing file /home/airflow/.local/lib/python3.12/site-packages/airflow/example_dags/example_branch_day_of_week_operator.py for tasks to queue
[2025-01-20T08:28:41.844+0000] {logging_mixin.py:190} INFO - [2025-01-20T08:28:41.844+0000] {dagbag.py:588} INFO - Filling up the DagBag from /home/airflow/.local/lib/python3.12/site-packages/airflow/example_dags/example_branch_day_of_week_operator.py
[2025-01-20T08:28:41.851+0000] {processor.py:925} INFO - DAG(s) 'example_weekday_branch_operator' retrieved from /home/airflow/.local/lib/python3.12/site-packages/airflow/example_dags/example_branch_day_of_week_operator.py
[2025-01-20T08:28:41.866+0000] {logging_mixin.py:190} INFO - [2025-01-20T08:28:41.866+0000] {dag.py:3239} INFO - Sync 1 DAGs
[2025-01-20T08:28:41.886+0000] {logging_mixin.py:190} INFO - [2025-01-20T08:28:41.886+0000] {dag.py:4180} INFO - Setting next_dagrun for example_weekday_branch_operator to 2025-01-19 00:00:00+00:00, run_after=2025-01-20 00:00:00+00:00
[2025-01-20T08:28:41.908+0000] {processor.py:208} INFO - Processing /home/airflow/.local/lib/python3.12/site-packages/airflow/example_dags/example_branch_day_of_week_operator.py took 0.070 seconds
[2025-01-20T08:29:12.672+0000] {processor.py:186} INFO - Started process (PID=54958) to work on /home/airflow/.local/lib/python3.12/site-packages/airflow/example_dags/example_branch_day_of_week_operator.py
[2025-01-20T08:29:12.673+0000] {processor.py:914} INFO - Processing file /home/airflow/.local/lib/python3.12/site-packages/airflow/example_dags/example_branch_day_of_week_operator.py for tasks to queue
[2025-01-20T08:29:12.676+0000] {logging_mixin.py:190} INFO - [2025-01-20T08:29:12.676+0000] {dagbag.py:588} INFO - Filling up the DagBag from /home/airflow/.local/lib/python3.12/site-packages/airflow/example_dags/example_branch_day_of_week_operator.py
[2025-01-20T08:29:12.687+0000] {processor.py:925} INFO - DAG(s) 'example_weekday_branch_operator' retrieved from /home/airflow/.local/lib/python3.12/site-packages/airflow/example_dags/example_branch_day_of_week_operator.py
[2025-01-20T08:29:12.708+0000] {logging_mixin.py:190} INFO - [2025-01-20T08:29:12.708+0000] {dag.py:3239} INFO - Sync 1 DAGs
[2025-01-20T08:29:12.730+0000] {logging_mixin.py:190} INFO - [2025-01-20T08:29:12.730+0000] {dag.py:4180} INFO - Setting next_dagrun for example_weekday_branch_operator to 2025-01-19 00:00:00+00:00, run_after=2025-01-20 00:00:00+00:00
[2025-01-20T08:29:12.743+0000] {processor.py:208} INFO - Processing /home/airflow/.local/lib/python3.12/site-packages/airflow/example_dags/example_branch_day_of_week_operator.py took 0.078 seconds
[2025-01-20T08:29:42.894+0000] {processor.py:186} INFO - Started process (PID=55259) to work on /home/airflow/.local/lib/python3.12/site-packages/airflow/example_dags/example_branch_day_of_week_operator.py
[2025-01-20T08:29:42.894+0000] {processor.py:914} INFO - Processing file /home/airflow/.local/lib/python3.12/site-packages/airflow/example_dags/example_branch_day_of_week_operator.py for tasks to queue
[2025-01-20T08:29:42.897+0000] {logging_mixin.py:190} INFO - [2025-01-20T08:29:42.896+0000] {dagbag.py:588} INFO - Filling up the DagBag from /home/airflow/.local/lib/python3.12/site-packages/airflow/example_dags/example_branch_day_of_week_operator.py
[2025-01-20T08:29:42.903+0000] {processor.py:925} INFO - DAG(s) 'example_weekday_branch_operator' retrieved from /home/airflow/.local/lib/python3.12/site-packages/airflow/example_dags/example_branch_day_of_week_operator.py
[2025-01-20T08:29:42.921+0000] {logging_mixin.py:190} INFO - [2025-01-20T08:29:42.921+0000] {dag.py:3239} INFO - Sync 1 DAGs
[2025-01-20T08:29:42.940+0000] {logging_mixin.py:190} INFO - [2025-01-20T08:29:42.940+0000] {dag.py:4180} INFO - Setting next_dagrun for example_weekday_branch_operator to 2025-01-19 00:00:00+00:00, run_after=2025-01-20 00:00:00+00:00
[2025-01-20T08:29:42.956+0000] {processor.py:208} INFO - Processing /home/airflow/.local/lib/python3.12/site-packages/airflow/example_dags/example_branch_day_of_week_operator.py took 0.069 seconds
[2025-01-20T08:30:13.301+0000] {processor.py:186} INFO - Started process (PID=55571) to work on /home/airflow/.local/lib/python3.12/site-packages/airflow/example_dags/example_branch_day_of_week_operator.py
[2025-01-20T08:30:13.302+0000] {processor.py:914} INFO - Processing file /home/airflow/.local/lib/python3.12/site-packages/airflow/example_dags/example_branch_day_of_week_operator.py for tasks to queue
[2025-01-20T08:30:13.305+0000] {logging_mixin.py:190} INFO - [2025-01-20T08:30:13.305+0000] {dagbag.py:588} INFO - Filling up the DagBag from /home/airflow/.local/lib/python3.12/site-packages/airflow/example_dags/example_branch_day_of_week_operator.py
[2025-01-20T08:30:13.316+0000] {processor.py:925} INFO - DAG(s) 'example_weekday_branch_operator' retrieved from /home/airflow/.local/lib/python3.12/site-packages/airflow/example_dags/example_branch_day_of_week_operator.py
[2025-01-20T08:30:13.335+0000] {logging_mixin.py:190} INFO - [2025-01-20T08:30:13.335+0000] {dag.py:3239} INFO - Sync 1 DAGs
[2025-01-20T08:30:13.352+0000] {logging_mixin.py:190} INFO - [2025-01-20T08:30:13.352+0000] {dag.py:4180} INFO - Setting next_dagrun for example_weekday_branch_operator to 2025-01-19 00:00:00+00:00, run_after=2025-01-20 00:00:00+00:00
[2025-01-20T08:30:13.363+0000] {processor.py:208} INFO - Processing /home/airflow/.local/lib/python3.12/site-packages/airflow/example_dags/example_branch_day_of_week_operator.py took 0.068 seconds
[2025-01-20T08:30:43.812+0000] {processor.py:186} INFO - Started process (PID=55872) to work on /home/airflow/.local/lib/python3.12/site-packages/airflow/example_dags/example_branch_day_of_week_operator.py
[2025-01-20T08:30:43.813+0000] {processor.py:914} INFO - Processing file /home/airflow/.local/lib/python3.12/site-packages/airflow/example_dags/example_branch_day_of_week_operator.py for tasks to queue
[2025-01-20T08:30:43.817+0000] {logging_mixin.py:190} INFO - [2025-01-20T08:30:43.816+0000] {dagbag.py:588} INFO - Filling up the DagBag from /home/airflow/.local/lib/python3.12/site-packages/airflow/example_dags/example_branch_day_of_week_operator.py
[2025-01-20T08:30:43.824+0000] {processor.py:925} INFO - DAG(s) 'example_weekday_branch_operator' retrieved from /home/airflow/.local/lib/python3.12/site-packages/airflow/example_dags/example_branch_day_of_week_operator.py
[2025-01-20T08:30:43.841+0000] {logging_mixin.py:190} INFO - [2025-01-20T08:30:43.841+0000] {dag.py:3239} INFO - Sync 1 DAGs
[2025-01-20T08:30:43.865+0000] {logging_mixin.py:190} INFO - [2025-01-20T08:30:43.864+0000] {dag.py:4180} INFO - Setting next_dagrun for example_weekday_branch_operator to 2025-01-19 00:00:00+00:00, run_after=2025-01-20 00:00:00+00:00
[2025-01-20T08:30:43.884+0000] {processor.py:208} INFO - Processing /home/airflow/.local/lib/python3.12/site-packages/airflow/example_dags/example_branch_day_of_week_operator.py took 0.080 seconds
[2025-01-20T08:31:14.709+0000] {processor.py:186} INFO - Started process (PID=56178) to work on /home/airflow/.local/lib/python3.12/site-packages/airflow/example_dags/example_branch_day_of_week_operator.py
[2025-01-20T08:31:14.710+0000] {processor.py:914} INFO - Processing file /home/airflow/.local/lib/python3.12/site-packages/airflow/example_dags/example_branch_day_of_week_operator.py for tasks to queue
[2025-01-20T08:31:14.711+0000] {logging_mixin.py:190} INFO - [2025-01-20T08:31:14.711+0000] {dagbag.py:588} INFO - Filling up the DagBag from /home/airflow/.local/lib/python3.12/site-packages/airflow/example_dags/example_branch_day_of_week_operator.py
[2025-01-20T08:31:14.718+0000] {processor.py:925} INFO - DAG(s) 'example_weekday_branch_operator' retrieved from /home/airflow/.local/lib/python3.12/site-packages/airflow/example_dags/example_branch_day_of_week_operator.py
[2025-01-20T08:31:14.733+0000] {logging_mixin.py:190} INFO - [2025-01-20T08:31:14.733+0000] {dag.py:3239} INFO - Sync 1 DAGs
[2025-01-20T08:31:14.750+0000] {logging_mixin.py:190} INFO - [2025-01-20T08:31:14.750+0000] {dag.py:4180} INFO - Setting next_dagrun for example_weekday_branch_operator to 2025-01-19 00:00:00+00:00, run_after=2025-01-20 00:00:00+00:00
[2025-01-20T08:31:14.770+0000] {processor.py:208} INFO - Processing /home/airflow/.local/lib/python3.12/site-packages/airflow/example_dags/example_branch_day_of_week_operator.py took 0.064 seconds
[2025-01-20T08:31:45.023+0000] {processor.py:186} INFO - Started process (PID=56479) to work on /home/airflow/.local/lib/python3.12/site-packages/airflow/example_dags/example_branch_day_of_week_operator.py
[2025-01-20T08:31:45.023+0000] {processor.py:914} INFO - Processing file /home/airflow/.local/lib/python3.12/site-packages/airflow/example_dags/example_branch_day_of_week_operator.py for tasks to queue
[2025-01-20T08:31:45.026+0000] {logging_mixin.py:190} INFO - [2025-01-20T08:31:45.026+0000] {dagbag.py:588} INFO - Filling up the DagBag from /home/airflow/.local/lib/python3.12/site-packages/airflow/example_dags/example_branch_day_of_week_operator.py
[2025-01-20T08:31:45.038+0000] {processor.py:925} INFO - DAG(s) 'example_weekday_branch_operator' retrieved from /home/airflow/.local/lib/python3.12/site-packages/airflow/example_dags/example_branch_day_of_week_operator.py
[2025-01-20T08:31:45.050+0000] {logging_mixin.py:190} INFO - [2025-01-20T08:31:45.050+0000] {dag.py:3239} INFO - Sync 1 DAGs
[2025-01-20T08:31:45.066+0000] {logging_mixin.py:190} INFO - [2025-01-20T08:31:45.066+0000] {dag.py:4180} INFO - Setting next_dagrun for example_weekday_branch_operator to 2025-01-19 00:00:00+00:00, run_after=2025-01-20 00:00:00+00:00
[2025-01-20T08:31:45.082+0000] {processor.py:208} INFO - Processing /home/airflow/.local/lib/python3.12/site-packages/airflow/example_dags/example_branch_day_of_week_operator.py took 0.063 seconds
[2025-01-20T08:32:15.345+0000] {processor.py:186} INFO - Started process (PID=56785) to work on /home/airflow/.local/lib/python3.12/site-packages/airflow/example_dags/example_branch_day_of_week_operator.py
[2025-01-20T08:32:15.346+0000] {processor.py:914} INFO - Processing file /home/airflow/.local/lib/python3.12/site-packages/airflow/example_dags/example_branch_day_of_week_operator.py for tasks to queue
[2025-01-20T08:32:15.348+0000] {logging_mixin.py:190} INFO - [2025-01-20T08:32:15.348+0000] {dagbag.py:588} INFO - Filling up the DagBag from /home/airflow/.local/lib/python3.12/site-packages/airflow/example_dags/example_branch_day_of_week_operator.py
[2025-01-20T08:32:15.359+0000] {processor.py:925} INFO - DAG(s) 'example_weekday_branch_operator' retrieved from /home/airflow/.local/lib/python3.12/site-packages/airflow/example_dags/example_branch_day_of_week_operator.py
[2025-01-20T08:32:15.375+0000] {logging_mixin.py:190} INFO - [2025-01-20T08:32:15.375+0000] {dag.py:3239} INFO - Sync 1 DAGs
[2025-01-20T08:32:15.391+0000] {logging_mixin.py:190} INFO - [2025-01-20T08:32:15.391+0000] {dag.py:4180} INFO - Setting next_dagrun for example_weekday_branch_operator to 2025-01-19 00:00:00+00:00, run_after=2025-01-20 00:00:00+00:00
[2025-01-20T08:32:15.408+0000] {processor.py:208} INFO - Processing /home/airflow/.local/lib/python3.12/site-packages/airflow/example_dags/example_branch_day_of_week_operator.py took 0.068 seconds
[2025-01-20T08:32:45.569+0000] {processor.py:186} INFO - Started process (PID=57086) to work on /home/airflow/.local/lib/python3.12/site-packages/airflow/example_dags/example_branch_day_of_week_operator.py
[2025-01-20T08:32:45.570+0000] {processor.py:914} INFO - Processing file /home/airflow/.local/lib/python3.12/site-packages/airflow/example_dags/example_branch_day_of_week_operator.py for tasks to queue
[2025-01-20T08:32:45.571+0000] {logging_mixin.py:190} INFO - [2025-01-20T08:32:45.571+0000] {dagbag.py:588} INFO - Filling up the DagBag from /home/airflow/.local/lib/python3.12/site-packages/airflow/example_dags/example_branch_day_of_week_operator.py
[2025-01-20T08:32:45.578+0000] {processor.py:925} INFO - DAG(s) 'example_weekday_branch_operator' retrieved from /home/airflow/.local/lib/python3.12/site-packages/airflow/example_dags/example_branch_day_of_week_operator.py
[2025-01-20T08:32:45.594+0000] {logging_mixin.py:190} INFO - [2025-01-20T08:32:45.593+0000] {dag.py:3239} INFO - Sync 1 DAGs
[2025-01-20T08:32:45.612+0000] {logging_mixin.py:190} INFO - [2025-01-20T08:32:45.611+0000] {dag.py:4180} INFO - Setting next_dagrun for example_weekday_branch_operator to 2025-01-19 00:00:00+00:00, run_after=2025-01-20 00:00:00+00:00
[2025-01-20T08:32:45.625+0000] {processor.py:208} INFO - Processing /home/airflow/.local/lib/python3.12/site-packages/airflow/example_dags/example_branch_day_of_week_operator.py took 0.060 seconds
[2025-01-20T08:33:16.258+0000] {processor.py:186} INFO - Started process (PID=57392) to work on /home/airflow/.local/lib/python3.12/site-packages/airflow/example_dags/example_branch_day_of_week_operator.py
[2025-01-20T08:33:16.259+0000] {processor.py:914} INFO - Processing file /home/airflow/.local/lib/python3.12/site-packages/airflow/example_dags/example_branch_day_of_week_operator.py for tasks to queue
[2025-01-20T08:33:16.262+0000] {logging_mixin.py:190} INFO - [2025-01-20T08:33:16.262+0000] {dagbag.py:588} INFO - Filling up the DagBag from /home/airflow/.local/lib/python3.12/site-packages/airflow/example_dags/example_branch_day_of_week_operator.py
[2025-01-20T08:33:16.273+0000] {processor.py:925} INFO - DAG(s) 'example_weekday_branch_operator' retrieved from /home/airflow/.local/lib/python3.12/site-packages/airflow/example_dags/example_branch_day_of_week_operator.py
[2025-01-20T08:33:16.293+0000] {logging_mixin.py:190} INFO - [2025-01-20T08:33:16.293+0000] {dag.py:3239} INFO - Sync 1 DAGs
[2025-01-20T08:33:16.309+0000] {logging_mixin.py:190} INFO - [2025-01-20T08:33:16.309+0000] {dag.py:4180} INFO - Setting next_dagrun for example_weekday_branch_operator to 2025-01-19 00:00:00+00:00, run_after=2025-01-20 00:00:00+00:00
[2025-01-20T08:33:16.323+0000] {processor.py:208} INFO - Processing /home/airflow/.local/lib/python3.12/site-packages/airflow/example_dags/example_branch_day_of_week_operator.py took 0.077 seconds
[2025-01-20T08:33:46.634+0000] {processor.py:186} INFO - Started process (PID=57693) to work on /home/airflow/.local/lib/python3.12/site-packages/airflow/example_dags/example_branch_day_of_week_operator.py
[2025-01-20T08:33:46.635+0000] {processor.py:914} INFO - Processing file /home/airflow/.local/lib/python3.12/site-packages/airflow/example_dags/example_branch_day_of_week_operator.py for tasks to queue
[2025-01-20T08:33:46.638+0000] {logging_mixin.py:190} INFO - [2025-01-20T08:33:46.637+0000] {dagbag.py:588} INFO - Filling up the DagBag from /home/airflow/.local/lib/python3.12/site-packages/airflow/example_dags/example_branch_day_of_week_operator.py
[2025-01-20T08:33:46.645+0000] {processor.py:925} INFO - DAG(s) 'example_weekday_branch_operator' retrieved from /home/airflow/.local/lib/python3.12/site-packages/airflow/example_dags/example_branch_day_of_week_operator.py
[2025-01-20T08:33:46.659+0000] {logging_mixin.py:190} INFO - [2025-01-20T08:33:46.659+0000] {dag.py:3239} INFO - Sync 1 DAGs
[2025-01-20T08:33:46.673+0000] {logging_mixin.py:190} INFO - [2025-01-20T08:33:46.673+0000] {dag.py:4180} INFO - Setting next_dagrun for example_weekday_branch_operator to 2025-01-19 00:00:00+00:00, run_after=2025-01-20 00:00:00+00:00
[2025-01-20T08:33:46.688+0000] {processor.py:208} INFO - Processing /home/airflow/.local/lib/python3.12/site-packages/airflow/example_dags/example_branch_day_of_week_operator.py took 0.058 seconds
[2025-01-20T08:34:17.009+0000] {processor.py:186} INFO - Started process (PID=57999) to work on /home/airflow/.local/lib/python3.12/site-packages/airflow/example_dags/example_branch_day_of_week_operator.py
[2025-01-20T08:34:17.010+0000] {processor.py:914} INFO - Processing file /home/airflow/.local/lib/python3.12/site-packages/airflow/example_dags/example_branch_day_of_week_operator.py for tasks to queue
[2025-01-20T08:34:17.013+0000] {logging_mixin.py:190} INFO - [2025-01-20T08:34:17.012+0000] {dagbag.py:588} INFO - Filling up the DagBag from /home/airflow/.local/lib/python3.12/site-packages/airflow/example_dags/example_branch_day_of_week_operator.py
[2025-01-20T08:34:17.024+0000] {processor.py:925} INFO - DAG(s) 'example_weekday_branch_operator' retrieved from /home/airflow/.local/lib/python3.12/site-packages/airflow/example_dags/example_branch_day_of_week_operator.py
[2025-01-20T08:34:17.043+0000] {logging_mixin.py:190} INFO - [2025-01-20T08:34:17.043+0000] {dag.py:3239} INFO - Sync 1 DAGs
[2025-01-20T08:34:17.061+0000] {logging_mixin.py:190} INFO - [2025-01-20T08:34:17.061+0000] {dag.py:4180} INFO - Setting next_dagrun for example_weekday_branch_operator to 2025-01-19 00:00:00+00:00, run_after=2025-01-20 00:00:00+00:00
[2025-01-20T08:34:17.078+0000] {processor.py:208} INFO - Processing /home/airflow/.local/lib/python3.12/site-packages/airflow/example_dags/example_branch_day_of_week_operator.py took 0.076 seconds
[2025-01-20T08:34:48.016+0000] {processor.py:186} INFO - Started process (PID=58300) to work on /home/airflow/.local/lib/python3.12/site-packages/airflow/example_dags/example_branch_day_of_week_operator.py
[2025-01-20T08:34:48.017+0000] {processor.py:914} INFO - Processing file /home/airflow/.local/lib/python3.12/site-packages/airflow/example_dags/example_branch_day_of_week_operator.py for tasks to queue
[2025-01-20T08:34:48.018+0000] {logging_mixin.py:190} INFO - [2025-01-20T08:34:48.018+0000] {dagbag.py:588} INFO - Filling up the DagBag from /home/airflow/.local/lib/python3.12/site-packages/airflow/example_dags/example_branch_day_of_week_operator.py
[2025-01-20T08:34:48.025+0000] {processor.py:925} INFO - DAG(s) 'example_weekday_branch_operator' retrieved from /home/airflow/.local/lib/python3.12/site-packages/airflow/example_dags/example_branch_day_of_week_operator.py
[2025-01-20T08:34:48.040+0000] {logging_mixin.py:190} INFO - [2025-01-20T08:34:48.040+0000] {dag.py:3239} INFO - Sync 1 DAGs
[2025-01-20T08:34:48.057+0000] {logging_mixin.py:190} INFO - [2025-01-20T08:34:48.056+0000] {dag.py:4180} INFO - Setting next_dagrun for example_weekday_branch_operator to 2025-01-19 00:00:00+00:00, run_after=2025-01-20 00:00:00+00:00
[2025-01-20T08:34:48.069+0000] {processor.py:208} INFO - Processing /home/airflow/.local/lib/python3.12/site-packages/airflow/example_dags/example_branch_day_of_week_operator.py took 0.060 seconds
[2025-01-20T08:35:19.173+0000] {processor.py:186} INFO - Started process (PID=58605) to work on /home/airflow/.local/lib/python3.12/site-packages/airflow/example_dags/example_branch_day_of_week_operator.py
[2025-01-20T08:35:19.174+0000] {processor.py:914} INFO - Processing file /home/airflow/.local/lib/python3.12/site-packages/airflow/example_dags/example_branch_day_of_week_operator.py for tasks to queue
[2025-01-20T08:35:19.177+0000] {logging_mixin.py:190} INFO - [2025-01-20T08:35:19.176+0000] {dagbag.py:588} INFO - Filling up the DagBag from /home/airflow/.local/lib/python3.12/site-packages/airflow/example_dags/example_branch_day_of_week_operator.py
[2025-01-20T08:35:19.189+0000] {processor.py:925} INFO - DAG(s) 'example_weekday_branch_operator' retrieved from /home/airflow/.local/lib/python3.12/site-packages/airflow/example_dags/example_branch_day_of_week_operator.py
[2025-01-20T08:35:19.214+0000] {logging_mixin.py:190} INFO - [2025-01-20T08:35:19.214+0000] {dag.py:3239} INFO - Sync 1 DAGs
[2025-01-20T08:35:19.230+0000] {logging_mixin.py:190} INFO - [2025-01-20T08:35:19.230+0000] {dag.py:4180} INFO - Setting next_dagrun for example_weekday_branch_operator to 2025-01-19 00:00:00+00:00, run_after=2025-01-20 00:00:00+00:00
[2025-01-20T08:35:19.248+0000] {processor.py:208} INFO - Processing /home/airflow/.local/lib/python3.12/site-packages/airflow/example_dags/example_branch_day_of_week_operator.py took 0.079 seconds
[2025-01-20T08:35:50.147+0000] {processor.py:186} INFO - Started process (PID=58907) to work on /home/airflow/.local/lib/python3.12/site-packages/airflow/example_dags/example_branch_day_of_week_operator.py
[2025-01-20T08:35:50.148+0000] {processor.py:914} INFO - Processing file /home/airflow/.local/lib/python3.12/site-packages/airflow/example_dags/example_branch_day_of_week_operator.py for tasks to queue
[2025-01-20T08:35:50.151+0000] {logging_mixin.py:190} INFO - [2025-01-20T08:35:50.150+0000] {dagbag.py:588} INFO - Filling up the DagBag from /home/airflow/.local/lib/python3.12/site-packages/airflow/example_dags/example_branch_day_of_week_operator.py
[2025-01-20T08:35:50.159+0000] {processor.py:925} INFO - DAG(s) 'example_weekday_branch_operator' retrieved from /home/airflow/.local/lib/python3.12/site-packages/airflow/example_dags/example_branch_day_of_week_operator.py
[2025-01-20T08:35:50.173+0000] {logging_mixin.py:190} INFO - [2025-01-20T08:35:50.173+0000] {dag.py:3239} INFO - Sync 1 DAGs
[2025-01-20T08:35:50.197+0000] {logging_mixin.py:190} INFO - [2025-01-20T08:35:50.197+0000] {dag.py:4180} INFO - Setting next_dagrun for example_weekday_branch_operator to 2025-01-19 00:00:00+00:00, run_after=2025-01-20 00:00:00+00:00
[2025-01-20T08:35:50.215+0000] {processor.py:208} INFO - Processing /home/airflow/.local/lib/python3.12/site-packages/airflow/example_dags/example_branch_day_of_week_operator.py took 0.071 seconds
[2025-01-20T08:36:21.096+0000] {processor.py:186} INFO - Started process (PID=59213) to work on /home/airflow/.local/lib/python3.12/site-packages/airflow/example_dags/example_branch_day_of_week_operator.py
[2025-01-20T08:36:21.096+0000] {processor.py:914} INFO - Processing file /home/airflow/.local/lib/python3.12/site-packages/airflow/example_dags/example_branch_day_of_week_operator.py for tasks to queue
[2025-01-20T08:36:21.098+0000] {logging_mixin.py:190} INFO - [2025-01-20T08:36:21.097+0000] {dagbag.py:588} INFO - Filling up the DagBag from /home/airflow/.local/lib/python3.12/site-packages/airflow/example_dags/example_branch_day_of_week_operator.py
[2025-01-20T08:36:21.104+0000] {processor.py:925} INFO - DAG(s) 'example_weekday_branch_operator' retrieved from /home/airflow/.local/lib/python3.12/site-packages/airflow/example_dags/example_branch_day_of_week_operator.py
[2025-01-20T08:36:21.120+0000] {logging_mixin.py:190} INFO - [2025-01-20T08:36:21.119+0000] {dag.py:3239} INFO - Sync 1 DAGs
[2025-01-20T08:36:21.135+0000] {logging_mixin.py:190} INFO - [2025-01-20T08:36:21.135+0000] {dag.py:4180} INFO - Setting next_dagrun for example_weekday_branch_operator to 2025-01-19 00:00:00+00:00, run_after=2025-01-20 00:00:00+00:00
[2025-01-20T08:36:21.150+0000] {processor.py:208} INFO - Processing /home/airflow/.local/lib/python3.12/site-packages/airflow/example_dags/example_branch_day_of_week_operator.py took 0.058 seconds
[2025-01-20T08:36:51.445+0000] {processor.py:186} INFO - Started process (PID=59514) to work on /home/airflow/.local/lib/python3.12/site-packages/airflow/example_dags/example_branch_day_of_week_operator.py
[2025-01-20T08:36:51.446+0000] {processor.py:914} INFO - Processing file /home/airflow/.local/lib/python3.12/site-packages/airflow/example_dags/example_branch_day_of_week_operator.py for tasks to queue
[2025-01-20T08:36:51.447+0000] {logging_mixin.py:190} INFO - [2025-01-20T08:36:51.447+0000] {dagbag.py:588} INFO - Filling up the DagBag from /home/airflow/.local/lib/python3.12/site-packages/airflow/example_dags/example_branch_day_of_week_operator.py
[2025-01-20T08:36:51.454+0000] {processor.py:925} INFO - DAG(s) 'example_weekday_branch_operator' retrieved from /home/airflow/.local/lib/python3.12/site-packages/airflow/example_dags/example_branch_day_of_week_operator.py
[2025-01-20T08:36:51.473+0000] {logging_mixin.py:190} INFO - [2025-01-20T08:36:51.473+0000] {dag.py:3239} INFO - Sync 1 DAGs
[2025-01-20T08:36:51.495+0000] {logging_mixin.py:190} INFO - [2025-01-20T08:36:51.495+0000] {dag.py:4180} INFO - Setting next_dagrun for example_weekday_branch_operator to 2025-01-19 00:00:00+00:00, run_after=2025-01-20 00:00:00+00:00
[2025-01-20T08:36:51.516+0000] {processor.py:208} INFO - Processing /home/airflow/.local/lib/python3.12/site-packages/airflow/example_dags/example_branch_day_of_week_operator.py took 0.078 seconds
[2025-01-20T08:37:21.780+0000] {processor.py:186} INFO - Started process (PID=59817) to work on /home/airflow/.local/lib/python3.12/site-packages/airflow/example_dags/example_branch_day_of_week_operator.py
[2025-01-20T08:37:21.781+0000] {processor.py:914} INFO - Processing file /home/airflow/.local/lib/python3.12/site-packages/airflow/example_dags/example_branch_day_of_week_operator.py for tasks to queue
[2025-01-20T08:37:21.783+0000] {logging_mixin.py:190} INFO - [2025-01-20T08:37:21.782+0000] {dagbag.py:588} INFO - Filling up the DagBag from /home/airflow/.local/lib/python3.12/site-packages/airflow/example_dags/example_branch_day_of_week_operator.py
[2025-01-20T08:37:21.789+0000] {processor.py:925} INFO - DAG(s) 'example_weekday_branch_operator' retrieved from /home/airflow/.local/lib/python3.12/site-packages/airflow/example_dags/example_branch_day_of_week_operator.py
[2025-01-20T08:37:21.802+0000] {logging_mixin.py:190} INFO - [2025-01-20T08:37:21.802+0000] {dag.py:3239} INFO - Sync 1 DAGs
[2025-01-20T08:37:21.816+0000] {logging_mixin.py:190} INFO - [2025-01-20T08:37:21.816+0000] {dag.py:4180} INFO - Setting next_dagrun for example_weekday_branch_operator to 2025-01-19 00:00:00+00:00, run_after=2025-01-20 00:00:00+00:00
[2025-01-20T08:37:21.828+0000] {processor.py:208} INFO - Processing /home/airflow/.local/lib/python3.12/site-packages/airflow/example_dags/example_branch_day_of_week_operator.py took 0.052 seconds
[2025-01-20T08:37:52.100+0000] {processor.py:186} INFO - Started process (PID=60116) to work on /home/airflow/.local/lib/python3.12/site-packages/airflow/example_dags/example_branch_day_of_week_operator.py
[2025-01-20T08:37:52.101+0000] {processor.py:914} INFO - Processing file /home/airflow/.local/lib/python3.12/site-packages/airflow/example_dags/example_branch_day_of_week_operator.py for tasks to queue
[2025-01-20T08:37:52.103+0000] {logging_mixin.py:190} INFO - [2025-01-20T08:37:52.102+0000] {dagbag.py:588} INFO - Filling up the DagBag from /home/airflow/.local/lib/python3.12/site-packages/airflow/example_dags/example_branch_day_of_week_operator.py
[2025-01-20T08:37:52.111+0000] {processor.py:925} INFO - DAG(s) 'example_weekday_branch_operator' retrieved from /home/airflow/.local/lib/python3.12/site-packages/airflow/example_dags/example_branch_day_of_week_operator.py
[2025-01-20T08:37:52.131+0000] {logging_mixin.py:190} INFO - [2025-01-20T08:37:52.130+0000] {dag.py:3239} INFO - Sync 1 DAGs
[2025-01-20T08:37:52.149+0000] {logging_mixin.py:190} INFO - [2025-01-20T08:37:52.149+0000] {dag.py:4180} INFO - Setting next_dagrun for example_weekday_branch_operator to 2025-01-19 00:00:00+00:00, run_after=2025-01-20 00:00:00+00:00
[2025-01-20T08:37:52.163+0000] {processor.py:208} INFO - Processing /home/airflow/.local/lib/python3.12/site-packages/airflow/example_dags/example_branch_day_of_week_operator.py took 0.070 seconds
[2025-01-20T08:38:22.869+0000] {processor.py:186} INFO - Started process (PID=60427) to work on /home/airflow/.local/lib/python3.12/site-packages/airflow/example_dags/example_branch_day_of_week_operator.py
[2025-01-20T08:38:22.870+0000] {processor.py:914} INFO - Processing file /home/airflow/.local/lib/python3.12/site-packages/airflow/example_dags/example_branch_day_of_week_operator.py for tasks to queue
[2025-01-20T08:38:22.872+0000] {logging_mixin.py:190} INFO - [2025-01-20T08:38:22.872+0000] {dagbag.py:588} INFO - Filling up the DagBag from /home/airflow/.local/lib/python3.12/site-packages/airflow/example_dags/example_branch_day_of_week_operator.py
[2025-01-20T08:38:22.879+0000] {processor.py:925} INFO - DAG(s) 'example_weekday_branch_operator' retrieved from /home/airflow/.local/lib/python3.12/site-packages/airflow/example_dags/example_branch_day_of_week_operator.py
[2025-01-20T08:38:22.898+0000] {logging_mixin.py:190} INFO - [2025-01-20T08:38:22.898+0000] {dag.py:3239} INFO - Sync 1 DAGs
[2025-01-20T08:38:22.919+0000] {logging_mixin.py:190} INFO - [2025-01-20T08:38:22.918+0000] {dag.py:4180} INFO - Setting next_dagrun for example_weekday_branch_operator to 2025-01-19 00:00:00+00:00, run_after=2025-01-20 00:00:00+00:00
[2025-01-20T08:38:22.934+0000] {processor.py:208} INFO - Processing /home/airflow/.local/lib/python3.12/site-packages/airflow/example_dags/example_branch_day_of_week_operator.py took 0.071 seconds
[2025-01-20T08:38:53.629+0000] {processor.py:186} INFO - Started process (PID=60728) to work on /home/airflow/.local/lib/python3.12/site-packages/airflow/example_dags/example_branch_day_of_week_operator.py
[2025-01-20T08:38:53.630+0000] {processor.py:914} INFO - Processing file /home/airflow/.local/lib/python3.12/site-packages/airflow/example_dags/example_branch_day_of_week_operator.py for tasks to queue
[2025-01-20T08:38:53.632+0000] {logging_mixin.py:190} INFO - [2025-01-20T08:38:53.632+0000] {dagbag.py:588} INFO - Filling up the DagBag from /home/airflow/.local/lib/python3.12/site-packages/airflow/example_dags/example_branch_day_of_week_operator.py
[2025-01-20T08:38:53.639+0000] {processor.py:925} INFO - DAG(s) 'example_weekday_branch_operator' retrieved from /home/airflow/.local/lib/python3.12/site-packages/airflow/example_dags/example_branch_day_of_week_operator.py
[2025-01-20T08:38:53.657+0000] {logging_mixin.py:190} INFO - [2025-01-20T08:38:53.657+0000] {dag.py:3239} INFO - Sync 1 DAGs
[2025-01-20T08:38:53.679+0000] {logging_mixin.py:190} INFO - [2025-01-20T08:38:53.679+0000] {dag.py:4180} INFO - Setting next_dagrun for example_weekday_branch_operator to 2025-01-19 00:00:00+00:00, run_after=2025-01-20 00:00:00+00:00
[2025-01-20T08:38:53.700+0000] {processor.py:208} INFO - Processing /home/airflow/.local/lib/python3.12/site-packages/airflow/example_dags/example_branch_day_of_week_operator.py took 0.078 seconds
[2025-01-20T08:39:24.107+0000] {processor.py:186} INFO - Started process (PID=61034) to work on /home/airflow/.local/lib/python3.12/site-packages/airflow/example_dags/example_branch_day_of_week_operator.py
[2025-01-20T08:39:24.108+0000] {processor.py:914} INFO - Processing file /home/airflow/.local/lib/python3.12/site-packages/airflow/example_dags/example_branch_day_of_week_operator.py for tasks to queue
[2025-01-20T08:39:24.110+0000] {logging_mixin.py:190} INFO - [2025-01-20T08:39:24.109+0000] {dagbag.py:588} INFO - Filling up the DagBag from /home/airflow/.local/lib/python3.12/site-packages/airflow/example_dags/example_branch_day_of_week_operator.py
[2025-01-20T08:39:24.117+0000] {processor.py:925} INFO - DAG(s) 'example_weekday_branch_operator' retrieved from /home/airflow/.local/lib/python3.12/site-packages/airflow/example_dags/example_branch_day_of_week_operator.py
[2025-01-20T08:39:24.133+0000] {logging_mixin.py:190} INFO - [2025-01-20T08:39:24.133+0000] {dag.py:3239} INFO - Sync 1 DAGs
[2025-01-20T08:39:24.149+0000] {logging_mixin.py:190} INFO - [2025-01-20T08:39:24.149+0000] {dag.py:4180} INFO - Setting next_dagrun for example_weekday_branch_operator to 2025-01-19 00:00:00+00:00, run_after=2025-01-20 00:00:00+00:00
[2025-01-20T08:39:24.165+0000] {processor.py:208} INFO - Processing /home/airflow/.local/lib/python3.12/site-packages/airflow/example_dags/example_branch_day_of_week_operator.py took 0.064 seconds
[2025-01-20T08:39:54.285+0000] {processor.py:186} INFO - Started process (PID=61335) to work on /home/airflow/.local/lib/python3.12/site-packages/airflow/example_dags/example_branch_day_of_week_operator.py
[2025-01-20T08:39:54.286+0000] {processor.py:914} INFO - Processing file /home/airflow/.local/lib/python3.12/site-packages/airflow/example_dags/example_branch_day_of_week_operator.py for tasks to queue
[2025-01-20T08:39:54.288+0000] {logging_mixin.py:190} INFO - [2025-01-20T08:39:54.288+0000] {dagbag.py:588} INFO - Filling up the DagBag from /home/airflow/.local/lib/python3.12/site-packages/airflow/example_dags/example_branch_day_of_week_operator.py
[2025-01-20T08:39:54.299+0000] {processor.py:925} INFO - DAG(s) 'example_weekday_branch_operator' retrieved from /home/airflow/.local/lib/python3.12/site-packages/airflow/example_dags/example_branch_day_of_week_operator.py
[2025-01-20T08:39:54.320+0000] {logging_mixin.py:190} INFO - [2025-01-20T08:39:54.320+0000] {dag.py:3239} INFO - Sync 1 DAGs
[2025-01-20T08:39:54.337+0000] {logging_mixin.py:190} INFO - [2025-01-20T08:39:54.337+0000] {dag.py:4180} INFO - Setting next_dagrun for example_weekday_branch_operator to 2025-01-19 00:00:00+00:00, run_after=2025-01-20 00:00:00+00:00
[2025-01-20T08:39:54.349+0000] {processor.py:208} INFO - Processing /home/airflow/.local/lib/python3.12/site-packages/airflow/example_dags/example_branch_day_of_week_operator.py took 0.071 seconds
[2025-01-20T08:40:24.823+0000] {processor.py:186} INFO - Started process (PID=61641) to work on /home/airflow/.local/lib/python3.12/site-packages/airflow/example_dags/example_branch_day_of_week_operator.py
[2025-01-20T08:40:24.824+0000] {processor.py:914} INFO - Processing file /home/airflow/.local/lib/python3.12/site-packages/airflow/example_dags/example_branch_day_of_week_operator.py for tasks to queue
[2025-01-20T08:40:24.828+0000] {logging_mixin.py:190} INFO - [2025-01-20T08:40:24.827+0000] {dagbag.py:588} INFO - Filling up the DagBag from /home/airflow/.local/lib/python3.12/site-packages/airflow/example_dags/example_branch_day_of_week_operator.py
[2025-01-20T08:40:24.851+0000] {processor.py:925} INFO - DAG(s) 'example_weekday_branch_operator' retrieved from /home/airflow/.local/lib/python3.12/site-packages/airflow/example_dags/example_branch_day_of_week_operator.py
[2025-01-20T08:40:24.902+0000] {logging_mixin.py:190} INFO - [2025-01-20T08:40:24.901+0000] {dag.py:3239} INFO - Sync 1 DAGs
[2025-01-20T08:40:24.953+0000] {logging_mixin.py:190} INFO - [2025-01-20T08:40:24.953+0000] {dag.py:4180} INFO - Setting next_dagrun for example_weekday_branch_operator to 2025-01-19 00:00:00+00:00, run_after=2025-01-20 00:00:00+00:00
[2025-01-20T08:40:24.981+0000] {processor.py:208} INFO - Processing /home/airflow/.local/lib/python3.12/site-packages/airflow/example_dags/example_branch_day_of_week_operator.py took 0.166 seconds
[2025-01-20T08:40:55.666+0000] {processor.py:186} INFO - Started process (PID=61942) to work on /home/airflow/.local/lib/python3.12/site-packages/airflow/example_dags/example_branch_day_of_week_operator.py
[2025-01-20T08:40:55.667+0000] {processor.py:914} INFO - Processing file /home/airflow/.local/lib/python3.12/site-packages/airflow/example_dags/example_branch_day_of_week_operator.py for tasks to queue
[2025-01-20T08:40:55.672+0000] {logging_mixin.py:190} INFO - [2025-01-20T08:40:55.671+0000] {dagbag.py:588} INFO - Filling up the DagBag from /home/airflow/.local/lib/python3.12/site-packages/airflow/example_dags/example_branch_day_of_week_operator.py
[2025-01-20T08:40:55.689+0000] {processor.py:925} INFO - DAG(s) 'example_weekday_branch_operator' retrieved from /home/airflow/.local/lib/python3.12/site-packages/airflow/example_dags/example_branch_day_of_week_operator.py
[2025-01-20T08:40:55.718+0000] {logging_mixin.py:190} INFO - [2025-01-20T08:40:55.717+0000] {dag.py:3239} INFO - Sync 1 DAGs
[2025-01-20T08:40:55.746+0000] {logging_mixin.py:190} INFO - [2025-01-20T08:40:55.746+0000] {dag.py:4180} INFO - Setting next_dagrun for example_weekday_branch_operator to 2025-01-19 00:00:00+00:00, run_after=2025-01-20 00:00:00+00:00
[2025-01-20T08:40:55.780+0000] {processor.py:208} INFO - Processing /home/airflow/.local/lib/python3.12/site-packages/airflow/example_dags/example_branch_day_of_week_operator.py took 0.121 seconds
[2025-01-20T08:41:26.054+0000] {processor.py:186} INFO - Started process (PID=62250) to work on /home/airflow/.local/lib/python3.12/site-packages/airflow/example_dags/example_branch_day_of_week_operator.py
[2025-01-20T08:41:26.056+0000] {processor.py:914} INFO - Processing file /home/airflow/.local/lib/python3.12/site-packages/airflow/example_dags/example_branch_day_of_week_operator.py for tasks to queue
[2025-01-20T08:41:26.059+0000] {logging_mixin.py:190} INFO - [2025-01-20T08:41:26.059+0000] {dagbag.py:588} INFO - Filling up the DagBag from /home/airflow/.local/lib/python3.12/site-packages/airflow/example_dags/example_branch_day_of_week_operator.py
[2025-01-20T08:41:26.070+0000] {processor.py:925} INFO - DAG(s) 'example_weekday_branch_operator' retrieved from /home/airflow/.local/lib/python3.12/site-packages/airflow/example_dags/example_branch_day_of_week_operator.py
[2025-01-20T08:41:26.097+0000] {logging_mixin.py:190} INFO - [2025-01-20T08:41:26.096+0000] {dag.py:3239} INFO - Sync 1 DAGs
[2025-01-20T08:41:26.118+0000] {logging_mixin.py:190} INFO - [2025-01-20T08:41:26.117+0000] {dag.py:4180} INFO - Setting next_dagrun for example_weekday_branch_operator to 2025-01-19 00:00:00+00:00, run_after=2025-01-20 00:00:00+00:00
[2025-01-20T08:41:26.136+0000] {processor.py:208} INFO - Processing /home/airflow/.local/lib/python3.12/site-packages/airflow/example_dags/example_branch_day_of_week_operator.py took 0.091 seconds
[2025-01-20T08:41:56.494+0000] {processor.py:186} INFO - Started process (PID=62551) to work on /home/airflow/.local/lib/python3.12/site-packages/airflow/example_dags/example_branch_day_of_week_operator.py
[2025-01-20T08:41:56.495+0000] {processor.py:914} INFO - Processing file /home/airflow/.local/lib/python3.12/site-packages/airflow/example_dags/example_branch_day_of_week_operator.py for tasks to queue
[2025-01-20T08:41:56.497+0000] {logging_mixin.py:190} INFO - [2025-01-20T08:41:56.497+0000] {dagbag.py:588} INFO - Filling up the DagBag from /home/airflow/.local/lib/python3.12/site-packages/airflow/example_dags/example_branch_day_of_week_operator.py
[2025-01-20T08:41:56.507+0000] {processor.py:925} INFO - DAG(s) 'example_weekday_branch_operator' retrieved from /home/airflow/.local/lib/python3.12/site-packages/airflow/example_dags/example_branch_day_of_week_operator.py
[2025-01-20T08:41:56.530+0000] {logging_mixin.py:190} INFO - [2025-01-20T08:41:56.530+0000] {dag.py:3239} INFO - Sync 1 DAGs
[2025-01-20T08:41:56.559+0000] {logging_mixin.py:190} INFO - [2025-01-20T08:41:56.559+0000] {dag.py:4180} INFO - Setting next_dagrun for example_weekday_branch_operator to 2025-01-19 00:00:00+00:00, run_after=2025-01-20 00:00:00+00:00
[2025-01-20T08:41:56.585+0000] {processor.py:208} INFO - Processing /home/airflow/.local/lib/python3.12/site-packages/airflow/example_dags/example_branch_day_of_week_operator.py took 0.101 seconds
[2025-01-20T08:42:26.830+0000] {processor.py:186} INFO - Started process (PID=62857) to work on /home/airflow/.local/lib/python3.12/site-packages/airflow/example_dags/example_branch_day_of_week_operator.py
[2025-01-20T08:42:26.831+0000] {processor.py:914} INFO - Processing file /home/airflow/.local/lib/python3.12/site-packages/airflow/example_dags/example_branch_day_of_week_operator.py for tasks to queue
[2025-01-20T08:42:26.833+0000] {logging_mixin.py:190} INFO - [2025-01-20T08:42:26.833+0000] {dagbag.py:588} INFO - Filling up the DagBag from /home/airflow/.local/lib/python3.12/site-packages/airflow/example_dags/example_branch_day_of_week_operator.py
[2025-01-20T08:42:26.842+0000] {processor.py:925} INFO - DAG(s) 'example_weekday_branch_operator' retrieved from /home/airflow/.local/lib/python3.12/site-packages/airflow/example_dags/example_branch_day_of_week_operator.py
[2025-01-20T08:42:26.860+0000] {logging_mixin.py:190} INFO - [2025-01-20T08:42:26.860+0000] {dag.py:3239} INFO - Sync 1 DAGs
[2025-01-20T08:42:26.882+0000] {logging_mixin.py:190} INFO - [2025-01-20T08:42:26.882+0000] {dag.py:4180} INFO - Setting next_dagrun for example_weekday_branch_operator to 2025-01-19 00:00:00+00:00, run_after=2025-01-20 00:00:00+00:00
[2025-01-20T08:42:26.902+0000] {processor.py:208} INFO - Processing /home/airflow/.local/lib/python3.12/site-packages/airflow/example_dags/example_branch_day_of_week_operator.py took 0.077 seconds
[2025-01-20T08:42:57.516+0000] {processor.py:186} INFO - Started process (PID=63156) to work on /home/airflow/.local/lib/python3.12/site-packages/airflow/example_dags/example_branch_day_of_week_operator.py
[2025-01-20T08:42:57.517+0000] {processor.py:914} INFO - Processing file /home/airflow/.local/lib/python3.12/site-packages/airflow/example_dags/example_branch_day_of_week_operator.py for tasks to queue
[2025-01-20T08:42:57.519+0000] {logging_mixin.py:190} INFO - [2025-01-20T08:42:57.519+0000] {dagbag.py:588} INFO - Filling up the DagBag from /home/airflow/.local/lib/python3.12/site-packages/airflow/example_dags/example_branch_day_of_week_operator.py
[2025-01-20T08:42:57.526+0000] {processor.py:925} INFO - DAG(s) 'example_weekday_branch_operator' retrieved from /home/airflow/.local/lib/python3.12/site-packages/airflow/example_dags/example_branch_day_of_week_operator.py
[2025-01-20T08:42:57.546+0000] {logging_mixin.py:190} INFO - [2025-01-20T08:42:57.546+0000] {dag.py:3239} INFO - Sync 1 DAGs
[2025-01-20T08:42:57.562+0000] {logging_mixin.py:190} INFO - [2025-01-20T08:42:57.562+0000] {dag.py:4180} INFO - Setting next_dagrun for example_weekday_branch_operator to 2025-01-19 00:00:00+00:00, run_after=2025-01-20 00:00:00+00:00
[2025-01-20T08:42:57.578+0000] {processor.py:208} INFO - Processing /home/airflow/.local/lib/python3.12/site-packages/airflow/example_dags/example_branch_day_of_week_operator.py took 0.066 seconds
[2025-01-20T08:43:27.779+0000] {processor.py:186} INFO - Started process (PID=63462) to work on /home/airflow/.local/lib/python3.12/site-packages/airflow/example_dags/example_branch_day_of_week_operator.py
[2025-01-20T08:43:27.781+0000] {processor.py:914} INFO - Processing file /home/airflow/.local/lib/python3.12/site-packages/airflow/example_dags/example_branch_day_of_week_operator.py for tasks to queue
[2025-01-20T08:43:27.783+0000] {logging_mixin.py:190} INFO - [2025-01-20T08:43:27.783+0000] {dagbag.py:588} INFO - Filling up the DagBag from /home/airflow/.local/lib/python3.12/site-packages/airflow/example_dags/example_branch_day_of_week_operator.py
[2025-01-20T08:43:27.790+0000] {processor.py:925} INFO - DAG(s) 'example_weekday_branch_operator' retrieved from /home/airflow/.local/lib/python3.12/site-packages/airflow/example_dags/example_branch_day_of_week_operator.py
[2025-01-20T08:43:27.808+0000] {logging_mixin.py:190} INFO - [2025-01-20T08:43:27.808+0000] {dag.py:3239} INFO - Sync 1 DAGs
[2025-01-20T08:43:27.826+0000] {logging_mixin.py:190} INFO - [2025-01-20T08:43:27.826+0000] {dag.py:4180} INFO - Setting next_dagrun for example_weekday_branch_operator to 2025-01-19 00:00:00+00:00, run_after=2025-01-20 00:00:00+00:00
[2025-01-20T08:43:27.840+0000] {processor.py:208} INFO - Processing /home/airflow/.local/lib/python3.12/site-packages/airflow/example_dags/example_branch_day_of_week_operator.py took 0.071 seconds
[2025-01-20T08:43:57.892+0000] {processor.py:186} INFO - Started process (PID=63758) to work on /home/airflow/.local/lib/python3.12/site-packages/airflow/example_dags/example_branch_day_of_week_operator.py
[2025-01-20T08:43:57.893+0000] {processor.py:914} INFO - Processing file /home/airflow/.local/lib/python3.12/site-packages/airflow/example_dags/example_branch_day_of_week_operator.py for tasks to queue
[2025-01-20T08:43:57.897+0000] {logging_mixin.py:190} INFO - [2025-01-20T08:43:57.896+0000] {dagbag.py:588} INFO - Filling up the DagBag from /home/airflow/.local/lib/python3.12/site-packages/airflow/example_dags/example_branch_day_of_week_operator.py
[2025-01-20T08:43:57.904+0000] {processor.py:925} INFO - DAG(s) 'example_weekday_branch_operator' retrieved from /home/airflow/.local/lib/python3.12/site-packages/airflow/example_dags/example_branch_day_of_week_operator.py
[2025-01-20T08:43:57.924+0000] {logging_mixin.py:190} INFO - [2025-01-20T08:43:57.924+0000] {dag.py:3239} INFO - Sync 1 DAGs
[2025-01-20T08:43:57.957+0000] {logging_mixin.py:190} INFO - [2025-01-20T08:43:57.957+0000] {dag.py:4180} INFO - Setting next_dagrun for example_weekday_branch_operator to 2025-01-19 00:00:00+00:00, run_after=2025-01-20 00:00:00+00:00
[2025-01-20T08:43:57.990+0000] {processor.py:208} INFO - Processing /home/airflow/.local/lib/python3.12/site-packages/airflow/example_dags/example_branch_day_of_week_operator.py took 0.102 seconds
[2025-01-20T08:44:28.222+0000] {processor.py:186} INFO - Started process (PID=64069) to work on /home/airflow/.local/lib/python3.12/site-packages/airflow/example_dags/example_branch_day_of_week_operator.py
[2025-01-20T08:44:28.222+0000] {processor.py:914} INFO - Processing file /home/airflow/.local/lib/python3.12/site-packages/airflow/example_dags/example_branch_day_of_week_operator.py for tasks to queue
[2025-01-20T08:44:28.224+0000] {logging_mixin.py:190} INFO - [2025-01-20T08:44:28.224+0000] {dagbag.py:588} INFO - Filling up the DagBag from /home/airflow/.local/lib/python3.12/site-packages/airflow/example_dags/example_branch_day_of_week_operator.py
[2025-01-20T08:44:28.231+0000] {processor.py:925} INFO - DAG(s) 'example_weekday_branch_operator' retrieved from /home/airflow/.local/lib/python3.12/site-packages/airflow/example_dags/example_branch_day_of_week_operator.py
[2025-01-20T08:44:28.246+0000] {logging_mixin.py:190} INFO - [2025-01-20T08:44:28.246+0000] {dag.py:3239} INFO - Sync 1 DAGs
[2025-01-20T08:44:28.263+0000] {logging_mixin.py:190} INFO - [2025-01-20T08:44:28.263+0000] {dag.py:4180} INFO - Setting next_dagrun for example_weekday_branch_operator to 2025-01-19 00:00:00+00:00, run_after=2025-01-20 00:00:00+00:00
[2025-01-20T08:44:28.278+0000] {processor.py:208} INFO - Processing /home/airflow/.local/lib/python3.12/site-packages/airflow/example_dags/example_branch_day_of_week_operator.py took 0.060 seconds
[2025-01-20T08:44:58.514+0000] {processor.py:186} INFO - Started process (PID=64370) to work on /home/airflow/.local/lib/python3.12/site-packages/airflow/example_dags/example_branch_day_of_week_operator.py
[2025-01-20T08:44:58.515+0000] {processor.py:914} INFO - Processing file /home/airflow/.local/lib/python3.12/site-packages/airflow/example_dags/example_branch_day_of_week_operator.py for tasks to queue
[2025-01-20T08:44:58.516+0000] {logging_mixin.py:190} INFO - [2025-01-20T08:44:58.516+0000] {dagbag.py:588} INFO - Filling up the DagBag from /home/airflow/.local/lib/python3.12/site-packages/airflow/example_dags/example_branch_day_of_week_operator.py
[2025-01-20T08:44:58.528+0000] {processor.py:925} INFO - DAG(s) 'example_weekday_branch_operator' retrieved from /home/airflow/.local/lib/python3.12/site-packages/airflow/example_dags/example_branch_day_of_week_operator.py
[2025-01-20T08:44:58.546+0000] {logging_mixin.py:190} INFO - [2025-01-20T08:44:58.546+0000] {dag.py:3239} INFO - Sync 1 DAGs
[2025-01-20T08:44:58.563+0000] {logging_mixin.py:190} INFO - [2025-01-20T08:44:58.563+0000] {dag.py:4180} INFO - Setting next_dagrun for example_weekday_branch_operator to 2025-01-19 00:00:00+00:00, run_after=2025-01-20 00:00:00+00:00
[2025-01-20T08:44:58.588+0000] {processor.py:208} INFO - Processing /home/airflow/.local/lib/python3.12/site-packages/airflow/example_dags/example_branch_day_of_week_operator.py took 0.079 seconds
[2025-01-20T08:45:28.998+0000] {processor.py:186} INFO - Started process (PID=64676) to work on /home/airflow/.local/lib/python3.12/site-packages/airflow/example_dags/example_branch_day_of_week_operator.py
[2025-01-20T08:45:28.999+0000] {processor.py:914} INFO - Processing file /home/airflow/.local/lib/python3.12/site-packages/airflow/example_dags/example_branch_day_of_week_operator.py for tasks to queue
[2025-01-20T08:45:29.001+0000] {logging_mixin.py:190} INFO - [2025-01-20T08:45:29.001+0000] {dagbag.py:588} INFO - Filling up the DagBag from /home/airflow/.local/lib/python3.12/site-packages/airflow/example_dags/example_branch_day_of_week_operator.py
[2025-01-20T08:45:29.013+0000] {processor.py:925} INFO - DAG(s) 'example_weekday_branch_operator' retrieved from /home/airflow/.local/lib/python3.12/site-packages/airflow/example_dags/example_branch_day_of_week_operator.py
[2025-01-20T08:45:29.032+0000] {logging_mixin.py:190} INFO - [2025-01-20T08:45:29.032+0000] {dag.py:3239} INFO - Sync 1 DAGs
[2025-01-20T08:45:29.054+0000] {logging_mixin.py:190} INFO - [2025-01-20T08:45:29.054+0000] {dag.py:4180} INFO - Setting next_dagrun for example_weekday_branch_operator to 2025-01-19 00:00:00+00:00, run_after=2025-01-20 00:00:00+00:00
[2025-01-20T08:45:29.074+0000] {processor.py:208} INFO - Processing /home/airflow/.local/lib/python3.12/site-packages/airflow/example_dags/example_branch_day_of_week_operator.py took 0.079 seconds
[2025-01-20T08:45:59.666+0000] {processor.py:186} INFO - Started process (PID=64977) to work on /home/airflow/.local/lib/python3.12/site-packages/airflow/example_dags/example_branch_day_of_week_operator.py
[2025-01-20T08:45:59.667+0000] {processor.py:914} INFO - Processing file /home/airflow/.local/lib/python3.12/site-packages/airflow/example_dags/example_branch_day_of_week_operator.py for tasks to queue
[2025-01-20T08:45:59.672+0000] {logging_mixin.py:190} INFO - [2025-01-20T08:45:59.671+0000] {dagbag.py:588} INFO - Filling up the DagBag from /home/airflow/.local/lib/python3.12/site-packages/airflow/example_dags/example_branch_day_of_week_operator.py
[2025-01-20T08:45:59.679+0000] {processor.py:925} INFO - DAG(s) 'example_weekday_branch_operator' retrieved from /home/airflow/.local/lib/python3.12/site-packages/airflow/example_dags/example_branch_day_of_week_operator.py
[2025-01-20T08:45:59.699+0000] {logging_mixin.py:190} INFO - [2025-01-20T08:45:59.699+0000] {dag.py:3239} INFO - Sync 1 DAGs
[2025-01-20T08:45:59.720+0000] {logging_mixin.py:190} INFO - [2025-01-20T08:45:59.720+0000] {dag.py:4180} INFO - Setting next_dagrun for example_weekday_branch_operator to 2025-01-19 00:00:00+00:00, run_after=2025-01-20 00:00:00+00:00
[2025-01-20T08:45:59.737+0000] {processor.py:208} INFO - Processing /home/airflow/.local/lib/python3.12/site-packages/airflow/example_dags/example_branch_day_of_week_operator.py took 0.075 seconds
[2025-01-20T08:46:30.166+0000] {processor.py:186} INFO - Started process (PID=65283) to work on /home/airflow/.local/lib/python3.12/site-packages/airflow/example_dags/example_branch_day_of_week_operator.py
[2025-01-20T08:46:30.166+0000] {processor.py:914} INFO - Processing file /home/airflow/.local/lib/python3.12/site-packages/airflow/example_dags/example_branch_day_of_week_operator.py for tasks to queue
[2025-01-20T08:46:30.169+0000] {logging_mixin.py:190} INFO - [2025-01-20T08:46:30.169+0000] {dagbag.py:588} INFO - Filling up the DagBag from /home/airflow/.local/lib/python3.12/site-packages/airflow/example_dags/example_branch_day_of_week_operator.py
[2025-01-20T08:46:30.180+0000] {processor.py:925} INFO - DAG(s) 'example_weekday_branch_operator' retrieved from /home/airflow/.local/lib/python3.12/site-packages/airflow/example_dags/example_branch_day_of_week_operator.py
[2025-01-20T08:46:30.205+0000] {logging_mixin.py:190} INFO - [2025-01-20T08:46:30.204+0000] {dag.py:3239} INFO - Sync 1 DAGs
[2025-01-20T08:46:30.235+0000] {logging_mixin.py:190} INFO - [2025-01-20T08:46:30.234+0000] {dag.py:4180} INFO - Setting next_dagrun for example_weekday_branch_operator to 2025-01-19 00:00:00+00:00, run_after=2025-01-20 00:00:00+00:00
[2025-01-20T08:46:30.251+0000] {processor.py:208} INFO - Processing /home/airflow/.local/lib/python3.12/site-packages/airflow/example_dags/example_branch_day_of_week_operator.py took 0.090 seconds
[2025-01-20T08:47:00.863+0000] {processor.py:186} INFO - Started process (PID=65585) to work on /home/airflow/.local/lib/python3.12/site-packages/airflow/example_dags/example_branch_day_of_week_operator.py
[2025-01-20T08:47:00.864+0000] {processor.py:914} INFO - Processing file /home/airflow/.local/lib/python3.12/site-packages/airflow/example_dags/example_branch_day_of_week_operator.py for tasks to queue
[2025-01-20T08:47:00.867+0000] {logging_mixin.py:190} INFO - [2025-01-20T08:47:00.866+0000] {dagbag.py:588} INFO - Filling up the DagBag from /home/airflow/.local/lib/python3.12/site-packages/airflow/example_dags/example_branch_day_of_week_operator.py
[2025-01-20T08:47:00.875+0000] {processor.py:925} INFO - DAG(s) 'example_weekday_branch_operator' retrieved from /home/airflow/.local/lib/python3.12/site-packages/airflow/example_dags/example_branch_day_of_week_operator.py
[2025-01-20T08:47:00.891+0000] {logging_mixin.py:190} INFO - [2025-01-20T08:47:00.891+0000] {dag.py:3239} INFO - Sync 1 DAGs
[2025-01-20T08:47:00.909+0000] {logging_mixin.py:190} INFO - [2025-01-20T08:47:00.908+0000] {dag.py:4180} INFO - Setting next_dagrun for example_weekday_branch_operator to 2025-01-19 00:00:00+00:00, run_after=2025-01-20 00:00:00+00:00
[2025-01-20T08:47:00.924+0000] {processor.py:208} INFO - Processing /home/airflow/.local/lib/python3.12/site-packages/airflow/example_dags/example_branch_day_of_week_operator.py took 0.066 seconds
[2025-01-20T08:47:31.124+0000] {processor.py:186} INFO - Started process (PID=65890) to work on /home/airflow/.local/lib/python3.12/site-packages/airflow/example_dags/example_branch_day_of_week_operator.py
[2025-01-20T08:47:31.126+0000] {processor.py:914} INFO - Processing file /home/airflow/.local/lib/python3.12/site-packages/airflow/example_dags/example_branch_day_of_week_operator.py for tasks to queue
[2025-01-20T08:47:31.129+0000] {logging_mixin.py:190} INFO - [2025-01-20T08:47:31.129+0000] {dagbag.py:588} INFO - Filling up the DagBag from /home/airflow/.local/lib/python3.12/site-packages/airflow/example_dags/example_branch_day_of_week_operator.py
[2025-01-20T08:47:31.141+0000] {processor.py:925} INFO - DAG(s) 'example_weekday_branch_operator' retrieved from /home/airflow/.local/lib/python3.12/site-packages/airflow/example_dags/example_branch_day_of_week_operator.py
[2025-01-20T08:47:31.158+0000] {logging_mixin.py:190} INFO - [2025-01-20T08:47:31.157+0000] {dag.py:3239} INFO - Sync 1 DAGs
[2025-01-20T08:47:31.180+0000] {logging_mixin.py:190} INFO - [2025-01-20T08:47:31.180+0000] {dag.py:4180} INFO - Setting next_dagrun for example_weekday_branch_operator to 2025-01-19 00:00:00+00:00, run_after=2025-01-20 00:00:00+00:00
[2025-01-20T08:47:31.194+0000] {processor.py:208} INFO - Processing /home/airflow/.local/lib/python3.12/site-packages/airflow/example_dags/example_branch_day_of_week_operator.py took 0.078 seconds
[2025-01-20T08:48:01.483+0000] {processor.py:186} INFO - Started process (PID=66192) to work on /home/airflow/.local/lib/python3.12/site-packages/airflow/example_dags/example_branch_day_of_week_operator.py
[2025-01-20T08:48:01.484+0000] {processor.py:914} INFO - Processing file /home/airflow/.local/lib/python3.12/site-packages/airflow/example_dags/example_branch_day_of_week_operator.py for tasks to queue
[2025-01-20T08:48:01.487+0000] {logging_mixin.py:190} INFO - [2025-01-20T08:48:01.486+0000] {dagbag.py:588} INFO - Filling up the DagBag from /home/airflow/.local/lib/python3.12/site-packages/airflow/example_dags/example_branch_day_of_week_operator.py
[2025-01-20T08:48:01.498+0000] {processor.py:925} INFO - DAG(s) 'example_weekday_branch_operator' retrieved from /home/airflow/.local/lib/python3.12/site-packages/airflow/example_dags/example_branch_day_of_week_operator.py
[2025-01-20T08:48:01.518+0000] {logging_mixin.py:190} INFO - [2025-01-20T08:48:01.518+0000] {dag.py:3239} INFO - Sync 1 DAGs
[2025-01-20T08:48:01.537+0000] {logging_mixin.py:190} INFO - [2025-01-20T08:48:01.537+0000] {dag.py:4180} INFO - Setting next_dagrun for example_weekday_branch_operator to 2025-01-19 00:00:00+00:00, run_after=2025-01-20 00:00:00+00:00
[2025-01-20T08:48:01.555+0000] {processor.py:208} INFO - Processing /home/airflow/.local/lib/python3.12/site-packages/airflow/example_dags/example_branch_day_of_week_operator.py took 0.078 seconds
[2025-01-20T08:48:31.852+0000] {processor.py:186} INFO - Started process (PID=66499) to work on /home/airflow/.local/lib/python3.12/site-packages/airflow/example_dags/example_branch_day_of_week_operator.py
[2025-01-20T08:48:31.853+0000] {processor.py:914} INFO - Processing file /home/airflow/.local/lib/python3.12/site-packages/airflow/example_dags/example_branch_day_of_week_operator.py for tasks to queue
[2025-01-20T08:48:31.854+0000] {logging_mixin.py:190} INFO - [2025-01-20T08:48:31.854+0000] {dagbag.py:588} INFO - Filling up the DagBag from /home/airflow/.local/lib/python3.12/site-packages/airflow/example_dags/example_branch_day_of_week_operator.py
[2025-01-20T08:48:31.861+0000] {processor.py:925} INFO - DAG(s) 'example_weekday_branch_operator' retrieved from /home/airflow/.local/lib/python3.12/site-packages/airflow/example_dags/example_branch_day_of_week_operator.py
[2025-01-20T08:48:31.874+0000] {logging_mixin.py:190} INFO - [2025-01-20T08:48:31.873+0000] {dag.py:3239} INFO - Sync 1 DAGs
[2025-01-20T08:48:31.889+0000] {logging_mixin.py:190} INFO - [2025-01-20T08:48:31.889+0000] {dag.py:4180} INFO - Setting next_dagrun for example_weekday_branch_operator to 2025-01-19 00:00:00+00:00, run_after=2025-01-20 00:00:00+00:00
[2025-01-20T08:48:31.902+0000] {processor.py:208} INFO - Processing /home/airflow/.local/lib/python3.12/site-packages/airflow/example_dags/example_branch_day_of_week_operator.py took 0.054 seconds
[2025-01-20T08:49:02.101+0000] {processor.py:186} INFO - Started process (PID=66805) to work on /home/airflow/.local/lib/python3.12/site-packages/airflow/example_dags/example_branch_day_of_week_operator.py
[2025-01-20T08:49:02.102+0000] {processor.py:914} INFO - Processing file /home/airflow/.local/lib/python3.12/site-packages/airflow/example_dags/example_branch_day_of_week_operator.py for tasks to queue
[2025-01-20T08:49:02.104+0000] {logging_mixin.py:190} INFO - [2025-01-20T08:49:02.104+0000] {dagbag.py:588} INFO - Filling up the DagBag from /home/airflow/.local/lib/python3.12/site-packages/airflow/example_dags/example_branch_day_of_week_operator.py
[2025-01-20T08:49:02.112+0000] {processor.py:925} INFO - DAG(s) 'example_weekday_branch_operator' retrieved from /home/airflow/.local/lib/python3.12/site-packages/airflow/example_dags/example_branch_day_of_week_operator.py
[2025-01-20T08:49:02.125+0000] {logging_mixin.py:190} INFO - [2025-01-20T08:49:02.125+0000] {dag.py:3239} INFO - Sync 1 DAGs
[2025-01-20T08:49:02.141+0000] {logging_mixin.py:190} INFO - [2025-01-20T08:49:02.141+0000] {dag.py:4180} INFO - Setting next_dagrun for example_weekday_branch_operator to 2025-01-19 00:00:00+00:00, run_after=2025-01-20 00:00:00+00:00
[2025-01-20T08:49:02.161+0000] {processor.py:208} INFO - Processing /home/airflow/.local/lib/python3.12/site-packages/airflow/example_dags/example_branch_day_of_week_operator.py took 0.068 seconds
[2025-01-20T08:49:33.343+0000] {processor.py:186} INFO - Started process (PID=67104) to work on /home/airflow/.local/lib/python3.12/site-packages/airflow/example_dags/example_branch_day_of_week_operator.py
[2025-01-20T08:49:33.344+0000] {processor.py:914} INFO - Processing file /home/airflow/.local/lib/python3.12/site-packages/airflow/example_dags/example_branch_day_of_week_operator.py for tasks to queue
[2025-01-20T08:49:33.347+0000] {logging_mixin.py:190} INFO - [2025-01-20T08:49:33.347+0000] {dagbag.py:588} INFO - Filling up the DagBag from /home/airflow/.local/lib/python3.12/site-packages/airflow/example_dags/example_branch_day_of_week_operator.py
[2025-01-20T08:49:33.356+0000] {processor.py:925} INFO - DAG(s) 'example_weekday_branch_operator' retrieved from /home/airflow/.local/lib/python3.12/site-packages/airflow/example_dags/example_branch_day_of_week_operator.py
[2025-01-20T08:49:33.378+0000] {logging_mixin.py:190} INFO - [2025-01-20T08:49:33.378+0000] {dag.py:3239} INFO - Sync 1 DAGs
[2025-01-20T08:49:33.399+0000] {logging_mixin.py:190} INFO - [2025-01-20T08:49:33.399+0000] {dag.py:4180} INFO - Setting next_dagrun for example_weekday_branch_operator to 2025-01-19 00:00:00+00:00, run_after=2025-01-20 00:00:00+00:00
[2025-01-20T08:49:33.418+0000] {processor.py:208} INFO - Processing /home/airflow/.local/lib/python3.12/site-packages/airflow/example_dags/example_branch_day_of_week_operator.py took 0.085 seconds
[2025-01-20T08:50:03.499+0000] {processor.py:186} INFO - Started process (PID=67410) to work on /home/airflow/.local/lib/python3.12/site-packages/airflow/example_dags/example_branch_day_of_week_operator.py
[2025-01-20T08:50:03.499+0000] {processor.py:914} INFO - Processing file /home/airflow/.local/lib/python3.12/site-packages/airflow/example_dags/example_branch_day_of_week_operator.py for tasks to queue
[2025-01-20T08:50:03.501+0000] {logging_mixin.py:190} INFO - [2025-01-20T08:50:03.501+0000] {dagbag.py:588} INFO - Filling up the DagBag from /home/airflow/.local/lib/python3.12/site-packages/airflow/example_dags/example_branch_day_of_week_operator.py
[2025-01-20T08:50:03.508+0000] {processor.py:925} INFO - DAG(s) 'example_weekday_branch_operator' retrieved from /home/airflow/.local/lib/python3.12/site-packages/airflow/example_dags/example_branch_day_of_week_operator.py
[2025-01-20T08:50:03.530+0000] {logging_mixin.py:190} INFO - [2025-01-20T08:50:03.530+0000] {dag.py:3239} INFO - Sync 1 DAGs
[2025-01-20T08:50:03.551+0000] {logging_mixin.py:190} INFO - [2025-01-20T08:50:03.551+0000] {dag.py:4180} INFO - Setting next_dagrun for example_weekday_branch_operator to 2025-01-19 00:00:00+00:00, run_after=2025-01-20 00:00:00+00:00
[2025-01-20T08:50:03.565+0000] {processor.py:208} INFO - Processing /home/airflow/.local/lib/python3.12/site-packages/airflow/example_dags/example_branch_day_of_week_operator.py took 0.071 seconds
[2025-01-20T08:50:34.015+0000] {processor.py:186} INFO - Started process (PID=67711) to work on /home/airflow/.local/lib/python3.12/site-packages/airflow/example_dags/example_branch_day_of_week_operator.py
[2025-01-20T08:50:34.016+0000] {processor.py:914} INFO - Processing file /home/airflow/.local/lib/python3.12/site-packages/airflow/example_dags/example_branch_day_of_week_operator.py for tasks to queue
[2025-01-20T08:50:34.018+0000] {logging_mixin.py:190} INFO - [2025-01-20T08:50:34.018+0000] {dagbag.py:588} INFO - Filling up the DagBag from /home/airflow/.local/lib/python3.12/site-packages/airflow/example_dags/example_branch_day_of_week_operator.py
[2025-01-20T08:50:34.028+0000] {processor.py:925} INFO - DAG(s) 'example_weekday_branch_operator' retrieved from /home/airflow/.local/lib/python3.12/site-packages/airflow/example_dags/example_branch_day_of_week_operator.py
[2025-01-20T08:50:34.052+0000] {logging_mixin.py:190} INFO - [2025-01-20T08:50:34.052+0000] {dag.py:3239} INFO - Sync 1 DAGs
[2025-01-20T08:50:34.076+0000] {logging_mixin.py:190} INFO - [2025-01-20T08:50:34.075+0000] {dag.py:4180} INFO - Setting next_dagrun for example_weekday_branch_operator to 2025-01-19 00:00:00+00:00, run_after=2025-01-20 00:00:00+00:00
[2025-01-20T08:50:34.100+0000] {processor.py:208} INFO - Processing /home/airflow/.local/lib/python3.12/site-packages/airflow/example_dags/example_branch_day_of_week_operator.py took 0.090 seconds
[2025-01-20T08:51:04.813+0000] {processor.py:186} INFO - Started process (PID=68017) to work on /home/airflow/.local/lib/python3.12/site-packages/airflow/example_dags/example_branch_day_of_week_operator.py
[2025-01-20T08:51:04.813+0000] {processor.py:914} INFO - Processing file /home/airflow/.local/lib/python3.12/site-packages/airflow/example_dags/example_branch_day_of_week_operator.py for tasks to queue
[2025-01-20T08:51:04.815+0000] {logging_mixin.py:190} INFO - [2025-01-20T08:51:04.815+0000] {dagbag.py:588} INFO - Filling up the DagBag from /home/airflow/.local/lib/python3.12/site-packages/airflow/example_dags/example_branch_day_of_week_operator.py
[2025-01-20T08:51:04.825+0000] {processor.py:925} INFO - DAG(s) 'example_weekday_branch_operator' retrieved from /home/airflow/.local/lib/python3.12/site-packages/airflow/example_dags/example_branch_day_of_week_operator.py
[2025-01-20T08:51:04.844+0000] {logging_mixin.py:190} INFO - [2025-01-20T08:51:04.843+0000] {dag.py:3239} INFO - Sync 1 DAGs
[2025-01-20T08:51:04.863+0000] {logging_mixin.py:190} INFO - [2025-01-20T08:51:04.862+0000] {dag.py:4180} INFO - Setting next_dagrun for example_weekday_branch_operator to 2025-01-19 00:00:00+00:00, run_after=2025-01-20 00:00:00+00:00
[2025-01-20T08:51:04.877+0000] {processor.py:208} INFO - Processing /home/airflow/.local/lib/python3.12/site-packages/airflow/example_dags/example_branch_day_of_week_operator.py took 0.068 seconds
[2025-01-20T08:51:34.951+0000] {processor.py:186} INFO - Started process (PID=68318) to work on /home/airflow/.local/lib/python3.12/site-packages/airflow/example_dags/example_branch_day_of_week_operator.py
[2025-01-20T08:51:34.952+0000] {processor.py:914} INFO - Processing file /home/airflow/.local/lib/python3.12/site-packages/airflow/example_dags/example_branch_day_of_week_operator.py for tasks to queue
[2025-01-20T08:51:34.955+0000] {logging_mixin.py:190} INFO - [2025-01-20T08:51:34.955+0000] {dagbag.py:588} INFO - Filling up the DagBag from /home/airflow/.local/lib/python3.12/site-packages/airflow/example_dags/example_branch_day_of_week_operator.py
[2025-01-20T08:51:34.968+0000] {processor.py:925} INFO - DAG(s) 'example_weekday_branch_operator' retrieved from /home/airflow/.local/lib/python3.12/site-packages/airflow/example_dags/example_branch_day_of_week_operator.py
[2025-01-20T08:51:34.995+0000] {logging_mixin.py:190} INFO - [2025-01-20T08:51:34.994+0000] {dag.py:3239} INFO - Sync 1 DAGs
[2025-01-20T08:51:35.016+0000] {logging_mixin.py:190} INFO - [2025-01-20T08:51:35.016+0000] {dag.py:4180} INFO - Setting next_dagrun for example_weekday_branch_operator to 2025-01-19 00:00:00+00:00, run_after=2025-01-20 00:00:00+00:00
[2025-01-20T08:51:35.036+0000] {processor.py:208} INFO - Processing /home/airflow/.local/lib/python3.12/site-packages/airflow/example_dags/example_branch_day_of_week_operator.py took 0.089 seconds
[2025-01-20T08:52:05.439+0000] {processor.py:186} INFO - Started process (PID=68624) to work on /home/airflow/.local/lib/python3.12/site-packages/airflow/example_dags/example_branch_day_of_week_operator.py
[2025-01-20T08:52:05.439+0000] {processor.py:914} INFO - Processing file /home/airflow/.local/lib/python3.12/site-packages/airflow/example_dags/example_branch_day_of_week_operator.py for tasks to queue
[2025-01-20T08:52:05.441+0000] {logging_mixin.py:190} INFO - [2025-01-20T08:52:05.441+0000] {dagbag.py:588} INFO - Filling up the DagBag from /home/airflow/.local/lib/python3.12/site-packages/airflow/example_dags/example_branch_day_of_week_operator.py
[2025-01-20T08:52:05.449+0000] {processor.py:925} INFO - DAG(s) 'example_weekday_branch_operator' retrieved from /home/airflow/.local/lib/python3.12/site-packages/airflow/example_dags/example_branch_day_of_week_operator.py
[2025-01-20T08:52:05.475+0000] {logging_mixin.py:190} INFO - [2025-01-20T08:52:05.475+0000] {dag.py:3239} INFO - Sync 1 DAGs
[2025-01-20T08:52:05.503+0000] {logging_mixin.py:190} INFO - [2025-01-20T08:52:05.503+0000] {dag.py:4180} INFO - Setting next_dagrun for example_weekday_branch_operator to 2025-01-19 00:00:00+00:00, run_after=2025-01-20 00:00:00+00:00
[2025-01-20T08:52:05.527+0000] {processor.py:208} INFO - Processing /home/airflow/.local/lib/python3.12/site-packages/airflow/example_dags/example_branch_day_of_week_operator.py took 0.092 seconds
[2025-01-20T08:52:35.783+0000] {processor.py:186} INFO - Started process (PID=68925) to work on /home/airflow/.local/lib/python3.12/site-packages/airflow/example_dags/example_branch_day_of_week_operator.py
[2025-01-20T08:52:35.783+0000] {processor.py:914} INFO - Processing file /home/airflow/.local/lib/python3.12/site-packages/airflow/example_dags/example_branch_day_of_week_operator.py for tasks to queue
[2025-01-20T08:52:35.785+0000] {logging_mixin.py:190} INFO - [2025-01-20T08:52:35.785+0000] {dagbag.py:588} INFO - Filling up the DagBag from /home/airflow/.local/lib/python3.12/site-packages/airflow/example_dags/example_branch_day_of_week_operator.py
[2025-01-20T08:52:35.792+0000] {processor.py:925} INFO - DAG(s) 'example_weekday_branch_operator' retrieved from /home/airflow/.local/lib/python3.12/site-packages/airflow/example_dags/example_branch_day_of_week_operator.py
[2025-01-20T08:52:35.808+0000] {logging_mixin.py:190} INFO - [2025-01-20T08:52:35.808+0000] {dag.py:3239} INFO - Sync 1 DAGs
[2025-01-20T08:52:35.831+0000] {logging_mixin.py:190} INFO - [2025-01-20T08:52:35.831+0000] {dag.py:4180} INFO - Setting next_dagrun for example_weekday_branch_operator to 2025-01-19 00:00:00+00:00, run_after=2025-01-20 00:00:00+00:00
[2025-01-20T08:52:35.845+0000] {processor.py:208} INFO - Processing /home/airflow/.local/lib/python3.12/site-packages/airflow/example_dags/example_branch_day_of_week_operator.py took 0.067 seconds
[2025-01-20T08:53:06.233+0000] {processor.py:186} INFO - Started process (PID=69231) to work on /home/airflow/.local/lib/python3.12/site-packages/airflow/example_dags/example_branch_day_of_week_operator.py
[2025-01-20T08:53:06.234+0000] {processor.py:914} INFO - Processing file /home/airflow/.local/lib/python3.12/site-packages/airflow/example_dags/example_branch_day_of_week_operator.py for tasks to queue
[2025-01-20T08:53:06.235+0000] {logging_mixin.py:190} INFO - [2025-01-20T08:53:06.235+0000] {dagbag.py:588} INFO - Filling up the DagBag from /home/airflow/.local/lib/python3.12/site-packages/airflow/example_dags/example_branch_day_of_week_operator.py
[2025-01-20T08:53:06.242+0000] {processor.py:925} INFO - DAG(s) 'example_weekday_branch_operator' retrieved from /home/airflow/.local/lib/python3.12/site-packages/airflow/example_dags/example_branch_day_of_week_operator.py
[2025-01-20T08:53:06.263+0000] {logging_mixin.py:190} INFO - [2025-01-20T08:53:06.262+0000] {dag.py:3239} INFO - Sync 1 DAGs
[2025-01-20T08:53:06.291+0000] {logging_mixin.py:190} INFO - [2025-01-20T08:53:06.290+0000] {dag.py:4180} INFO - Setting next_dagrun for example_weekday_branch_operator to 2025-01-19 00:00:00+00:00, run_after=2025-01-20 00:00:00+00:00
[2025-01-20T08:53:06.310+0000] {processor.py:208} INFO - Processing /home/airflow/.local/lib/python3.12/site-packages/airflow/example_dags/example_branch_day_of_week_operator.py took 0.083 seconds
[2025-01-20T08:53:37.031+0000] {processor.py:186} INFO - Started process (PID=69529) to work on /home/airflow/.local/lib/python3.12/site-packages/airflow/example_dags/example_branch_day_of_week_operator.py
[2025-01-20T08:53:37.032+0000] {processor.py:914} INFO - Processing file /home/airflow/.local/lib/python3.12/site-packages/airflow/example_dags/example_branch_day_of_week_operator.py for tasks to queue
[2025-01-20T08:53:37.033+0000] {logging_mixin.py:190} INFO - [2025-01-20T08:53:37.033+0000] {dagbag.py:588} INFO - Filling up the DagBag from /home/airflow/.local/lib/python3.12/site-packages/airflow/example_dags/example_branch_day_of_week_operator.py
[2025-01-20T08:53:37.040+0000] {processor.py:925} INFO - DAG(s) 'example_weekday_branch_operator' retrieved from /home/airflow/.local/lib/python3.12/site-packages/airflow/example_dags/example_branch_day_of_week_operator.py
[2025-01-20T08:53:37.064+0000] {logging_mixin.py:190} INFO - [2025-01-20T08:53:37.064+0000] {dag.py:3239} INFO - Sync 1 DAGs
[2025-01-20T08:53:37.090+0000] {logging_mixin.py:190} INFO - [2025-01-20T08:53:37.090+0000] {dag.py:4180} INFO - Setting next_dagrun for example_weekday_branch_operator to 2025-01-19 00:00:00+00:00, run_after=2025-01-20 00:00:00+00:00
[2025-01-20T08:53:37.107+0000] {processor.py:208} INFO - Processing /home/airflow/.local/lib/python3.12/site-packages/airflow/example_dags/example_branch_day_of_week_operator.py took 0.080 seconds
[2025-01-20T08:54:07.761+0000] {processor.py:186} INFO - Started process (PID=69813) to work on /home/airflow/.local/lib/python3.12/site-packages/airflow/example_dags/example_branch_day_of_week_operator.py
[2025-01-20T08:54:07.762+0000] {processor.py:914} INFO - Processing file /home/airflow/.local/lib/python3.12/site-packages/airflow/example_dags/example_branch_day_of_week_operator.py for tasks to queue
[2025-01-20T08:54:07.764+0000] {logging_mixin.py:190} INFO - [2025-01-20T08:54:07.764+0000] {dagbag.py:588} INFO - Filling up the DagBag from /home/airflow/.local/lib/python3.12/site-packages/airflow/example_dags/example_branch_day_of_week_operator.py
[2025-01-20T08:54:07.770+0000] {processor.py:925} INFO - DAG(s) 'example_weekday_branch_operator' retrieved from /home/airflow/.local/lib/python3.12/site-packages/airflow/example_dags/example_branch_day_of_week_operator.py
[2025-01-20T08:54:07.790+0000] {logging_mixin.py:190} INFO - [2025-01-20T08:54:07.789+0000] {dag.py:3239} INFO - Sync 1 DAGs
[2025-01-20T08:54:07.811+0000] {logging_mixin.py:190} INFO - [2025-01-20T08:54:07.811+0000] {dag.py:4180} INFO - Setting next_dagrun for example_weekday_branch_operator to 2025-01-19 00:00:00+00:00, run_after=2025-01-20 00:00:00+00:00
[2025-01-20T08:54:07.827+0000] {processor.py:208} INFO - Processing /home/airflow/.local/lib/python3.12/site-packages/airflow/example_dags/example_branch_day_of_week_operator.py took 0.070 seconds
[2025-01-20T08:54:38.767+0000] {processor.py:186} INFO - Started process (PID=70095) to work on /home/airflow/.local/lib/python3.12/site-packages/airflow/example_dags/example_branch_day_of_week_operator.py
[2025-01-20T08:54:38.768+0000] {processor.py:914} INFO - Processing file /home/airflow/.local/lib/python3.12/site-packages/airflow/example_dags/example_branch_day_of_week_operator.py for tasks to queue
[2025-01-20T08:54:38.769+0000] {logging_mixin.py:190} INFO - [2025-01-20T08:54:38.769+0000] {dagbag.py:588} INFO - Filling up the DagBag from /home/airflow/.local/lib/python3.12/site-packages/airflow/example_dags/example_branch_day_of_week_operator.py
[2025-01-20T08:54:38.776+0000] {processor.py:925} INFO - DAG(s) 'example_weekday_branch_operator' retrieved from /home/airflow/.local/lib/python3.12/site-packages/airflow/example_dags/example_branch_day_of_week_operator.py
[2025-01-20T08:54:38.795+0000] {logging_mixin.py:190} INFO - [2025-01-20T08:54:38.795+0000] {dag.py:3239} INFO - Sync 1 DAGs
[2025-01-20T08:54:38.814+0000] {logging_mixin.py:190} INFO - [2025-01-20T08:54:38.814+0000] {dag.py:4180} INFO - Setting next_dagrun for example_weekday_branch_operator to 2025-01-19 00:00:00+00:00, run_after=2025-01-20 00:00:00+00:00
[2025-01-20T08:54:38.834+0000] {processor.py:208} INFO - Processing /home/airflow/.local/lib/python3.12/site-packages/airflow/example_dags/example_branch_day_of_week_operator.py took 0.071 seconds
[2025-01-20T08:55:09.700+0000] {processor.py:186} INFO - Started process (PID=70399) to work on /home/airflow/.local/lib/python3.12/site-packages/airflow/example_dags/example_branch_day_of_week_operator.py
[2025-01-20T08:55:09.701+0000] {processor.py:914} INFO - Processing file /home/airflow/.local/lib/python3.12/site-packages/airflow/example_dags/example_branch_day_of_week_operator.py for tasks to queue
[2025-01-20T08:55:09.704+0000] {logging_mixin.py:190} INFO - [2025-01-20T08:55:09.704+0000] {dagbag.py:588} INFO - Filling up the DagBag from /home/airflow/.local/lib/python3.12/site-packages/airflow/example_dags/example_branch_day_of_week_operator.py
[2025-01-20T08:55:09.716+0000] {processor.py:925} INFO - DAG(s) 'example_weekday_branch_operator' retrieved from /home/airflow/.local/lib/python3.12/site-packages/airflow/example_dags/example_branch_day_of_week_operator.py
[2025-01-20T08:55:09.735+0000] {logging_mixin.py:190} INFO - [2025-01-20T08:55:09.735+0000] {dag.py:3239} INFO - Sync 1 DAGs
[2025-01-20T08:55:09.753+0000] {logging_mixin.py:190} INFO - [2025-01-20T08:55:09.753+0000] {dag.py:4180} INFO - Setting next_dagrun for example_weekday_branch_operator to 2025-01-19 00:00:00+00:00, run_after=2025-01-20 00:00:00+00:00
[2025-01-20T08:55:09.766+0000] {processor.py:208} INFO - Processing /home/airflow/.local/lib/python3.12/site-packages/airflow/example_dags/example_branch_day_of_week_operator.py took 0.073 seconds
[2025-01-20T08:55:40.385+0000] {processor.py:186} INFO - Started process (PID=70700) to work on /home/airflow/.local/lib/python3.12/site-packages/airflow/example_dags/example_branch_day_of_week_operator.py
[2025-01-20T08:55:40.386+0000] {processor.py:914} INFO - Processing file /home/airflow/.local/lib/python3.12/site-packages/airflow/example_dags/example_branch_day_of_week_operator.py for tasks to queue
[2025-01-20T08:55:40.389+0000] {logging_mixin.py:190} INFO - [2025-01-20T08:55:40.388+0000] {dagbag.py:588} INFO - Filling up the DagBag from /home/airflow/.local/lib/python3.12/site-packages/airflow/example_dags/example_branch_day_of_week_operator.py
[2025-01-20T08:55:40.404+0000] {processor.py:925} INFO - DAG(s) 'example_weekday_branch_operator' retrieved from /home/airflow/.local/lib/python3.12/site-packages/airflow/example_dags/example_branch_day_of_week_operator.py
[2025-01-20T08:55:40.432+0000] {logging_mixin.py:190} INFO - [2025-01-20T08:55:40.432+0000] {dag.py:3239} INFO - Sync 1 DAGs
[2025-01-20T08:55:40.452+0000] {logging_mixin.py:190} INFO - [2025-01-20T08:55:40.452+0000] {dag.py:4180} INFO - Setting next_dagrun for example_weekday_branch_operator to 2025-01-19 00:00:00+00:00, run_after=2025-01-20 00:00:00+00:00
[2025-01-20T08:55:40.472+0000] {processor.py:208} INFO - Processing /home/airflow/.local/lib/python3.12/site-packages/airflow/example_dags/example_branch_day_of_week_operator.py took 0.094 seconds
[2025-01-20T08:56:10.759+0000] {processor.py:186} INFO - Started process (PID=71006) to work on /home/airflow/.local/lib/python3.12/site-packages/airflow/example_dags/example_branch_day_of_week_operator.py
[2025-01-20T08:56:10.760+0000] {processor.py:914} INFO - Processing file /home/airflow/.local/lib/python3.12/site-packages/airflow/example_dags/example_branch_day_of_week_operator.py for tasks to queue
[2025-01-20T08:56:10.762+0000] {logging_mixin.py:190} INFO - [2025-01-20T08:56:10.762+0000] {dagbag.py:588} INFO - Filling up the DagBag from /home/airflow/.local/lib/python3.12/site-packages/airflow/example_dags/example_branch_day_of_week_operator.py
[2025-01-20T08:56:10.769+0000] {processor.py:925} INFO - DAG(s) 'example_weekday_branch_operator' retrieved from /home/airflow/.local/lib/python3.12/site-packages/airflow/example_dags/example_branch_day_of_week_operator.py
[2025-01-20T08:56:10.787+0000] {logging_mixin.py:190} INFO - [2025-01-20T08:56:10.787+0000] {dag.py:3239} INFO - Sync 1 DAGs
[2025-01-20T08:56:10.807+0000] {logging_mixin.py:190} INFO - [2025-01-20T08:56:10.807+0000] {dag.py:4180} INFO - Setting next_dagrun for example_weekday_branch_operator to 2025-01-19 00:00:00+00:00, run_after=2025-01-20 00:00:00+00:00
[2025-01-20T08:56:10.823+0000] {processor.py:208} INFO - Processing /home/airflow/.local/lib/python3.12/site-packages/airflow/example_dags/example_branch_day_of_week_operator.py took 0.073 seconds
[2025-01-20T08:56:41.422+0000] {processor.py:186} INFO - Started process (PID=71306) to work on /home/airflow/.local/lib/python3.12/site-packages/airflow/example_dags/example_branch_day_of_week_operator.py
[2025-01-20T08:56:41.423+0000] {processor.py:914} INFO - Processing file /home/airflow/.local/lib/python3.12/site-packages/airflow/example_dags/example_branch_day_of_week_operator.py for tasks to queue
[2025-01-20T08:56:41.426+0000] {logging_mixin.py:190} INFO - [2025-01-20T08:56:41.425+0000] {dagbag.py:588} INFO - Filling up the DagBag from /home/airflow/.local/lib/python3.12/site-packages/airflow/example_dags/example_branch_day_of_week_operator.py
[2025-01-20T08:56:41.432+0000] {processor.py:925} INFO - DAG(s) 'example_weekday_branch_operator' retrieved from /home/airflow/.local/lib/python3.12/site-packages/airflow/example_dags/example_branch_day_of_week_operator.py
[2025-01-20T08:56:41.450+0000] {logging_mixin.py:190} INFO - [2025-01-20T08:56:41.450+0000] {dag.py:3239} INFO - Sync 1 DAGs
[2025-01-20T08:56:41.475+0000] {logging_mixin.py:190} INFO - [2025-01-20T08:56:41.474+0000] {dag.py:4180} INFO - Setting next_dagrun for example_weekday_branch_operator to 2025-01-19 00:00:00+00:00, run_after=2025-01-20 00:00:00+00:00
[2025-01-20T08:56:41.497+0000] {processor.py:208} INFO - Processing /home/airflow/.local/lib/python3.12/site-packages/airflow/example_dags/example_branch_day_of_week_operator.py took 0.083 seconds
[2025-01-20T08:57:11.689+0000] {processor.py:186} INFO - Started process (PID=71612) to work on /home/airflow/.local/lib/python3.12/site-packages/airflow/example_dags/example_branch_day_of_week_operator.py
[2025-01-20T08:57:11.690+0000] {processor.py:914} INFO - Processing file /home/airflow/.local/lib/python3.12/site-packages/airflow/example_dags/example_branch_day_of_week_operator.py for tasks to queue
[2025-01-20T08:57:11.693+0000] {logging_mixin.py:190} INFO - [2025-01-20T08:57:11.692+0000] {dagbag.py:588} INFO - Filling up the DagBag from /home/airflow/.local/lib/python3.12/site-packages/airflow/example_dags/example_branch_day_of_week_operator.py
[2025-01-20T08:57:11.704+0000] {processor.py:925} INFO - DAG(s) 'example_weekday_branch_operator' retrieved from /home/airflow/.local/lib/python3.12/site-packages/airflow/example_dags/example_branch_day_of_week_operator.py
[2025-01-20T08:57:11.719+0000] {logging_mixin.py:190} INFO - [2025-01-20T08:57:11.719+0000] {dag.py:3239} INFO - Sync 1 DAGs
[2025-01-20T08:57:11.736+0000] {logging_mixin.py:190} INFO - [2025-01-20T08:57:11.736+0000] {dag.py:4180} INFO - Setting next_dagrun for example_weekday_branch_operator to 2025-01-19 00:00:00+00:00, run_after=2025-01-20 00:00:00+00:00
[2025-01-20T08:57:11.749+0000] {processor.py:208} INFO - Processing /home/airflow/.local/lib/python3.12/site-packages/airflow/example_dags/example_branch_day_of_week_operator.py took 0.067 seconds
[2025-01-20T08:57:41.811+0000] {processor.py:186} INFO - Started process (PID=71910) to work on /home/airflow/.local/lib/python3.12/site-packages/airflow/example_dags/example_branch_day_of_week_operator.py
[2025-01-20T08:57:41.812+0000] {processor.py:914} INFO - Processing file /home/airflow/.local/lib/python3.12/site-packages/airflow/example_dags/example_branch_day_of_week_operator.py for tasks to queue
[2025-01-20T08:57:41.816+0000] {logging_mixin.py:190} INFO - [2025-01-20T08:57:41.815+0000] {dagbag.py:588} INFO - Filling up the DagBag from /home/airflow/.local/lib/python3.12/site-packages/airflow/example_dags/example_branch_day_of_week_operator.py
[2025-01-20T08:57:41.833+0000] {processor.py:925} INFO - DAG(s) 'example_weekday_branch_operator' retrieved from /home/airflow/.local/lib/python3.12/site-packages/airflow/example_dags/example_branch_day_of_week_operator.py
[2025-01-20T08:57:41.850+0000] {logging_mixin.py:190} INFO - [2025-01-20T08:57:41.850+0000] {dag.py:3239} INFO - Sync 1 DAGs
[2025-01-20T08:57:41.877+0000] {logging_mixin.py:190} INFO - [2025-01-20T08:57:41.877+0000] {dag.py:4180} INFO - Setting next_dagrun for example_weekday_branch_operator to 2025-01-19 00:00:00+00:00, run_after=2025-01-20 00:00:00+00:00
[2025-01-20T08:57:41.907+0000] {processor.py:208} INFO - Processing /home/airflow/.local/lib/python3.12/site-packages/airflow/example_dags/example_branch_day_of_week_operator.py took 0.107 seconds
[2025-01-20T08:58:12.262+0000] {processor.py:186} INFO - Started process (PID=72214) to work on /home/airflow/.local/lib/python3.12/site-packages/airflow/example_dags/example_branch_day_of_week_operator.py
[2025-01-20T08:58:12.263+0000] {processor.py:914} INFO - Processing file /home/airflow/.local/lib/python3.12/site-packages/airflow/example_dags/example_branch_day_of_week_operator.py for tasks to queue
[2025-01-20T08:58:12.266+0000] {logging_mixin.py:190} INFO - [2025-01-20T08:58:12.265+0000] {dagbag.py:588} INFO - Filling up the DagBag from /home/airflow/.local/lib/python3.12/site-packages/airflow/example_dags/example_branch_day_of_week_operator.py
[2025-01-20T08:58:12.274+0000] {processor.py:925} INFO - DAG(s) 'example_weekday_branch_operator' retrieved from /home/airflow/.local/lib/python3.12/site-packages/airflow/example_dags/example_branch_day_of_week_operator.py
[2025-01-20T08:58:12.291+0000] {logging_mixin.py:190} INFO - [2025-01-20T08:58:12.290+0000] {dag.py:3239} INFO - Sync 1 DAGs
[2025-01-20T08:58:12.309+0000] {logging_mixin.py:190} INFO - [2025-01-20T08:58:12.308+0000] {dag.py:4180} INFO - Setting next_dagrun for example_weekday_branch_operator to 2025-01-19 00:00:00+00:00, run_after=2025-01-20 00:00:00+00:00
[2025-01-20T08:58:12.322+0000] {processor.py:208} INFO - Processing /home/airflow/.local/lib/python3.12/site-packages/airflow/example_dags/example_branch_day_of_week_operator.py took 0.069 seconds
[2025-01-20T08:58:42.632+0000] {processor.py:186} INFO - Started process (PID=72520) to work on /home/airflow/.local/lib/python3.12/site-packages/airflow/example_dags/example_branch_day_of_week_operator.py
[2025-01-20T08:58:42.634+0000] {processor.py:914} INFO - Processing file /home/airflow/.local/lib/python3.12/site-packages/airflow/example_dags/example_branch_day_of_week_operator.py for tasks to queue
[2025-01-20T08:58:42.640+0000] {logging_mixin.py:190} INFO - [2025-01-20T08:58:42.639+0000] {dagbag.py:588} INFO - Filling up the DagBag from /home/airflow/.local/lib/python3.12/site-packages/airflow/example_dags/example_branch_day_of_week_operator.py
[2025-01-20T08:58:42.652+0000] {processor.py:925} INFO - DAG(s) 'example_weekday_branch_operator' retrieved from /home/airflow/.local/lib/python3.12/site-packages/airflow/example_dags/example_branch_day_of_week_operator.py
[2025-01-20T08:58:42.673+0000] {logging_mixin.py:190} INFO - [2025-01-20T08:58:42.673+0000] {dag.py:3239} INFO - Sync 1 DAGs
[2025-01-20T08:58:42.692+0000] {logging_mixin.py:190} INFO - [2025-01-20T08:58:42.692+0000] {dag.py:4180} INFO - Setting next_dagrun for example_weekday_branch_operator to 2025-01-19 00:00:00+00:00, run_after=2025-01-20 00:00:00+00:00
[2025-01-20T08:58:42.711+0000] {processor.py:208} INFO - Processing /home/airflow/.local/lib/python3.12/site-packages/airflow/example_dags/example_branch_day_of_week_operator.py took 0.089 seconds
[2025-01-20T08:59:13.029+0000] {processor.py:186} INFO - Started process (PID=72826) to work on /home/airflow/.local/lib/python3.12/site-packages/airflow/example_dags/example_branch_day_of_week_operator.py
[2025-01-20T08:59:13.029+0000] {processor.py:914} INFO - Processing file /home/airflow/.local/lib/python3.12/site-packages/airflow/example_dags/example_branch_day_of_week_operator.py for tasks to queue
[2025-01-20T08:59:13.031+0000] {logging_mixin.py:190} INFO - [2025-01-20T08:59:13.031+0000] {dagbag.py:588} INFO - Filling up the DagBag from /home/airflow/.local/lib/python3.12/site-packages/airflow/example_dags/example_branch_day_of_week_operator.py
[2025-01-20T08:59:13.037+0000] {processor.py:925} INFO - DAG(s) 'example_weekday_branch_operator' retrieved from /home/airflow/.local/lib/python3.12/site-packages/airflow/example_dags/example_branch_day_of_week_operator.py
[2025-01-20T08:59:13.055+0000] {logging_mixin.py:190} INFO - [2025-01-20T08:59:13.054+0000] {dag.py:3239} INFO - Sync 1 DAGs
[2025-01-20T08:59:13.079+0000] {logging_mixin.py:190} INFO - [2025-01-20T08:59:13.079+0000] {dag.py:4180} INFO - Setting next_dagrun for example_weekday_branch_operator to 2025-01-19 00:00:00+00:00, run_after=2025-01-20 00:00:00+00:00
[2025-01-20T08:59:13.097+0000] {processor.py:208} INFO - Processing /home/airflow/.local/lib/python3.12/site-packages/airflow/example_dags/example_branch_day_of_week_operator.py took 0.072 seconds
[2025-01-20T08:59:43.450+0000] {processor.py:186} INFO - Started process (PID=73129) to work on /home/airflow/.local/lib/python3.12/site-packages/airflow/example_dags/example_branch_day_of_week_operator.py
[2025-01-20T08:59:43.451+0000] {processor.py:914} INFO - Processing file /home/airflow/.local/lib/python3.12/site-packages/airflow/example_dags/example_branch_day_of_week_operator.py for tasks to queue
[2025-01-20T08:59:43.458+0000] {logging_mixin.py:190} INFO - [2025-01-20T08:59:43.457+0000] {dagbag.py:588} INFO - Filling up the DagBag from /home/airflow/.local/lib/python3.12/site-packages/airflow/example_dags/example_branch_day_of_week_operator.py
[2025-01-20T08:59:43.472+0000] {processor.py:925} INFO - DAG(s) 'example_weekday_branch_operator' retrieved from /home/airflow/.local/lib/python3.12/site-packages/airflow/example_dags/example_branch_day_of_week_operator.py
[2025-01-20T08:59:43.496+0000] {logging_mixin.py:190} INFO - [2025-01-20T08:59:43.496+0000] {dag.py:3239} INFO - Sync 1 DAGs
[2025-01-20T08:59:43.520+0000] {logging_mixin.py:190} INFO - [2025-01-20T08:59:43.519+0000] {dag.py:4180} INFO - Setting next_dagrun for example_weekday_branch_operator to 2025-01-19 00:00:00+00:00, run_after=2025-01-20 00:00:00+00:00
[2025-01-20T08:59:43.542+0000] {processor.py:208} INFO - Processing /home/airflow/.local/lib/python3.12/site-packages/airflow/example_dags/example_branch_day_of_week_operator.py took 0.098 seconds
[2025-01-20T09:00:13.797+0000] {processor.py:186} INFO - Started process (PID=73433) to work on /home/airflow/.local/lib/python3.12/site-packages/airflow/example_dags/example_branch_day_of_week_operator.py
[2025-01-20T09:00:13.798+0000] {processor.py:914} INFO - Processing file /home/airflow/.local/lib/python3.12/site-packages/airflow/example_dags/example_branch_day_of_week_operator.py for tasks to queue
[2025-01-20T09:00:13.800+0000] {logging_mixin.py:190} INFO - [2025-01-20T09:00:13.800+0000] {dagbag.py:588} INFO - Filling up the DagBag from /home/airflow/.local/lib/python3.12/site-packages/airflow/example_dags/example_branch_day_of_week_operator.py
[2025-01-20T09:00:13.806+0000] {processor.py:925} INFO - DAG(s) 'example_weekday_branch_operator' retrieved from /home/airflow/.local/lib/python3.12/site-packages/airflow/example_dags/example_branch_day_of_week_operator.py
[2025-01-20T09:00:13.821+0000] {logging_mixin.py:190} INFO - [2025-01-20T09:00:13.821+0000] {dag.py:3239} INFO - Sync 1 DAGs
[2025-01-20T09:00:13.838+0000] {logging_mixin.py:190} INFO - [2025-01-20T09:00:13.838+0000] {dag.py:4180} INFO - Setting next_dagrun for example_weekday_branch_operator to 2025-01-19 00:00:00+00:00, run_after=2025-01-20 00:00:00+00:00
[2025-01-20T09:00:13.851+0000] {processor.py:208} INFO - Processing /home/airflow/.local/lib/python3.12/site-packages/airflow/example_dags/example_branch_day_of_week_operator.py took 0.058 seconds
[2025-01-20T09:00:44.017+0000] {processor.py:186} INFO - Started process (PID=73731) to work on /home/airflow/.local/lib/python3.12/site-packages/airflow/example_dags/example_branch_day_of_week_operator.py
[2025-01-20T09:00:44.018+0000] {processor.py:914} INFO - Processing file /home/airflow/.local/lib/python3.12/site-packages/airflow/example_dags/example_branch_day_of_week_operator.py for tasks to queue
[2025-01-20T09:00:44.022+0000] {logging_mixin.py:190} INFO - [2025-01-20T09:00:44.021+0000] {dagbag.py:588} INFO - Filling up the DagBag from /home/airflow/.local/lib/python3.12/site-packages/airflow/example_dags/example_branch_day_of_week_operator.py
[2025-01-20T09:00:44.036+0000] {processor.py:925} INFO - DAG(s) 'example_weekday_branch_operator' retrieved from /home/airflow/.local/lib/python3.12/site-packages/airflow/example_dags/example_branch_day_of_week_operator.py
[2025-01-20T09:00:44.059+0000] {logging_mixin.py:190} INFO - [2025-01-20T09:00:44.059+0000] {dag.py:3239} INFO - Sync 1 DAGs
[2025-01-20T09:00:44.080+0000] {logging_mixin.py:190} INFO - [2025-01-20T09:00:44.080+0000] {dag.py:4180} INFO - Setting next_dagrun for example_weekday_branch_operator to 2025-01-19 00:00:00+00:00, run_after=2025-01-20 00:00:00+00:00
[2025-01-20T09:00:44.096+0000] {processor.py:208} INFO - Processing /home/airflow/.local/lib/python3.12/site-packages/airflow/example_dags/example_branch_day_of_week_operator.py took 0.084 seconds
[2025-01-20T09:01:14.506+0000] {processor.py:186} INFO - Started process (PID=74035) to work on /home/airflow/.local/lib/python3.12/site-packages/airflow/example_dags/example_branch_day_of_week_operator.py
[2025-01-20T09:01:14.506+0000] {processor.py:914} INFO - Processing file /home/airflow/.local/lib/python3.12/site-packages/airflow/example_dags/example_branch_day_of_week_operator.py for tasks to queue
[2025-01-20T09:01:14.508+0000] {logging_mixin.py:190} INFO - [2025-01-20T09:01:14.508+0000] {dagbag.py:588} INFO - Filling up the DagBag from /home/airflow/.local/lib/python3.12/site-packages/airflow/example_dags/example_branch_day_of_week_operator.py
[2025-01-20T09:01:14.514+0000] {processor.py:925} INFO - DAG(s) 'example_weekday_branch_operator' retrieved from /home/airflow/.local/lib/python3.12/site-packages/airflow/example_dags/example_branch_day_of_week_operator.py
[2025-01-20T09:01:14.529+0000] {logging_mixin.py:190} INFO - [2025-01-20T09:01:14.529+0000] {dag.py:3239} INFO - Sync 1 DAGs
[2025-01-20T09:01:14.547+0000] {logging_mixin.py:190} INFO - [2025-01-20T09:01:14.546+0000] {dag.py:4180} INFO - Setting next_dagrun for example_weekday_branch_operator to 2025-01-19 00:00:00+00:00, run_after=2025-01-20 00:00:00+00:00
[2025-01-20T09:01:14.561+0000] {processor.py:208} INFO - Processing /home/airflow/.local/lib/python3.12/site-packages/airflow/example_dags/example_branch_day_of_week_operator.py took 0.059 seconds
[2025-01-20T09:01:44.882+0000] {processor.py:186} INFO - Started process (PID=74336) to work on /home/airflow/.local/lib/python3.12/site-packages/airflow/example_dags/example_branch_day_of_week_operator.py
[2025-01-20T09:01:44.883+0000] {processor.py:914} INFO - Processing file /home/airflow/.local/lib/python3.12/site-packages/airflow/example_dags/example_branch_day_of_week_operator.py for tasks to queue
[2025-01-20T09:01:44.886+0000] {logging_mixin.py:190} INFO - [2025-01-20T09:01:44.886+0000] {dagbag.py:588} INFO - Filling up the DagBag from /home/airflow/.local/lib/python3.12/site-packages/airflow/example_dags/example_branch_day_of_week_operator.py
[2025-01-20T09:01:44.898+0000] {processor.py:925} INFO - DAG(s) 'example_weekday_branch_operator' retrieved from /home/airflow/.local/lib/python3.12/site-packages/airflow/example_dags/example_branch_day_of_week_operator.py
[2025-01-20T09:01:44.916+0000] {logging_mixin.py:190} INFO - [2025-01-20T09:01:44.916+0000] {dag.py:3239} INFO - Sync 1 DAGs
[2025-01-20T09:01:44.937+0000] {logging_mixin.py:190} INFO - [2025-01-20T09:01:44.937+0000] {dag.py:4180} INFO - Setting next_dagrun for example_weekday_branch_operator to 2025-01-19 00:00:00+00:00, run_after=2025-01-20 00:00:00+00:00
[2025-01-20T09:01:45.078+0000] {processor.py:208} INFO - Processing /home/airflow/.local/lib/python3.12/site-packages/airflow/example_dags/example_branch_day_of_week_operator.py took 0.201 seconds
[2025-01-20T09:02:15.323+0000] {processor.py:186} INFO - Started process (PID=74648) to work on /home/airflow/.local/lib/python3.12/site-packages/airflow/example_dags/example_branch_day_of_week_operator.py
[2025-01-20T09:02:15.324+0000] {processor.py:914} INFO - Processing file /home/airflow/.local/lib/python3.12/site-packages/airflow/example_dags/example_branch_day_of_week_operator.py for tasks to queue
[2025-01-20T09:02:15.327+0000] {logging_mixin.py:190} INFO - [2025-01-20T09:02:15.326+0000] {dagbag.py:588} INFO - Filling up the DagBag from /home/airflow/.local/lib/python3.12/site-packages/airflow/example_dags/example_branch_day_of_week_operator.py
[2025-01-20T09:02:15.337+0000] {processor.py:925} INFO - DAG(s) 'example_weekday_branch_operator' retrieved from /home/airflow/.local/lib/python3.12/site-packages/airflow/example_dags/example_branch_day_of_week_operator.py
[2025-01-20T09:02:15.361+0000] {logging_mixin.py:190} INFO - [2025-01-20T09:02:15.361+0000] {dag.py:3239} INFO - Sync 1 DAGs
[2025-01-20T09:02:15.388+0000] {logging_mixin.py:190} INFO - [2025-01-20T09:02:15.388+0000] {dag.py:4180} INFO - Setting next_dagrun for example_weekday_branch_operator to 2025-01-19 00:00:00+00:00, run_after=2025-01-20 00:00:00+00:00
[2025-01-20T09:02:15.410+0000] {processor.py:208} INFO - Processing /home/airflow/.local/lib/python3.12/site-packages/airflow/example_dags/example_branch_day_of_week_operator.py took 0.094 seconds
[2025-01-20T09:02:45.674+0000] {processor.py:186} INFO - Started process (PID=74946) to work on /home/airflow/.local/lib/python3.12/site-packages/airflow/example_dags/example_branch_day_of_week_operator.py
[2025-01-20T09:02:45.675+0000] {processor.py:914} INFO - Processing file /home/airflow/.local/lib/python3.12/site-packages/airflow/example_dags/example_branch_day_of_week_operator.py for tasks to queue
[2025-01-20T09:02:45.677+0000] {logging_mixin.py:190} INFO - [2025-01-20T09:02:45.677+0000] {dagbag.py:588} INFO - Filling up the DagBag from /home/airflow/.local/lib/python3.12/site-packages/airflow/example_dags/example_branch_day_of_week_operator.py
[2025-01-20T09:02:45.684+0000] {processor.py:925} INFO - DAG(s) 'example_weekday_branch_operator' retrieved from /home/airflow/.local/lib/python3.12/site-packages/airflow/example_dags/example_branch_day_of_week_operator.py
[2025-01-20T09:02:45.711+0000] {logging_mixin.py:190} INFO - [2025-01-20T09:02:45.710+0000] {dag.py:3239} INFO - Sync 1 DAGs
[2025-01-20T09:02:45.743+0000] {logging_mixin.py:190} INFO - [2025-01-20T09:02:45.742+0000] {dag.py:4180} INFO - Setting next_dagrun for example_weekday_branch_operator to 2025-01-19 00:00:00+00:00, run_after=2025-01-20 00:00:00+00:00
[2025-01-20T09:02:45.769+0000] {processor.py:208} INFO - Processing /home/airflow/.local/lib/python3.12/site-packages/airflow/example_dags/example_branch_day_of_week_operator.py took 0.102 seconds
[2025-01-20T09:03:15.840+0000] {processor.py:186} INFO - Started process (PID=75250) to work on /home/airflow/.local/lib/python3.12/site-packages/airflow/example_dags/example_branch_day_of_week_operator.py
[2025-01-20T09:03:15.840+0000] {processor.py:914} INFO - Processing file /home/airflow/.local/lib/python3.12/site-packages/airflow/example_dags/example_branch_day_of_week_operator.py for tasks to queue
[2025-01-20T09:03:15.842+0000] {logging_mixin.py:190} INFO - [2025-01-20T09:03:15.842+0000] {dagbag.py:588} INFO - Filling up the DagBag from /home/airflow/.local/lib/python3.12/site-packages/airflow/example_dags/example_branch_day_of_week_operator.py
[2025-01-20T09:03:15.849+0000] {processor.py:925} INFO - DAG(s) 'example_weekday_branch_operator' retrieved from /home/airflow/.local/lib/python3.12/site-packages/airflow/example_dags/example_branch_day_of_week_operator.py
[2025-01-20T09:03:15.861+0000] {logging_mixin.py:190} INFO - [2025-01-20T09:03:15.861+0000] {dag.py:3239} INFO - Sync 1 DAGs
[2025-01-20T09:03:15.876+0000] {logging_mixin.py:190} INFO - [2025-01-20T09:03:15.876+0000] {dag.py:4180} INFO - Setting next_dagrun for example_weekday_branch_operator to 2025-01-19 00:00:00+00:00, run_after=2025-01-20 00:00:00+00:00
[2025-01-20T09:03:15.887+0000] {processor.py:208} INFO - Processing /home/airflow/.local/lib/python3.12/site-packages/airflow/example_dags/example_branch_day_of_week_operator.py took 0.051 seconds
[2025-01-20T09:03:47.242+0000] {processor.py:186} INFO - Started process (PID=75553) to work on /home/airflow/.local/lib/python3.12/site-packages/airflow/example_dags/example_branch_day_of_week_operator.py
[2025-01-20T09:03:47.243+0000] {processor.py:914} INFO - Processing file /home/airflow/.local/lib/python3.12/site-packages/airflow/example_dags/example_branch_day_of_week_operator.py for tasks to queue
[2025-01-20T09:03:47.246+0000] {logging_mixin.py:190} INFO - [2025-01-20T09:03:47.245+0000] {dagbag.py:588} INFO - Filling up the DagBag from /home/airflow/.local/lib/python3.12/site-packages/airflow/example_dags/example_branch_day_of_week_operator.py
[2025-01-20T09:03:47.252+0000] {processor.py:925} INFO - DAG(s) 'example_weekday_branch_operator' retrieved from /home/airflow/.local/lib/python3.12/site-packages/airflow/example_dags/example_branch_day_of_week_operator.py
[2025-01-20T09:03:47.267+0000] {logging_mixin.py:190} INFO - [2025-01-20T09:03:47.267+0000] {dag.py:3239} INFO - Sync 1 DAGs
[2025-01-20T09:03:47.427+0000] {logging_mixin.py:190} INFO - [2025-01-20T09:03:47.426+0000] {dag.py:4180} INFO - Setting next_dagrun for example_weekday_branch_operator to 2025-01-19 00:00:00+00:00, run_after=2025-01-20 00:00:00+00:00
[2025-01-20T09:03:47.449+0000] {processor.py:208} INFO - Processing /home/airflow/.local/lib/python3.12/site-packages/airflow/example_dags/example_branch_day_of_week_operator.py took 0.213 seconds
[2025-01-20T09:04:17.595+0000] {processor.py:186} INFO - Started process (PID=75862) to work on /home/airflow/.local/lib/python3.12/site-packages/airflow/example_dags/example_branch_day_of_week_operator.py
[2025-01-20T09:04:17.596+0000] {processor.py:914} INFO - Processing file /home/airflow/.local/lib/python3.12/site-packages/airflow/example_dags/example_branch_day_of_week_operator.py for tasks to queue
[2025-01-20T09:04:17.597+0000] {logging_mixin.py:190} INFO - [2025-01-20T09:04:17.597+0000] {dagbag.py:588} INFO - Filling up the DagBag from /home/airflow/.local/lib/python3.12/site-packages/airflow/example_dags/example_branch_day_of_week_operator.py
[2025-01-20T09:04:17.604+0000] {processor.py:925} INFO - DAG(s) 'example_weekday_branch_operator' retrieved from /home/airflow/.local/lib/python3.12/site-packages/airflow/example_dags/example_branch_day_of_week_operator.py
[2025-01-20T09:04:17.623+0000] {logging_mixin.py:190} INFO - [2025-01-20T09:04:17.623+0000] {dag.py:3239} INFO - Sync 1 DAGs
[2025-01-20T09:04:17.751+0000] {logging_mixin.py:190} INFO - [2025-01-20T09:04:17.751+0000] {dag.py:4180} INFO - Setting next_dagrun for example_weekday_branch_operator to 2025-01-19 00:00:00+00:00, run_after=2025-01-20 00:00:00+00:00
[2025-01-20T09:04:17.770+0000] {processor.py:208} INFO - Processing /home/airflow/.local/lib/python3.12/site-packages/airflow/example_dags/example_branch_day_of_week_operator.py took 0.179 seconds
[2025-01-20T09:04:48.120+0000] {processor.py:186} INFO - Started process (PID=76163) to work on /home/airflow/.local/lib/python3.12/site-packages/airflow/example_dags/example_branch_day_of_week_operator.py
[2025-01-20T09:04:48.121+0000] {processor.py:914} INFO - Processing file /home/airflow/.local/lib/python3.12/site-packages/airflow/example_dags/example_branch_day_of_week_operator.py for tasks to queue
[2025-01-20T09:04:48.124+0000] {logging_mixin.py:190} INFO - [2025-01-20T09:04:48.124+0000] {dagbag.py:588} INFO - Filling up the DagBag from /home/airflow/.local/lib/python3.12/site-packages/airflow/example_dags/example_branch_day_of_week_operator.py
[2025-01-20T09:04:48.137+0000] {processor.py:925} INFO - DAG(s) 'example_weekday_branch_operator' retrieved from /home/airflow/.local/lib/python3.12/site-packages/airflow/example_dags/example_branch_day_of_week_operator.py
[2025-01-20T09:04:48.158+0000] {logging_mixin.py:190} INFO - [2025-01-20T09:04:48.158+0000] {dag.py:3239} INFO - Sync 1 DAGs
[2025-01-20T09:04:48.180+0000] {logging_mixin.py:190} INFO - [2025-01-20T09:04:48.180+0000] {dag.py:4180} INFO - Setting next_dagrun for example_weekday_branch_operator to 2025-01-19 00:00:00+00:00, run_after=2025-01-20 00:00:00+00:00
[2025-01-20T09:04:48.347+0000] {processor.py:208} INFO - Processing /home/airflow/.local/lib/python3.12/site-packages/airflow/example_dags/example_branch_day_of_week_operator.py took 0.233 seconds
[2025-01-20T09:05:18.411+0000] {processor.py:186} INFO - Started process (PID=76471) to work on /home/airflow/.local/lib/python3.12/site-packages/airflow/example_dags/example_branch_day_of_week_operator.py
[2025-01-20T09:05:18.412+0000] {processor.py:914} INFO - Processing file /home/airflow/.local/lib/python3.12/site-packages/airflow/example_dags/example_branch_day_of_week_operator.py for tasks to queue
[2025-01-20T09:05:18.415+0000] {logging_mixin.py:190} INFO - [2025-01-20T09:05:18.415+0000] {dagbag.py:588} INFO - Filling up the DagBag from /home/airflow/.local/lib/python3.12/site-packages/airflow/example_dags/example_branch_day_of_week_operator.py
[2025-01-20T09:05:18.427+0000] {processor.py:925} INFO - DAG(s) 'example_weekday_branch_operator' retrieved from /home/airflow/.local/lib/python3.12/site-packages/airflow/example_dags/example_branch_day_of_week_operator.py
[2025-01-20T09:05:18.445+0000] {logging_mixin.py:190} INFO - [2025-01-20T09:05:18.445+0000] {dag.py:3239} INFO - Sync 1 DAGs
[2025-01-20T09:05:18.474+0000] {logging_mixin.py:190} INFO - [2025-01-20T09:05:18.474+0000] {dag.py:4180} INFO - Setting next_dagrun for example_weekday_branch_operator to 2025-01-19 00:00:00+00:00, run_after=2025-01-20 00:00:00+00:00
[2025-01-20T09:05:18.495+0000] {processor.py:208} INFO - Processing /home/airflow/.local/lib/python3.12/site-packages/airflow/example_dags/example_branch_day_of_week_operator.py took 0.092 seconds
[2025-01-20T09:05:48.738+0000] {processor.py:186} INFO - Started process (PID=76772) to work on /home/airflow/.local/lib/python3.12/site-packages/airflow/example_dags/example_branch_day_of_week_operator.py
[2025-01-20T09:05:48.738+0000] {processor.py:914} INFO - Processing file /home/airflow/.local/lib/python3.12/site-packages/airflow/example_dags/example_branch_day_of_week_operator.py for tasks to queue
[2025-01-20T09:05:48.740+0000] {logging_mixin.py:190} INFO - [2025-01-20T09:05:48.740+0000] {dagbag.py:588} INFO - Filling up the DagBag from /home/airflow/.local/lib/python3.12/site-packages/airflow/example_dags/example_branch_day_of_week_operator.py
[2025-01-20T09:05:48.746+0000] {processor.py:925} INFO - DAG(s) 'example_weekday_branch_operator' retrieved from /home/airflow/.local/lib/python3.12/site-packages/airflow/example_dags/example_branch_day_of_week_operator.py
[2025-01-20T09:05:48.761+0000] {logging_mixin.py:190} INFO - [2025-01-20T09:05:48.760+0000] {dag.py:3239} INFO - Sync 1 DAGs
[2025-01-20T09:05:48.775+0000] {logging_mixin.py:190} INFO - [2025-01-20T09:05:48.775+0000] {dag.py:4180} INFO - Setting next_dagrun for example_weekday_branch_operator to 2025-01-19 00:00:00+00:00, run_after=2025-01-20 00:00:00+00:00
[2025-01-20T09:05:48.787+0000] {processor.py:208} INFO - Processing /home/airflow/.local/lib/python3.12/site-packages/airflow/example_dags/example_branch_day_of_week_operator.py took 0.053 seconds
[2025-01-20T09:06:19.471+0000] {processor.py:186} INFO - Started process (PID=77071) to work on /home/airflow/.local/lib/python3.12/site-packages/airflow/example_dags/example_branch_day_of_week_operator.py
[2025-01-20T09:06:19.472+0000] {processor.py:914} INFO - Processing file /home/airflow/.local/lib/python3.12/site-packages/airflow/example_dags/example_branch_day_of_week_operator.py for tasks to queue
[2025-01-20T09:06:19.474+0000] {logging_mixin.py:190} INFO - [2025-01-20T09:06:19.474+0000] {dagbag.py:588} INFO - Filling up the DagBag from /home/airflow/.local/lib/python3.12/site-packages/airflow/example_dags/example_branch_day_of_week_operator.py
[2025-01-20T09:06:19.480+0000] {processor.py:925} INFO - DAG(s) 'example_weekday_branch_operator' retrieved from /home/airflow/.local/lib/python3.12/site-packages/airflow/example_dags/example_branch_day_of_week_operator.py
[2025-01-20T09:06:19.499+0000] {logging_mixin.py:190} INFO - [2025-01-20T09:06:19.499+0000] {dag.py:3239} INFO - Sync 1 DAGs
[2025-01-20T09:06:19.522+0000] {logging_mixin.py:190} INFO - [2025-01-20T09:06:19.521+0000] {dag.py:4180} INFO - Setting next_dagrun for example_weekday_branch_operator to 2025-01-19 00:00:00+00:00, run_after=2025-01-20 00:00:00+00:00
[2025-01-20T09:06:19.536+0000] {processor.py:208} INFO - Processing /home/airflow/.local/lib/python3.12/site-packages/airflow/example_dags/example_branch_day_of_week_operator.py took 0.068 seconds
[2025-01-20T09:06:50.430+0000] {processor.py:186} INFO - Started process (PID=77372) to work on /home/airflow/.local/lib/python3.12/site-packages/airflow/example_dags/example_branch_day_of_week_operator.py
[2025-01-20T09:06:50.431+0000] {processor.py:914} INFO - Processing file /home/airflow/.local/lib/python3.12/site-packages/airflow/example_dags/example_branch_day_of_week_operator.py for tasks to queue
[2025-01-20T09:06:50.435+0000] {logging_mixin.py:190} INFO - [2025-01-20T09:06:50.435+0000] {dagbag.py:588} INFO - Filling up the DagBag from /home/airflow/.local/lib/python3.12/site-packages/airflow/example_dags/example_branch_day_of_week_operator.py
[2025-01-20T09:06:50.442+0000] {processor.py:925} INFO - DAG(s) 'example_weekday_branch_operator' retrieved from /home/airflow/.local/lib/python3.12/site-packages/airflow/example_dags/example_branch_day_of_week_operator.py
[2025-01-20T09:06:50.464+0000] {logging_mixin.py:190} INFO - [2025-01-20T09:06:50.464+0000] {dag.py:3239} INFO - Sync 1 DAGs
[2025-01-20T09:06:50.481+0000] {logging_mixin.py:190} INFO - [2025-01-20T09:06:50.481+0000] {dag.py:4180} INFO - Setting next_dagrun for example_weekday_branch_operator to 2025-01-19 00:00:00+00:00, run_after=2025-01-20 00:00:00+00:00
[2025-01-20T09:06:50.497+0000] {processor.py:208} INFO - Processing /home/airflow/.local/lib/python3.12/site-packages/airflow/example_dags/example_branch_day_of_week_operator.py took 0.074 seconds
[2025-01-20T09:07:21.326+0000] {processor.py:186} INFO - Started process (PID=77678) to work on /home/airflow/.local/lib/python3.12/site-packages/airflow/example_dags/example_branch_day_of_week_operator.py
[2025-01-20T09:07:21.327+0000] {processor.py:914} INFO - Processing file /home/airflow/.local/lib/python3.12/site-packages/airflow/example_dags/example_branch_day_of_week_operator.py for tasks to queue
[2025-01-20T09:07:21.330+0000] {logging_mixin.py:190} INFO - [2025-01-20T09:07:21.330+0000] {dagbag.py:588} INFO - Filling up the DagBag from /home/airflow/.local/lib/python3.12/site-packages/airflow/example_dags/example_branch_day_of_week_operator.py
[2025-01-20T09:07:21.342+0000] {processor.py:925} INFO - DAG(s) 'example_weekday_branch_operator' retrieved from /home/airflow/.local/lib/python3.12/site-packages/airflow/example_dags/example_branch_day_of_week_operator.py
[2025-01-20T09:07:21.364+0000] {logging_mixin.py:190} INFO - [2025-01-20T09:07:21.364+0000] {dag.py:3239} INFO - Sync 1 DAGs
[2025-01-20T09:07:21.391+0000] {logging_mixin.py:190} INFO - [2025-01-20T09:07:21.391+0000] {dag.py:4180} INFO - Setting next_dagrun for example_weekday_branch_operator to 2025-01-19 00:00:00+00:00, run_after=2025-01-20 00:00:00+00:00
[2025-01-20T09:07:21.411+0000] {processor.py:208} INFO - Processing /home/airflow/.local/lib/python3.12/site-packages/airflow/example_dags/example_branch_day_of_week_operator.py took 0.092 seconds
[2025-01-20T09:07:52.216+0000] {processor.py:186} INFO - Started process (PID=77979) to work on /home/airflow/.local/lib/python3.12/site-packages/airflow/example_dags/example_branch_day_of_week_operator.py
[2025-01-20T09:07:52.217+0000] {processor.py:914} INFO - Processing file /home/airflow/.local/lib/python3.12/site-packages/airflow/example_dags/example_branch_day_of_week_operator.py for tasks to queue
[2025-01-20T09:07:52.219+0000] {logging_mixin.py:190} INFO - [2025-01-20T09:07:52.219+0000] {dagbag.py:588} INFO - Filling up the DagBag from /home/airflow/.local/lib/python3.12/site-packages/airflow/example_dags/example_branch_day_of_week_operator.py
[2025-01-20T09:07:52.229+0000] {processor.py:925} INFO - DAG(s) 'example_weekday_branch_operator' retrieved from /home/airflow/.local/lib/python3.12/site-packages/airflow/example_dags/example_branch_day_of_week_operator.py
[2025-01-20T09:07:52.249+0000] {logging_mixin.py:190} INFO - [2025-01-20T09:07:52.249+0000] {dag.py:3239} INFO - Sync 1 DAGs
[2025-01-20T09:07:52.275+0000] {logging_mixin.py:190} INFO - [2025-01-20T09:07:52.275+0000] {dag.py:4180} INFO - Setting next_dagrun for example_weekday_branch_operator to 2025-01-19 00:00:00+00:00, run_after=2025-01-20 00:00:00+00:00
[2025-01-20T09:07:52.288+0000] {processor.py:208} INFO - Processing /home/airflow/.local/lib/python3.12/site-packages/airflow/example_dags/example_branch_day_of_week_operator.py took 0.077 seconds
[2025-01-20T09:08:22.457+0000] {processor.py:186} INFO - Started process (PID=78285) to work on /home/airflow/.local/lib/python3.12/site-packages/airflow/example_dags/example_branch_day_of_week_operator.py
[2025-01-20T09:08:22.458+0000] {processor.py:914} INFO - Processing file /home/airflow/.local/lib/python3.12/site-packages/airflow/example_dags/example_branch_day_of_week_operator.py for tasks to queue
[2025-01-20T09:08:22.461+0000] {logging_mixin.py:190} INFO - [2025-01-20T09:08:22.461+0000] {dagbag.py:588} INFO - Filling up the DagBag from /home/airflow/.local/lib/python3.12/site-packages/airflow/example_dags/example_branch_day_of_week_operator.py
[2025-01-20T09:08:22.473+0000] {processor.py:925} INFO - DAG(s) 'example_weekday_branch_operator' retrieved from /home/airflow/.local/lib/python3.12/site-packages/airflow/example_dags/example_branch_day_of_week_operator.py
[2025-01-20T09:08:22.497+0000] {logging_mixin.py:190} INFO - [2025-01-20T09:08:22.497+0000] {dag.py:3239} INFO - Sync 1 DAGs
[2025-01-20T09:08:22.522+0000] {logging_mixin.py:190} INFO - [2025-01-20T09:08:22.521+0000] {dag.py:4180} INFO - Setting next_dagrun for example_weekday_branch_operator to 2025-01-19 00:00:00+00:00, run_after=2025-01-20 00:00:00+00:00
[2025-01-20T09:08:22.557+0000] {processor.py:208} INFO - Processing /home/airflow/.local/lib/python3.12/site-packages/airflow/example_dags/example_branch_day_of_week_operator.py took 0.105 seconds
[2025-01-20T09:08:52.787+0000] {processor.py:186} INFO - Started process (PID=78586) to work on /home/airflow/.local/lib/python3.12/site-packages/airflow/example_dags/example_branch_day_of_week_operator.py
[2025-01-20T09:08:52.788+0000] {processor.py:914} INFO - Processing file /home/airflow/.local/lib/python3.12/site-packages/airflow/example_dags/example_branch_day_of_week_operator.py for tasks to queue
[2025-01-20T09:08:52.789+0000] {logging_mixin.py:190} INFO - [2025-01-20T09:08:52.789+0000] {dagbag.py:588} INFO - Filling up the DagBag from /home/airflow/.local/lib/python3.12/site-packages/airflow/example_dags/example_branch_day_of_week_operator.py
[2025-01-20T09:08:52.801+0000] {processor.py:925} INFO - DAG(s) 'example_weekday_branch_operator' retrieved from /home/airflow/.local/lib/python3.12/site-packages/airflow/example_dags/example_branch_day_of_week_operator.py
[2025-01-20T09:08:52.818+0000] {logging_mixin.py:190} INFO - [2025-01-20T09:08:52.817+0000] {dag.py:3239} INFO - Sync 1 DAGs
[2025-01-20T09:08:52.832+0000] {logging_mixin.py:190} INFO - [2025-01-20T09:08:52.832+0000] {dag.py:4180} INFO - Setting next_dagrun for example_weekday_branch_operator to 2025-01-19 00:00:00+00:00, run_after=2025-01-20 00:00:00+00:00
[2025-01-20T09:08:52.846+0000] {processor.py:208} INFO - Processing /home/airflow/.local/lib/python3.12/site-packages/airflow/example_dags/example_branch_day_of_week_operator.py took 0.064 seconds
[2025-01-20T09:09:22.873+0000] {processor.py:186} INFO - Started process (PID=78887) to work on /home/airflow/.local/lib/python3.12/site-packages/airflow/example_dags/example_branch_day_of_week_operator.py
[2025-01-20T09:09:22.874+0000] {processor.py:914} INFO - Processing file /home/airflow/.local/lib/python3.12/site-packages/airflow/example_dags/example_branch_day_of_week_operator.py for tasks to queue
[2025-01-20T09:09:22.875+0000] {logging_mixin.py:190} INFO - [2025-01-20T09:09:22.875+0000] {dagbag.py:588} INFO - Filling up the DagBag from /home/airflow/.local/lib/python3.12/site-packages/airflow/example_dags/example_branch_day_of_week_operator.py
[2025-01-20T09:09:22.882+0000] {processor.py:925} INFO - DAG(s) 'example_weekday_branch_operator' retrieved from /home/airflow/.local/lib/python3.12/site-packages/airflow/example_dags/example_branch_day_of_week_operator.py
[2025-01-20T09:09:22.894+0000] {logging_mixin.py:190} INFO - [2025-01-20T09:09:22.894+0000] {dag.py:3239} INFO - Sync 1 DAGs
[2025-01-20T09:09:22.908+0000] {logging_mixin.py:190} INFO - [2025-01-20T09:09:22.908+0000] {dag.py:4180} INFO - Setting next_dagrun for example_weekday_branch_operator to 2025-01-19 00:00:00+00:00, run_after=2025-01-20 00:00:00+00:00
[2025-01-20T09:09:22.919+0000] {processor.py:208} INFO - Processing /home/airflow/.local/lib/python3.12/site-packages/airflow/example_dags/example_branch_day_of_week_operator.py took 0.050 seconds
