[2025-01-20T08:06:42.190+0000] {processor.py:186} INFO - Started process (PID=41588) to work on /home/airflow/.local/lib/python3.12/site-packages/airflow/example_dags/tutorial_taskflow_api.py
[2025-01-20T08:06:42.191+0000] {processor.py:914} INFO - Processing file /home/airflow/.local/lib/python3.12/site-packages/airflow/example_dags/tutorial_taskflow_api.py for tasks to queue
[2025-01-20T08:06:42.194+0000] {logging_mixin.py:190} INFO - [2025-01-20T08:06:42.194+0000] {dagbag.py:588} INFO - Filling up the DagBag from /home/airflow/.local/lib/python3.12/site-packages/airflow/example_dags/tutorial_taskflow_api.py
[2025-01-20T08:06:42.206+0000] {processor.py:925} INFO - DAG(s) 'tutorial_taskflow_api' retrieved from /home/airflow/.local/lib/python3.12/site-packages/airflow/example_dags/tutorial_taskflow_api.py
[2025-01-20T08:06:42.240+0000] {logging_mixin.py:190} INFO - [2025-01-20T08:06:42.240+0000] {dag.py:3239} INFO - Sync 1 DAGs
[2025-01-20T08:06:42.265+0000] {logging_mixin.py:190} INFO - [2025-01-20T08:06:42.265+0000] {dag.py:4180} INFO - Setting next_dagrun for tutorial_taskflow_api to None, run_after=None
[2025-01-20T08:06:42.309+0000] {processor.py:208} INFO - Processing /home/airflow/.local/lib/python3.12/site-packages/airflow/example_dags/tutorial_taskflow_api.py took 0.126 seconds
[2025-01-20T08:07:12.943+0000] {processor.py:186} INFO - Started process (PID=41914) to work on /home/airflow/.local/lib/python3.12/site-packages/airflow/example_dags/tutorial_taskflow_api.py
[2025-01-20T08:07:12.944+0000] {processor.py:914} INFO - Processing file /home/airflow/.local/lib/python3.12/site-packages/airflow/example_dags/tutorial_taskflow_api.py for tasks to queue
[2025-01-20T08:07:12.946+0000] {logging_mixin.py:190} INFO - [2025-01-20T08:07:12.945+0000] {dagbag.py:588} INFO - Filling up the DagBag from /home/airflow/.local/lib/python3.12/site-packages/airflow/example_dags/tutorial_taskflow_api.py
[2025-01-20T08:07:12.953+0000] {processor.py:925} INFO - DAG(s) 'tutorial_taskflow_api' retrieved from /home/airflow/.local/lib/python3.12/site-packages/airflow/example_dags/tutorial_taskflow_api.py
[2025-01-20T08:07:12.974+0000] {logging_mixin.py:190} INFO - [2025-01-20T08:07:12.973+0000] {dag.py:3239} INFO - Sync 1 DAGs
[2025-01-20T08:07:12.989+0000] {logging_mixin.py:190} INFO - [2025-01-20T08:07:12.989+0000] {dag.py:4180} INFO - Setting next_dagrun for tutorial_taskflow_api to None, run_after=None
[2025-01-20T08:07:13.007+0000] {processor.py:208} INFO - Processing /home/airflow/.local/lib/python3.12/site-packages/airflow/example_dags/tutorial_taskflow_api.py took 0.068 seconds
[2025-01-20T08:07:43.115+0000] {processor.py:186} INFO - Started process (PID=42215) to work on /home/airflow/.local/lib/python3.12/site-packages/airflow/example_dags/tutorial_taskflow_api.py
[2025-01-20T08:07:43.115+0000] {processor.py:914} INFO - Processing file /home/airflow/.local/lib/python3.12/site-packages/airflow/example_dags/tutorial_taskflow_api.py for tasks to queue
[2025-01-20T08:07:43.117+0000] {logging_mixin.py:190} INFO - [2025-01-20T08:07:43.117+0000] {dagbag.py:588} INFO - Filling up the DagBag from /home/airflow/.local/lib/python3.12/site-packages/airflow/example_dags/tutorial_taskflow_api.py
[2025-01-20T08:07:43.125+0000] {processor.py:925} INFO - DAG(s) 'tutorial_taskflow_api' retrieved from /home/airflow/.local/lib/python3.12/site-packages/airflow/example_dags/tutorial_taskflow_api.py
[2025-01-20T08:07:43.150+0000] {logging_mixin.py:190} INFO - [2025-01-20T08:07:43.149+0000] {dag.py:3239} INFO - Sync 1 DAGs
[2025-01-20T08:07:43.171+0000] {logging_mixin.py:190} INFO - [2025-01-20T08:07:43.170+0000] {dag.py:4180} INFO - Setting next_dagrun for tutorial_taskflow_api to None, run_after=None
[2025-01-20T08:07:43.187+0000] {processor.py:208} INFO - Processing /home/airflow/.local/lib/python3.12/site-packages/airflow/example_dags/tutorial_taskflow_api.py took 0.076 seconds
[2025-01-20T08:08:13.722+0000] {processor.py:186} INFO - Started process (PID=42521) to work on /home/airflow/.local/lib/python3.12/site-packages/airflow/example_dags/tutorial_taskflow_api.py
[2025-01-20T08:08:13.723+0000] {processor.py:914} INFO - Processing file /home/airflow/.local/lib/python3.12/site-packages/airflow/example_dags/tutorial_taskflow_api.py for tasks to queue
[2025-01-20T08:08:13.726+0000] {logging_mixin.py:190} INFO - [2025-01-20T08:08:13.726+0000] {dagbag.py:588} INFO - Filling up the DagBag from /home/airflow/.local/lib/python3.12/site-packages/airflow/example_dags/tutorial_taskflow_api.py
[2025-01-20T08:08:13.741+0000] {processor.py:925} INFO - DAG(s) 'tutorial_taskflow_api' retrieved from /home/airflow/.local/lib/python3.12/site-packages/airflow/example_dags/tutorial_taskflow_api.py
[2025-01-20T08:08:13.760+0000] {logging_mixin.py:190} INFO - [2025-01-20T08:08:13.759+0000] {dag.py:3239} INFO - Sync 1 DAGs
[2025-01-20T08:08:13.770+0000] {logging_mixin.py:190} INFO - [2025-01-20T08:08:13.770+0000] {dag.py:4180} INFO - Setting next_dagrun for tutorial_taskflow_api to None, run_after=None
[2025-01-20T08:08:13.792+0000] {processor.py:208} INFO - Processing /home/airflow/.local/lib/python3.12/site-packages/airflow/example_dags/tutorial_taskflow_api.py took 0.074 seconds
[2025-01-20T08:08:44.226+0000] {processor.py:186} INFO - Started process (PID=42822) to work on /home/airflow/.local/lib/python3.12/site-packages/airflow/example_dags/tutorial_taskflow_api.py
[2025-01-20T08:08:44.227+0000] {processor.py:914} INFO - Processing file /home/airflow/.local/lib/python3.12/site-packages/airflow/example_dags/tutorial_taskflow_api.py for tasks to queue
[2025-01-20T08:08:44.229+0000] {logging_mixin.py:190} INFO - [2025-01-20T08:08:44.229+0000] {dagbag.py:588} INFO - Filling up the DagBag from /home/airflow/.local/lib/python3.12/site-packages/airflow/example_dags/tutorial_taskflow_api.py
[2025-01-20T08:08:44.237+0000] {processor.py:925} INFO - DAG(s) 'tutorial_taskflow_api' retrieved from /home/airflow/.local/lib/python3.12/site-packages/airflow/example_dags/tutorial_taskflow_api.py
[2025-01-20T08:08:44.252+0000] {logging_mixin.py:190} INFO - [2025-01-20T08:08:44.252+0000] {dag.py:3239} INFO - Sync 1 DAGs
[2025-01-20T08:08:44.269+0000] {logging_mixin.py:190} INFO - [2025-01-20T08:08:44.269+0000] {dag.py:4180} INFO - Setting next_dagrun for tutorial_taskflow_api to None, run_after=None
[2025-01-20T08:08:44.287+0000] {processor.py:208} INFO - Processing /home/airflow/.local/lib/python3.12/site-packages/airflow/example_dags/tutorial_taskflow_api.py took 0.069 seconds
[2025-01-20T08:09:14.394+0000] {processor.py:186} INFO - Started process (PID=43128) to work on /home/airflow/.local/lib/python3.12/site-packages/airflow/example_dags/tutorial_taskflow_api.py
[2025-01-20T08:09:14.394+0000] {processor.py:914} INFO - Processing file /home/airflow/.local/lib/python3.12/site-packages/airflow/example_dags/tutorial_taskflow_api.py for tasks to queue
[2025-01-20T08:09:14.396+0000] {logging_mixin.py:190} INFO - [2025-01-20T08:09:14.396+0000] {dagbag.py:588} INFO - Filling up the DagBag from /home/airflow/.local/lib/python3.12/site-packages/airflow/example_dags/tutorial_taskflow_api.py
[2025-01-20T08:09:14.401+0000] {processor.py:925} INFO - DAG(s) 'tutorial_taskflow_api' retrieved from /home/airflow/.local/lib/python3.12/site-packages/airflow/example_dags/tutorial_taskflow_api.py
[2025-01-20T08:09:14.416+0000] {logging_mixin.py:190} INFO - [2025-01-20T08:09:14.416+0000] {dag.py:3239} INFO - Sync 1 DAGs
[2025-01-20T08:09:14.425+0000] {logging_mixin.py:190} INFO - [2025-01-20T08:09:14.425+0000] {dag.py:4180} INFO - Setting next_dagrun for tutorial_taskflow_api to None, run_after=None
[2025-01-20T08:09:14.445+0000] {processor.py:208} INFO - Processing /home/airflow/.local/lib/python3.12/site-packages/airflow/example_dags/tutorial_taskflow_api.py took 0.055 seconds
[2025-01-20T08:09:45.017+0000] {processor.py:186} INFO - Started process (PID=43429) to work on /home/airflow/.local/lib/python3.12/site-packages/airflow/example_dags/tutorial_taskflow_api.py
[2025-01-20T08:09:45.018+0000] {processor.py:914} INFO - Processing file /home/airflow/.local/lib/python3.12/site-packages/airflow/example_dags/tutorial_taskflow_api.py for tasks to queue
[2025-01-20T08:09:45.020+0000] {logging_mixin.py:190} INFO - [2025-01-20T08:09:45.020+0000] {dagbag.py:588} INFO - Filling up the DagBag from /home/airflow/.local/lib/python3.12/site-packages/airflow/example_dags/tutorial_taskflow_api.py
[2025-01-20T08:09:45.026+0000] {processor.py:925} INFO - DAG(s) 'tutorial_taskflow_api' retrieved from /home/airflow/.local/lib/python3.12/site-packages/airflow/example_dags/tutorial_taskflow_api.py
[2025-01-20T08:09:45.046+0000] {logging_mixin.py:190} INFO - [2025-01-20T08:09:45.045+0000] {dag.py:3239} INFO - Sync 1 DAGs
[2025-01-20T08:09:45.057+0000] {logging_mixin.py:190} INFO - [2025-01-20T08:09:45.056+0000] {dag.py:4180} INFO - Setting next_dagrun for tutorial_taskflow_api to None, run_after=None
[2025-01-20T08:09:45.069+0000] {processor.py:208} INFO - Processing /home/airflow/.local/lib/python3.12/site-packages/airflow/example_dags/tutorial_taskflow_api.py took 0.055 seconds
[2025-01-20T08:10:15.419+0000] {processor.py:186} INFO - Started process (PID=43735) to work on /home/airflow/.local/lib/python3.12/site-packages/airflow/example_dags/tutorial_taskflow_api.py
[2025-01-20T08:10:15.420+0000] {processor.py:914} INFO - Processing file /home/airflow/.local/lib/python3.12/site-packages/airflow/example_dags/tutorial_taskflow_api.py for tasks to queue
[2025-01-20T08:10:15.422+0000] {logging_mixin.py:190} INFO - [2025-01-20T08:10:15.421+0000] {dagbag.py:588} INFO - Filling up the DagBag from /home/airflow/.local/lib/python3.12/site-packages/airflow/example_dags/tutorial_taskflow_api.py
[2025-01-20T08:10:15.427+0000] {processor.py:925} INFO - DAG(s) 'tutorial_taskflow_api' retrieved from /home/airflow/.local/lib/python3.12/site-packages/airflow/example_dags/tutorial_taskflow_api.py
[2025-01-20T08:10:15.440+0000] {logging_mixin.py:190} INFO - [2025-01-20T08:10:15.440+0000] {dag.py:3239} INFO - Sync 1 DAGs
[2025-01-20T08:10:15.449+0000] {logging_mixin.py:190} INFO - [2025-01-20T08:10:15.449+0000] {dag.py:4180} INFO - Setting next_dagrun for tutorial_taskflow_api to None, run_after=None
[2025-01-20T08:10:15.462+0000] {processor.py:208} INFO - Processing /home/airflow/.local/lib/python3.12/site-packages/airflow/example_dags/tutorial_taskflow_api.py took 0.047 seconds
[2025-01-20T08:10:45.890+0000] {processor.py:186} INFO - Started process (PID=44036) to work on /home/airflow/.local/lib/python3.12/site-packages/airflow/example_dags/tutorial_taskflow_api.py
[2025-01-20T08:10:45.891+0000] {processor.py:914} INFO - Processing file /home/airflow/.local/lib/python3.12/site-packages/airflow/example_dags/tutorial_taskflow_api.py for tasks to queue
[2025-01-20T08:10:45.893+0000] {logging_mixin.py:190} INFO - [2025-01-20T08:10:45.893+0000] {dagbag.py:588} INFO - Filling up the DagBag from /home/airflow/.local/lib/python3.12/site-packages/airflow/example_dags/tutorial_taskflow_api.py
[2025-01-20T08:10:45.899+0000] {processor.py:925} INFO - DAG(s) 'tutorial_taskflow_api' retrieved from /home/airflow/.local/lib/python3.12/site-packages/airflow/example_dags/tutorial_taskflow_api.py
[2025-01-20T08:10:45.912+0000] {logging_mixin.py:190} INFO - [2025-01-20T08:10:45.912+0000] {dag.py:3239} INFO - Sync 1 DAGs
[2025-01-20T08:10:45.922+0000] {logging_mixin.py:190} INFO - [2025-01-20T08:10:45.921+0000] {dag.py:4180} INFO - Setting next_dagrun for tutorial_taskflow_api to None, run_after=None
[2025-01-20T08:10:45.938+0000] {processor.py:208} INFO - Processing /home/airflow/.local/lib/python3.12/site-packages/airflow/example_dags/tutorial_taskflow_api.py took 0.051 seconds
[2025-01-20T08:11:16.555+0000] {processor.py:186} INFO - Started process (PID=44344) to work on /home/airflow/.local/lib/python3.12/site-packages/airflow/example_dags/tutorial_taskflow_api.py
[2025-01-20T08:11:16.556+0000] {processor.py:914} INFO - Processing file /home/airflow/.local/lib/python3.12/site-packages/airflow/example_dags/tutorial_taskflow_api.py for tasks to queue
[2025-01-20T08:11:16.558+0000] {logging_mixin.py:190} INFO - [2025-01-20T08:11:16.558+0000] {dagbag.py:588} INFO - Filling up the DagBag from /home/airflow/.local/lib/python3.12/site-packages/airflow/example_dags/tutorial_taskflow_api.py
[2025-01-20T08:11:16.565+0000] {processor.py:925} INFO - DAG(s) 'tutorial_taskflow_api' retrieved from /home/airflow/.local/lib/python3.12/site-packages/airflow/example_dags/tutorial_taskflow_api.py
[2025-01-20T08:11:16.577+0000] {logging_mixin.py:190} INFO - [2025-01-20T08:11:16.577+0000] {dag.py:3239} INFO - Sync 1 DAGs
[2025-01-20T08:11:16.587+0000] {logging_mixin.py:190} INFO - [2025-01-20T08:11:16.587+0000] {dag.py:4180} INFO - Setting next_dagrun for tutorial_taskflow_api to None, run_after=None
[2025-01-20T08:11:16.602+0000] {processor.py:208} INFO - Processing /home/airflow/.local/lib/python3.12/site-packages/airflow/example_dags/tutorial_taskflow_api.py took 0.053 seconds
[2025-01-20T08:11:47.377+0000] {processor.py:186} INFO - Started process (PID=44643) to work on /home/airflow/.local/lib/python3.12/site-packages/airflow/example_dags/tutorial_taskflow_api.py
[2025-01-20T08:11:47.378+0000] {processor.py:914} INFO - Processing file /home/airflow/.local/lib/python3.12/site-packages/airflow/example_dags/tutorial_taskflow_api.py for tasks to queue
[2025-01-20T08:11:47.382+0000] {logging_mixin.py:190} INFO - [2025-01-20T08:11:47.380+0000] {dagbag.py:588} INFO - Filling up the DagBag from /home/airflow/.local/lib/python3.12/site-packages/airflow/example_dags/tutorial_taskflow_api.py
[2025-01-20T08:11:47.395+0000] {processor.py:925} INFO - DAG(s) 'tutorial_taskflow_api' retrieved from /home/airflow/.local/lib/python3.12/site-packages/airflow/example_dags/tutorial_taskflow_api.py
[2025-01-20T08:11:47.431+0000] {logging_mixin.py:190} INFO - [2025-01-20T08:11:47.431+0000] {dag.py:3239} INFO - Sync 1 DAGs
[2025-01-20T08:11:47.443+0000] {logging_mixin.py:190} INFO - [2025-01-20T08:11:47.443+0000] {dag.py:4180} INFO - Setting next_dagrun for tutorial_taskflow_api to None, run_after=None
[2025-01-20T08:11:47.467+0000] {processor.py:208} INFO - Processing /home/airflow/.local/lib/python3.12/site-packages/airflow/example_dags/tutorial_taskflow_api.py took 0.100 seconds
[2025-01-20T08:12:17.709+0000] {processor.py:186} INFO - Started process (PID=44949) to work on /home/airflow/.local/lib/python3.12/site-packages/airflow/example_dags/tutorial_taskflow_api.py
[2025-01-20T08:12:17.710+0000] {processor.py:914} INFO - Processing file /home/airflow/.local/lib/python3.12/site-packages/airflow/example_dags/tutorial_taskflow_api.py for tasks to queue
[2025-01-20T08:12:17.712+0000] {logging_mixin.py:190} INFO - [2025-01-20T08:12:17.711+0000] {dagbag.py:588} INFO - Filling up the DagBag from /home/airflow/.local/lib/python3.12/site-packages/airflow/example_dags/tutorial_taskflow_api.py
[2025-01-20T08:12:17.718+0000] {processor.py:925} INFO - DAG(s) 'tutorial_taskflow_api' retrieved from /home/airflow/.local/lib/python3.12/site-packages/airflow/example_dags/tutorial_taskflow_api.py
[2025-01-20T08:12:17.735+0000] {logging_mixin.py:190} INFO - [2025-01-20T08:12:17.735+0000] {dag.py:3239} INFO - Sync 1 DAGs
[2025-01-20T08:12:17.746+0000] {logging_mixin.py:190} INFO - [2025-01-20T08:12:17.746+0000] {dag.py:4180} INFO - Setting next_dagrun for tutorial_taskflow_api to None, run_after=None
[2025-01-20T08:12:17.763+0000] {processor.py:208} INFO - Processing /home/airflow/.local/lib/python3.12/site-packages/airflow/example_dags/tutorial_taskflow_api.py took 0.060 seconds
[2025-01-20T08:12:49.016+0000] {processor.py:186} INFO - Started process (PID=45250) to work on /home/airflow/.local/lib/python3.12/site-packages/airflow/example_dags/tutorial_taskflow_api.py
[2025-01-20T08:12:49.017+0000] {processor.py:914} INFO - Processing file /home/airflow/.local/lib/python3.12/site-packages/airflow/example_dags/tutorial_taskflow_api.py for tasks to queue
[2025-01-20T08:12:49.019+0000] {logging_mixin.py:190} INFO - [2025-01-20T08:12:49.019+0000] {dagbag.py:588} INFO - Filling up the DagBag from /home/airflow/.local/lib/python3.12/site-packages/airflow/example_dags/tutorial_taskflow_api.py
[2025-01-20T08:12:49.025+0000] {processor.py:925} INFO - DAG(s) 'tutorial_taskflow_api' retrieved from /home/airflow/.local/lib/python3.12/site-packages/airflow/example_dags/tutorial_taskflow_api.py
[2025-01-20T08:12:49.039+0000] {logging_mixin.py:190} INFO - [2025-01-20T08:12:49.039+0000] {dag.py:3239} INFO - Sync 1 DAGs
[2025-01-20T08:12:49.050+0000] {logging_mixin.py:190} INFO - [2025-01-20T08:12:49.050+0000] {dag.py:4180} INFO - Setting next_dagrun for tutorial_taskflow_api to None, run_after=None
[2025-01-20T08:12:49.066+0000] {processor.py:208} INFO - Processing /home/airflow/.local/lib/python3.12/site-packages/airflow/example_dags/tutorial_taskflow_api.py took 0.055 seconds
[2025-01-20T08:13:19.923+0000] {processor.py:186} INFO - Started process (PID=45556) to work on /home/airflow/.local/lib/python3.12/site-packages/airflow/example_dags/tutorial_taskflow_api.py
[2025-01-20T08:13:19.923+0000] {processor.py:914} INFO - Processing file /home/airflow/.local/lib/python3.12/site-packages/airflow/example_dags/tutorial_taskflow_api.py for tasks to queue
[2025-01-20T08:13:19.925+0000] {logging_mixin.py:190} INFO - [2025-01-20T08:13:19.925+0000] {dagbag.py:588} INFO - Filling up the DagBag from /home/airflow/.local/lib/python3.12/site-packages/airflow/example_dags/tutorial_taskflow_api.py
[2025-01-20T08:13:19.931+0000] {processor.py:925} INFO - DAG(s) 'tutorial_taskflow_api' retrieved from /home/airflow/.local/lib/python3.12/site-packages/airflow/example_dags/tutorial_taskflow_api.py
[2025-01-20T08:13:19.946+0000] {logging_mixin.py:190} INFO - [2025-01-20T08:13:19.946+0000] {dag.py:3239} INFO - Sync 1 DAGs
[2025-01-20T08:13:19.956+0000] {logging_mixin.py:190} INFO - [2025-01-20T08:13:19.955+0000] {dag.py:4180} INFO - Setting next_dagrun for tutorial_taskflow_api to None, run_after=None
[2025-01-20T08:13:19.969+0000] {processor.py:208} INFO - Processing /home/airflow/.local/lib/python3.12/site-packages/airflow/example_dags/tutorial_taskflow_api.py took 0.050 seconds
[2025-01-20T08:13:50.957+0000] {processor.py:186} INFO - Started process (PID=45859) to work on /home/airflow/.local/lib/python3.12/site-packages/airflow/example_dags/tutorial_taskflow_api.py
[2025-01-20T08:13:50.958+0000] {processor.py:914} INFO - Processing file /home/airflow/.local/lib/python3.12/site-packages/airflow/example_dags/tutorial_taskflow_api.py for tasks to queue
[2025-01-20T08:13:50.960+0000] {logging_mixin.py:190} INFO - [2025-01-20T08:13:50.960+0000] {dagbag.py:588} INFO - Filling up the DagBag from /home/airflow/.local/lib/python3.12/site-packages/airflow/example_dags/tutorial_taskflow_api.py
[2025-01-20T08:13:50.968+0000] {processor.py:925} INFO - DAG(s) 'tutorial_taskflow_api' retrieved from /home/airflow/.local/lib/python3.12/site-packages/airflow/example_dags/tutorial_taskflow_api.py
[2025-01-20T08:13:50.991+0000] {logging_mixin.py:190} INFO - [2025-01-20T08:13:50.990+0000] {dag.py:3239} INFO - Sync 1 DAGs
[2025-01-20T08:13:51.001+0000] {logging_mixin.py:190} INFO - [2025-01-20T08:13:51.001+0000] {dag.py:4180} INFO - Setting next_dagrun for tutorial_taskflow_api to None, run_after=None
[2025-01-20T08:13:51.016+0000] {processor.py:208} INFO - Processing /home/airflow/.local/lib/python3.12/site-packages/airflow/example_dags/tutorial_taskflow_api.py took 0.064 seconds
[2025-01-20T08:14:21.644+0000] {processor.py:186} INFO - Started process (PID=46163) to work on /home/airflow/.local/lib/python3.12/site-packages/airflow/example_dags/tutorial_taskflow_api.py
[2025-01-20T08:14:21.644+0000] {processor.py:914} INFO - Processing file /home/airflow/.local/lib/python3.12/site-packages/airflow/example_dags/tutorial_taskflow_api.py for tasks to queue
[2025-01-20T08:14:21.646+0000] {logging_mixin.py:190} INFO - [2025-01-20T08:14:21.646+0000] {dagbag.py:588} INFO - Filling up the DagBag from /home/airflow/.local/lib/python3.12/site-packages/airflow/example_dags/tutorial_taskflow_api.py
[2025-01-20T08:14:21.652+0000] {processor.py:925} INFO - DAG(s) 'tutorial_taskflow_api' retrieved from /home/airflow/.local/lib/python3.12/site-packages/airflow/example_dags/tutorial_taskflow_api.py
[2025-01-20T08:14:21.668+0000] {logging_mixin.py:190} INFO - [2025-01-20T08:14:21.667+0000] {dag.py:3239} INFO - Sync 1 DAGs
[2025-01-20T08:14:21.678+0000] {logging_mixin.py:190} INFO - [2025-01-20T08:14:21.678+0000] {dag.py:4180} INFO - Setting next_dagrun for tutorial_taskflow_api to None, run_after=None
[2025-01-20T08:14:21.693+0000] {processor.py:208} INFO - Processing /home/airflow/.local/lib/python3.12/site-packages/airflow/example_dags/tutorial_taskflow_api.py took 0.053 seconds
[2025-01-20T08:14:52.679+0000] {processor.py:186} INFO - Started process (PID=46466) to work on /home/airflow/.local/lib/python3.12/site-packages/airflow/example_dags/tutorial_taskflow_api.py
[2025-01-20T08:14:52.680+0000] {processor.py:914} INFO - Processing file /home/airflow/.local/lib/python3.12/site-packages/airflow/example_dags/tutorial_taskflow_api.py for tasks to queue
[2025-01-20T08:14:52.681+0000] {logging_mixin.py:190} INFO - [2025-01-20T08:14:52.681+0000] {dagbag.py:588} INFO - Filling up the DagBag from /home/airflow/.local/lib/python3.12/site-packages/airflow/example_dags/tutorial_taskflow_api.py
[2025-01-20T08:14:52.689+0000] {processor.py:925} INFO - DAG(s) 'tutorial_taskflow_api' retrieved from /home/airflow/.local/lib/python3.12/site-packages/airflow/example_dags/tutorial_taskflow_api.py
[2025-01-20T08:14:52.712+0000] {logging_mixin.py:190} INFO - [2025-01-20T08:14:52.712+0000] {dag.py:3239} INFO - Sync 1 DAGs
[2025-01-20T08:14:52.722+0000] {logging_mixin.py:190} INFO - [2025-01-20T08:14:52.722+0000] {dag.py:4180} INFO - Setting next_dagrun for tutorial_taskflow_api to None, run_after=None
[2025-01-20T08:14:52.737+0000] {processor.py:208} INFO - Processing /home/airflow/.local/lib/python3.12/site-packages/airflow/example_dags/tutorial_taskflow_api.py took 0.065 seconds
[2025-01-20T08:15:23.075+0000] {processor.py:186} INFO - Started process (PID=46772) to work on /home/airflow/.local/lib/python3.12/site-packages/airflow/example_dags/tutorial_taskflow_api.py
[2025-01-20T08:15:23.076+0000] {processor.py:914} INFO - Processing file /home/airflow/.local/lib/python3.12/site-packages/airflow/example_dags/tutorial_taskflow_api.py for tasks to queue
[2025-01-20T08:15:23.078+0000] {logging_mixin.py:190} INFO - [2025-01-20T08:15:23.077+0000] {dagbag.py:588} INFO - Filling up the DagBag from /home/airflow/.local/lib/python3.12/site-packages/airflow/example_dags/tutorial_taskflow_api.py
[2025-01-20T08:15:23.083+0000] {processor.py:925} INFO - DAG(s) 'tutorial_taskflow_api' retrieved from /home/airflow/.local/lib/python3.12/site-packages/airflow/example_dags/tutorial_taskflow_api.py
[2025-01-20T08:15:23.097+0000] {logging_mixin.py:190} INFO - [2025-01-20T08:15:23.097+0000] {dag.py:3239} INFO - Sync 1 DAGs
[2025-01-20T08:15:23.106+0000] {logging_mixin.py:190} INFO - [2025-01-20T08:15:23.106+0000] {dag.py:4180} INFO - Setting next_dagrun for tutorial_taskflow_api to None, run_after=None
[2025-01-20T08:15:23.120+0000] {processor.py:208} INFO - Processing /home/airflow/.local/lib/python3.12/site-packages/airflow/example_dags/tutorial_taskflow_api.py took 0.050 seconds
[2025-01-20T08:15:54.058+0000] {processor.py:186} INFO - Started process (PID=47071) to work on /home/airflow/.local/lib/python3.12/site-packages/airflow/example_dags/tutorial_taskflow_api.py
[2025-01-20T08:15:54.059+0000] {processor.py:914} INFO - Processing file /home/airflow/.local/lib/python3.12/site-packages/airflow/example_dags/tutorial_taskflow_api.py for tasks to queue
[2025-01-20T08:15:54.061+0000] {logging_mixin.py:190} INFO - [2025-01-20T08:15:54.060+0000] {dagbag.py:588} INFO - Filling up the DagBag from /home/airflow/.local/lib/python3.12/site-packages/airflow/example_dags/tutorial_taskflow_api.py
[2025-01-20T08:15:54.069+0000] {processor.py:925} INFO - DAG(s) 'tutorial_taskflow_api' retrieved from /home/airflow/.local/lib/python3.12/site-packages/airflow/example_dags/tutorial_taskflow_api.py
[2025-01-20T08:15:54.089+0000] {logging_mixin.py:190} INFO - [2025-01-20T08:15:54.089+0000] {dag.py:3239} INFO - Sync 1 DAGs
[2025-01-20T08:15:54.099+0000] {logging_mixin.py:190} INFO - [2025-01-20T08:15:54.099+0000] {dag.py:4180} INFO - Setting next_dagrun for tutorial_taskflow_api to None, run_after=None
[2025-01-20T08:15:54.117+0000] {processor.py:208} INFO - Processing /home/airflow/.local/lib/python3.12/site-packages/airflow/example_dags/tutorial_taskflow_api.py took 0.063 seconds
[2025-01-20T08:16:24.436+0000] {processor.py:186} INFO - Started process (PID=47377) to work on /home/airflow/.local/lib/python3.12/site-packages/airflow/example_dags/tutorial_taskflow_api.py
[2025-01-20T08:16:24.436+0000] {processor.py:914} INFO - Processing file /home/airflow/.local/lib/python3.12/site-packages/airflow/example_dags/tutorial_taskflow_api.py for tasks to queue
[2025-01-20T08:16:24.438+0000] {logging_mixin.py:190} INFO - [2025-01-20T08:16:24.438+0000] {dagbag.py:588} INFO - Filling up the DagBag from /home/airflow/.local/lib/python3.12/site-packages/airflow/example_dags/tutorial_taskflow_api.py
[2025-01-20T08:16:24.449+0000] {processor.py:925} INFO - DAG(s) 'tutorial_taskflow_api' retrieved from /home/airflow/.local/lib/python3.12/site-packages/airflow/example_dags/tutorial_taskflow_api.py
[2025-01-20T08:16:24.471+0000] {logging_mixin.py:190} INFO - [2025-01-20T08:16:24.471+0000] {dag.py:3239} INFO - Sync 1 DAGs
[2025-01-20T08:16:24.488+0000] {logging_mixin.py:190} INFO - [2025-01-20T08:16:24.487+0000] {dag.py:4180} INFO - Setting next_dagrun for tutorial_taskflow_api to None, run_after=None
[2025-01-20T08:16:24.502+0000] {processor.py:208} INFO - Processing /home/airflow/.local/lib/python3.12/site-packages/airflow/example_dags/tutorial_taskflow_api.py took 0.073 seconds
[2025-01-20T08:16:55.332+0000] {processor.py:186} INFO - Started process (PID=47678) to work on /home/airflow/.local/lib/python3.12/site-packages/airflow/example_dags/tutorial_taskflow_api.py
[2025-01-20T08:16:55.333+0000] {processor.py:914} INFO - Processing file /home/airflow/.local/lib/python3.12/site-packages/airflow/example_dags/tutorial_taskflow_api.py for tasks to queue
[2025-01-20T08:16:55.335+0000] {logging_mixin.py:190} INFO - [2025-01-20T08:16:55.335+0000] {dagbag.py:588} INFO - Filling up the DagBag from /home/airflow/.local/lib/python3.12/site-packages/airflow/example_dags/tutorial_taskflow_api.py
[2025-01-20T08:16:55.341+0000] {processor.py:925} INFO - DAG(s) 'tutorial_taskflow_api' retrieved from /home/airflow/.local/lib/python3.12/site-packages/airflow/example_dags/tutorial_taskflow_api.py
[2025-01-20T08:16:55.354+0000] {logging_mixin.py:190} INFO - [2025-01-20T08:16:55.354+0000] {dag.py:3239} INFO - Sync 1 DAGs
[2025-01-20T08:16:55.365+0000] {logging_mixin.py:190} INFO - [2025-01-20T08:16:55.365+0000] {dag.py:4180} INFO - Setting next_dagrun for tutorial_taskflow_api to None, run_after=None
[2025-01-20T08:16:55.380+0000] {processor.py:208} INFO - Processing /home/airflow/.local/lib/python3.12/site-packages/airflow/example_dags/tutorial_taskflow_api.py took 0.055 seconds
[2025-01-20T08:17:26.310+0000] {processor.py:186} INFO - Started process (PID=47984) to work on /home/airflow/.local/lib/python3.12/site-packages/airflow/example_dags/tutorial_taskflow_api.py
[2025-01-20T08:17:26.311+0000] {processor.py:914} INFO - Processing file /home/airflow/.local/lib/python3.12/site-packages/airflow/example_dags/tutorial_taskflow_api.py for tasks to queue
[2025-01-20T08:17:26.314+0000] {logging_mixin.py:190} INFO - [2025-01-20T08:17:26.313+0000] {dagbag.py:588} INFO - Filling up the DagBag from /home/airflow/.local/lib/python3.12/site-packages/airflow/example_dags/tutorial_taskflow_api.py
[2025-01-20T08:17:26.322+0000] {processor.py:925} INFO - DAG(s) 'tutorial_taskflow_api' retrieved from /home/airflow/.local/lib/python3.12/site-packages/airflow/example_dags/tutorial_taskflow_api.py
[2025-01-20T08:17:26.336+0000] {logging_mixin.py:190} INFO - [2025-01-20T08:17:26.336+0000] {dag.py:3239} INFO - Sync 1 DAGs
[2025-01-20T08:17:26.346+0000] {logging_mixin.py:190} INFO - [2025-01-20T08:17:26.346+0000] {dag.py:4180} INFO - Setting next_dagrun for tutorial_taskflow_api to None, run_after=None
[2025-01-20T08:17:26.363+0000] {processor.py:208} INFO - Processing /home/airflow/.local/lib/python3.12/site-packages/airflow/example_dags/tutorial_taskflow_api.py took 0.060 seconds
[2025-01-20T08:17:57.063+0000] {processor.py:186} INFO - Started process (PID=48285) to work on /home/airflow/.local/lib/python3.12/site-packages/airflow/example_dags/tutorial_taskflow_api.py
[2025-01-20T08:17:57.064+0000] {processor.py:914} INFO - Processing file /home/airflow/.local/lib/python3.12/site-packages/airflow/example_dags/tutorial_taskflow_api.py for tasks to queue
[2025-01-20T08:17:57.066+0000] {logging_mixin.py:190} INFO - [2025-01-20T08:17:57.066+0000] {dagbag.py:588} INFO - Filling up the DagBag from /home/airflow/.local/lib/python3.12/site-packages/airflow/example_dags/tutorial_taskflow_api.py
[2025-01-20T08:17:57.076+0000] {processor.py:925} INFO - DAG(s) 'tutorial_taskflow_api' retrieved from /home/airflow/.local/lib/python3.12/site-packages/airflow/example_dags/tutorial_taskflow_api.py
[2025-01-20T08:17:57.094+0000] {logging_mixin.py:190} INFO - [2025-01-20T08:17:57.093+0000] {dag.py:3239} INFO - Sync 1 DAGs
[2025-01-20T08:17:57.108+0000] {logging_mixin.py:190} INFO - [2025-01-20T08:17:57.108+0000] {dag.py:4180} INFO - Setting next_dagrun for tutorial_taskflow_api to None, run_after=None
[2025-01-20T08:17:57.124+0000] {processor.py:208} INFO - Processing /home/airflow/.local/lib/python3.12/site-packages/airflow/example_dags/tutorial_taskflow_api.py took 0.065 seconds
[2025-01-20T08:18:27.826+0000] {processor.py:186} INFO - Started process (PID=48593) to work on /home/airflow/.local/lib/python3.12/site-packages/airflow/example_dags/tutorial_taskflow_api.py
[2025-01-20T08:18:27.827+0000] {processor.py:914} INFO - Processing file /home/airflow/.local/lib/python3.12/site-packages/airflow/example_dags/tutorial_taskflow_api.py for tasks to queue
[2025-01-20T08:18:27.829+0000] {logging_mixin.py:190} INFO - [2025-01-20T08:18:27.828+0000] {dagbag.py:588} INFO - Filling up the DagBag from /home/airflow/.local/lib/python3.12/site-packages/airflow/example_dags/tutorial_taskflow_api.py
[2025-01-20T08:18:27.834+0000] {processor.py:925} INFO - DAG(s) 'tutorial_taskflow_api' retrieved from /home/airflow/.local/lib/python3.12/site-packages/airflow/example_dags/tutorial_taskflow_api.py
[2025-01-20T08:18:27.847+0000] {logging_mixin.py:190} INFO - [2025-01-20T08:18:27.846+0000] {dag.py:3239} INFO - Sync 1 DAGs
[2025-01-20T08:18:27.855+0000] {logging_mixin.py:190} INFO - [2025-01-20T08:18:27.855+0000] {dag.py:4180} INFO - Setting next_dagrun for tutorial_taskflow_api to None, run_after=None
[2025-01-20T08:18:27.868+0000] {processor.py:208} INFO - Processing /home/airflow/.local/lib/python3.12/site-packages/airflow/example_dags/tutorial_taskflow_api.py took 0.046 seconds
[2025-01-20T08:18:58.781+0000] {processor.py:186} INFO - Started process (PID=48893) to work on /home/airflow/.local/lib/python3.12/site-packages/airflow/example_dags/tutorial_taskflow_api.py
[2025-01-20T08:18:58.782+0000] {processor.py:914} INFO - Processing file /home/airflow/.local/lib/python3.12/site-packages/airflow/example_dags/tutorial_taskflow_api.py for tasks to queue
[2025-01-20T08:18:58.785+0000] {logging_mixin.py:190} INFO - [2025-01-20T08:18:58.784+0000] {dagbag.py:588} INFO - Filling up the DagBag from /home/airflow/.local/lib/python3.12/site-packages/airflow/example_dags/tutorial_taskflow_api.py
[2025-01-20T08:18:58.794+0000] {processor.py:925} INFO - DAG(s) 'tutorial_taskflow_api' retrieved from /home/airflow/.local/lib/python3.12/site-packages/airflow/example_dags/tutorial_taskflow_api.py
[2025-01-20T08:18:58.818+0000] {logging_mixin.py:190} INFO - [2025-01-20T08:18:58.817+0000] {dag.py:3239} INFO - Sync 1 DAGs
[2025-01-20T08:18:58.835+0000] {logging_mixin.py:190} INFO - [2025-01-20T08:18:58.835+0000] {dag.py:4180} INFO - Setting next_dagrun for tutorial_taskflow_api to None, run_after=None
[2025-01-20T08:18:58.856+0000] {processor.py:208} INFO - Processing /home/airflow/.local/lib/python3.12/site-packages/airflow/example_dags/tutorial_taskflow_api.py took 0.081 seconds
[2025-01-20T08:19:29.592+0000] {processor.py:186} INFO - Started process (PID=49199) to work on /home/airflow/.local/lib/python3.12/site-packages/airflow/example_dags/tutorial_taskflow_api.py
[2025-01-20T08:19:29.593+0000] {processor.py:914} INFO - Processing file /home/airflow/.local/lib/python3.12/site-packages/airflow/example_dags/tutorial_taskflow_api.py for tasks to queue
[2025-01-20T08:19:29.595+0000] {logging_mixin.py:190} INFO - [2025-01-20T08:19:29.595+0000] {dagbag.py:588} INFO - Filling up the DagBag from /home/airflow/.local/lib/python3.12/site-packages/airflow/example_dags/tutorial_taskflow_api.py
[2025-01-20T08:19:29.602+0000] {processor.py:925} INFO - DAG(s) 'tutorial_taskflow_api' retrieved from /home/airflow/.local/lib/python3.12/site-packages/airflow/example_dags/tutorial_taskflow_api.py
[2025-01-20T08:19:29.616+0000] {logging_mixin.py:190} INFO - [2025-01-20T08:19:29.616+0000] {dag.py:3239} INFO - Sync 1 DAGs
[2025-01-20T08:19:29.627+0000] {logging_mixin.py:190} INFO - [2025-01-20T08:19:29.627+0000] {dag.py:4180} INFO - Setting next_dagrun for tutorial_taskflow_api to None, run_after=None
[2025-01-20T08:19:29.640+0000] {processor.py:208} INFO - Processing /home/airflow/.local/lib/python3.12/site-packages/airflow/example_dags/tutorial_taskflow_api.py took 0.053 seconds
[2025-01-20T08:20:00.348+0000] {processor.py:186} INFO - Started process (PID=49500) to work on /home/airflow/.local/lib/python3.12/site-packages/airflow/example_dags/tutorial_taskflow_api.py
[2025-01-20T08:20:00.349+0000] {processor.py:914} INFO - Processing file /home/airflow/.local/lib/python3.12/site-packages/airflow/example_dags/tutorial_taskflow_api.py for tasks to queue
[2025-01-20T08:20:00.350+0000] {logging_mixin.py:190} INFO - [2025-01-20T08:20:00.350+0000] {dagbag.py:588} INFO - Filling up the DagBag from /home/airflow/.local/lib/python3.12/site-packages/airflow/example_dags/tutorial_taskflow_api.py
[2025-01-20T08:20:00.356+0000] {processor.py:925} INFO - DAG(s) 'tutorial_taskflow_api' retrieved from /home/airflow/.local/lib/python3.12/site-packages/airflow/example_dags/tutorial_taskflow_api.py
[2025-01-20T08:20:00.373+0000] {logging_mixin.py:190} INFO - [2025-01-20T08:20:00.373+0000] {dag.py:3239} INFO - Sync 1 DAGs
[2025-01-20T08:20:00.384+0000] {logging_mixin.py:190} INFO - [2025-01-20T08:20:00.383+0000] {dag.py:4180} INFO - Setting next_dagrun for tutorial_taskflow_api to None, run_after=None
[2025-01-20T08:20:00.401+0000] {processor.py:208} INFO - Processing /home/airflow/.local/lib/python3.12/site-packages/airflow/example_dags/tutorial_taskflow_api.py took 0.057 seconds
[2025-01-20T08:20:31.123+0000] {processor.py:186} INFO - Started process (PID=49806) to work on /home/airflow/.local/lib/python3.12/site-packages/airflow/example_dags/tutorial_taskflow_api.py
[2025-01-20T08:20:31.124+0000] {processor.py:914} INFO - Processing file /home/airflow/.local/lib/python3.12/site-packages/airflow/example_dags/tutorial_taskflow_api.py for tasks to queue
[2025-01-20T08:20:31.126+0000] {logging_mixin.py:190} INFO - [2025-01-20T08:20:31.126+0000] {dagbag.py:588} INFO - Filling up the DagBag from /home/airflow/.local/lib/python3.12/site-packages/airflow/example_dags/tutorial_taskflow_api.py
[2025-01-20T08:20:31.136+0000] {processor.py:925} INFO - DAG(s) 'tutorial_taskflow_api' retrieved from /home/airflow/.local/lib/python3.12/site-packages/airflow/example_dags/tutorial_taskflow_api.py
[2025-01-20T08:20:31.157+0000] {logging_mixin.py:190} INFO - [2025-01-20T08:20:31.157+0000] {dag.py:3239} INFO - Sync 1 DAGs
[2025-01-20T08:20:31.177+0000] {logging_mixin.py:190} INFO - [2025-01-20T08:20:31.177+0000] {dag.py:4180} INFO - Setting next_dagrun for tutorial_taskflow_api to None, run_after=None
[2025-01-20T08:20:31.196+0000] {processor.py:208} INFO - Processing /home/airflow/.local/lib/python3.12/site-packages/airflow/example_dags/tutorial_taskflow_api.py took 0.077 seconds
[2025-01-20T08:21:02.160+0000] {processor.py:186} INFO - Started process (PID=50112) to work on /home/airflow/.local/lib/python3.12/site-packages/airflow/example_dags/tutorial_taskflow_api.py
[2025-01-20T08:21:02.161+0000] {processor.py:914} INFO - Processing file /home/airflow/.local/lib/python3.12/site-packages/airflow/example_dags/tutorial_taskflow_api.py for tasks to queue
[2025-01-20T08:21:02.164+0000] {logging_mixin.py:190} INFO - [2025-01-20T08:21:02.164+0000] {dagbag.py:588} INFO - Filling up the DagBag from /home/airflow/.local/lib/python3.12/site-packages/airflow/example_dags/tutorial_taskflow_api.py
[2025-01-20T08:21:02.173+0000] {processor.py:925} INFO - DAG(s) 'tutorial_taskflow_api' retrieved from /home/airflow/.local/lib/python3.12/site-packages/airflow/example_dags/tutorial_taskflow_api.py
[2025-01-20T08:21:02.188+0000] {logging_mixin.py:190} INFO - [2025-01-20T08:21:02.188+0000] {dag.py:3239} INFO - Sync 1 DAGs
[2025-01-20T08:21:02.197+0000] {logging_mixin.py:190} INFO - [2025-01-20T08:21:02.197+0000] {dag.py:4180} INFO - Setting next_dagrun for tutorial_taskflow_api to None, run_after=None
[2025-01-20T08:21:02.210+0000] {processor.py:208} INFO - Processing /home/airflow/.local/lib/python3.12/site-packages/airflow/example_dags/tutorial_taskflow_api.py took 0.056 seconds
[2025-01-20T08:21:32.901+0000] {processor.py:186} INFO - Started process (PID=50413) to work on /home/airflow/.local/lib/python3.12/site-packages/airflow/example_dags/tutorial_taskflow_api.py
[2025-01-20T08:21:32.902+0000] {processor.py:914} INFO - Processing file /home/airflow/.local/lib/python3.12/site-packages/airflow/example_dags/tutorial_taskflow_api.py for tasks to queue
[2025-01-20T08:21:32.903+0000] {logging_mixin.py:190} INFO - [2025-01-20T08:21:32.903+0000] {dagbag.py:588} INFO - Filling up the DagBag from /home/airflow/.local/lib/python3.12/site-packages/airflow/example_dags/tutorial_taskflow_api.py
[2025-01-20T08:21:32.909+0000] {processor.py:925} INFO - DAG(s) 'tutorial_taskflow_api' retrieved from /home/airflow/.local/lib/python3.12/site-packages/airflow/example_dags/tutorial_taskflow_api.py
[2025-01-20T08:21:32.924+0000] {logging_mixin.py:190} INFO - [2025-01-20T08:21:32.924+0000] {dag.py:3239} INFO - Sync 1 DAGs
[2025-01-20T08:21:32.937+0000] {logging_mixin.py:190} INFO - [2025-01-20T08:21:32.936+0000] {dag.py:4180} INFO - Setting next_dagrun for tutorial_taskflow_api to None, run_after=None
[2025-01-20T08:21:32.950+0000] {processor.py:208} INFO - Processing /home/airflow/.local/lib/python3.12/site-packages/airflow/example_dags/tutorial_taskflow_api.py took 0.055 seconds
[2025-01-20T08:22:03.927+0000] {processor.py:186} INFO - Started process (PID=50719) to work on /home/airflow/.local/lib/python3.12/site-packages/airflow/example_dags/tutorial_taskflow_api.py
[2025-01-20T08:22:03.928+0000] {processor.py:914} INFO - Processing file /home/airflow/.local/lib/python3.12/site-packages/airflow/example_dags/tutorial_taskflow_api.py for tasks to queue
[2025-01-20T08:22:03.929+0000] {logging_mixin.py:190} INFO - [2025-01-20T08:22:03.929+0000] {dagbag.py:588} INFO - Filling up the DagBag from /home/airflow/.local/lib/python3.12/site-packages/airflow/example_dags/tutorial_taskflow_api.py
[2025-01-20T08:22:03.935+0000] {processor.py:925} INFO - DAG(s) 'tutorial_taskflow_api' retrieved from /home/airflow/.local/lib/python3.12/site-packages/airflow/example_dags/tutorial_taskflow_api.py
[2025-01-20T08:22:03.953+0000] {logging_mixin.py:190} INFO - [2025-01-20T08:22:03.953+0000] {dag.py:3239} INFO - Sync 1 DAGs
[2025-01-20T08:22:03.965+0000] {logging_mixin.py:190} INFO - [2025-01-20T08:22:03.964+0000] {dag.py:4180} INFO - Setting next_dagrun for tutorial_taskflow_api to None, run_after=None
[2025-01-20T08:22:03.985+0000] {processor.py:208} INFO - Processing /home/airflow/.local/lib/python3.12/site-packages/airflow/example_dags/tutorial_taskflow_api.py took 0.062 seconds
[2025-01-20T08:22:34.754+0000] {processor.py:186} INFO - Started process (PID=51020) to work on /home/airflow/.local/lib/python3.12/site-packages/airflow/example_dags/tutorial_taskflow_api.py
[2025-01-20T08:22:34.755+0000] {processor.py:914} INFO - Processing file /home/airflow/.local/lib/python3.12/site-packages/airflow/example_dags/tutorial_taskflow_api.py for tasks to queue
[2025-01-20T08:22:34.759+0000] {logging_mixin.py:190} INFO - [2025-01-20T08:22:34.758+0000] {dagbag.py:588} INFO - Filling up the DagBag from /home/airflow/.local/lib/python3.12/site-packages/airflow/example_dags/tutorial_taskflow_api.py
[2025-01-20T08:22:34.766+0000] {processor.py:925} INFO - DAG(s) 'tutorial_taskflow_api' retrieved from /home/airflow/.local/lib/python3.12/site-packages/airflow/example_dags/tutorial_taskflow_api.py
[2025-01-20T08:22:34.818+0000] {logging_mixin.py:190} INFO - [2025-01-20T08:22:34.817+0000] {dag.py:3239} INFO - Sync 1 DAGs
[2025-01-20T08:22:34.865+0000] {logging_mixin.py:190} INFO - [2025-01-20T08:22:34.864+0000] {dag.py:4180} INFO - Setting next_dagrun for tutorial_taskflow_api to None, run_after=None
[2025-01-20T08:22:34.886+0000] {processor.py:208} INFO - Processing /home/airflow/.local/lib/python3.12/site-packages/airflow/example_dags/tutorial_taskflow_api.py took 0.142 seconds
[2025-01-20T08:23:05.755+0000] {processor.py:186} INFO - Started process (PID=51326) to work on /home/airflow/.local/lib/python3.12/site-packages/airflow/example_dags/tutorial_taskflow_api.py
[2025-01-20T08:23:05.757+0000] {processor.py:914} INFO - Processing file /home/airflow/.local/lib/python3.12/site-packages/airflow/example_dags/tutorial_taskflow_api.py for tasks to queue
[2025-01-20T08:23:05.759+0000] {logging_mixin.py:190} INFO - [2025-01-20T08:23:05.759+0000] {dagbag.py:588} INFO - Filling up the DagBag from /home/airflow/.local/lib/python3.12/site-packages/airflow/example_dags/tutorial_taskflow_api.py
[2025-01-20T08:23:05.765+0000] {processor.py:925} INFO - DAG(s) 'tutorial_taskflow_api' retrieved from /home/airflow/.local/lib/python3.12/site-packages/airflow/example_dags/tutorial_taskflow_api.py
[2025-01-20T08:23:05.780+0000] {logging_mixin.py:190} INFO - [2025-01-20T08:23:05.779+0000] {dag.py:3239} INFO - Sync 1 DAGs
[2025-01-20T08:23:05.790+0000] {logging_mixin.py:190} INFO - [2025-01-20T08:23:05.790+0000] {dag.py:4180} INFO - Setting next_dagrun for tutorial_taskflow_api to None, run_after=None
[2025-01-20T08:23:05.807+0000] {processor.py:208} INFO - Processing /home/airflow/.local/lib/python3.12/site-packages/airflow/example_dags/tutorial_taskflow_api.py took 0.058 seconds
[2025-01-20T08:23:36.521+0000] {processor.py:186} INFO - Started process (PID=51627) to work on /home/airflow/.local/lib/python3.12/site-packages/airflow/example_dags/tutorial_taskflow_api.py
[2025-01-20T08:23:36.522+0000] {processor.py:914} INFO - Processing file /home/airflow/.local/lib/python3.12/site-packages/airflow/example_dags/tutorial_taskflow_api.py for tasks to queue
[2025-01-20T08:23:36.525+0000] {logging_mixin.py:190} INFO - [2025-01-20T08:23:36.525+0000] {dagbag.py:588} INFO - Filling up the DagBag from /home/airflow/.local/lib/python3.12/site-packages/airflow/example_dags/tutorial_taskflow_api.py
[2025-01-20T08:23:36.536+0000] {processor.py:925} INFO - DAG(s) 'tutorial_taskflow_api' retrieved from /home/airflow/.local/lib/python3.12/site-packages/airflow/example_dags/tutorial_taskflow_api.py
[2025-01-20T08:23:36.557+0000] {logging_mixin.py:190} INFO - [2025-01-20T08:23:36.557+0000] {dag.py:3239} INFO - Sync 1 DAGs
[2025-01-20T08:23:36.570+0000] {logging_mixin.py:190} INFO - [2025-01-20T08:23:36.570+0000] {dag.py:4180} INFO - Setting next_dagrun for tutorial_taskflow_api to None, run_after=None
[2025-01-20T08:23:36.587+0000] {processor.py:208} INFO - Processing /home/airflow/.local/lib/python3.12/site-packages/airflow/example_dags/tutorial_taskflow_api.py took 0.071 seconds
[2025-01-20T08:24:06.665+0000] {processor.py:186} INFO - Started process (PID=51933) to work on /home/airflow/.local/lib/python3.12/site-packages/airflow/example_dags/tutorial_taskflow_api.py
[2025-01-20T08:24:06.666+0000] {processor.py:914} INFO - Processing file /home/airflow/.local/lib/python3.12/site-packages/airflow/example_dags/tutorial_taskflow_api.py for tasks to queue
[2025-01-20T08:24:06.668+0000] {logging_mixin.py:190} INFO - [2025-01-20T08:24:06.667+0000] {dagbag.py:588} INFO - Filling up the DagBag from /home/airflow/.local/lib/python3.12/site-packages/airflow/example_dags/tutorial_taskflow_api.py
[2025-01-20T08:24:06.678+0000] {processor.py:925} INFO - DAG(s) 'tutorial_taskflow_api' retrieved from /home/airflow/.local/lib/python3.12/site-packages/airflow/example_dags/tutorial_taskflow_api.py
[2025-01-20T08:24:06.694+0000] {logging_mixin.py:190} INFO - [2025-01-20T08:24:06.694+0000] {dag.py:3239} INFO - Sync 1 DAGs
[2025-01-20T08:24:06.704+0000] {logging_mixin.py:190} INFO - [2025-01-20T08:24:06.704+0000] {dag.py:4180} INFO - Setting next_dagrun for tutorial_taskflow_api to None, run_after=None
[2025-01-20T08:24:06.718+0000] {processor.py:208} INFO - Processing /home/airflow/.local/lib/python3.12/site-packages/airflow/example_dags/tutorial_taskflow_api.py took 0.058 seconds
[2025-01-20T08:24:37.457+0000] {processor.py:186} INFO - Started process (PID=52234) to work on /home/airflow/.local/lib/python3.12/site-packages/airflow/example_dags/tutorial_taskflow_api.py
[2025-01-20T08:24:37.458+0000] {processor.py:914} INFO - Processing file /home/airflow/.local/lib/python3.12/site-packages/airflow/example_dags/tutorial_taskflow_api.py for tasks to queue
[2025-01-20T08:24:37.461+0000] {logging_mixin.py:190} INFO - [2025-01-20T08:24:37.461+0000] {dagbag.py:588} INFO - Filling up the DagBag from /home/airflow/.local/lib/python3.12/site-packages/airflow/example_dags/tutorial_taskflow_api.py
[2025-01-20T08:24:37.472+0000] {processor.py:925} INFO - DAG(s) 'tutorial_taskflow_api' retrieved from /home/airflow/.local/lib/python3.12/site-packages/airflow/example_dags/tutorial_taskflow_api.py
[2025-01-20T08:24:37.488+0000] {logging_mixin.py:190} INFO - [2025-01-20T08:24:37.488+0000] {dag.py:3239} INFO - Sync 1 DAGs
[2025-01-20T08:24:37.496+0000] {logging_mixin.py:190} INFO - [2025-01-20T08:24:37.496+0000] {dag.py:4180} INFO - Setting next_dagrun for tutorial_taskflow_api to None, run_after=None
[2025-01-20T08:24:37.511+0000] {processor.py:208} INFO - Processing /home/airflow/.local/lib/python3.12/site-packages/airflow/example_dags/tutorial_taskflow_api.py took 0.061 seconds
[2025-01-20T08:25:08.500+0000] {processor.py:186} INFO - Started process (PID=52540) to work on /home/airflow/.local/lib/python3.12/site-packages/airflow/example_dags/tutorial_taskflow_api.py
[2025-01-20T08:25:08.501+0000] {processor.py:914} INFO - Processing file /home/airflow/.local/lib/python3.12/site-packages/airflow/example_dags/tutorial_taskflow_api.py for tasks to queue
[2025-01-20T08:25:08.504+0000] {logging_mixin.py:190} INFO - [2025-01-20T08:25:08.504+0000] {dagbag.py:588} INFO - Filling up the DagBag from /home/airflow/.local/lib/python3.12/site-packages/airflow/example_dags/tutorial_taskflow_api.py
[2025-01-20T08:25:08.518+0000] {processor.py:925} INFO - DAG(s) 'tutorial_taskflow_api' retrieved from /home/airflow/.local/lib/python3.12/site-packages/airflow/example_dags/tutorial_taskflow_api.py
[2025-01-20T08:25:08.538+0000] {logging_mixin.py:190} INFO - [2025-01-20T08:25:08.537+0000] {dag.py:3239} INFO - Sync 1 DAGs
[2025-01-20T08:25:08.557+0000] {logging_mixin.py:190} INFO - [2025-01-20T08:25:08.557+0000] {dag.py:4180} INFO - Setting next_dagrun for tutorial_taskflow_api to None, run_after=None
[2025-01-20T08:25:08.578+0000] {processor.py:208} INFO - Processing /home/airflow/.local/lib/python3.12/site-packages/airflow/example_dags/tutorial_taskflow_api.py took 0.083 seconds
[2025-01-20T08:25:39.034+0000] {processor.py:186} INFO - Started process (PID=52841) to work on /home/airflow/.local/lib/python3.12/site-packages/airflow/example_dags/tutorial_taskflow_api.py
[2025-01-20T08:25:39.035+0000] {processor.py:914} INFO - Processing file /home/airflow/.local/lib/python3.12/site-packages/airflow/example_dags/tutorial_taskflow_api.py for tasks to queue
[2025-01-20T08:25:39.038+0000] {logging_mixin.py:190} INFO - [2025-01-20T08:25:39.037+0000] {dagbag.py:588} INFO - Filling up the DagBag from /home/airflow/.local/lib/python3.12/site-packages/airflow/example_dags/tutorial_taskflow_api.py
[2025-01-20T08:25:39.047+0000] {processor.py:925} INFO - DAG(s) 'tutorial_taskflow_api' retrieved from /home/airflow/.local/lib/python3.12/site-packages/airflow/example_dags/tutorial_taskflow_api.py
[2025-01-20T08:25:39.072+0000] {logging_mixin.py:190} INFO - [2025-01-20T08:25:39.072+0000] {dag.py:3239} INFO - Sync 1 DAGs
[2025-01-20T08:25:39.084+0000] {logging_mixin.py:190} INFO - [2025-01-20T08:25:39.084+0000] {dag.py:4180} INFO - Setting next_dagrun for tutorial_taskflow_api to None, run_after=None
[2025-01-20T08:25:39.104+0000] {processor.py:208} INFO - Processing /home/airflow/.local/lib/python3.12/site-packages/airflow/example_dags/tutorial_taskflow_api.py took 0.079 seconds
[2025-01-20T08:26:09.343+0000] {processor.py:186} INFO - Started process (PID=53149) to work on /home/airflow/.local/lib/python3.12/site-packages/airflow/example_dags/tutorial_taskflow_api.py
[2025-01-20T08:26:09.344+0000] {processor.py:914} INFO - Processing file /home/airflow/.local/lib/python3.12/site-packages/airflow/example_dags/tutorial_taskflow_api.py for tasks to queue
[2025-01-20T08:26:09.347+0000] {logging_mixin.py:190} INFO - [2025-01-20T08:26:09.347+0000] {dagbag.py:588} INFO - Filling up the DagBag from /home/airflow/.local/lib/python3.12/site-packages/airflow/example_dags/tutorial_taskflow_api.py
[2025-01-20T08:26:09.355+0000] {processor.py:925} INFO - DAG(s) 'tutorial_taskflow_api' retrieved from /home/airflow/.local/lib/python3.12/site-packages/airflow/example_dags/tutorial_taskflow_api.py
[2025-01-20T08:26:09.375+0000] {logging_mixin.py:190} INFO - [2025-01-20T08:26:09.375+0000] {dag.py:3239} INFO - Sync 1 DAGs
[2025-01-20T08:26:09.387+0000] {logging_mixin.py:190} INFO - [2025-01-20T08:26:09.387+0000] {dag.py:4180} INFO - Setting next_dagrun for tutorial_taskflow_api to None, run_after=None
[2025-01-20T08:26:09.404+0000] {processor.py:208} INFO - Processing /home/airflow/.local/lib/python3.12/site-packages/airflow/example_dags/tutorial_taskflow_api.py took 0.070 seconds
[2025-01-20T08:26:39.752+0000] {processor.py:186} INFO - Started process (PID=53448) to work on /home/airflow/.local/lib/python3.12/site-packages/airflow/example_dags/tutorial_taskflow_api.py
[2025-01-20T08:26:39.753+0000] {processor.py:914} INFO - Processing file /home/airflow/.local/lib/python3.12/site-packages/airflow/example_dags/tutorial_taskflow_api.py for tasks to queue
[2025-01-20T08:26:39.755+0000] {logging_mixin.py:190} INFO - [2025-01-20T08:26:39.754+0000] {dagbag.py:588} INFO - Filling up the DagBag from /home/airflow/.local/lib/python3.12/site-packages/airflow/example_dags/tutorial_taskflow_api.py
[2025-01-20T08:26:39.760+0000] {processor.py:925} INFO - DAG(s) 'tutorial_taskflow_api' retrieved from /home/airflow/.local/lib/python3.12/site-packages/airflow/example_dags/tutorial_taskflow_api.py
[2025-01-20T08:26:39.778+0000] {logging_mixin.py:190} INFO - [2025-01-20T08:26:39.777+0000] {dag.py:3239} INFO - Sync 1 DAGs
[2025-01-20T08:26:39.793+0000] {logging_mixin.py:190} INFO - [2025-01-20T08:26:39.793+0000] {dag.py:4180} INFO - Setting next_dagrun for tutorial_taskflow_api to None, run_after=None
[2025-01-20T08:26:39.810+0000] {processor.py:208} INFO - Processing /home/airflow/.local/lib/python3.12/site-packages/airflow/example_dags/tutorial_taskflow_api.py took 0.062 seconds
[2025-01-20T08:27:10.382+0000] {processor.py:186} INFO - Started process (PID=53754) to work on /home/airflow/.local/lib/python3.12/site-packages/airflow/example_dags/tutorial_taskflow_api.py
[2025-01-20T08:27:10.383+0000] {processor.py:914} INFO - Processing file /home/airflow/.local/lib/python3.12/site-packages/airflow/example_dags/tutorial_taskflow_api.py for tasks to queue
[2025-01-20T08:27:10.386+0000] {logging_mixin.py:190} INFO - [2025-01-20T08:27:10.386+0000] {dagbag.py:588} INFO - Filling up the DagBag from /home/airflow/.local/lib/python3.12/site-packages/airflow/example_dags/tutorial_taskflow_api.py
[2025-01-20T08:27:10.395+0000] {processor.py:925} INFO - DAG(s) 'tutorial_taskflow_api' retrieved from /home/airflow/.local/lib/python3.12/site-packages/airflow/example_dags/tutorial_taskflow_api.py
[2025-01-20T08:27:10.410+0000] {logging_mixin.py:190} INFO - [2025-01-20T08:27:10.410+0000] {dag.py:3239} INFO - Sync 1 DAGs
[2025-01-20T08:27:10.421+0000] {logging_mixin.py:190} INFO - [2025-01-20T08:27:10.421+0000] {dag.py:4180} INFO - Setting next_dagrun for tutorial_taskflow_api to None, run_after=None
[2025-01-20T08:27:10.434+0000] {processor.py:208} INFO - Processing /home/airflow/.local/lib/python3.12/site-packages/airflow/example_dags/tutorial_taskflow_api.py took 0.058 seconds
[2025-01-20T08:27:40.996+0000] {processor.py:186} INFO - Started process (PID=54055) to work on /home/airflow/.local/lib/python3.12/site-packages/airflow/example_dags/tutorial_taskflow_api.py
[2025-01-20T08:27:40.997+0000] {processor.py:914} INFO - Processing file /home/airflow/.local/lib/python3.12/site-packages/airflow/example_dags/tutorial_taskflow_api.py for tasks to queue
[2025-01-20T08:27:40.999+0000] {logging_mixin.py:190} INFO - [2025-01-20T08:27:40.998+0000] {dagbag.py:588} INFO - Filling up the DagBag from /home/airflow/.local/lib/python3.12/site-packages/airflow/example_dags/tutorial_taskflow_api.py
[2025-01-20T08:27:41.009+0000] {processor.py:925} INFO - DAG(s) 'tutorial_taskflow_api' retrieved from /home/airflow/.local/lib/python3.12/site-packages/airflow/example_dags/tutorial_taskflow_api.py
[2025-01-20T08:27:41.025+0000] {logging_mixin.py:190} INFO - [2025-01-20T08:27:41.025+0000] {dag.py:3239} INFO - Sync 1 DAGs
[2025-01-20T08:27:41.038+0000] {logging_mixin.py:190} INFO - [2025-01-20T08:27:41.038+0000] {dag.py:4180} INFO - Setting next_dagrun for tutorial_taskflow_api to None, run_after=None
[2025-01-20T08:27:41.053+0000] {processor.py:208} INFO - Processing /home/airflow/.local/lib/python3.12/site-packages/airflow/example_dags/tutorial_taskflow_api.py took 0.064 seconds
[2025-01-20T08:28:11.428+0000] {processor.py:186} INFO - Started process (PID=54361) to work on /home/airflow/.local/lib/python3.12/site-packages/airflow/example_dags/tutorial_taskflow_api.py
[2025-01-20T08:28:11.429+0000] {processor.py:914} INFO - Processing file /home/airflow/.local/lib/python3.12/site-packages/airflow/example_dags/tutorial_taskflow_api.py for tasks to queue
[2025-01-20T08:28:11.432+0000] {logging_mixin.py:190} INFO - [2025-01-20T08:28:11.431+0000] {dagbag.py:588} INFO - Filling up the DagBag from /home/airflow/.local/lib/python3.12/site-packages/airflow/example_dags/tutorial_taskflow_api.py
[2025-01-20T08:28:11.438+0000] {processor.py:925} INFO - DAG(s) 'tutorial_taskflow_api' retrieved from /home/airflow/.local/lib/python3.12/site-packages/airflow/example_dags/tutorial_taskflow_api.py
[2025-01-20T08:28:11.455+0000] {logging_mixin.py:190} INFO - [2025-01-20T08:28:11.454+0000] {dag.py:3239} INFO - Sync 1 DAGs
[2025-01-20T08:28:11.465+0000] {logging_mixin.py:190} INFO - [2025-01-20T08:28:11.464+0000] {dag.py:4180} INFO - Setting next_dagrun for tutorial_taskflow_api to None, run_after=None
[2025-01-20T08:28:11.479+0000] {processor.py:208} INFO - Processing /home/airflow/.local/lib/python3.12/site-packages/airflow/example_dags/tutorial_taskflow_api.py took 0.056 seconds
[2025-01-20T08:28:42.028+0000] {processor.py:186} INFO - Started process (PID=54664) to work on /home/airflow/.local/lib/python3.12/site-packages/airflow/example_dags/tutorial_taskflow_api.py
[2025-01-20T08:28:42.029+0000] {processor.py:914} INFO - Processing file /home/airflow/.local/lib/python3.12/site-packages/airflow/example_dags/tutorial_taskflow_api.py for tasks to queue
[2025-01-20T08:28:42.030+0000] {logging_mixin.py:190} INFO - [2025-01-20T08:28:42.030+0000] {dagbag.py:588} INFO - Filling up the DagBag from /home/airflow/.local/lib/python3.12/site-packages/airflow/example_dags/tutorial_taskflow_api.py
[2025-01-20T08:28:42.036+0000] {processor.py:925} INFO - DAG(s) 'tutorial_taskflow_api' retrieved from /home/airflow/.local/lib/python3.12/site-packages/airflow/example_dags/tutorial_taskflow_api.py
[2025-01-20T08:28:42.058+0000] {logging_mixin.py:190} INFO - [2025-01-20T08:28:42.058+0000] {dag.py:3239} INFO - Sync 1 DAGs
[2025-01-20T08:28:42.073+0000] {logging_mixin.py:190} INFO - [2025-01-20T08:28:42.073+0000] {dag.py:4180} INFO - Setting next_dagrun for tutorial_taskflow_api to None, run_after=None
[2025-01-20T08:28:42.089+0000] {processor.py:208} INFO - Processing /home/airflow/.local/lib/python3.12/site-packages/airflow/example_dags/tutorial_taskflow_api.py took 0.064 seconds
[2025-01-20T08:29:12.805+0000] {processor.py:186} INFO - Started process (PID=54968) to work on /home/airflow/.local/lib/python3.12/site-packages/airflow/example_dags/tutorial_taskflow_api.py
[2025-01-20T08:29:12.809+0000] {processor.py:914} INFO - Processing file /home/airflow/.local/lib/python3.12/site-packages/airflow/example_dags/tutorial_taskflow_api.py for tasks to queue
[2025-01-20T08:29:12.812+0000] {logging_mixin.py:190} INFO - [2025-01-20T08:29:12.811+0000] {dagbag.py:588} INFO - Filling up the DagBag from /home/airflow/.local/lib/python3.12/site-packages/airflow/example_dags/tutorial_taskflow_api.py
[2025-01-20T08:29:12.823+0000] {processor.py:925} INFO - DAG(s) 'tutorial_taskflow_api' retrieved from /home/airflow/.local/lib/python3.12/site-packages/airflow/example_dags/tutorial_taskflow_api.py
[2025-01-20T08:29:12.838+0000] {logging_mixin.py:190} INFO - [2025-01-20T08:29:12.838+0000] {dag.py:3239} INFO - Sync 1 DAGs
[2025-01-20T08:29:12.852+0000] {logging_mixin.py:190} INFO - [2025-01-20T08:29:12.851+0000] {dag.py:4180} INFO - Setting next_dagrun for tutorial_taskflow_api to None, run_after=None
[2025-01-20T08:29:12.871+0000] {processor.py:208} INFO - Processing /home/airflow/.local/lib/python3.12/site-packages/airflow/example_dags/tutorial_taskflow_api.py took 0.072 seconds
[2025-01-20T08:29:42.981+0000] {processor.py:186} INFO - Started process (PID=55269) to work on /home/airflow/.local/lib/python3.12/site-packages/airflow/example_dags/tutorial_taskflow_api.py
[2025-01-20T08:29:42.982+0000] {processor.py:914} INFO - Processing file /home/airflow/.local/lib/python3.12/site-packages/airflow/example_dags/tutorial_taskflow_api.py for tasks to queue
[2025-01-20T08:29:42.984+0000] {logging_mixin.py:190} INFO - [2025-01-20T08:29:42.984+0000] {dagbag.py:588} INFO - Filling up the DagBag from /home/airflow/.local/lib/python3.12/site-packages/airflow/example_dags/tutorial_taskflow_api.py
[2025-01-20T08:29:42.990+0000] {processor.py:925} INFO - DAG(s) 'tutorial_taskflow_api' retrieved from /home/airflow/.local/lib/python3.12/site-packages/airflow/example_dags/tutorial_taskflow_api.py
[2025-01-20T08:29:43.007+0000] {logging_mixin.py:190} INFO - [2025-01-20T08:29:43.007+0000] {dag.py:3239} INFO - Sync 1 DAGs
[2025-01-20T08:29:43.018+0000] {logging_mixin.py:190} INFO - [2025-01-20T08:29:43.017+0000] {dag.py:4180} INFO - Setting next_dagrun for tutorial_taskflow_api to None, run_after=None
[2025-01-20T08:29:43.035+0000] {processor.py:208} INFO - Processing /home/airflow/.local/lib/python3.12/site-packages/airflow/example_dags/tutorial_taskflow_api.py took 0.058 seconds
[2025-01-20T08:30:13.449+0000] {processor.py:186} INFO - Started process (PID=55581) to work on /home/airflow/.local/lib/python3.12/site-packages/airflow/example_dags/tutorial_taskflow_api.py
[2025-01-20T08:30:13.450+0000] {processor.py:914} INFO - Processing file /home/airflow/.local/lib/python3.12/site-packages/airflow/example_dags/tutorial_taskflow_api.py for tasks to queue
[2025-01-20T08:30:13.453+0000] {logging_mixin.py:190} INFO - [2025-01-20T08:30:13.453+0000] {dagbag.py:588} INFO - Filling up the DagBag from /home/airflow/.local/lib/python3.12/site-packages/airflow/example_dags/tutorial_taskflow_api.py
[2025-01-20T08:30:13.463+0000] {processor.py:925} INFO - DAG(s) 'tutorial_taskflow_api' retrieved from /home/airflow/.local/lib/python3.12/site-packages/airflow/example_dags/tutorial_taskflow_api.py
[2025-01-20T08:30:13.481+0000] {logging_mixin.py:190} INFO - [2025-01-20T08:30:13.481+0000] {dag.py:3239} INFO - Sync 1 DAGs
[2025-01-20T08:30:13.496+0000] {logging_mixin.py:190} INFO - [2025-01-20T08:30:13.496+0000] {dag.py:4180} INFO - Setting next_dagrun for tutorial_taskflow_api to None, run_after=None
[2025-01-20T08:30:13.515+0000] {processor.py:208} INFO - Processing /home/airflow/.local/lib/python3.12/site-packages/airflow/example_dags/tutorial_taskflow_api.py took 0.072 seconds
[2025-01-20T08:30:43.918+0000] {processor.py:186} INFO - Started process (PID=55882) to work on /home/airflow/.local/lib/python3.12/site-packages/airflow/example_dags/tutorial_taskflow_api.py
[2025-01-20T08:30:43.919+0000] {processor.py:914} INFO - Processing file /home/airflow/.local/lib/python3.12/site-packages/airflow/example_dags/tutorial_taskflow_api.py for tasks to queue
[2025-01-20T08:30:43.922+0000] {logging_mixin.py:190} INFO - [2025-01-20T08:30:43.921+0000] {dagbag.py:588} INFO - Filling up the DagBag from /home/airflow/.local/lib/python3.12/site-packages/airflow/example_dags/tutorial_taskflow_api.py
[2025-01-20T08:30:43.932+0000] {processor.py:925} INFO - DAG(s) 'tutorial_taskflow_api' retrieved from /home/airflow/.local/lib/python3.12/site-packages/airflow/example_dags/tutorial_taskflow_api.py
[2025-01-20T08:30:43.951+0000] {logging_mixin.py:190} INFO - [2025-01-20T08:30:43.950+0000] {dag.py:3239} INFO - Sync 1 DAGs
[2025-01-20T08:30:43.964+0000] {logging_mixin.py:190} INFO - [2025-01-20T08:30:43.964+0000] {dag.py:4180} INFO - Setting next_dagrun for tutorial_taskflow_api to None, run_after=None
[2025-01-20T08:30:43.985+0000] {processor.py:208} INFO - Processing /home/airflow/.local/lib/python3.12/site-packages/airflow/example_dags/tutorial_taskflow_api.py took 0.073 seconds
[2025-01-20T08:31:14.853+0000] {processor.py:186} INFO - Started process (PID=56188) to work on /home/airflow/.local/lib/python3.12/site-packages/airflow/example_dags/tutorial_taskflow_api.py
[2025-01-20T08:31:14.855+0000] {processor.py:914} INFO - Processing file /home/airflow/.local/lib/python3.12/site-packages/airflow/example_dags/tutorial_taskflow_api.py for tasks to queue
[2025-01-20T08:31:14.859+0000] {logging_mixin.py:190} INFO - [2025-01-20T08:31:14.858+0000] {dagbag.py:588} INFO - Filling up the DagBag from /home/airflow/.local/lib/python3.12/site-packages/airflow/example_dags/tutorial_taskflow_api.py
[2025-01-20T08:31:14.882+0000] {processor.py:925} INFO - DAG(s) 'tutorial_taskflow_api' retrieved from /home/airflow/.local/lib/python3.12/site-packages/airflow/example_dags/tutorial_taskflow_api.py
[2025-01-20T08:31:14.919+0000] {logging_mixin.py:190} INFO - [2025-01-20T08:31:14.919+0000] {dag.py:3239} INFO - Sync 1 DAGs
[2025-01-20T08:31:14.936+0000] {logging_mixin.py:190} INFO - [2025-01-20T08:31:14.936+0000] {dag.py:4180} INFO - Setting next_dagrun for tutorial_taskflow_api to None, run_after=None
[2025-01-20T08:31:14.957+0000] {processor.py:208} INFO - Processing /home/airflow/.local/lib/python3.12/site-packages/airflow/example_dags/tutorial_taskflow_api.py took 0.112 seconds
[2025-01-20T08:31:45.125+0000] {processor.py:186} INFO - Started process (PID=56489) to work on /home/airflow/.local/lib/python3.12/site-packages/airflow/example_dags/tutorial_taskflow_api.py
[2025-01-20T08:31:45.126+0000] {processor.py:914} INFO - Processing file /home/airflow/.local/lib/python3.12/site-packages/airflow/example_dags/tutorial_taskflow_api.py for tasks to queue
[2025-01-20T08:31:45.130+0000] {logging_mixin.py:190} INFO - [2025-01-20T08:31:45.129+0000] {dagbag.py:588} INFO - Filling up the DagBag from /home/airflow/.local/lib/python3.12/site-packages/airflow/example_dags/tutorial_taskflow_api.py
[2025-01-20T08:31:45.136+0000] {processor.py:925} INFO - DAG(s) 'tutorial_taskflow_api' retrieved from /home/airflow/.local/lib/python3.12/site-packages/airflow/example_dags/tutorial_taskflow_api.py
[2025-01-20T08:31:45.154+0000] {logging_mixin.py:190} INFO - [2025-01-20T08:31:45.154+0000] {dag.py:3239} INFO - Sync 1 DAGs
[2025-01-20T08:31:45.166+0000] {logging_mixin.py:190} INFO - [2025-01-20T08:31:45.165+0000] {dag.py:4180} INFO - Setting next_dagrun for tutorial_taskflow_api to None, run_after=None
[2025-01-20T08:31:45.185+0000] {processor.py:208} INFO - Processing /home/airflow/.local/lib/python3.12/site-packages/airflow/example_dags/tutorial_taskflow_api.py took 0.064 seconds
[2025-01-20T08:32:15.521+0000] {processor.py:186} INFO - Started process (PID=56797) to work on /home/airflow/.local/lib/python3.12/site-packages/airflow/example_dags/tutorial_taskflow_api.py
[2025-01-20T08:32:15.522+0000] {processor.py:914} INFO - Processing file /home/airflow/.local/lib/python3.12/site-packages/airflow/example_dags/tutorial_taskflow_api.py for tasks to queue
[2025-01-20T08:32:15.524+0000] {logging_mixin.py:190} INFO - [2025-01-20T08:32:15.523+0000] {dagbag.py:588} INFO - Filling up the DagBag from /home/airflow/.local/lib/python3.12/site-packages/airflow/example_dags/tutorial_taskflow_api.py
[2025-01-20T08:32:15.531+0000] {processor.py:925} INFO - DAG(s) 'tutorial_taskflow_api' retrieved from /home/airflow/.local/lib/python3.12/site-packages/airflow/example_dags/tutorial_taskflow_api.py
[2025-01-20T08:32:15.552+0000] {logging_mixin.py:190} INFO - [2025-01-20T08:32:15.552+0000] {dag.py:3239} INFO - Sync 1 DAGs
[2025-01-20T08:32:15.568+0000] {logging_mixin.py:190} INFO - [2025-01-20T08:32:15.568+0000] {dag.py:4180} INFO - Setting next_dagrun for tutorial_taskflow_api to None, run_after=None
[2025-01-20T08:32:15.582+0000] {processor.py:208} INFO - Processing /home/airflow/.local/lib/python3.12/site-packages/airflow/example_dags/tutorial_taskflow_api.py took 0.065 seconds
[2025-01-20T08:32:45.655+0000] {processor.py:186} INFO - Started process (PID=57096) to work on /home/airflow/.local/lib/python3.12/site-packages/airflow/example_dags/tutorial_taskflow_api.py
[2025-01-20T08:32:45.656+0000] {processor.py:914} INFO - Processing file /home/airflow/.local/lib/python3.12/site-packages/airflow/example_dags/tutorial_taskflow_api.py for tasks to queue
[2025-01-20T08:32:45.658+0000] {logging_mixin.py:190} INFO - [2025-01-20T08:32:45.658+0000] {dagbag.py:588} INFO - Filling up the DagBag from /home/airflow/.local/lib/python3.12/site-packages/airflow/example_dags/tutorial_taskflow_api.py
[2025-01-20T08:32:45.664+0000] {processor.py:925} INFO - DAG(s) 'tutorial_taskflow_api' retrieved from /home/airflow/.local/lib/python3.12/site-packages/airflow/example_dags/tutorial_taskflow_api.py
[2025-01-20T08:32:45.685+0000] {logging_mixin.py:190} INFO - [2025-01-20T08:32:45.685+0000] {dag.py:3239} INFO - Sync 1 DAGs
[2025-01-20T08:32:45.697+0000] {logging_mixin.py:190} INFO - [2025-01-20T08:32:45.696+0000] {dag.py:4180} INFO - Setting next_dagrun for tutorial_taskflow_api to None, run_after=None
[2025-01-20T08:32:45.711+0000] {processor.py:208} INFO - Processing /home/airflow/.local/lib/python3.12/site-packages/airflow/example_dags/tutorial_taskflow_api.py took 0.063 seconds
[2025-01-20T08:33:16.408+0000] {processor.py:186} INFO - Started process (PID=57402) to work on /home/airflow/.local/lib/python3.12/site-packages/airflow/example_dags/tutorial_taskflow_api.py
[2025-01-20T08:33:16.409+0000] {processor.py:914} INFO - Processing file /home/airflow/.local/lib/python3.12/site-packages/airflow/example_dags/tutorial_taskflow_api.py for tasks to queue
[2025-01-20T08:33:16.412+0000] {logging_mixin.py:190} INFO - [2025-01-20T08:33:16.412+0000] {dagbag.py:588} INFO - Filling up the DagBag from /home/airflow/.local/lib/python3.12/site-packages/airflow/example_dags/tutorial_taskflow_api.py
[2025-01-20T08:33:16.423+0000] {processor.py:925} INFO - DAG(s) 'tutorial_taskflow_api' retrieved from /home/airflow/.local/lib/python3.12/site-packages/airflow/example_dags/tutorial_taskflow_api.py
[2025-01-20T08:33:16.437+0000] {logging_mixin.py:190} INFO - [2025-01-20T08:33:16.437+0000] {dag.py:3239} INFO - Sync 1 DAGs
[2025-01-20T08:33:16.447+0000] {logging_mixin.py:190} INFO - [2025-01-20T08:33:16.447+0000] {dag.py:4180} INFO - Setting next_dagrun for tutorial_taskflow_api to None, run_after=None
[2025-01-20T08:33:16.460+0000] {processor.py:208} INFO - Processing /home/airflow/.local/lib/python3.12/site-packages/airflow/example_dags/tutorial_taskflow_api.py took 0.059 seconds
[2025-01-20T08:33:46.778+0000] {processor.py:186} INFO - Started process (PID=57703) to work on /home/airflow/.local/lib/python3.12/site-packages/airflow/example_dags/tutorial_taskflow_api.py
[2025-01-20T08:33:46.779+0000] {processor.py:914} INFO - Processing file /home/airflow/.local/lib/python3.12/site-packages/airflow/example_dags/tutorial_taskflow_api.py for tasks to queue
[2025-01-20T08:33:46.781+0000] {logging_mixin.py:190} INFO - [2025-01-20T08:33:46.781+0000] {dagbag.py:588} INFO - Filling up the DagBag from /home/airflow/.local/lib/python3.12/site-packages/airflow/example_dags/tutorial_taskflow_api.py
[2025-01-20T08:33:46.787+0000] {processor.py:925} INFO - DAG(s) 'tutorial_taskflow_api' retrieved from /home/airflow/.local/lib/python3.12/site-packages/airflow/example_dags/tutorial_taskflow_api.py
[2025-01-20T08:33:46.802+0000] {logging_mixin.py:190} INFO - [2025-01-20T08:33:46.802+0000] {dag.py:3239} INFO - Sync 1 DAGs
[2025-01-20T08:33:46.812+0000] {logging_mixin.py:190} INFO - [2025-01-20T08:33:46.812+0000] {dag.py:4180} INFO - Setting next_dagrun for tutorial_taskflow_api to None, run_after=None
[2025-01-20T08:33:46.826+0000] {processor.py:208} INFO - Processing /home/airflow/.local/lib/python3.12/site-packages/airflow/example_dags/tutorial_taskflow_api.py took 0.055 seconds
[2025-01-20T08:34:17.124+0000] {processor.py:186} INFO - Started process (PID=58009) to work on /home/airflow/.local/lib/python3.12/site-packages/airflow/example_dags/tutorial_taskflow_api.py
[2025-01-20T08:34:17.124+0000] {processor.py:914} INFO - Processing file /home/airflow/.local/lib/python3.12/site-packages/airflow/example_dags/tutorial_taskflow_api.py for tasks to queue
[2025-01-20T08:34:17.126+0000] {logging_mixin.py:190} INFO - [2025-01-20T08:34:17.126+0000] {dagbag.py:588} INFO - Filling up the DagBag from /home/airflow/.local/lib/python3.12/site-packages/airflow/example_dags/tutorial_taskflow_api.py
[2025-01-20T08:34:17.134+0000] {processor.py:925} INFO - DAG(s) 'tutorial_taskflow_api' retrieved from /home/airflow/.local/lib/python3.12/site-packages/airflow/example_dags/tutorial_taskflow_api.py
[2025-01-20T08:34:17.160+0000] {logging_mixin.py:190} INFO - [2025-01-20T08:34:17.160+0000] {dag.py:3239} INFO - Sync 1 DAGs
[2025-01-20T08:34:17.177+0000] {logging_mixin.py:190} INFO - [2025-01-20T08:34:17.177+0000] {dag.py:4180} INFO - Setting next_dagrun for tutorial_taskflow_api to None, run_after=None
[2025-01-20T08:34:17.197+0000] {processor.py:208} INFO - Processing /home/airflow/.local/lib/python3.12/site-packages/airflow/example_dags/tutorial_taskflow_api.py took 0.077 seconds
[2025-01-20T08:34:48.119+0000] {processor.py:186} INFO - Started process (PID=58310) to work on /home/airflow/.local/lib/python3.12/site-packages/airflow/example_dags/tutorial_taskflow_api.py
[2025-01-20T08:34:48.120+0000] {processor.py:914} INFO - Processing file /home/airflow/.local/lib/python3.12/site-packages/airflow/example_dags/tutorial_taskflow_api.py for tasks to queue
[2025-01-20T08:34:48.122+0000] {logging_mixin.py:190} INFO - [2025-01-20T08:34:48.121+0000] {dagbag.py:588} INFO - Filling up the DagBag from /home/airflow/.local/lib/python3.12/site-packages/airflow/example_dags/tutorial_taskflow_api.py
[2025-01-20T08:34:48.129+0000] {processor.py:925} INFO - DAG(s) 'tutorial_taskflow_api' retrieved from /home/airflow/.local/lib/python3.12/site-packages/airflow/example_dags/tutorial_taskflow_api.py
[2025-01-20T08:34:48.144+0000] {logging_mixin.py:190} INFO - [2025-01-20T08:34:48.144+0000] {dag.py:3239} INFO - Sync 1 DAGs
[2025-01-20T08:34:48.161+0000] {logging_mixin.py:190} INFO - [2025-01-20T08:34:48.161+0000] {dag.py:4180} INFO - Setting next_dagrun for tutorial_taskflow_api to None, run_after=None
[2025-01-20T08:34:48.178+0000] {processor.py:208} INFO - Processing /home/airflow/.local/lib/python3.12/site-packages/airflow/example_dags/tutorial_taskflow_api.py took 0.063 seconds
[2025-01-20T08:35:19.347+0000] {processor.py:186} INFO - Started process (PID=58616) to work on /home/airflow/.local/lib/python3.12/site-packages/airflow/example_dags/tutorial_taskflow_api.py
[2025-01-20T08:35:19.349+0000] {processor.py:914} INFO - Processing file /home/airflow/.local/lib/python3.12/site-packages/airflow/example_dags/tutorial_taskflow_api.py for tasks to queue
[2025-01-20T08:35:19.351+0000] {logging_mixin.py:190} INFO - [2025-01-20T08:35:19.350+0000] {dagbag.py:588} INFO - Filling up the DagBag from /home/airflow/.local/lib/python3.12/site-packages/airflow/example_dags/tutorial_taskflow_api.py
[2025-01-20T08:35:19.360+0000] {processor.py:925} INFO - DAG(s) 'tutorial_taskflow_api' retrieved from /home/airflow/.local/lib/python3.12/site-packages/airflow/example_dags/tutorial_taskflow_api.py
[2025-01-20T08:35:19.380+0000] {logging_mixin.py:190} INFO - [2025-01-20T08:35:19.380+0000] {dag.py:3239} INFO - Sync 1 DAGs
[2025-01-20T08:35:19.391+0000] {logging_mixin.py:190} INFO - [2025-01-20T08:35:19.391+0000] {dag.py:4180} INFO - Setting next_dagrun for tutorial_taskflow_api to None, run_after=None
[2025-01-20T08:35:19.409+0000] {processor.py:208} INFO - Processing /home/airflow/.local/lib/python3.12/site-packages/airflow/example_dags/tutorial_taskflow_api.py took 0.069 seconds
[2025-01-20T08:35:50.249+0000] {processor.py:186} INFO - Started process (PID=58917) to work on /home/airflow/.local/lib/python3.12/site-packages/airflow/example_dags/tutorial_taskflow_api.py
[2025-01-20T08:35:50.251+0000] {processor.py:914} INFO - Processing file /home/airflow/.local/lib/python3.12/site-packages/airflow/example_dags/tutorial_taskflow_api.py for tasks to queue
[2025-01-20T08:35:50.253+0000] {logging_mixin.py:190} INFO - [2025-01-20T08:35:50.253+0000] {dagbag.py:588} INFO - Filling up the DagBag from /home/airflow/.local/lib/python3.12/site-packages/airflow/example_dags/tutorial_taskflow_api.py
[2025-01-20T08:35:50.259+0000] {processor.py:925} INFO - DAG(s) 'tutorial_taskflow_api' retrieved from /home/airflow/.local/lib/python3.12/site-packages/airflow/example_dags/tutorial_taskflow_api.py
[2025-01-20T08:35:50.278+0000] {logging_mixin.py:190} INFO - [2025-01-20T08:35:50.278+0000] {dag.py:3239} INFO - Sync 1 DAGs
[2025-01-20T08:35:50.290+0000] {logging_mixin.py:190} INFO - [2025-01-20T08:35:50.290+0000] {dag.py:4180} INFO - Setting next_dagrun for tutorial_taskflow_api to None, run_after=None
[2025-01-20T08:35:50.307+0000] {processor.py:208} INFO - Processing /home/airflow/.local/lib/python3.12/site-packages/airflow/example_dags/tutorial_taskflow_api.py took 0.064 seconds
[2025-01-20T08:36:21.198+0000] {processor.py:186} INFO - Started process (PID=59223) to work on /home/airflow/.local/lib/python3.12/site-packages/airflow/example_dags/tutorial_taskflow_api.py
[2025-01-20T08:36:21.199+0000] {processor.py:914} INFO - Processing file /home/airflow/.local/lib/python3.12/site-packages/airflow/example_dags/tutorial_taskflow_api.py for tasks to queue
[2025-01-20T08:36:21.202+0000] {logging_mixin.py:190} INFO - [2025-01-20T08:36:21.202+0000] {dagbag.py:588} INFO - Filling up the DagBag from /home/airflow/.local/lib/python3.12/site-packages/airflow/example_dags/tutorial_taskflow_api.py
[2025-01-20T08:36:21.212+0000] {processor.py:925} INFO - DAG(s) 'tutorial_taskflow_api' retrieved from /home/airflow/.local/lib/python3.12/site-packages/airflow/example_dags/tutorial_taskflow_api.py
[2025-01-20T08:36:21.231+0000] {logging_mixin.py:190} INFO - [2025-01-20T08:36:21.231+0000] {dag.py:3239} INFO - Sync 1 DAGs
[2025-01-20T08:36:21.247+0000] {logging_mixin.py:190} INFO - [2025-01-20T08:36:21.246+0000] {dag.py:4180} INFO - Setting next_dagrun for tutorial_taskflow_api to None, run_after=None
[2025-01-20T08:36:21.266+0000] {processor.py:208} INFO - Processing /home/airflow/.local/lib/python3.12/site-packages/airflow/example_dags/tutorial_taskflow_api.py took 0.075 seconds
[2025-01-20T08:36:51.580+0000] {processor.py:186} INFO - Started process (PID=59524) to work on /home/airflow/.local/lib/python3.12/site-packages/airflow/example_dags/tutorial_taskflow_api.py
[2025-01-20T08:36:51.581+0000] {processor.py:914} INFO - Processing file /home/airflow/.local/lib/python3.12/site-packages/airflow/example_dags/tutorial_taskflow_api.py for tasks to queue
[2025-01-20T08:36:51.583+0000] {logging_mixin.py:190} INFO - [2025-01-20T08:36:51.582+0000] {dagbag.py:588} INFO - Filling up the DagBag from /home/airflow/.local/lib/python3.12/site-packages/airflow/example_dags/tutorial_taskflow_api.py
[2025-01-20T08:36:51.589+0000] {processor.py:925} INFO - DAG(s) 'tutorial_taskflow_api' retrieved from /home/airflow/.local/lib/python3.12/site-packages/airflow/example_dags/tutorial_taskflow_api.py
[2025-01-20T08:36:51.607+0000] {logging_mixin.py:190} INFO - [2025-01-20T08:36:51.606+0000] {dag.py:3239} INFO - Sync 1 DAGs
[2025-01-20T08:36:51.616+0000] {logging_mixin.py:190} INFO - [2025-01-20T08:36:51.616+0000] {dag.py:4180} INFO - Setting next_dagrun for tutorial_taskflow_api to None, run_after=None
[2025-01-20T08:36:51.630+0000] {processor.py:208} INFO - Processing /home/airflow/.local/lib/python3.12/site-packages/airflow/example_dags/tutorial_taskflow_api.py took 0.055 seconds
[2025-01-20T08:37:21.947+0000] {processor.py:186} INFO - Started process (PID=59830) to work on /home/airflow/.local/lib/python3.12/site-packages/airflow/example_dags/tutorial_taskflow_api.py
[2025-01-20T08:37:21.948+0000] {processor.py:914} INFO - Processing file /home/airflow/.local/lib/python3.12/site-packages/airflow/example_dags/tutorial_taskflow_api.py for tasks to queue
[2025-01-20T08:37:21.951+0000] {logging_mixin.py:190} INFO - [2025-01-20T08:37:21.950+0000] {dagbag.py:588} INFO - Filling up the DagBag from /home/airflow/.local/lib/python3.12/site-packages/airflow/example_dags/tutorial_taskflow_api.py
[2025-01-20T08:37:21.960+0000] {processor.py:925} INFO - DAG(s) 'tutorial_taskflow_api' retrieved from /home/airflow/.local/lib/python3.12/site-packages/airflow/example_dags/tutorial_taskflow_api.py
[2025-01-20T08:37:21.975+0000] {logging_mixin.py:190} INFO - [2025-01-20T08:37:21.975+0000] {dag.py:3239} INFO - Sync 1 DAGs
[2025-01-20T08:37:21.985+0000] {logging_mixin.py:190} INFO - [2025-01-20T08:37:21.985+0000] {dag.py:4180} INFO - Setting next_dagrun for tutorial_taskflow_api to None, run_after=None
[2025-01-20T08:37:21.999+0000] {processor.py:208} INFO - Processing /home/airflow/.local/lib/python3.12/site-packages/airflow/example_dags/tutorial_taskflow_api.py took 0.059 seconds
[2025-01-20T08:37:52.250+0000] {processor.py:186} INFO - Started process (PID=60131) to work on /home/airflow/.local/lib/python3.12/site-packages/airflow/example_dags/tutorial_taskflow_api.py
[2025-01-20T08:37:52.250+0000] {processor.py:914} INFO - Processing file /home/airflow/.local/lib/python3.12/site-packages/airflow/example_dags/tutorial_taskflow_api.py for tasks to queue
[2025-01-20T08:37:52.252+0000] {logging_mixin.py:190} INFO - [2025-01-20T08:37:52.252+0000] {dagbag.py:588} INFO - Filling up the DagBag from /home/airflow/.local/lib/python3.12/site-packages/airflow/example_dags/tutorial_taskflow_api.py
[2025-01-20T08:37:52.257+0000] {processor.py:925} INFO - DAG(s) 'tutorial_taskflow_api' retrieved from /home/airflow/.local/lib/python3.12/site-packages/airflow/example_dags/tutorial_taskflow_api.py
[2025-01-20T08:37:52.276+0000] {logging_mixin.py:190} INFO - [2025-01-20T08:37:52.276+0000] {dag.py:3239} INFO - Sync 1 DAGs
[2025-01-20T08:37:52.286+0000] {logging_mixin.py:190} INFO - [2025-01-20T08:37:52.286+0000] {dag.py:4180} INFO - Setting next_dagrun for tutorial_taskflow_api to None, run_after=None
[2025-01-20T08:37:52.303+0000] {processor.py:208} INFO - Processing /home/airflow/.local/lib/python3.12/site-packages/airflow/example_dags/tutorial_taskflow_api.py took 0.057 seconds
[2025-01-20T08:38:23.035+0000] {processor.py:186} INFO - Started process (PID=60439) to work on /home/airflow/.local/lib/python3.12/site-packages/airflow/example_dags/tutorial_taskflow_api.py
[2025-01-20T08:38:23.035+0000] {processor.py:914} INFO - Processing file /home/airflow/.local/lib/python3.12/site-packages/airflow/example_dags/tutorial_taskflow_api.py for tasks to queue
[2025-01-20T08:38:23.037+0000] {logging_mixin.py:190} INFO - [2025-01-20T08:38:23.037+0000] {dagbag.py:588} INFO - Filling up the DagBag from /home/airflow/.local/lib/python3.12/site-packages/airflow/example_dags/tutorial_taskflow_api.py
[2025-01-20T08:38:23.043+0000] {processor.py:925} INFO - DAG(s) 'tutorial_taskflow_api' retrieved from /home/airflow/.local/lib/python3.12/site-packages/airflow/example_dags/tutorial_taskflow_api.py
[2025-01-20T08:38:23.059+0000] {logging_mixin.py:190} INFO - [2025-01-20T08:38:23.059+0000] {dag.py:3239} INFO - Sync 1 DAGs
[2025-01-20T08:38:23.072+0000] {logging_mixin.py:190} INFO - [2025-01-20T08:38:23.071+0000] {dag.py:4180} INFO - Setting next_dagrun for tutorial_taskflow_api to None, run_after=None
[2025-01-20T08:38:23.087+0000] {processor.py:208} INFO - Processing /home/airflow/.local/lib/python3.12/site-packages/airflow/example_dags/tutorial_taskflow_api.py took 0.056 seconds
[2025-01-20T08:38:53.784+0000] {processor.py:186} INFO - Started process (PID=60738) to work on /home/airflow/.local/lib/python3.12/site-packages/airflow/example_dags/tutorial_taskflow_api.py
[2025-01-20T08:38:53.785+0000] {processor.py:914} INFO - Processing file /home/airflow/.local/lib/python3.12/site-packages/airflow/example_dags/tutorial_taskflow_api.py for tasks to queue
[2025-01-20T08:38:53.788+0000] {logging_mixin.py:190} INFO - [2025-01-20T08:38:53.788+0000] {dagbag.py:588} INFO - Filling up the DagBag from /home/airflow/.local/lib/python3.12/site-packages/airflow/example_dags/tutorial_taskflow_api.py
[2025-01-20T08:38:53.798+0000] {processor.py:925} INFO - DAG(s) 'tutorial_taskflow_api' retrieved from /home/airflow/.local/lib/python3.12/site-packages/airflow/example_dags/tutorial_taskflow_api.py
[2025-01-20T08:38:53.821+0000] {logging_mixin.py:190} INFO - [2025-01-20T08:38:53.821+0000] {dag.py:3239} INFO - Sync 1 DAGs
[2025-01-20T08:38:53.839+0000] {logging_mixin.py:190} INFO - [2025-01-20T08:38:53.839+0000] {dag.py:4180} INFO - Setting next_dagrun for tutorial_taskflow_api to None, run_after=None
[2025-01-20T08:38:53.860+0000] {processor.py:208} INFO - Processing /home/airflow/.local/lib/python3.12/site-packages/airflow/example_dags/tutorial_taskflow_api.py took 0.081 seconds
[2025-01-20T08:39:24.250+0000] {processor.py:186} INFO - Started process (PID=61044) to work on /home/airflow/.local/lib/python3.12/site-packages/airflow/example_dags/tutorial_taskflow_api.py
[2025-01-20T08:39:24.250+0000] {processor.py:914} INFO - Processing file /home/airflow/.local/lib/python3.12/site-packages/airflow/example_dags/tutorial_taskflow_api.py for tasks to queue
[2025-01-20T08:39:24.252+0000] {logging_mixin.py:190} INFO - [2025-01-20T08:39:24.252+0000] {dagbag.py:588} INFO - Filling up the DagBag from /home/airflow/.local/lib/python3.12/site-packages/airflow/example_dags/tutorial_taskflow_api.py
[2025-01-20T08:39:24.258+0000] {processor.py:925} INFO - DAG(s) 'tutorial_taskflow_api' retrieved from /home/airflow/.local/lib/python3.12/site-packages/airflow/example_dags/tutorial_taskflow_api.py
[2025-01-20T08:39:24.272+0000] {logging_mixin.py:190} INFO - [2025-01-20T08:39:24.272+0000] {dag.py:3239} INFO - Sync 1 DAGs
[2025-01-20T08:39:24.283+0000] {logging_mixin.py:190} INFO - [2025-01-20T08:39:24.283+0000] {dag.py:4180} INFO - Setting next_dagrun for tutorial_taskflow_api to None, run_after=None
[2025-01-20T08:39:24.298+0000] {processor.py:208} INFO - Processing /home/airflow/.local/lib/python3.12/site-packages/airflow/example_dags/tutorial_taskflow_api.py took 0.052 seconds
[2025-01-20T08:39:54.375+0000] {processor.py:186} INFO - Started process (PID=61345) to work on /home/airflow/.local/lib/python3.12/site-packages/airflow/example_dags/tutorial_taskflow_api.py
[2025-01-20T08:39:54.376+0000] {processor.py:914} INFO - Processing file /home/airflow/.local/lib/python3.12/site-packages/airflow/example_dags/tutorial_taskflow_api.py for tasks to queue
[2025-01-20T08:39:54.379+0000] {logging_mixin.py:190} INFO - [2025-01-20T08:39:54.379+0000] {dagbag.py:588} INFO - Filling up the DagBag from /home/airflow/.local/lib/python3.12/site-packages/airflow/example_dags/tutorial_taskflow_api.py
[2025-01-20T08:39:54.386+0000] {processor.py:925} INFO - DAG(s) 'tutorial_taskflow_api' retrieved from /home/airflow/.local/lib/python3.12/site-packages/airflow/example_dags/tutorial_taskflow_api.py
[2025-01-20T08:39:54.407+0000] {logging_mixin.py:190} INFO - [2025-01-20T08:39:54.407+0000] {dag.py:3239} INFO - Sync 1 DAGs
[2025-01-20T08:39:54.417+0000] {logging_mixin.py:190} INFO - [2025-01-20T08:39:54.417+0000] {dag.py:4180} INFO - Setting next_dagrun for tutorial_taskflow_api to None, run_after=None
[2025-01-20T08:39:54.433+0000] {processor.py:208} INFO - Processing /home/airflow/.local/lib/python3.12/site-packages/airflow/example_dags/tutorial_taskflow_api.py took 0.062 seconds
[2025-01-20T08:40:25.025+0000] {processor.py:186} INFO - Started process (PID=61651) to work on /home/airflow/.local/lib/python3.12/site-packages/airflow/example_dags/tutorial_taskflow_api.py
[2025-01-20T08:40:25.027+0000] {processor.py:914} INFO - Processing file /home/airflow/.local/lib/python3.12/site-packages/airflow/example_dags/tutorial_taskflow_api.py for tasks to queue
[2025-01-20T08:40:25.033+0000] {logging_mixin.py:190} INFO - [2025-01-20T08:40:25.032+0000] {dagbag.py:588} INFO - Filling up the DagBag from /home/airflow/.local/lib/python3.12/site-packages/airflow/example_dags/tutorial_taskflow_api.py
[2025-01-20T08:40:25.049+0000] {processor.py:925} INFO - DAG(s) 'tutorial_taskflow_api' retrieved from /home/airflow/.local/lib/python3.12/site-packages/airflow/example_dags/tutorial_taskflow_api.py
[2025-01-20T08:40:25.081+0000] {logging_mixin.py:190} INFO - [2025-01-20T08:40:25.081+0000] {dag.py:3239} INFO - Sync 1 DAGs
[2025-01-20T08:40:25.098+0000] {logging_mixin.py:190} INFO - [2025-01-20T08:40:25.097+0000] {dag.py:4180} INFO - Setting next_dagrun for tutorial_taskflow_api to None, run_after=None
[2025-01-20T08:40:25.137+0000] {processor.py:208} INFO - Processing /home/airflow/.local/lib/python3.12/site-packages/airflow/example_dags/tutorial_taskflow_api.py took 0.122 seconds
[2025-01-20T08:40:55.921+0000] {processor.py:186} INFO - Started process (PID=61954) to work on /home/airflow/.local/lib/python3.12/site-packages/airflow/example_dags/tutorial_taskflow_api.py
[2025-01-20T08:40:55.922+0000] {processor.py:914} INFO - Processing file /home/airflow/.local/lib/python3.12/site-packages/airflow/example_dags/tutorial_taskflow_api.py for tasks to queue
[2025-01-20T08:40:55.924+0000] {logging_mixin.py:190} INFO - [2025-01-20T08:40:55.923+0000] {dagbag.py:588} INFO - Filling up the DagBag from /home/airflow/.local/lib/python3.12/site-packages/airflow/example_dags/tutorial_taskflow_api.py
[2025-01-20T08:40:55.930+0000] {processor.py:925} INFO - DAG(s) 'tutorial_taskflow_api' retrieved from /home/airflow/.local/lib/python3.12/site-packages/airflow/example_dags/tutorial_taskflow_api.py
[2025-01-20T08:40:55.952+0000] {logging_mixin.py:190} INFO - [2025-01-20T08:40:55.952+0000] {dag.py:3239} INFO - Sync 1 DAGs
[2025-01-20T08:40:55.967+0000] {logging_mixin.py:190} INFO - [2025-01-20T08:40:55.966+0000] {dag.py:4180} INFO - Setting next_dagrun for tutorial_taskflow_api to None, run_after=None
[2025-01-20T08:40:55.985+0000] {processor.py:208} INFO - Processing /home/airflow/.local/lib/python3.12/site-packages/airflow/example_dags/tutorial_taskflow_api.py took 0.068 seconds
[2025-01-20T08:41:26.164+0000] {processor.py:186} INFO - Started process (PID=62258) to work on /home/airflow/.local/lib/python3.12/site-packages/airflow/example_dags/tutorial_taskflow_api.py
[2025-01-20T08:41:26.164+0000] {processor.py:914} INFO - Processing file /home/airflow/.local/lib/python3.12/site-packages/airflow/example_dags/tutorial_taskflow_api.py for tasks to queue
[2025-01-20T08:41:26.166+0000] {logging_mixin.py:190} INFO - [2025-01-20T08:41:26.166+0000] {dagbag.py:588} INFO - Filling up the DagBag from /home/airflow/.local/lib/python3.12/site-packages/airflow/example_dags/tutorial_taskflow_api.py
[2025-01-20T08:41:26.172+0000] {processor.py:925} INFO - DAG(s) 'tutorial_taskflow_api' retrieved from /home/airflow/.local/lib/python3.12/site-packages/airflow/example_dags/tutorial_taskflow_api.py
[2025-01-20T08:41:26.187+0000] {logging_mixin.py:190} INFO - [2025-01-20T08:41:26.186+0000] {dag.py:3239} INFO - Sync 1 DAGs
[2025-01-20T08:41:26.196+0000] {logging_mixin.py:190} INFO - [2025-01-20T08:41:26.196+0000] {dag.py:4180} INFO - Setting next_dagrun for tutorial_taskflow_api to None, run_after=None
[2025-01-20T08:41:26.210+0000] {processor.py:208} INFO - Processing /home/airflow/.local/lib/python3.12/site-packages/airflow/example_dags/tutorial_taskflow_api.py took 0.051 seconds
[2025-01-20T08:41:56.630+0000] {processor.py:186} INFO - Started process (PID=62561) to work on /home/airflow/.local/lib/python3.12/site-packages/airflow/example_dags/tutorial_taskflow_api.py
[2025-01-20T08:41:56.631+0000] {processor.py:914} INFO - Processing file /home/airflow/.local/lib/python3.12/site-packages/airflow/example_dags/tutorial_taskflow_api.py for tasks to queue
[2025-01-20T08:41:56.638+0000] {logging_mixin.py:190} INFO - [2025-01-20T08:41:56.637+0000] {dagbag.py:588} INFO - Filling up the DagBag from /home/airflow/.local/lib/python3.12/site-packages/airflow/example_dags/tutorial_taskflow_api.py
[2025-01-20T08:41:56.648+0000] {processor.py:925} INFO - DAG(s) 'tutorial_taskflow_api' retrieved from /home/airflow/.local/lib/python3.12/site-packages/airflow/example_dags/tutorial_taskflow_api.py
[2025-01-20T08:41:56.687+0000] {logging_mixin.py:190} INFO - [2025-01-20T08:41:56.687+0000] {dag.py:3239} INFO - Sync 1 DAGs
[2025-01-20T08:41:56.706+0000] {logging_mixin.py:190} INFO - [2025-01-20T08:41:56.705+0000] {dag.py:4180} INFO - Setting next_dagrun for tutorial_taskflow_api to None, run_after=None
[2025-01-20T08:41:56.721+0000] {processor.py:208} INFO - Processing /home/airflow/.local/lib/python3.12/site-packages/airflow/example_dags/tutorial_taskflow_api.py took 0.101 seconds
[2025-01-20T08:42:26.933+0000] {processor.py:186} INFO - Started process (PID=62865) to work on /home/airflow/.local/lib/python3.12/site-packages/airflow/example_dags/tutorial_taskflow_api.py
[2025-01-20T08:42:26.935+0000] {processor.py:914} INFO - Processing file /home/airflow/.local/lib/python3.12/site-packages/airflow/example_dags/tutorial_taskflow_api.py for tasks to queue
[2025-01-20T08:42:26.938+0000] {logging_mixin.py:190} INFO - [2025-01-20T08:42:26.937+0000] {dagbag.py:588} INFO - Filling up the DagBag from /home/airflow/.local/lib/python3.12/site-packages/airflow/example_dags/tutorial_taskflow_api.py
[2025-01-20T08:42:26.944+0000] {processor.py:925} INFO - DAG(s) 'tutorial_taskflow_api' retrieved from /home/airflow/.local/lib/python3.12/site-packages/airflow/example_dags/tutorial_taskflow_api.py
[2025-01-20T08:42:26.962+0000] {logging_mixin.py:190} INFO - [2025-01-20T08:42:26.961+0000] {dag.py:3239} INFO - Sync 1 DAGs
[2025-01-20T08:42:26.977+0000] {logging_mixin.py:190} INFO - [2025-01-20T08:42:26.976+0000] {dag.py:4180} INFO - Setting next_dagrun for tutorial_taskflow_api to None, run_after=None
[2025-01-20T08:42:26.996+0000] {processor.py:208} INFO - Processing /home/airflow/.local/lib/python3.12/site-packages/airflow/example_dags/tutorial_taskflow_api.py took 0.070 seconds
[2025-01-20T08:42:57.703+0000] {processor.py:186} INFO - Started process (PID=63168) to work on /home/airflow/.local/lib/python3.12/site-packages/airflow/example_dags/tutorial_taskflow_api.py
[2025-01-20T08:42:57.704+0000] {processor.py:914} INFO - Processing file /home/airflow/.local/lib/python3.12/site-packages/airflow/example_dags/tutorial_taskflow_api.py for tasks to queue
[2025-01-20T08:42:57.706+0000] {logging_mixin.py:190} INFO - [2025-01-20T08:42:57.706+0000] {dagbag.py:588} INFO - Filling up the DagBag from /home/airflow/.local/lib/python3.12/site-packages/airflow/example_dags/tutorial_taskflow_api.py
[2025-01-20T08:42:57.712+0000] {processor.py:925} INFO - DAG(s) 'tutorial_taskflow_api' retrieved from /home/airflow/.local/lib/python3.12/site-packages/airflow/example_dags/tutorial_taskflow_api.py
[2025-01-20T08:42:57.736+0000] {logging_mixin.py:190} INFO - [2025-01-20T08:42:57.736+0000] {dag.py:3239} INFO - Sync 1 DAGs
[2025-01-20T08:42:57.747+0000] {logging_mixin.py:190} INFO - [2025-01-20T08:42:57.747+0000] {dag.py:4180} INFO - Setting next_dagrun for tutorial_taskflow_api to None, run_after=None
[2025-01-20T08:42:57.767+0000] {processor.py:208} INFO - Processing /home/airflow/.local/lib/python3.12/site-packages/airflow/example_dags/tutorial_taskflow_api.py took 0.070 seconds
[2025-01-20T08:43:27.914+0000] {processor.py:186} INFO - Started process (PID=63472) to work on /home/airflow/.local/lib/python3.12/site-packages/airflow/example_dags/tutorial_taskflow_api.py
[2025-01-20T08:43:27.915+0000] {processor.py:914} INFO - Processing file /home/airflow/.local/lib/python3.12/site-packages/airflow/example_dags/tutorial_taskflow_api.py for tasks to queue
[2025-01-20T08:43:27.917+0000] {logging_mixin.py:190} INFO - [2025-01-20T08:43:27.917+0000] {dagbag.py:588} INFO - Filling up the DagBag from /home/airflow/.local/lib/python3.12/site-packages/airflow/example_dags/tutorial_taskflow_api.py
[2025-01-20T08:43:27.923+0000] {processor.py:925} INFO - DAG(s) 'tutorial_taskflow_api' retrieved from /home/airflow/.local/lib/python3.12/site-packages/airflow/example_dags/tutorial_taskflow_api.py
[2025-01-20T08:43:27.942+0000] {logging_mixin.py:190} INFO - [2025-01-20T08:43:27.941+0000] {dag.py:3239} INFO - Sync 1 DAGs
[2025-01-20T08:43:27.956+0000] {logging_mixin.py:190} INFO - [2025-01-20T08:43:27.955+0000] {dag.py:4180} INFO - Setting next_dagrun for tutorial_taskflow_api to None, run_after=None
[2025-01-20T08:43:27.973+0000] {processor.py:208} INFO - Processing /home/airflow/.local/lib/python3.12/site-packages/airflow/example_dags/tutorial_taskflow_api.py took 0.064 seconds
[2025-01-20T08:43:58.156+0000] {processor.py:186} INFO - Started process (PID=63775) to work on /home/airflow/.local/lib/python3.12/site-packages/airflow/example_dags/tutorial_taskflow_api.py
[2025-01-20T08:43:58.157+0000] {processor.py:914} INFO - Processing file /home/airflow/.local/lib/python3.12/site-packages/airflow/example_dags/tutorial_taskflow_api.py for tasks to queue
[2025-01-20T08:43:58.159+0000] {logging_mixin.py:190} INFO - [2025-01-20T08:43:58.159+0000] {dagbag.py:588} INFO - Filling up the DagBag from /home/airflow/.local/lib/python3.12/site-packages/airflow/example_dags/tutorial_taskflow_api.py
[2025-01-20T08:43:58.166+0000] {processor.py:925} INFO - DAG(s) 'tutorial_taskflow_api' retrieved from /home/airflow/.local/lib/python3.12/site-packages/airflow/example_dags/tutorial_taskflow_api.py
[2025-01-20T08:43:58.189+0000] {logging_mixin.py:190} INFO - [2025-01-20T08:43:58.189+0000] {dag.py:3239} INFO - Sync 1 DAGs
[2025-01-20T08:43:58.203+0000] {logging_mixin.py:190} INFO - [2025-01-20T08:43:58.202+0000] {dag.py:4180} INFO - Setting next_dagrun for tutorial_taskflow_api to None, run_after=None
[2025-01-20T08:43:58.216+0000] {processor.py:208} INFO - Processing /home/airflow/.local/lib/python3.12/site-packages/airflow/example_dags/tutorial_taskflow_api.py took 0.069 seconds
[2025-01-20T08:44:28.357+0000] {processor.py:186} INFO - Started process (PID=64079) to work on /home/airflow/.local/lib/python3.12/site-packages/airflow/example_dags/tutorial_taskflow_api.py
[2025-01-20T08:44:28.357+0000] {processor.py:914} INFO - Processing file /home/airflow/.local/lib/python3.12/site-packages/airflow/example_dags/tutorial_taskflow_api.py for tasks to queue
[2025-01-20T08:44:28.359+0000] {logging_mixin.py:190} INFO - [2025-01-20T08:44:28.359+0000] {dagbag.py:588} INFO - Filling up the DagBag from /home/airflow/.local/lib/python3.12/site-packages/airflow/example_dags/tutorial_taskflow_api.py
[2025-01-20T08:44:28.369+0000] {processor.py:925} INFO - DAG(s) 'tutorial_taskflow_api' retrieved from /home/airflow/.local/lib/python3.12/site-packages/airflow/example_dags/tutorial_taskflow_api.py
[2025-01-20T08:44:28.388+0000] {logging_mixin.py:190} INFO - [2025-01-20T08:44:28.388+0000] {dag.py:3239} INFO - Sync 1 DAGs
[2025-01-20T08:44:28.399+0000] {logging_mixin.py:190} INFO - [2025-01-20T08:44:28.398+0000] {dag.py:4180} INFO - Setting next_dagrun for tutorial_taskflow_api to None, run_after=None
[2025-01-20T08:44:28.413+0000] {processor.py:208} INFO - Processing /home/airflow/.local/lib/python3.12/site-packages/airflow/example_dags/tutorial_taskflow_api.py took 0.062 seconds
[2025-01-20T08:44:58.616+0000] {processor.py:186} INFO - Started process (PID=64380) to work on /home/airflow/.local/lib/python3.12/site-packages/airflow/example_dags/tutorial_taskflow_api.py
[2025-01-20T08:44:58.617+0000] {processor.py:914} INFO - Processing file /home/airflow/.local/lib/python3.12/site-packages/airflow/example_dags/tutorial_taskflow_api.py for tasks to queue
[2025-01-20T08:44:58.621+0000] {logging_mixin.py:190} INFO - [2025-01-20T08:44:58.620+0000] {dagbag.py:588} INFO - Filling up the DagBag from /home/airflow/.local/lib/python3.12/site-packages/airflow/example_dags/tutorial_taskflow_api.py
[2025-01-20T08:44:58.627+0000] {processor.py:925} INFO - DAG(s) 'tutorial_taskflow_api' retrieved from /home/airflow/.local/lib/python3.12/site-packages/airflow/example_dags/tutorial_taskflow_api.py
[2025-01-20T08:44:58.646+0000] {logging_mixin.py:190} INFO - [2025-01-20T08:44:58.646+0000] {dag.py:3239} INFO - Sync 1 DAGs
[2025-01-20T08:44:58.655+0000] {logging_mixin.py:190} INFO - [2025-01-20T08:44:58.655+0000] {dag.py:4180} INFO - Setting next_dagrun for tutorial_taskflow_api to None, run_after=None
[2025-01-20T08:44:58.671+0000] {processor.py:208} INFO - Processing /home/airflow/.local/lib/python3.12/site-packages/airflow/example_dags/tutorial_taskflow_api.py took 0.062 seconds
[2025-01-20T08:45:29.198+0000] {processor.py:186} INFO - Started process (PID=64688) to work on /home/airflow/.local/lib/python3.12/site-packages/airflow/example_dags/tutorial_taskflow_api.py
[2025-01-20T08:45:29.199+0000] {processor.py:914} INFO - Processing file /home/airflow/.local/lib/python3.12/site-packages/airflow/example_dags/tutorial_taskflow_api.py for tasks to queue
[2025-01-20T08:45:29.202+0000] {logging_mixin.py:190} INFO - [2025-01-20T08:45:29.201+0000] {dagbag.py:588} INFO - Filling up the DagBag from /home/airflow/.local/lib/python3.12/site-packages/airflow/example_dags/tutorial_taskflow_api.py
[2025-01-20T08:45:29.212+0000] {processor.py:925} INFO - DAG(s) 'tutorial_taskflow_api' retrieved from /home/airflow/.local/lib/python3.12/site-packages/airflow/example_dags/tutorial_taskflow_api.py
[2025-01-20T08:45:29.226+0000] {logging_mixin.py:190} INFO - [2025-01-20T08:45:29.226+0000] {dag.py:3239} INFO - Sync 1 DAGs
[2025-01-20T08:45:29.237+0000] {logging_mixin.py:190} INFO - [2025-01-20T08:45:29.237+0000] {dag.py:4180} INFO - Setting next_dagrun for tutorial_taskflow_api to None, run_after=None
[2025-01-20T08:45:29.251+0000] {processor.py:208} INFO - Processing /home/airflow/.local/lib/python3.12/site-packages/airflow/example_dags/tutorial_taskflow_api.py took 0.061 seconds
[2025-01-20T08:45:59.785+0000] {processor.py:186} INFO - Started process (PID=64987) to work on /home/airflow/.local/lib/python3.12/site-packages/airflow/example_dags/tutorial_taskflow_api.py
[2025-01-20T08:45:59.786+0000] {processor.py:914} INFO - Processing file /home/airflow/.local/lib/python3.12/site-packages/airflow/example_dags/tutorial_taskflow_api.py for tasks to queue
[2025-01-20T08:45:59.788+0000] {logging_mixin.py:190} INFO - [2025-01-20T08:45:59.788+0000] {dagbag.py:588} INFO - Filling up the DagBag from /home/airflow/.local/lib/python3.12/site-packages/airflow/example_dags/tutorial_taskflow_api.py
[2025-01-20T08:45:59.795+0000] {processor.py:925} INFO - DAG(s) 'tutorial_taskflow_api' retrieved from /home/airflow/.local/lib/python3.12/site-packages/airflow/example_dags/tutorial_taskflow_api.py
[2025-01-20T08:45:59.810+0000] {logging_mixin.py:190} INFO - [2025-01-20T08:45:59.810+0000] {dag.py:3239} INFO - Sync 1 DAGs
[2025-01-20T08:45:59.820+0000] {logging_mixin.py:190} INFO - [2025-01-20T08:45:59.819+0000] {dag.py:4180} INFO - Setting next_dagrun for tutorial_taskflow_api to None, run_after=None
[2025-01-20T08:45:59.834+0000] {processor.py:208} INFO - Processing /home/airflow/.local/lib/python3.12/site-packages/airflow/example_dags/tutorial_taskflow_api.py took 0.053 seconds
[2025-01-20T08:46:30.280+0000] {processor.py:186} INFO - Started process (PID=65293) to work on /home/airflow/.local/lib/python3.12/site-packages/airflow/example_dags/tutorial_taskflow_api.py
[2025-01-20T08:46:30.281+0000] {processor.py:914} INFO - Processing file /home/airflow/.local/lib/python3.12/site-packages/airflow/example_dags/tutorial_taskflow_api.py for tasks to queue
[2025-01-20T08:46:30.283+0000] {logging_mixin.py:190} INFO - [2025-01-20T08:46:30.282+0000] {dagbag.py:588} INFO - Filling up the DagBag from /home/airflow/.local/lib/python3.12/site-packages/airflow/example_dags/tutorial_taskflow_api.py
[2025-01-20T08:46:30.288+0000] {processor.py:925} INFO - DAG(s) 'tutorial_taskflow_api' retrieved from /home/airflow/.local/lib/python3.12/site-packages/airflow/example_dags/tutorial_taskflow_api.py
[2025-01-20T08:46:30.313+0000] {logging_mixin.py:190} INFO - [2025-01-20T08:46:30.312+0000] {dag.py:3239} INFO - Sync 1 DAGs
[2025-01-20T08:46:30.329+0000] {logging_mixin.py:190} INFO - [2025-01-20T08:46:30.329+0000] {dag.py:4180} INFO - Setting next_dagrun for tutorial_taskflow_api to None, run_after=None
[2025-01-20T08:46:30.341+0000] {processor.py:208} INFO - Processing /home/airflow/.local/lib/python3.12/site-packages/airflow/example_dags/tutorial_taskflow_api.py took 0.065 seconds
[2025-01-20T08:47:00.997+0000] {processor.py:186} INFO - Started process (PID=65595) to work on /home/airflow/.local/lib/python3.12/site-packages/airflow/example_dags/tutorial_taskflow_api.py
[2025-01-20T08:47:00.998+0000] {processor.py:914} INFO - Processing file /home/airflow/.local/lib/python3.12/site-packages/airflow/example_dags/tutorial_taskflow_api.py for tasks to queue
[2025-01-20T08:47:01.000+0000] {logging_mixin.py:190} INFO - [2025-01-20T08:47:00.999+0000] {dagbag.py:588} INFO - Filling up the DagBag from /home/airflow/.local/lib/python3.12/site-packages/airflow/example_dags/tutorial_taskflow_api.py
[2025-01-20T08:47:01.005+0000] {processor.py:925} INFO - DAG(s) 'tutorial_taskflow_api' retrieved from /home/airflow/.local/lib/python3.12/site-packages/airflow/example_dags/tutorial_taskflow_api.py
[2025-01-20T08:47:01.021+0000] {logging_mixin.py:190} INFO - [2025-01-20T08:47:01.020+0000] {dag.py:3239} INFO - Sync 1 DAGs
[2025-01-20T08:47:01.038+0000] {logging_mixin.py:190} INFO - [2025-01-20T08:47:01.038+0000] {dag.py:4180} INFO - Setting next_dagrun for tutorial_taskflow_api to None, run_after=None
[2025-01-20T08:47:01.057+0000] {processor.py:208} INFO - Processing /home/airflow/.local/lib/python3.12/site-packages/airflow/example_dags/tutorial_taskflow_api.py took 0.067 seconds
[2025-01-20T08:47:31.220+0000] {processor.py:186} INFO - Started process (PID=65900) to work on /home/airflow/.local/lib/python3.12/site-packages/airflow/example_dags/tutorial_taskflow_api.py
[2025-01-20T08:47:31.221+0000] {processor.py:914} INFO - Processing file /home/airflow/.local/lib/python3.12/site-packages/airflow/example_dags/tutorial_taskflow_api.py for tasks to queue
[2025-01-20T08:47:31.224+0000] {logging_mixin.py:190} INFO - [2025-01-20T08:47:31.224+0000] {dagbag.py:588} INFO - Filling up the DagBag from /home/airflow/.local/lib/python3.12/site-packages/airflow/example_dags/tutorial_taskflow_api.py
[2025-01-20T08:47:31.234+0000] {processor.py:925} INFO - DAG(s) 'tutorial_taskflow_api' retrieved from /home/airflow/.local/lib/python3.12/site-packages/airflow/example_dags/tutorial_taskflow_api.py
[2025-01-20T08:47:31.254+0000] {logging_mixin.py:190} INFO - [2025-01-20T08:47:31.254+0000] {dag.py:3239} INFO - Sync 1 DAGs
[2025-01-20T08:47:31.273+0000] {logging_mixin.py:190} INFO - [2025-01-20T08:47:31.273+0000] {dag.py:4180} INFO - Setting next_dagrun for tutorial_taskflow_api to None, run_after=None
[2025-01-20T08:47:31.296+0000] {processor.py:208} INFO - Processing /home/airflow/.local/lib/python3.12/site-packages/airflow/example_dags/tutorial_taskflow_api.py took 0.082 seconds
[2025-01-20T08:48:01.695+0000] {processor.py:186} INFO - Started process (PID=66204) to work on /home/airflow/.local/lib/python3.12/site-packages/airflow/example_dags/tutorial_taskflow_api.py
[2025-01-20T08:48:01.696+0000] {processor.py:914} INFO - Processing file /home/airflow/.local/lib/python3.12/site-packages/airflow/example_dags/tutorial_taskflow_api.py for tasks to queue
[2025-01-20T08:48:01.697+0000] {logging_mixin.py:190} INFO - [2025-01-20T08:48:01.697+0000] {dagbag.py:588} INFO - Filling up the DagBag from /home/airflow/.local/lib/python3.12/site-packages/airflow/example_dags/tutorial_taskflow_api.py
[2025-01-20T08:48:01.703+0000] {processor.py:925} INFO - DAG(s) 'tutorial_taskflow_api' retrieved from /home/airflow/.local/lib/python3.12/site-packages/airflow/example_dags/tutorial_taskflow_api.py
[2025-01-20T08:48:01.722+0000] {logging_mixin.py:190} INFO - [2025-01-20T08:48:01.721+0000] {dag.py:3239} INFO - Sync 1 DAGs
[2025-01-20T08:48:01.737+0000] {logging_mixin.py:190} INFO - [2025-01-20T08:48:01.737+0000] {dag.py:4180} INFO - Setting next_dagrun for tutorial_taskflow_api to None, run_after=None
[2025-01-20T08:48:01.759+0000] {processor.py:208} INFO - Processing /home/airflow/.local/lib/python3.12/site-packages/airflow/example_dags/tutorial_taskflow_api.py took 0.068 seconds
[2025-01-20T08:48:31.929+0000] {processor.py:186} INFO - Started process (PID=66507) to work on /home/airflow/.local/lib/python3.12/site-packages/airflow/example_dags/tutorial_taskflow_api.py
[2025-01-20T08:48:31.930+0000] {processor.py:914} INFO - Processing file /home/airflow/.local/lib/python3.12/site-packages/airflow/example_dags/tutorial_taskflow_api.py for tasks to queue
[2025-01-20T08:48:31.932+0000] {logging_mixin.py:190} INFO - [2025-01-20T08:48:31.932+0000] {dagbag.py:588} INFO - Filling up the DagBag from /home/airflow/.local/lib/python3.12/site-packages/airflow/example_dags/tutorial_taskflow_api.py
[2025-01-20T08:48:31.938+0000] {processor.py:925} INFO - DAG(s) 'tutorial_taskflow_api' retrieved from /home/airflow/.local/lib/python3.12/site-packages/airflow/example_dags/tutorial_taskflow_api.py
[2025-01-20T08:48:31.956+0000] {logging_mixin.py:190} INFO - [2025-01-20T08:48:31.956+0000] {dag.py:3239} INFO - Sync 1 DAGs
[2025-01-20T08:48:31.973+0000] {logging_mixin.py:190} INFO - [2025-01-20T08:48:31.972+0000] {dag.py:4180} INFO - Setting next_dagrun for tutorial_taskflow_api to None, run_after=None
[2025-01-20T08:48:31.992+0000] {processor.py:208} INFO - Processing /home/airflow/.local/lib/python3.12/site-packages/airflow/example_dags/tutorial_taskflow_api.py took 0.066 seconds
[2025-01-20T08:49:02.205+0000] {processor.py:186} INFO - Started process (PID=66810) to work on /home/airflow/.local/lib/python3.12/site-packages/airflow/example_dags/tutorial_taskflow_api.py
[2025-01-20T08:49:02.206+0000] {processor.py:914} INFO - Processing file /home/airflow/.local/lib/python3.12/site-packages/airflow/example_dags/tutorial_taskflow_api.py for tasks to queue
[2025-01-20T08:49:02.209+0000] {logging_mixin.py:190} INFO - [2025-01-20T08:49:02.208+0000] {dagbag.py:588} INFO - Filling up the DagBag from /home/airflow/.local/lib/python3.12/site-packages/airflow/example_dags/tutorial_taskflow_api.py
[2025-01-20T08:49:02.218+0000] {processor.py:925} INFO - DAG(s) 'tutorial_taskflow_api' retrieved from /home/airflow/.local/lib/python3.12/site-packages/airflow/example_dags/tutorial_taskflow_api.py
[2025-01-20T08:49:02.243+0000] {logging_mixin.py:190} INFO - [2025-01-20T08:49:02.243+0000] {dag.py:3239} INFO - Sync 1 DAGs
[2025-01-20T08:49:02.255+0000] {logging_mixin.py:190} INFO - [2025-01-20T08:49:02.255+0000] {dag.py:4180} INFO - Setting next_dagrun for tutorial_taskflow_api to None, run_after=None
[2025-01-20T08:49:02.267+0000] {processor.py:208} INFO - Processing /home/airflow/.local/lib/python3.12/site-packages/airflow/example_dags/tutorial_taskflow_api.py took 0.070 seconds
[2025-01-20T08:49:33.452+0000] {processor.py:186} INFO - Started process (PID=67114) to work on /home/airflow/.local/lib/python3.12/site-packages/airflow/example_dags/tutorial_taskflow_api.py
[2025-01-20T08:49:33.453+0000] {processor.py:914} INFO - Processing file /home/airflow/.local/lib/python3.12/site-packages/airflow/example_dags/tutorial_taskflow_api.py for tasks to queue
[2025-01-20T08:49:33.454+0000] {logging_mixin.py:190} INFO - [2025-01-20T08:49:33.454+0000] {dagbag.py:588} INFO - Filling up the DagBag from /home/airflow/.local/lib/python3.12/site-packages/airflow/example_dags/tutorial_taskflow_api.py
[2025-01-20T08:49:33.460+0000] {processor.py:925} INFO - DAG(s) 'tutorial_taskflow_api' retrieved from /home/airflow/.local/lib/python3.12/site-packages/airflow/example_dags/tutorial_taskflow_api.py
[2025-01-20T08:49:33.480+0000] {logging_mixin.py:190} INFO - [2025-01-20T08:49:33.479+0000] {dag.py:3239} INFO - Sync 1 DAGs
[2025-01-20T08:49:33.498+0000] {logging_mixin.py:190} INFO - [2025-01-20T08:49:33.498+0000] {dag.py:4180} INFO - Setting next_dagrun for tutorial_taskflow_api to None, run_after=None
[2025-01-20T08:49:33.519+0000] {processor.py:208} INFO - Processing /home/airflow/.local/lib/python3.12/site-packages/airflow/example_dags/tutorial_taskflow_api.py took 0.075 seconds
[2025-01-20T08:50:03.593+0000] {processor.py:186} INFO - Started process (PID=67420) to work on /home/airflow/.local/lib/python3.12/site-packages/airflow/example_dags/tutorial_taskflow_api.py
[2025-01-20T08:50:03.594+0000] {processor.py:914} INFO - Processing file /home/airflow/.local/lib/python3.12/site-packages/airflow/example_dags/tutorial_taskflow_api.py for tasks to queue
[2025-01-20T08:50:03.597+0000] {logging_mixin.py:190} INFO - [2025-01-20T08:50:03.596+0000] {dagbag.py:588} INFO - Filling up the DagBag from /home/airflow/.local/lib/python3.12/site-packages/airflow/example_dags/tutorial_taskflow_api.py
[2025-01-20T08:50:03.604+0000] {processor.py:925} INFO - DAG(s) 'tutorial_taskflow_api' retrieved from /home/airflow/.local/lib/python3.12/site-packages/airflow/example_dags/tutorial_taskflow_api.py
[2025-01-20T08:50:03.628+0000] {logging_mixin.py:190} INFO - [2025-01-20T08:50:03.628+0000] {dag.py:3239} INFO - Sync 1 DAGs
[2025-01-20T08:50:03.648+0000] {logging_mixin.py:190} INFO - [2025-01-20T08:50:03.647+0000] {dag.py:4180} INFO - Setting next_dagrun for tutorial_taskflow_api to None, run_after=None
[2025-01-20T08:50:03.668+0000] {processor.py:208} INFO - Processing /home/airflow/.local/lib/python3.12/site-packages/airflow/example_dags/tutorial_taskflow_api.py took 0.079 seconds
[2025-01-20T08:50:34.192+0000] {processor.py:186} INFO - Started process (PID=67721) to work on /home/airflow/.local/lib/python3.12/site-packages/airflow/example_dags/tutorial_taskflow_api.py
[2025-01-20T08:50:34.192+0000] {processor.py:914} INFO - Processing file /home/airflow/.local/lib/python3.12/site-packages/airflow/example_dags/tutorial_taskflow_api.py for tasks to queue
[2025-01-20T08:50:34.194+0000] {logging_mixin.py:190} INFO - [2025-01-20T08:50:34.194+0000] {dagbag.py:588} INFO - Filling up the DagBag from /home/airflow/.local/lib/python3.12/site-packages/airflow/example_dags/tutorial_taskflow_api.py
[2025-01-20T08:50:34.200+0000] {processor.py:925} INFO - DAG(s) 'tutorial_taskflow_api' retrieved from /home/airflow/.local/lib/python3.12/site-packages/airflow/example_dags/tutorial_taskflow_api.py
[2025-01-20T08:50:34.217+0000] {logging_mixin.py:190} INFO - [2025-01-20T08:50:34.217+0000] {dag.py:3239} INFO - Sync 1 DAGs
[2025-01-20T08:50:34.227+0000] {logging_mixin.py:190} INFO - [2025-01-20T08:50:34.227+0000] {dag.py:4180} INFO - Setting next_dagrun for tutorial_taskflow_api to None, run_after=None
[2025-01-20T08:50:34.242+0000] {processor.py:208} INFO - Processing /home/airflow/.local/lib/python3.12/site-packages/airflow/example_dags/tutorial_taskflow_api.py took 0.056 seconds
[2025-01-20T08:51:04.989+0000] {processor.py:186} INFO - Started process (PID=68029) to work on /home/airflow/.local/lib/python3.12/site-packages/airflow/example_dags/tutorial_taskflow_api.py
[2025-01-20T08:51:04.990+0000] {processor.py:914} INFO - Processing file /home/airflow/.local/lib/python3.12/site-packages/airflow/example_dags/tutorial_taskflow_api.py for tasks to queue
[2025-01-20T08:51:04.992+0000] {logging_mixin.py:190} INFO - [2025-01-20T08:51:04.992+0000] {dagbag.py:588} INFO - Filling up the DagBag from /home/airflow/.local/lib/python3.12/site-packages/airflow/example_dags/tutorial_taskflow_api.py
[2025-01-20T08:51:04.999+0000] {processor.py:925} INFO - DAG(s) 'tutorial_taskflow_api' retrieved from /home/airflow/.local/lib/python3.12/site-packages/airflow/example_dags/tutorial_taskflow_api.py
[2025-01-20T08:51:05.019+0000] {logging_mixin.py:190} INFO - [2025-01-20T08:51:05.019+0000] {dag.py:3239} INFO - Sync 1 DAGs
[2025-01-20T08:51:05.034+0000] {logging_mixin.py:190} INFO - [2025-01-20T08:51:05.033+0000] {dag.py:4180} INFO - Setting next_dagrun for tutorial_taskflow_api to None, run_after=None
[2025-01-20T08:51:05.047+0000] {processor.py:208} INFO - Processing /home/airflow/.local/lib/python3.12/site-packages/airflow/example_dags/tutorial_taskflow_api.py took 0.062 seconds
[2025-01-20T08:51:35.137+0000] {processor.py:186} INFO - Started process (PID=68328) to work on /home/airflow/.local/lib/python3.12/site-packages/airflow/example_dags/tutorial_taskflow_api.py
[2025-01-20T08:51:35.138+0000] {processor.py:914} INFO - Processing file /home/airflow/.local/lib/python3.12/site-packages/airflow/example_dags/tutorial_taskflow_api.py for tasks to queue
[2025-01-20T08:51:35.141+0000] {logging_mixin.py:190} INFO - [2025-01-20T08:51:35.141+0000] {dagbag.py:588} INFO - Filling up the DagBag from /home/airflow/.local/lib/python3.12/site-packages/airflow/example_dags/tutorial_taskflow_api.py
[2025-01-20T08:51:35.147+0000] {processor.py:925} INFO - DAG(s) 'tutorial_taskflow_api' retrieved from /home/airflow/.local/lib/python3.12/site-packages/airflow/example_dags/tutorial_taskflow_api.py
[2025-01-20T08:51:35.173+0000] {logging_mixin.py:190} INFO - [2025-01-20T08:51:35.173+0000] {dag.py:3239} INFO - Sync 1 DAGs
[2025-01-20T08:51:35.192+0000] {logging_mixin.py:190} INFO - [2025-01-20T08:51:35.192+0000] {dag.py:4180} INFO - Setting next_dagrun for tutorial_taskflow_api to None, run_after=None
[2025-01-20T08:51:35.215+0000] {processor.py:208} INFO - Processing /home/airflow/.local/lib/python3.12/site-packages/airflow/example_dags/tutorial_taskflow_api.py took 0.088 seconds
[2025-01-20T08:52:05.562+0000] {processor.py:186} INFO - Started process (PID=68634) to work on /home/airflow/.local/lib/python3.12/site-packages/airflow/example_dags/tutorial_taskflow_api.py
[2025-01-20T08:52:05.563+0000] {processor.py:914} INFO - Processing file /home/airflow/.local/lib/python3.12/site-packages/airflow/example_dags/tutorial_taskflow_api.py for tasks to queue
[2025-01-20T08:52:05.566+0000] {logging_mixin.py:190} INFO - [2025-01-20T08:52:05.566+0000] {dagbag.py:588} INFO - Filling up the DagBag from /home/airflow/.local/lib/python3.12/site-packages/airflow/example_dags/tutorial_taskflow_api.py
[2025-01-20T08:52:05.572+0000] {processor.py:925} INFO - DAG(s) 'tutorial_taskflow_api' retrieved from /home/airflow/.local/lib/python3.12/site-packages/airflow/example_dags/tutorial_taskflow_api.py
[2025-01-20T08:52:05.597+0000] {logging_mixin.py:190} INFO - [2025-01-20T08:52:05.597+0000] {dag.py:3239} INFO - Sync 1 DAGs
[2025-01-20T08:52:05.623+0000] {logging_mixin.py:190} INFO - [2025-01-20T08:52:05.623+0000] {dag.py:4180} INFO - Setting next_dagrun for tutorial_taskflow_api to None, run_after=None
[2025-01-20T08:52:05.643+0000] {processor.py:208} INFO - Processing /home/airflow/.local/lib/python3.12/site-packages/airflow/example_dags/tutorial_taskflow_api.py took 0.086 seconds
[2025-01-20T08:52:35.968+0000] {processor.py:186} INFO - Started process (PID=68937) to work on /home/airflow/.local/lib/python3.12/site-packages/airflow/example_dags/tutorial_taskflow_api.py
[2025-01-20T08:52:35.969+0000] {processor.py:914} INFO - Processing file /home/airflow/.local/lib/python3.12/site-packages/airflow/example_dags/tutorial_taskflow_api.py for tasks to queue
[2025-01-20T08:52:35.970+0000] {logging_mixin.py:190} INFO - [2025-01-20T08:52:35.970+0000] {dagbag.py:588} INFO - Filling up the DagBag from /home/airflow/.local/lib/python3.12/site-packages/airflow/example_dags/tutorial_taskflow_api.py
[2025-01-20T08:52:35.978+0000] {processor.py:925} INFO - DAG(s) 'tutorial_taskflow_api' retrieved from /home/airflow/.local/lib/python3.12/site-packages/airflow/example_dags/tutorial_taskflow_api.py
[2025-01-20T08:52:36.002+0000] {logging_mixin.py:190} INFO - [2025-01-20T08:52:36.002+0000] {dag.py:3239} INFO - Sync 1 DAGs
[2025-01-20T08:52:36.018+0000] {logging_mixin.py:190} INFO - [2025-01-20T08:52:36.018+0000] {dag.py:4180} INFO - Setting next_dagrun for tutorial_taskflow_api to None, run_after=None
[2025-01-20T08:52:36.034+0000] {processor.py:208} INFO - Processing /home/airflow/.local/lib/python3.12/site-packages/airflow/example_dags/tutorial_taskflow_api.py took 0.071 seconds
[2025-01-20T08:53:06.336+0000] {processor.py:186} INFO - Started process (PID=69241) to work on /home/airflow/.local/lib/python3.12/site-packages/airflow/example_dags/tutorial_taskflow_api.py
[2025-01-20T08:53:06.337+0000] {processor.py:914} INFO - Processing file /home/airflow/.local/lib/python3.12/site-packages/airflow/example_dags/tutorial_taskflow_api.py for tasks to queue
[2025-01-20T08:53:06.339+0000] {logging_mixin.py:190} INFO - [2025-01-20T08:53:06.338+0000] {dagbag.py:588} INFO - Filling up the DagBag from /home/airflow/.local/lib/python3.12/site-packages/airflow/example_dags/tutorial_taskflow_api.py
[2025-01-20T08:53:06.345+0000] {processor.py:925} INFO - DAG(s) 'tutorial_taskflow_api' retrieved from /home/airflow/.local/lib/python3.12/site-packages/airflow/example_dags/tutorial_taskflow_api.py
[2025-01-20T08:53:06.359+0000] {logging_mixin.py:190} INFO - [2025-01-20T08:53:06.359+0000] {dag.py:3239} INFO - Sync 1 DAGs
[2025-01-20T08:53:06.370+0000] {logging_mixin.py:190} INFO - [2025-01-20T08:53:06.369+0000] {dag.py:4180} INFO - Setting next_dagrun for tutorial_taskflow_api to None, run_after=None
[2025-01-20T08:53:06.382+0000] {processor.py:208} INFO - Processing /home/airflow/.local/lib/python3.12/site-packages/airflow/example_dags/tutorial_taskflow_api.py took 0.051 seconds
[2025-01-20T08:53:37.136+0000] {processor.py:186} INFO - Started process (PID=69537) to work on /home/airflow/.local/lib/python3.12/site-packages/airflow/example_dags/tutorial_taskflow_api.py
[2025-01-20T08:53:37.137+0000] {processor.py:914} INFO - Processing file /home/airflow/.local/lib/python3.12/site-packages/airflow/example_dags/tutorial_taskflow_api.py for tasks to queue
[2025-01-20T08:53:37.140+0000] {logging_mixin.py:190} INFO - [2025-01-20T08:53:37.140+0000] {dagbag.py:588} INFO - Filling up the DagBag from /home/airflow/.local/lib/python3.12/site-packages/airflow/example_dags/tutorial_taskflow_api.py
[2025-01-20T08:53:37.152+0000] {processor.py:925} INFO - DAG(s) 'tutorial_taskflow_api' retrieved from /home/airflow/.local/lib/python3.12/site-packages/airflow/example_dags/tutorial_taskflow_api.py
[2025-01-20T08:53:37.165+0000] {logging_mixin.py:190} INFO - [2025-01-20T08:53:37.165+0000] {dag.py:3239} INFO - Sync 1 DAGs
[2025-01-20T08:53:37.183+0000] {logging_mixin.py:190} INFO - [2025-01-20T08:53:37.183+0000] {dag.py:4180} INFO - Setting next_dagrun for tutorial_taskflow_api to None, run_after=None
[2025-01-20T08:53:37.203+0000] {processor.py:208} INFO - Processing /home/airflow/.local/lib/python3.12/site-packages/airflow/example_dags/tutorial_taskflow_api.py took 0.074 seconds
[2025-01-20T08:54:07.894+0000] {processor.py:186} INFO - Started process (PID=69823) to work on /home/airflow/.local/lib/python3.12/site-packages/airflow/example_dags/tutorial_taskflow_api.py
[2025-01-20T08:54:07.894+0000] {processor.py:914} INFO - Processing file /home/airflow/.local/lib/python3.12/site-packages/airflow/example_dags/tutorial_taskflow_api.py for tasks to queue
[2025-01-20T08:54:07.896+0000] {logging_mixin.py:190} INFO - [2025-01-20T08:54:07.896+0000] {dagbag.py:588} INFO - Filling up the DagBag from /home/airflow/.local/lib/python3.12/site-packages/airflow/example_dags/tutorial_taskflow_api.py
[2025-01-20T08:54:07.902+0000] {processor.py:925} INFO - DAG(s) 'tutorial_taskflow_api' retrieved from /home/airflow/.local/lib/python3.12/site-packages/airflow/example_dags/tutorial_taskflow_api.py
[2025-01-20T08:54:07.917+0000] {logging_mixin.py:190} INFO - [2025-01-20T08:54:07.917+0000] {dag.py:3239} INFO - Sync 1 DAGs
[2025-01-20T08:54:07.930+0000] {logging_mixin.py:190} INFO - [2025-01-20T08:54:07.929+0000] {dag.py:4180} INFO - Setting next_dagrun for tutorial_taskflow_api to None, run_after=None
[2025-01-20T08:54:07.947+0000] {processor.py:208} INFO - Processing /home/airflow/.local/lib/python3.12/site-packages/airflow/example_dags/tutorial_taskflow_api.py took 0.058 seconds
[2025-01-20T08:54:38.867+0000] {processor.py:186} INFO - Started process (PID=70103) to work on /home/airflow/.local/lib/python3.12/site-packages/airflow/example_dags/tutorial_taskflow_api.py
[2025-01-20T08:54:38.868+0000] {processor.py:914} INFO - Processing file /home/airflow/.local/lib/python3.12/site-packages/airflow/example_dags/tutorial_taskflow_api.py for tasks to queue
[2025-01-20T08:54:38.871+0000] {logging_mixin.py:190} INFO - [2025-01-20T08:54:38.871+0000] {dagbag.py:588} INFO - Filling up the DagBag from /home/airflow/.local/lib/python3.12/site-packages/airflow/example_dags/tutorial_taskflow_api.py
[2025-01-20T08:54:38.881+0000] {processor.py:925} INFO - DAG(s) 'tutorial_taskflow_api' retrieved from /home/airflow/.local/lib/python3.12/site-packages/airflow/example_dags/tutorial_taskflow_api.py
[2025-01-20T08:54:38.902+0000] {logging_mixin.py:190} INFO - [2025-01-20T08:54:38.902+0000] {dag.py:3239} INFO - Sync 1 DAGs
[2025-01-20T08:54:38.916+0000] {logging_mixin.py:190} INFO - [2025-01-20T08:54:38.916+0000] {dag.py:4180} INFO - Setting next_dagrun for tutorial_taskflow_api to None, run_after=None
[2025-01-20T08:54:38.930+0000] {processor.py:208} INFO - Processing /home/airflow/.local/lib/python3.12/site-packages/airflow/example_dags/tutorial_taskflow_api.py took 0.069 seconds
[2025-01-20T08:55:09.852+0000] {processor.py:186} INFO - Started process (PID=70409) to work on /home/airflow/.local/lib/python3.12/site-packages/airflow/example_dags/tutorial_taskflow_api.py
[2025-01-20T08:55:09.853+0000] {processor.py:914} INFO - Processing file /home/airflow/.local/lib/python3.12/site-packages/airflow/example_dags/tutorial_taskflow_api.py for tasks to queue
[2025-01-20T08:55:09.856+0000] {logging_mixin.py:190} INFO - [2025-01-20T08:55:09.856+0000] {dagbag.py:588} INFO - Filling up the DagBag from /home/airflow/.local/lib/python3.12/site-packages/airflow/example_dags/tutorial_taskflow_api.py
[2025-01-20T08:55:09.866+0000] {processor.py:925} INFO - DAG(s) 'tutorial_taskflow_api' retrieved from /home/airflow/.local/lib/python3.12/site-packages/airflow/example_dags/tutorial_taskflow_api.py
[2025-01-20T08:55:09.887+0000] {logging_mixin.py:190} INFO - [2025-01-20T08:55:09.887+0000] {dag.py:3239} INFO - Sync 1 DAGs
[2025-01-20T08:55:09.898+0000] {logging_mixin.py:190} INFO - [2025-01-20T08:55:09.898+0000] {dag.py:4180} INFO - Setting next_dagrun for tutorial_taskflow_api to None, run_after=None
[2025-01-20T08:55:09.912+0000] {processor.py:208} INFO - Processing /home/airflow/.local/lib/python3.12/site-packages/airflow/example_dags/tutorial_taskflow_api.py took 0.068 seconds
[2025-01-20T08:55:40.566+0000] {processor.py:186} INFO - Started process (PID=70710) to work on /home/airflow/.local/lib/python3.12/site-packages/airflow/example_dags/tutorial_taskflow_api.py
[2025-01-20T08:55:40.567+0000] {processor.py:914} INFO - Processing file /home/airflow/.local/lib/python3.12/site-packages/airflow/example_dags/tutorial_taskflow_api.py for tasks to queue
[2025-01-20T08:55:40.570+0000] {logging_mixin.py:190} INFO - [2025-01-20T08:55:40.570+0000] {dagbag.py:588} INFO - Filling up the DagBag from /home/airflow/.local/lib/python3.12/site-packages/airflow/example_dags/tutorial_taskflow_api.py
[2025-01-20T08:55:40.583+0000] {processor.py:925} INFO - DAG(s) 'tutorial_taskflow_api' retrieved from /home/airflow/.local/lib/python3.12/site-packages/airflow/example_dags/tutorial_taskflow_api.py
[2025-01-20T08:55:40.620+0000] {logging_mixin.py:190} INFO - [2025-01-20T08:55:40.620+0000] {dag.py:3239} INFO - Sync 1 DAGs
[2025-01-20T08:55:40.649+0000] {logging_mixin.py:190} INFO - [2025-01-20T08:55:40.648+0000] {dag.py:4180} INFO - Setting next_dagrun for tutorial_taskflow_api to None, run_after=None
[2025-01-20T08:55:40.679+0000] {processor.py:208} INFO - Processing /home/airflow/.local/lib/python3.12/site-packages/airflow/example_dags/tutorial_taskflow_api.py took 0.121 seconds
[2025-01-20T08:56:10.908+0000] {processor.py:186} INFO - Started process (PID=71016) to work on /home/airflow/.local/lib/python3.12/site-packages/airflow/example_dags/tutorial_taskflow_api.py
[2025-01-20T08:56:10.909+0000] {processor.py:914} INFO - Processing file /home/airflow/.local/lib/python3.12/site-packages/airflow/example_dags/tutorial_taskflow_api.py for tasks to queue
[2025-01-20T08:56:10.911+0000] {logging_mixin.py:190} INFO - [2025-01-20T08:56:10.910+0000] {dagbag.py:588} INFO - Filling up the DagBag from /home/airflow/.local/lib/python3.12/site-packages/airflow/example_dags/tutorial_taskflow_api.py
[2025-01-20T08:56:10.916+0000] {processor.py:925} INFO - DAG(s) 'tutorial_taskflow_api' retrieved from /home/airflow/.local/lib/python3.12/site-packages/airflow/example_dags/tutorial_taskflow_api.py
[2025-01-20T08:56:10.932+0000] {logging_mixin.py:190} INFO - [2025-01-20T08:56:10.932+0000] {dag.py:3239} INFO - Sync 1 DAGs
[2025-01-20T08:56:10.944+0000] {logging_mixin.py:190} INFO - [2025-01-20T08:56:10.944+0000] {dag.py:4180} INFO - Setting next_dagrun for tutorial_taskflow_api to None, run_after=None
[2025-01-20T08:56:10.960+0000] {processor.py:208} INFO - Processing /home/airflow/.local/lib/python3.12/site-packages/airflow/example_dags/tutorial_taskflow_api.py took 0.057 seconds
[2025-01-20T08:56:41.577+0000] {processor.py:186} INFO - Started process (PID=71316) to work on /home/airflow/.local/lib/python3.12/site-packages/airflow/example_dags/tutorial_taskflow_api.py
[2025-01-20T08:56:41.578+0000] {processor.py:914} INFO - Processing file /home/airflow/.local/lib/python3.12/site-packages/airflow/example_dags/tutorial_taskflow_api.py for tasks to queue
[2025-01-20T08:56:41.580+0000] {logging_mixin.py:190} INFO - [2025-01-20T08:56:41.580+0000] {dagbag.py:588} INFO - Filling up the DagBag from /home/airflow/.local/lib/python3.12/site-packages/airflow/example_dags/tutorial_taskflow_api.py
[2025-01-20T08:56:41.586+0000] {processor.py:925} INFO - DAG(s) 'tutorial_taskflow_api' retrieved from /home/airflow/.local/lib/python3.12/site-packages/airflow/example_dags/tutorial_taskflow_api.py
[2025-01-20T08:56:41.606+0000] {logging_mixin.py:190} INFO - [2025-01-20T08:56:41.606+0000] {dag.py:3239} INFO - Sync 1 DAGs
[2025-01-20T08:56:41.624+0000] {logging_mixin.py:190} INFO - [2025-01-20T08:56:41.624+0000] {dag.py:4180} INFO - Setting next_dagrun for tutorial_taskflow_api to None, run_after=None
[2025-01-20T08:56:41.642+0000] {processor.py:208} INFO - Processing /home/airflow/.local/lib/python3.12/site-packages/airflow/example_dags/tutorial_taskflow_api.py took 0.071 seconds
[2025-01-20T08:57:11.818+0000] {processor.py:186} INFO - Started process (PID=71622) to work on /home/airflow/.local/lib/python3.12/site-packages/airflow/example_dags/tutorial_taskflow_api.py
[2025-01-20T08:57:11.819+0000] {processor.py:914} INFO - Processing file /home/airflow/.local/lib/python3.12/site-packages/airflow/example_dags/tutorial_taskflow_api.py for tasks to queue
[2025-01-20T08:57:11.821+0000] {logging_mixin.py:190} INFO - [2025-01-20T08:57:11.821+0000] {dagbag.py:588} INFO - Filling up the DagBag from /home/airflow/.local/lib/python3.12/site-packages/airflow/example_dags/tutorial_taskflow_api.py
[2025-01-20T08:57:11.826+0000] {processor.py:925} INFO - DAG(s) 'tutorial_taskflow_api' retrieved from /home/airflow/.local/lib/python3.12/site-packages/airflow/example_dags/tutorial_taskflow_api.py
[2025-01-20T08:57:11.842+0000] {logging_mixin.py:190} INFO - [2025-01-20T08:57:11.842+0000] {dag.py:3239} INFO - Sync 1 DAGs
[2025-01-20T08:57:11.852+0000] {logging_mixin.py:190} INFO - [2025-01-20T08:57:11.852+0000] {dag.py:4180} INFO - Setting next_dagrun for tutorial_taskflow_api to None, run_after=None
[2025-01-20T08:57:11.865+0000] {processor.py:208} INFO - Processing /home/airflow/.local/lib/python3.12/site-packages/airflow/example_dags/tutorial_taskflow_api.py took 0.051 seconds
[2025-01-20T08:57:42.078+0000] {processor.py:186} INFO - Started process (PID=71923) to work on /home/airflow/.local/lib/python3.12/site-packages/airflow/example_dags/tutorial_taskflow_api.py
[2025-01-20T08:57:42.079+0000] {processor.py:914} INFO - Processing file /home/airflow/.local/lib/python3.12/site-packages/airflow/example_dags/tutorial_taskflow_api.py for tasks to queue
[2025-01-20T08:57:42.083+0000] {logging_mixin.py:190} INFO - [2025-01-20T08:57:42.082+0000] {dagbag.py:588} INFO - Filling up the DagBag from /home/airflow/.local/lib/python3.12/site-packages/airflow/example_dags/tutorial_taskflow_api.py
[2025-01-20T08:57:42.091+0000] {processor.py:925} INFO - DAG(s) 'tutorial_taskflow_api' retrieved from /home/airflow/.local/lib/python3.12/site-packages/airflow/example_dags/tutorial_taskflow_api.py
[2025-01-20T08:57:42.108+0000] {logging_mixin.py:190} INFO - [2025-01-20T08:57:42.108+0000] {dag.py:3239} INFO - Sync 1 DAGs
[2025-01-20T08:57:42.126+0000] {logging_mixin.py:190} INFO - [2025-01-20T08:57:42.125+0000] {dag.py:4180} INFO - Setting next_dagrun for tutorial_taskflow_api to None, run_after=None
[2025-01-20T08:57:42.148+0000] {processor.py:208} INFO - Processing /home/airflow/.local/lib/python3.12/site-packages/airflow/example_dags/tutorial_taskflow_api.py took 0.075 seconds
[2025-01-20T08:58:12.453+0000] {processor.py:186} INFO - Started process (PID=72229) to work on /home/airflow/.local/lib/python3.12/site-packages/airflow/example_dags/tutorial_taskflow_api.py
[2025-01-20T08:58:12.454+0000] {processor.py:914} INFO - Processing file /home/airflow/.local/lib/python3.12/site-packages/airflow/example_dags/tutorial_taskflow_api.py for tasks to queue
[2025-01-20T08:58:12.458+0000] {logging_mixin.py:190} INFO - [2025-01-20T08:58:12.457+0000] {dagbag.py:588} INFO - Filling up the DagBag from /home/airflow/.local/lib/python3.12/site-packages/airflow/example_dags/tutorial_taskflow_api.py
[2025-01-20T08:58:12.479+0000] {processor.py:925} INFO - DAG(s) 'tutorial_taskflow_api' retrieved from /home/airflow/.local/lib/python3.12/site-packages/airflow/example_dags/tutorial_taskflow_api.py
[2025-01-20T08:58:12.514+0000] {logging_mixin.py:190} INFO - [2025-01-20T08:58:12.513+0000] {dag.py:3239} INFO - Sync 1 DAGs
[2025-01-20T08:58:12.546+0000] {logging_mixin.py:190} INFO - [2025-01-20T08:58:12.546+0000] {dag.py:4180} INFO - Setting next_dagrun for tutorial_taskflow_api to None, run_after=None
[2025-01-20T08:58:12.571+0000] {processor.py:208} INFO - Processing /home/airflow/.local/lib/python3.12/site-packages/airflow/example_dags/tutorial_taskflow_api.py took 0.126 seconds
[2025-01-20T08:58:42.769+0000] {processor.py:186} INFO - Started process (PID=72530) to work on /home/airflow/.local/lib/python3.12/site-packages/airflow/example_dags/tutorial_taskflow_api.py
[2025-01-20T08:58:42.770+0000] {processor.py:914} INFO - Processing file /home/airflow/.local/lib/python3.12/site-packages/airflow/example_dags/tutorial_taskflow_api.py for tasks to queue
[2025-01-20T08:58:42.773+0000] {logging_mixin.py:190} INFO - [2025-01-20T08:58:42.773+0000] {dagbag.py:588} INFO - Filling up the DagBag from /home/airflow/.local/lib/python3.12/site-packages/airflow/example_dags/tutorial_taskflow_api.py
[2025-01-20T08:58:42.783+0000] {processor.py:925} INFO - DAG(s) 'tutorial_taskflow_api' retrieved from /home/airflow/.local/lib/python3.12/site-packages/airflow/example_dags/tutorial_taskflow_api.py
[2025-01-20T08:58:42.801+0000] {logging_mixin.py:190} INFO - [2025-01-20T08:58:42.801+0000] {dag.py:3239} INFO - Sync 1 DAGs
[2025-01-20T08:58:42.812+0000] {logging_mixin.py:190} INFO - [2025-01-20T08:58:42.812+0000] {dag.py:4180} INFO - Setting next_dagrun for tutorial_taskflow_api to None, run_after=None
[2025-01-20T08:58:42.832+0000] {processor.py:208} INFO - Processing /home/airflow/.local/lib/python3.12/site-packages/airflow/example_dags/tutorial_taskflow_api.py took 0.069 seconds
[2025-01-20T08:59:13.158+0000] {processor.py:186} INFO - Started process (PID=72836) to work on /home/airflow/.local/lib/python3.12/site-packages/airflow/example_dags/tutorial_taskflow_api.py
[2025-01-20T08:59:13.159+0000] {processor.py:914} INFO - Processing file /home/airflow/.local/lib/python3.12/site-packages/airflow/example_dags/tutorial_taskflow_api.py for tasks to queue
[2025-01-20T08:59:13.162+0000] {logging_mixin.py:190} INFO - [2025-01-20T08:59:13.162+0000] {dagbag.py:588} INFO - Filling up the DagBag from /home/airflow/.local/lib/python3.12/site-packages/airflow/example_dags/tutorial_taskflow_api.py
[2025-01-20T08:59:13.172+0000] {processor.py:925} INFO - DAG(s) 'tutorial_taskflow_api' retrieved from /home/airflow/.local/lib/python3.12/site-packages/airflow/example_dags/tutorial_taskflow_api.py
[2025-01-20T08:59:13.189+0000] {logging_mixin.py:190} INFO - [2025-01-20T08:59:13.189+0000] {dag.py:3239} INFO - Sync 1 DAGs
[2025-01-20T08:59:13.202+0000] {logging_mixin.py:190} INFO - [2025-01-20T08:59:13.202+0000] {dag.py:4180} INFO - Setting next_dagrun for tutorial_taskflow_api to None, run_after=None
[2025-01-20T08:59:13.221+0000] {processor.py:208} INFO - Processing /home/airflow/.local/lib/python3.12/site-packages/airflow/example_dags/tutorial_taskflow_api.py took 0.069 seconds
[2025-01-20T08:59:43.572+0000] {processor.py:186} INFO - Started process (PID=73139) to work on /home/airflow/.local/lib/python3.12/site-packages/airflow/example_dags/tutorial_taskflow_api.py
[2025-01-20T08:59:43.573+0000] {processor.py:914} INFO - Processing file /home/airflow/.local/lib/python3.12/site-packages/airflow/example_dags/tutorial_taskflow_api.py for tasks to queue
[2025-01-20T08:59:43.576+0000] {logging_mixin.py:190} INFO - [2025-01-20T08:59:43.576+0000] {dagbag.py:588} INFO - Filling up the DagBag from /home/airflow/.local/lib/python3.12/site-packages/airflow/example_dags/tutorial_taskflow_api.py
[2025-01-20T08:59:43.586+0000] {processor.py:925} INFO - DAG(s) 'tutorial_taskflow_api' retrieved from /home/airflow/.local/lib/python3.12/site-packages/airflow/example_dags/tutorial_taskflow_api.py
[2025-01-20T08:59:43.602+0000] {logging_mixin.py:190} INFO - [2025-01-20T08:59:43.602+0000] {dag.py:3239} INFO - Sync 1 DAGs
[2025-01-20T08:59:43.613+0000] {logging_mixin.py:190} INFO - [2025-01-20T08:59:43.613+0000] {dag.py:4180} INFO - Setting next_dagrun for tutorial_taskflow_api to None, run_after=None
[2025-01-20T08:59:43.624+0000] {processor.py:208} INFO - Processing /home/airflow/.local/lib/python3.12/site-packages/airflow/example_dags/tutorial_taskflow_api.py took 0.058 seconds
[2025-01-20T09:00:13.965+0000] {processor.py:186} INFO - Started process (PID=73443) to work on /home/airflow/.local/lib/python3.12/site-packages/airflow/example_dags/tutorial_taskflow_api.py
[2025-01-20T09:00:13.966+0000] {processor.py:914} INFO - Processing file /home/airflow/.local/lib/python3.12/site-packages/airflow/example_dags/tutorial_taskflow_api.py for tasks to queue
[2025-01-20T09:00:13.968+0000] {logging_mixin.py:190} INFO - [2025-01-20T09:00:13.968+0000] {dagbag.py:588} INFO - Filling up the DagBag from /home/airflow/.local/lib/python3.12/site-packages/airflow/example_dags/tutorial_taskflow_api.py
[2025-01-20T09:00:13.978+0000] {processor.py:925} INFO - DAG(s) 'tutorial_taskflow_api' retrieved from /home/airflow/.local/lib/python3.12/site-packages/airflow/example_dags/tutorial_taskflow_api.py
[2025-01-20T09:00:13.998+0000] {logging_mixin.py:190} INFO - [2025-01-20T09:00:13.998+0000] {dag.py:3239} INFO - Sync 1 DAGs
[2025-01-20T09:00:14.009+0000] {logging_mixin.py:190} INFO - [2025-01-20T09:00:14.009+0000] {dag.py:4180} INFO - Setting next_dagrun for tutorial_taskflow_api to None, run_after=None
[2025-01-20T09:00:14.023+0000] {processor.py:208} INFO - Processing /home/airflow/.local/lib/python3.12/site-packages/airflow/example_dags/tutorial_taskflow_api.py took 0.064 seconds
[2025-01-20T09:00:44.146+0000] {processor.py:186} INFO - Started process (PID=73744) to work on /home/airflow/.local/lib/python3.12/site-packages/airflow/example_dags/tutorial_taskflow_api.py
[2025-01-20T09:00:44.146+0000] {processor.py:914} INFO - Processing file /home/airflow/.local/lib/python3.12/site-packages/airflow/example_dags/tutorial_taskflow_api.py for tasks to queue
[2025-01-20T09:00:44.149+0000] {logging_mixin.py:190} INFO - [2025-01-20T09:00:44.148+0000] {dagbag.py:588} INFO - Filling up the DagBag from /home/airflow/.local/lib/python3.12/site-packages/airflow/example_dags/tutorial_taskflow_api.py
[2025-01-20T09:00:44.154+0000] {processor.py:925} INFO - DAG(s) 'tutorial_taskflow_api' retrieved from /home/airflow/.local/lib/python3.12/site-packages/airflow/example_dags/tutorial_taskflow_api.py
[2025-01-20T09:00:44.179+0000] {logging_mixin.py:190} INFO - [2025-01-20T09:00:44.179+0000] {dag.py:3239} INFO - Sync 1 DAGs
[2025-01-20T09:00:44.196+0000] {logging_mixin.py:190} INFO - [2025-01-20T09:00:44.196+0000] {dag.py:4180} INFO - Setting next_dagrun for tutorial_taskflow_api to None, run_after=None
[2025-01-20T09:00:44.211+0000] {processor.py:208} INFO - Processing /home/airflow/.local/lib/python3.12/site-packages/airflow/example_dags/tutorial_taskflow_api.py took 0.069 seconds
[2025-01-20T09:01:14.728+0000] {processor.py:186} INFO - Started process (PID=74047) to work on /home/airflow/.local/lib/python3.12/site-packages/airflow/example_dags/tutorial_taskflow_api.py
[2025-01-20T09:01:14.729+0000] {processor.py:914} INFO - Processing file /home/airflow/.local/lib/python3.12/site-packages/airflow/example_dags/tutorial_taskflow_api.py for tasks to queue
[2025-01-20T09:01:14.731+0000] {logging_mixin.py:190} INFO - [2025-01-20T09:01:14.730+0000] {dagbag.py:588} INFO - Filling up the DagBag from /home/airflow/.local/lib/python3.12/site-packages/airflow/example_dags/tutorial_taskflow_api.py
[2025-01-20T09:01:14.737+0000] {processor.py:925} INFO - DAG(s) 'tutorial_taskflow_api' retrieved from /home/airflow/.local/lib/python3.12/site-packages/airflow/example_dags/tutorial_taskflow_api.py
[2025-01-20T09:01:14.765+0000] {logging_mixin.py:190} INFO - [2025-01-20T09:01:14.765+0000] {dag.py:3239} INFO - Sync 1 DAGs
[2025-01-20T09:01:14.776+0000] {logging_mixin.py:190} INFO - [2025-01-20T09:01:14.776+0000] {dag.py:4180} INFO - Setting next_dagrun for tutorial_taskflow_api to None, run_after=None
[2025-01-20T09:01:14.788+0000] {processor.py:208} INFO - Processing /home/airflow/.local/lib/python3.12/site-packages/airflow/example_dags/tutorial_taskflow_api.py took 0.069 seconds
[2025-01-20T09:01:45.113+0000] {processor.py:186} INFO - Started process (PID=74352) to work on /home/airflow/.local/lib/python3.12/site-packages/airflow/example_dags/tutorial_taskflow_api.py
[2025-01-20T09:01:45.113+0000] {processor.py:914} INFO - Processing file /home/airflow/.local/lib/python3.12/site-packages/airflow/example_dags/tutorial_taskflow_api.py for tasks to queue
[2025-01-20T09:01:45.115+0000] {logging_mixin.py:190} INFO - [2025-01-20T09:01:45.115+0000] {dagbag.py:588} INFO - Filling up the DagBag from /home/airflow/.local/lib/python3.12/site-packages/airflow/example_dags/tutorial_taskflow_api.py
[2025-01-20T09:01:45.124+0000] {processor.py:925} INFO - DAG(s) 'tutorial_taskflow_api' retrieved from /home/airflow/.local/lib/python3.12/site-packages/airflow/example_dags/tutorial_taskflow_api.py
[2025-01-20T09:01:45.147+0000] {logging_mixin.py:190} INFO - [2025-01-20T09:01:45.147+0000] {dag.py:3239} INFO - Sync 1 DAGs
[2025-01-20T09:01:45.163+0000] {logging_mixin.py:190} INFO - [2025-01-20T09:01:45.163+0000] {dag.py:4180} INFO - Setting next_dagrun for tutorial_taskflow_api to None, run_after=None
[2025-01-20T09:01:45.182+0000] {processor.py:208} INFO - Processing /home/airflow/.local/lib/python3.12/site-packages/airflow/example_dags/tutorial_taskflow_api.py took 0.076 seconds
[2025-01-20T09:02:15.569+0000] {processor.py:186} INFO - Started process (PID=74658) to work on /home/airflow/.local/lib/python3.12/site-packages/airflow/example_dags/tutorial_taskflow_api.py
[2025-01-20T09:02:15.570+0000] {processor.py:914} INFO - Processing file /home/airflow/.local/lib/python3.12/site-packages/airflow/example_dags/tutorial_taskflow_api.py for tasks to queue
[2025-01-20T09:02:15.572+0000] {logging_mixin.py:190} INFO - [2025-01-20T09:02:15.572+0000] {dagbag.py:588} INFO - Filling up the DagBag from /home/airflow/.local/lib/python3.12/site-packages/airflow/example_dags/tutorial_taskflow_api.py
[2025-01-20T09:02:15.578+0000] {processor.py:925} INFO - DAG(s) 'tutorial_taskflow_api' retrieved from /home/airflow/.local/lib/python3.12/site-packages/airflow/example_dags/tutorial_taskflow_api.py
[2025-01-20T09:02:15.598+0000] {logging_mixin.py:190} INFO - [2025-01-20T09:02:15.598+0000] {dag.py:3239} INFO - Sync 1 DAGs
[2025-01-20T09:02:15.616+0000] {logging_mixin.py:190} INFO - [2025-01-20T09:02:15.616+0000] {dag.py:4180} INFO - Setting next_dagrun for tutorial_taskflow_api to None, run_after=None
[2025-01-20T09:02:15.637+0000] {processor.py:208} INFO - Processing /home/airflow/.local/lib/python3.12/site-packages/airflow/example_dags/tutorial_taskflow_api.py took 0.071 seconds
[2025-01-20T09:02:45.939+0000] {processor.py:186} INFO - Started process (PID=74959) to work on /home/airflow/.local/lib/python3.12/site-packages/airflow/example_dags/tutorial_taskflow_api.py
[2025-01-20T09:02:45.940+0000] {processor.py:914} INFO - Processing file /home/airflow/.local/lib/python3.12/site-packages/airflow/example_dags/tutorial_taskflow_api.py for tasks to queue
[2025-01-20T09:02:45.943+0000] {logging_mixin.py:190} INFO - [2025-01-20T09:02:45.942+0000] {dagbag.py:588} INFO - Filling up the DagBag from /home/airflow/.local/lib/python3.12/site-packages/airflow/example_dags/tutorial_taskflow_api.py
[2025-01-20T09:02:45.953+0000] {processor.py:925} INFO - DAG(s) 'tutorial_taskflow_api' retrieved from /home/airflow/.local/lib/python3.12/site-packages/airflow/example_dags/tutorial_taskflow_api.py
[2025-01-20T09:02:45.972+0000] {logging_mixin.py:190} INFO - [2025-01-20T09:02:45.971+0000] {dag.py:3239} INFO - Sync 1 DAGs
[2025-01-20T09:02:45.983+0000] {logging_mixin.py:190} INFO - [2025-01-20T09:02:45.982+0000] {dag.py:4180} INFO - Setting next_dagrun for tutorial_taskflow_api to None, run_after=None
[2025-01-20T09:02:46.010+0000] {processor.py:208} INFO - Processing /home/airflow/.local/lib/python3.12/site-packages/airflow/example_dags/tutorial_taskflow_api.py took 0.079 seconds
[2025-01-20T09:03:17.004+0000] {processor.py:186} INFO - Started process (PID=75267) to work on /home/airflow/.local/lib/python3.12/site-packages/airflow/example_dags/tutorial_taskflow_api.py
[2025-01-20T09:03:17.006+0000] {processor.py:914} INFO - Processing file /home/airflow/.local/lib/python3.12/site-packages/airflow/example_dags/tutorial_taskflow_api.py for tasks to queue
[2025-01-20T09:03:17.010+0000] {logging_mixin.py:190} INFO - [2025-01-20T09:03:17.009+0000] {dagbag.py:588} INFO - Filling up the DagBag from /home/airflow/.local/lib/python3.12/site-packages/airflow/example_dags/tutorial_taskflow_api.py
[2025-01-20T09:03:17.018+0000] {processor.py:925} INFO - DAG(s) 'tutorial_taskflow_api' retrieved from /home/airflow/.local/lib/python3.12/site-packages/airflow/example_dags/tutorial_taskflow_api.py
[2025-01-20T09:03:17.044+0000] {logging_mixin.py:190} INFO - [2025-01-20T09:03:17.044+0000] {dag.py:3239} INFO - Sync 1 DAGs
[2025-01-20T09:03:17.068+0000] {logging_mixin.py:190} INFO - [2025-01-20T09:03:17.067+0000] {dag.py:4180} INFO - Setting next_dagrun for tutorial_taskflow_api to None, run_after=None
[2025-01-20T09:03:17.114+0000] {processor.py:208} INFO - Processing /home/airflow/.local/lib/python3.12/site-packages/airflow/example_dags/tutorial_taskflow_api.py took 0.116 seconds
[2025-01-20T09:03:47.551+0000] {processor.py:186} INFO - Started process (PID=75566) to work on /home/airflow/.local/lib/python3.12/site-packages/airflow/example_dags/tutorial_taskflow_api.py
[2025-01-20T09:03:47.552+0000] {processor.py:914} INFO - Processing file /home/airflow/.local/lib/python3.12/site-packages/airflow/example_dags/tutorial_taskflow_api.py for tasks to queue
[2025-01-20T09:03:47.555+0000] {logging_mixin.py:190} INFO - [2025-01-20T09:03:47.555+0000] {dagbag.py:588} INFO - Filling up the DagBag from /home/airflow/.local/lib/python3.12/site-packages/airflow/example_dags/tutorial_taskflow_api.py
[2025-01-20T09:03:47.567+0000] {processor.py:925} INFO - DAG(s) 'tutorial_taskflow_api' retrieved from /home/airflow/.local/lib/python3.12/site-packages/airflow/example_dags/tutorial_taskflow_api.py
[2025-01-20T09:03:47.587+0000] {logging_mixin.py:190} INFO - [2025-01-20T09:03:47.587+0000] {dag.py:3239} INFO - Sync 1 DAGs
[2025-01-20T09:03:47.599+0000] {logging_mixin.py:190} INFO - [2025-01-20T09:03:47.599+0000] {dag.py:4180} INFO - Setting next_dagrun for tutorial_taskflow_api to None, run_after=None
[2025-01-20T09:03:47.614+0000] {processor.py:208} INFO - Processing /home/airflow/.local/lib/python3.12/site-packages/airflow/example_dags/tutorial_taskflow_api.py took 0.069 seconds
[2025-01-20T09:04:17.812+0000] {processor.py:186} INFO - Started process (PID=75872) to work on /home/airflow/.local/lib/python3.12/site-packages/airflow/example_dags/tutorial_taskflow_api.py
[2025-01-20T09:04:17.813+0000] {processor.py:914} INFO - Processing file /home/airflow/.local/lib/python3.12/site-packages/airflow/example_dags/tutorial_taskflow_api.py for tasks to queue
[2025-01-20T09:04:17.815+0000] {logging_mixin.py:190} INFO - [2025-01-20T09:04:17.815+0000] {dagbag.py:588} INFO - Filling up the DagBag from /home/airflow/.local/lib/python3.12/site-packages/airflow/example_dags/tutorial_taskflow_api.py
[2025-01-20T09:04:17.820+0000] {processor.py:925} INFO - DAG(s) 'tutorial_taskflow_api' retrieved from /home/airflow/.local/lib/python3.12/site-packages/airflow/example_dags/tutorial_taskflow_api.py
[2025-01-20T09:04:17.835+0000] {logging_mixin.py:190} INFO - [2025-01-20T09:04:17.834+0000] {dag.py:3239} INFO - Sync 1 DAGs
[2025-01-20T09:04:17.960+0000] {logging_mixin.py:190} INFO - [2025-01-20T09:04:17.959+0000] {dag.py:4180} INFO - Setting next_dagrun for tutorial_taskflow_api to None, run_after=None
[2025-01-20T09:04:17.976+0000] {processor.py:208} INFO - Processing /home/airflow/.local/lib/python3.12/site-packages/airflow/example_dags/tutorial_taskflow_api.py took 0.169 seconds
[2025-01-20T09:04:48.383+0000] {processor.py:186} INFO - Started process (PID=76173) to work on /home/airflow/.local/lib/python3.12/site-packages/airflow/example_dags/tutorial_taskflow_api.py
[2025-01-20T09:04:48.384+0000] {processor.py:914} INFO - Processing file /home/airflow/.local/lib/python3.12/site-packages/airflow/example_dags/tutorial_taskflow_api.py for tasks to queue
[2025-01-20T09:04:48.386+0000] {logging_mixin.py:190} INFO - [2025-01-20T09:04:48.386+0000] {dagbag.py:588} INFO - Filling up the DagBag from /home/airflow/.local/lib/python3.12/site-packages/airflow/example_dags/tutorial_taskflow_api.py
[2025-01-20T09:04:48.394+0000] {processor.py:925} INFO - DAG(s) 'tutorial_taskflow_api' retrieved from /home/airflow/.local/lib/python3.12/site-packages/airflow/example_dags/tutorial_taskflow_api.py
[2025-01-20T09:04:48.412+0000] {logging_mixin.py:190} INFO - [2025-01-20T09:04:48.411+0000] {dag.py:3239} INFO - Sync 1 DAGs
[2025-01-20T09:04:48.423+0000] {logging_mixin.py:190} INFO - [2025-01-20T09:04:48.423+0000] {dag.py:4180} INFO - Setting next_dagrun for tutorial_taskflow_api to None, run_after=None
[2025-01-20T09:04:48.441+0000] {processor.py:208} INFO - Processing /home/airflow/.local/lib/python3.12/site-packages/airflow/example_dags/tutorial_taskflow_api.py took 0.062 seconds
[2025-01-20T09:05:18.539+0000] {processor.py:186} INFO - Started process (PID=76479) to work on /home/airflow/.local/lib/python3.12/site-packages/airflow/example_dags/tutorial_taskflow_api.py
[2025-01-20T09:05:18.540+0000] {processor.py:914} INFO - Processing file /home/airflow/.local/lib/python3.12/site-packages/airflow/example_dags/tutorial_taskflow_api.py for tasks to queue
[2025-01-20T09:05:18.543+0000] {logging_mixin.py:190} INFO - [2025-01-20T09:05:18.542+0000] {dagbag.py:588} INFO - Filling up the DagBag from /home/airflow/.local/lib/python3.12/site-packages/airflow/example_dags/tutorial_taskflow_api.py
[2025-01-20T09:05:18.550+0000] {processor.py:925} INFO - DAG(s) 'tutorial_taskflow_api' retrieved from /home/airflow/.local/lib/python3.12/site-packages/airflow/example_dags/tutorial_taskflow_api.py
[2025-01-20T09:05:18.570+0000] {logging_mixin.py:190} INFO - [2025-01-20T09:05:18.570+0000] {dag.py:3239} INFO - Sync 1 DAGs
[2025-01-20T09:05:18.586+0000] {logging_mixin.py:190} INFO - [2025-01-20T09:05:18.585+0000] {dag.py:4180} INFO - Setting next_dagrun for tutorial_taskflow_api to None, run_after=None
[2025-01-20T09:05:18.602+0000] {processor.py:208} INFO - Processing /home/airflow/.local/lib/python3.12/site-packages/airflow/example_dags/tutorial_taskflow_api.py took 0.069 seconds
[2025-01-20T09:05:48.814+0000] {processor.py:186} INFO - Started process (PID=76780) to work on /home/airflow/.local/lib/python3.12/site-packages/airflow/example_dags/tutorial_taskflow_api.py
[2025-01-20T09:05:48.816+0000] {processor.py:914} INFO - Processing file /home/airflow/.local/lib/python3.12/site-packages/airflow/example_dags/tutorial_taskflow_api.py for tasks to queue
[2025-01-20T09:05:48.819+0000] {logging_mixin.py:190} INFO - [2025-01-20T09:05:48.818+0000] {dagbag.py:588} INFO - Filling up the DagBag from /home/airflow/.local/lib/python3.12/site-packages/airflow/example_dags/tutorial_taskflow_api.py
[2025-01-20T09:05:48.828+0000] {processor.py:925} INFO - DAG(s) 'tutorial_taskflow_api' retrieved from /home/airflow/.local/lib/python3.12/site-packages/airflow/example_dags/tutorial_taskflow_api.py
[2025-01-20T09:05:48.851+0000] {logging_mixin.py:190} INFO - [2025-01-20T09:05:48.851+0000] {dag.py:3239} INFO - Sync 1 DAGs
[2025-01-20T09:05:48.861+0000] {logging_mixin.py:190} INFO - [2025-01-20T09:05:48.861+0000] {dag.py:4180} INFO - Setting next_dagrun for tutorial_taskflow_api to None, run_after=None
[2025-01-20T09:05:48.874+0000] {processor.py:208} INFO - Processing /home/airflow/.local/lib/python3.12/site-packages/airflow/example_dags/tutorial_taskflow_api.py took 0.064 seconds
[2025-01-20T09:06:19.567+0000] {processor.py:186} INFO - Started process (PID=77081) to work on /home/airflow/.local/lib/python3.12/site-packages/airflow/example_dags/tutorial_taskflow_api.py
[2025-01-20T09:06:19.568+0000] {processor.py:914} INFO - Processing file /home/airflow/.local/lib/python3.12/site-packages/airflow/example_dags/tutorial_taskflow_api.py for tasks to queue
[2025-01-20T09:06:19.571+0000] {logging_mixin.py:190} INFO - [2025-01-20T09:06:19.570+0000] {dagbag.py:588} INFO - Filling up the DagBag from /home/airflow/.local/lib/python3.12/site-packages/airflow/example_dags/tutorial_taskflow_api.py
[2025-01-20T09:06:19.577+0000] {processor.py:925} INFO - DAG(s) 'tutorial_taskflow_api' retrieved from /home/airflow/.local/lib/python3.12/site-packages/airflow/example_dags/tutorial_taskflow_api.py
[2025-01-20T09:06:19.592+0000] {logging_mixin.py:190} INFO - [2025-01-20T09:06:19.592+0000] {dag.py:3239} INFO - Sync 1 DAGs
[2025-01-20T09:06:19.603+0000] {logging_mixin.py:190} INFO - [2025-01-20T09:06:19.603+0000] {dag.py:4180} INFO - Setting next_dagrun for tutorial_taskflow_api to None, run_after=None
[2025-01-20T09:06:19.624+0000] {processor.py:208} INFO - Processing /home/airflow/.local/lib/python3.12/site-packages/airflow/example_dags/tutorial_taskflow_api.py took 0.064 seconds
[2025-01-20T09:06:50.573+0000] {processor.py:186} INFO - Started process (PID=77382) to work on /home/airflow/.local/lib/python3.12/site-packages/airflow/example_dags/tutorial_taskflow_api.py
[2025-01-20T09:06:50.574+0000] {processor.py:914} INFO - Processing file /home/airflow/.local/lib/python3.12/site-packages/airflow/example_dags/tutorial_taskflow_api.py for tasks to queue
[2025-01-20T09:06:50.576+0000] {logging_mixin.py:190} INFO - [2025-01-20T09:06:50.576+0000] {dagbag.py:588} INFO - Filling up the DagBag from /home/airflow/.local/lib/python3.12/site-packages/airflow/example_dags/tutorial_taskflow_api.py
[2025-01-20T09:06:50.582+0000] {processor.py:925} INFO - DAG(s) 'tutorial_taskflow_api' retrieved from /home/airflow/.local/lib/python3.12/site-packages/airflow/example_dags/tutorial_taskflow_api.py
[2025-01-20T09:06:50.604+0000] {logging_mixin.py:190} INFO - [2025-01-20T09:06:50.603+0000] {dag.py:3239} INFO - Sync 1 DAGs
[2025-01-20T09:06:50.620+0000] {logging_mixin.py:190} INFO - [2025-01-20T09:06:50.620+0000] {dag.py:4180} INFO - Setting next_dagrun for tutorial_taskflow_api to None, run_after=None
[2025-01-20T09:06:50.636+0000] {processor.py:208} INFO - Processing /home/airflow/.local/lib/python3.12/site-packages/airflow/example_dags/tutorial_taskflow_api.py took 0.066 seconds
[2025-01-20T09:07:21.442+0000] {processor.py:186} INFO - Started process (PID=77688) to work on /home/airflow/.local/lib/python3.12/site-packages/airflow/example_dags/tutorial_taskflow_api.py
[2025-01-20T09:07:21.442+0000] {processor.py:914} INFO - Processing file /home/airflow/.local/lib/python3.12/site-packages/airflow/example_dags/tutorial_taskflow_api.py for tasks to queue
[2025-01-20T09:07:21.444+0000] {logging_mixin.py:190} INFO - [2025-01-20T09:07:21.444+0000] {dagbag.py:588} INFO - Filling up the DagBag from /home/airflow/.local/lib/python3.12/site-packages/airflow/example_dags/tutorial_taskflow_api.py
[2025-01-20T09:07:21.450+0000] {processor.py:925} INFO - DAG(s) 'tutorial_taskflow_api' retrieved from /home/airflow/.local/lib/python3.12/site-packages/airflow/example_dags/tutorial_taskflow_api.py
[2025-01-20T09:07:21.470+0000] {logging_mixin.py:190} INFO - [2025-01-20T09:07:21.470+0000] {dag.py:3239} INFO - Sync 1 DAGs
[2025-01-20T09:07:21.487+0000] {logging_mixin.py:190} INFO - [2025-01-20T09:07:21.487+0000] {dag.py:4180} INFO - Setting next_dagrun for tutorial_taskflow_api to None, run_after=None
[2025-01-20T09:07:21.503+0000] {processor.py:208} INFO - Processing /home/airflow/.local/lib/python3.12/site-packages/airflow/example_dags/tutorial_taskflow_api.py took 0.066 seconds
[2025-01-20T09:07:52.341+0000] {processor.py:186} INFO - Started process (PID=77989) to work on /home/airflow/.local/lib/python3.12/site-packages/airflow/example_dags/tutorial_taskflow_api.py
[2025-01-20T09:07:52.342+0000] {processor.py:914} INFO - Processing file /home/airflow/.local/lib/python3.12/site-packages/airflow/example_dags/tutorial_taskflow_api.py for tasks to queue
[2025-01-20T09:07:52.344+0000] {logging_mixin.py:190} INFO - [2025-01-20T09:07:52.344+0000] {dagbag.py:588} INFO - Filling up the DagBag from /home/airflow/.local/lib/python3.12/site-packages/airflow/example_dags/tutorial_taskflow_api.py
[2025-01-20T09:07:52.350+0000] {processor.py:925} INFO - DAG(s) 'tutorial_taskflow_api' retrieved from /home/airflow/.local/lib/python3.12/site-packages/airflow/example_dags/tutorial_taskflow_api.py
[2025-01-20T09:07:52.365+0000] {logging_mixin.py:190} INFO - [2025-01-20T09:07:52.364+0000] {dag.py:3239} INFO - Sync 1 DAGs
[2025-01-20T09:07:52.382+0000] {logging_mixin.py:190} INFO - [2025-01-20T09:07:52.382+0000] {dag.py:4180} INFO - Setting next_dagrun for tutorial_taskflow_api to None, run_after=None
[2025-01-20T09:07:52.398+0000] {processor.py:208} INFO - Processing /home/airflow/.local/lib/python3.12/site-packages/airflow/example_dags/tutorial_taskflow_api.py took 0.061 seconds
[2025-01-20T09:08:22.745+0000] {processor.py:186} INFO - Started process (PID=78297) to work on /home/airflow/.local/lib/python3.12/site-packages/airflow/example_dags/tutorial_taskflow_api.py
[2025-01-20T09:08:22.746+0000] {processor.py:914} INFO - Processing file /home/airflow/.local/lib/python3.12/site-packages/airflow/example_dags/tutorial_taskflow_api.py for tasks to queue
[2025-01-20T09:08:22.748+0000] {logging_mixin.py:190} INFO - [2025-01-20T09:08:22.748+0000] {dagbag.py:588} INFO - Filling up the DagBag from /home/airflow/.local/lib/python3.12/site-packages/airflow/example_dags/tutorial_taskflow_api.py
[2025-01-20T09:08:22.755+0000] {processor.py:925} INFO - DAG(s) 'tutorial_taskflow_api' retrieved from /home/airflow/.local/lib/python3.12/site-packages/airflow/example_dags/tutorial_taskflow_api.py
[2025-01-20T09:08:22.774+0000] {logging_mixin.py:190} INFO - [2025-01-20T09:08:22.773+0000] {dag.py:3239} INFO - Sync 1 DAGs
[2025-01-20T09:08:22.785+0000] {logging_mixin.py:190} INFO - [2025-01-20T09:08:22.785+0000] {dag.py:4180} INFO - Setting next_dagrun for tutorial_taskflow_api to None, run_after=None
[2025-01-20T09:08:22.803+0000] {processor.py:208} INFO - Processing /home/airflow/.local/lib/python3.12/site-packages/airflow/example_dags/tutorial_taskflow_api.py took 0.063 seconds
[2025-01-20T09:08:52.918+0000] {processor.py:186} INFO - Started process (PID=78596) to work on /home/airflow/.local/lib/python3.12/site-packages/airflow/example_dags/tutorial_taskflow_api.py
[2025-01-20T09:08:52.919+0000] {processor.py:914} INFO - Processing file /home/airflow/.local/lib/python3.12/site-packages/airflow/example_dags/tutorial_taskflow_api.py for tasks to queue
[2025-01-20T09:08:52.921+0000] {logging_mixin.py:190} INFO - [2025-01-20T09:08:52.921+0000] {dagbag.py:588} INFO - Filling up the DagBag from /home/airflow/.local/lib/python3.12/site-packages/airflow/example_dags/tutorial_taskflow_api.py
[2025-01-20T09:08:52.927+0000] {processor.py:925} INFO - DAG(s) 'tutorial_taskflow_api' retrieved from /home/airflow/.local/lib/python3.12/site-packages/airflow/example_dags/tutorial_taskflow_api.py
[2025-01-20T09:08:52.942+0000] {logging_mixin.py:190} INFO - [2025-01-20T09:08:52.941+0000] {dag.py:3239} INFO - Sync 1 DAGs
[2025-01-20T09:08:52.951+0000] {logging_mixin.py:190} INFO - [2025-01-20T09:08:52.951+0000] {dag.py:4180} INFO - Setting next_dagrun for tutorial_taskflow_api to None, run_after=None
[2025-01-20T09:08:52.965+0000] {processor.py:208} INFO - Processing /home/airflow/.local/lib/python3.12/site-packages/airflow/example_dags/tutorial_taskflow_api.py took 0.051 seconds
[2025-01-20T09:09:23.079+0000] {processor.py:186} INFO - Started process (PID=78902) to work on /home/airflow/.local/lib/python3.12/site-packages/airflow/example_dags/tutorial_taskflow_api.py
[2025-01-20T09:09:23.080+0000] {processor.py:914} INFO - Processing file /home/airflow/.local/lib/python3.12/site-packages/airflow/example_dags/tutorial_taskflow_api.py for tasks to queue
[2025-01-20T09:09:23.082+0000] {logging_mixin.py:190} INFO - [2025-01-20T09:09:23.081+0000] {dagbag.py:588} INFO - Filling up the DagBag from /home/airflow/.local/lib/python3.12/site-packages/airflow/example_dags/tutorial_taskflow_api.py
[2025-01-20T09:09:23.089+0000] {processor.py:925} INFO - DAG(s) 'tutorial_taskflow_api' retrieved from /home/airflow/.local/lib/python3.12/site-packages/airflow/example_dags/tutorial_taskflow_api.py
[2025-01-20T09:09:23.105+0000] {logging_mixin.py:190} INFO - [2025-01-20T09:09:23.104+0000] {dag.py:3239} INFO - Sync 1 DAGs
[2025-01-20T09:09:23.115+0000] {logging_mixin.py:190} INFO - [2025-01-20T09:09:23.115+0000] {dag.py:4180} INFO - Setting next_dagrun for tutorial_taskflow_api to None, run_after=None
[2025-01-20T09:09:23.132+0000] {processor.py:208} INFO - Processing /home/airflow/.local/lib/python3.12/site-packages/airflow/example_dags/tutorial_taskflow_api.py took 0.058 seconds
