[2025-01-20T08:06:40.374+0000] {processor.py:186} INFO - Started process (PID=41491) to work on /opt/airflow/dags/etl_dag.py
[2025-01-20T08:06:40.375+0000] {processor.py:914} INFO - Processing file /opt/airflow/dags/etl_dag.py for tasks to queue
[2025-01-20T08:06:40.382+0000] {logging_mixin.py:190} INFO - [2025-01-20T08:06:40.380+0000] {dagbag.py:588} INFO - Filling up the DagBag from /opt/airflow/dags/etl_dag.py
[2025-01-20T08:06:40.532+0000] {processor.py:925} INFO - DAG(s) 'etl_pipeline' retrieved from /opt/airflow/dags/etl_dag.py
[2025-01-20T08:06:40.561+0000] {logging_mixin.py:190} INFO - [2025-01-20T08:06:40.561+0000] {dag.py:3239} INFO - Sync 1 DAGs
[2025-01-20T08:06:40.610+0000] {logging_mixin.py:190} INFO - [2025-01-20T08:06:40.610+0000] {dag.py:4180} INFO - Setting next_dagrun for etl_pipeline to 2025-01-19 00:00:00+00:00, run_after=2025-01-20 00:00:00+00:00
[2025-01-20T08:06:40.663+0000] {processor.py:208} INFO - Processing /opt/airflow/dags/etl_dag.py took 0.315 seconds
[2025-01-20T08:07:10.923+0000] {processor.py:186} INFO - Started process (PID=41834) to work on /opt/airflow/dags/etl_dag.py
[2025-01-20T08:07:10.923+0000] {processor.py:914} INFO - Processing file /opt/airflow/dags/etl_dag.py for tasks to queue
[2025-01-20T08:07:10.926+0000] {logging_mixin.py:190} INFO - [2025-01-20T08:07:10.926+0000] {dagbag.py:588} INFO - Filling up the DagBag from /opt/airflow/dags/etl_dag.py
[2025-01-20T08:07:10.972+0000] {processor.py:925} INFO - DAG(s) 'etl_pipeline' retrieved from /opt/airflow/dags/etl_dag.py
[2025-01-20T08:07:10.988+0000] {logging_mixin.py:190} INFO - [2025-01-20T08:07:10.988+0000] {dag.py:3239} INFO - Sync 1 DAGs
[2025-01-20T08:07:11.007+0000] {logging_mixin.py:190} INFO - [2025-01-20T08:07:11.007+0000] {dag.py:4180} INFO - Setting next_dagrun for etl_pipeline to 2025-01-20 00:00:00+00:00, run_after=2025-01-21 00:00:00+00:00
[2025-01-20T08:07:11.020+0000] {processor.py:208} INFO - Processing /opt/airflow/dags/etl_dag.py took 0.106 seconds
[2025-01-20T08:07:41.097+0000] {processor.py:186} INFO - Started process (PID=42135) to work on /opt/airflow/dags/etl_dag.py
[2025-01-20T08:07:41.099+0000] {processor.py:914} INFO - Processing file /opt/airflow/dags/etl_dag.py for tasks to queue
[2025-01-20T08:07:41.106+0000] {logging_mixin.py:190} INFO - [2025-01-20T08:07:41.105+0000] {dagbag.py:588} INFO - Filling up the DagBag from /opt/airflow/dags/etl_dag.py
[2025-01-20T08:07:41.157+0000] {processor.py:925} INFO - DAG(s) 'etl_pipeline' retrieved from /opt/airflow/dags/etl_dag.py
[2025-01-20T08:07:41.181+0000] {logging_mixin.py:190} INFO - [2025-01-20T08:07:41.181+0000] {dag.py:3239} INFO - Sync 1 DAGs
[2025-01-20T08:07:41.207+0000] {logging_mixin.py:190} INFO - [2025-01-20T08:07:41.206+0000] {dag.py:4180} INFO - Setting next_dagrun for etl_pipeline to 2025-01-20 00:00:00+00:00, run_after=2025-01-21 00:00:00+00:00
[2025-01-20T08:07:41.231+0000] {processor.py:208} INFO - Processing /opt/airflow/dags/etl_dag.py took 0.147 seconds
[2025-01-20T08:08:11.659+0000] {processor.py:186} INFO - Started process (PID=42441) to work on /opt/airflow/dags/etl_dag.py
[2025-01-20T08:08:11.664+0000] {processor.py:914} INFO - Processing file /opt/airflow/dags/etl_dag.py for tasks to queue
[2025-01-20T08:08:11.674+0000] {logging_mixin.py:190} INFO - [2025-01-20T08:08:11.672+0000] {dagbag.py:588} INFO - Filling up the DagBag from /opt/airflow/dags/etl_dag.py
[2025-01-20T08:08:11.724+0000] {processor.py:925} INFO - DAG(s) 'etl_pipeline' retrieved from /opt/airflow/dags/etl_dag.py
[2025-01-20T08:08:11.738+0000] {logging_mixin.py:190} INFO - [2025-01-20T08:08:11.738+0000] {dag.py:3239} INFO - Sync 1 DAGs
[2025-01-20T08:08:11.757+0000] {logging_mixin.py:190} INFO - [2025-01-20T08:08:11.757+0000] {dag.py:4180} INFO - Setting next_dagrun for etl_pipeline to 2025-01-20 00:00:00+00:00, run_after=2025-01-21 00:00:00+00:00
[2025-01-20T08:08:11.775+0000] {processor.py:208} INFO - Processing /opt/airflow/dags/etl_dag.py took 0.135 seconds
[2025-01-20T08:08:42.089+0000] {processor.py:186} INFO - Started process (PID=42742) to work on /opt/airflow/dags/etl_dag.py
[2025-01-20T08:08:42.090+0000] {processor.py:914} INFO - Processing file /opt/airflow/dags/etl_dag.py for tasks to queue
[2025-01-20T08:08:42.094+0000] {logging_mixin.py:190} INFO - [2025-01-20T08:08:42.094+0000] {dagbag.py:588} INFO - Filling up the DagBag from /opt/airflow/dags/etl_dag.py
[2025-01-20T08:08:42.138+0000] {processor.py:925} INFO - DAG(s) 'etl_pipeline' retrieved from /opt/airflow/dags/etl_dag.py
[2025-01-20T08:08:42.154+0000] {logging_mixin.py:190} INFO - [2025-01-20T08:08:42.154+0000] {dag.py:3239} INFO - Sync 1 DAGs
[2025-01-20T08:08:42.175+0000] {logging_mixin.py:190} INFO - [2025-01-20T08:08:42.174+0000] {dag.py:4180} INFO - Setting next_dagrun for etl_pipeline to 2025-01-20 00:00:00+00:00, run_after=2025-01-21 00:00:00+00:00
[2025-01-20T08:08:42.192+0000] {processor.py:208} INFO - Processing /opt/airflow/dags/etl_dag.py took 0.112 seconds
[2025-01-20T08:09:12.341+0000] {processor.py:186} INFO - Started process (PID=43048) to work on /opt/airflow/dags/etl_dag.py
[2025-01-20T08:09:12.341+0000] {processor.py:914} INFO - Processing file /opt/airflow/dags/etl_dag.py for tasks to queue
[2025-01-20T08:09:12.344+0000] {logging_mixin.py:190} INFO - [2025-01-20T08:09:12.344+0000] {dagbag.py:588} INFO - Filling up the DagBag from /opt/airflow/dags/etl_dag.py
[2025-01-20T08:09:12.389+0000] {processor.py:925} INFO - DAG(s) 'etl_pipeline' retrieved from /opt/airflow/dags/etl_dag.py
[2025-01-20T08:09:12.411+0000] {logging_mixin.py:190} INFO - [2025-01-20T08:09:12.411+0000] {dag.py:3239} INFO - Sync 1 DAGs
[2025-01-20T08:09:12.575+0000] {logging_mixin.py:190} INFO - [2025-01-20T08:09:12.575+0000] {dag.py:4180} INFO - Setting next_dagrun for etl_pipeline to 2025-01-20 00:00:00+00:00, run_after=2025-01-21 00:00:00+00:00
[2025-01-20T08:09:12.623+0000] {processor.py:208} INFO - Processing /opt/airflow/dags/etl_dag.py took 0.290 seconds
[2025-01-20T08:09:42.848+0000] {processor.py:186} INFO - Started process (PID=43349) to work on /opt/airflow/dags/etl_dag.py
[2025-01-20T08:09:42.848+0000] {processor.py:914} INFO - Processing file /opt/airflow/dags/etl_dag.py for tasks to queue
[2025-01-20T08:09:42.850+0000] {logging_mixin.py:190} INFO - [2025-01-20T08:09:42.850+0000] {dagbag.py:588} INFO - Filling up the DagBag from /opt/airflow/dags/etl_dag.py
[2025-01-20T08:09:42.900+0000] {processor.py:925} INFO - DAG(s) 'etl_pipeline' retrieved from /opt/airflow/dags/etl_dag.py
[2025-01-20T08:09:42.920+0000] {logging_mixin.py:190} INFO - [2025-01-20T08:09:42.919+0000] {dag.py:3239} INFO - Sync 1 DAGs
[2025-01-20T08:09:42.944+0000] {logging_mixin.py:190} INFO - [2025-01-20T08:09:42.944+0000] {dag.py:4180} INFO - Setting next_dagrun for etl_pipeline to 2025-01-20 00:00:00+00:00, run_after=2025-01-21 00:00:00+00:00
[2025-01-20T08:09:43.087+0000] {processor.py:208} INFO - Processing /opt/airflow/dags/etl_dag.py took 0.244 seconds
[2025-01-20T08:10:13.490+0000] {processor.py:186} INFO - Started process (PID=43655) to work on /opt/airflow/dags/etl_dag.py
[2025-01-20T08:10:13.490+0000] {processor.py:914} INFO - Processing file /opt/airflow/dags/etl_dag.py for tasks to queue
[2025-01-20T08:10:13.494+0000] {logging_mixin.py:190} INFO - [2025-01-20T08:10:13.494+0000] {dagbag.py:588} INFO - Filling up the DagBag from /opt/airflow/dags/etl_dag.py
[2025-01-20T08:10:13.549+0000] {processor.py:925} INFO - DAG(s) 'etl_pipeline' retrieved from /opt/airflow/dags/etl_dag.py
[2025-01-20T08:10:13.570+0000] {logging_mixin.py:190} INFO - [2025-01-20T08:10:13.570+0000] {dag.py:3239} INFO - Sync 1 DAGs
[2025-01-20T08:10:13.588+0000] {logging_mixin.py:190} INFO - [2025-01-20T08:10:13.588+0000] {dag.py:4180} INFO - Setting next_dagrun for etl_pipeline to 2025-01-20 00:00:00+00:00, run_after=2025-01-21 00:00:00+00:00
[2025-01-20T08:10:13.610+0000] {processor.py:208} INFO - Processing /opt/airflow/dags/etl_dag.py took 0.124 seconds
[2025-01-20T08:10:43.993+0000] {processor.py:186} INFO - Started process (PID=43956) to work on /opt/airflow/dags/etl_dag.py
[2025-01-20T08:10:43.995+0000] {processor.py:914} INFO - Processing file /opt/airflow/dags/etl_dag.py for tasks to queue
[2025-01-20T08:10:43.999+0000] {logging_mixin.py:190} INFO - [2025-01-20T08:10:43.998+0000] {dagbag.py:588} INFO - Filling up the DagBag from /opt/airflow/dags/etl_dag.py
[2025-01-20T08:10:44.057+0000] {processor.py:925} INFO - DAG(s) 'etl_pipeline' retrieved from /opt/airflow/dags/etl_dag.py
[2025-01-20T08:10:44.074+0000] {logging_mixin.py:190} INFO - [2025-01-20T08:10:44.073+0000] {dag.py:3239} INFO - Sync 1 DAGs
[2025-01-20T08:10:44.094+0000] {logging_mixin.py:190} INFO - [2025-01-20T08:10:44.094+0000] {dag.py:4180} INFO - Setting next_dagrun for etl_pipeline to 2025-01-20 00:00:00+00:00, run_after=2025-01-21 00:00:00+00:00
[2025-01-20T08:10:44.110+0000] {processor.py:208} INFO - Processing /opt/airflow/dags/etl_dag.py took 0.127 seconds
[2025-01-20T08:11:14.490+0000] {processor.py:186} INFO - Started process (PID=44262) to work on /opt/airflow/dags/etl_dag.py
[2025-01-20T08:11:14.491+0000] {processor.py:914} INFO - Processing file /opt/airflow/dags/etl_dag.py for tasks to queue
[2025-01-20T08:11:14.492+0000] {logging_mixin.py:190} INFO - [2025-01-20T08:11:14.492+0000] {dagbag.py:588} INFO - Filling up the DagBag from /opt/airflow/dags/etl_dag.py
[2025-01-20T08:11:14.529+0000] {processor.py:925} INFO - DAG(s) 'etl_pipeline' retrieved from /opt/airflow/dags/etl_dag.py
[2025-01-20T08:11:14.544+0000] {logging_mixin.py:190} INFO - [2025-01-20T08:11:14.544+0000] {dag.py:3239} INFO - Sync 1 DAGs
[2025-01-20T08:11:14.560+0000] {logging_mixin.py:190} INFO - [2025-01-20T08:11:14.560+0000] {dag.py:4180} INFO - Setting next_dagrun for etl_pipeline to 2025-01-20 00:00:00+00:00, run_after=2025-01-21 00:00:00+00:00
[2025-01-20T08:11:14.575+0000] {processor.py:208} INFO - Processing /opt/airflow/dags/etl_dag.py took 0.089 seconds
[2025-01-20T08:11:44.993+0000] {processor.py:186} INFO - Started process (PID=44563) to work on /opt/airflow/dags/etl_dag.py
[2025-01-20T08:11:44.996+0000] {processor.py:914} INFO - Processing file /opt/airflow/dags/etl_dag.py for tasks to queue
[2025-01-20T08:11:45.008+0000] {logging_mixin.py:190} INFO - [2025-01-20T08:11:45.006+0000] {dagbag.py:588} INFO - Filling up the DagBag from /opt/airflow/dags/etl_dag.py
[2025-01-20T08:11:45.110+0000] {processor.py:925} INFO - DAG(s) 'etl_pipeline' retrieved from /opt/airflow/dags/etl_dag.py
[2025-01-20T08:11:45.273+0000] {logging_mixin.py:190} INFO - [2025-01-20T08:11:45.273+0000] {dag.py:3239} INFO - Sync 1 DAGs
[2025-01-20T08:11:45.294+0000] {logging_mixin.py:190} INFO - [2025-01-20T08:11:45.294+0000] {dag.py:4180} INFO - Setting next_dagrun for etl_pipeline to 2025-01-20 00:00:00+00:00, run_after=2025-01-21 00:00:00+00:00
[2025-01-20T08:11:45.311+0000] {processor.py:208} INFO - Processing /opt/airflow/dags/etl_dag.py took 0.342 seconds
[2025-01-20T08:12:15.609+0000] {processor.py:186} INFO - Started process (PID=44869) to work on /opt/airflow/dags/etl_dag.py
[2025-01-20T08:12:15.609+0000] {processor.py:914} INFO - Processing file /opt/airflow/dags/etl_dag.py for tasks to queue
[2025-01-20T08:12:15.611+0000] {logging_mixin.py:190} INFO - [2025-01-20T08:12:15.610+0000] {dagbag.py:588} INFO - Filling up the DagBag from /opt/airflow/dags/etl_dag.py
[2025-01-20T08:12:15.647+0000] {processor.py:925} INFO - DAG(s) 'etl_pipeline' retrieved from /opt/airflow/dags/etl_dag.py
[2025-01-20T08:12:15.792+0000] {logging_mixin.py:190} INFO - [2025-01-20T08:12:15.791+0000] {dag.py:3239} INFO - Sync 1 DAGs
[2025-01-20T08:12:15.809+0000] {logging_mixin.py:190} INFO - [2025-01-20T08:12:15.809+0000] {dag.py:4180} INFO - Setting next_dagrun for etl_pipeline to 2025-01-20 00:00:00+00:00, run_after=2025-01-21 00:00:00+00:00
[2025-01-20T08:12:15.823+0000] {processor.py:208} INFO - Processing /opt/airflow/dags/etl_dag.py took 0.219 seconds
[2025-01-20T08:12:46.221+0000] {processor.py:186} INFO - Started process (PID=45170) to work on /opt/airflow/dags/etl_dag.py
[2025-01-20T08:12:46.223+0000] {processor.py:914} INFO - Processing file /opt/airflow/dags/etl_dag.py for tasks to queue
[2025-01-20T08:12:46.227+0000] {logging_mixin.py:190} INFO - [2025-01-20T08:12:46.226+0000] {dagbag.py:588} INFO - Filling up the DagBag from /opt/airflow/dags/etl_dag.py
[2025-01-20T08:12:46.292+0000] {processor.py:925} INFO - DAG(s) 'etl_pipeline' retrieved from /opt/airflow/dags/etl_dag.py
[2025-01-20T08:12:46.307+0000] {logging_mixin.py:190} INFO - [2025-01-20T08:12:46.307+0000] {dag.py:3239} INFO - Sync 1 DAGs
[2025-01-20T08:12:46.448+0000] {logging_mixin.py:190} INFO - [2025-01-20T08:12:46.448+0000] {dag.py:4180} INFO - Setting next_dagrun for etl_pipeline to 2025-01-20 00:00:00+00:00, run_after=2025-01-21 00:00:00+00:00
[2025-01-20T08:12:46.465+0000] {processor.py:208} INFO - Processing /opt/airflow/dags/etl_dag.py took 0.249 seconds
[2025-01-20T08:13:16.612+0000] {processor.py:186} INFO - Started process (PID=45476) to work on /opt/airflow/dags/etl_dag.py
[2025-01-20T08:13:16.612+0000] {processor.py:914} INFO - Processing file /opt/airflow/dags/etl_dag.py for tasks to queue
[2025-01-20T08:13:16.614+0000] {logging_mixin.py:190} INFO - [2025-01-20T08:13:16.614+0000] {dagbag.py:588} INFO - Filling up the DagBag from /opt/airflow/dags/etl_dag.py
[2025-01-20T08:13:16.769+0000] {processor.py:925} INFO - DAG(s) 'etl_pipeline' retrieved from /opt/airflow/dags/etl_dag.py
[2025-01-20T08:13:16.779+0000] {logging_mixin.py:190} INFO - [2025-01-20T08:13:16.779+0000] {dag.py:3239} INFO - Sync 1 DAGs
[2025-01-20T08:13:16.794+0000] {logging_mixin.py:190} INFO - [2025-01-20T08:13:16.794+0000] {dag.py:4180} INFO - Setting next_dagrun for etl_pipeline to 2025-01-20 00:00:00+00:00, run_after=2025-01-21 00:00:00+00:00
[2025-01-20T08:13:16.821+0000] {processor.py:208} INFO - Processing /opt/airflow/dags/etl_dag.py took 0.213 seconds
[2025-01-20T08:13:47.455+0000] {processor.py:186} INFO - Started process (PID=45777) to work on /opt/airflow/dags/etl_dag.py
[2025-01-20T08:13:47.456+0000] {processor.py:914} INFO - Processing file /opt/airflow/dags/etl_dag.py for tasks to queue
[2025-01-20T08:13:47.459+0000] {logging_mixin.py:190} INFO - [2025-01-20T08:13:47.459+0000] {dagbag.py:588} INFO - Filling up the DagBag from /opt/airflow/dags/etl_dag.py
[2025-01-20T08:13:47.613+0000] {processor.py:925} INFO - DAG(s) 'etl_pipeline' retrieved from /opt/airflow/dags/etl_dag.py
[2025-01-20T08:13:47.629+0000] {logging_mixin.py:190} INFO - [2025-01-20T08:13:47.628+0000] {dag.py:3239} INFO - Sync 1 DAGs
[2025-01-20T08:13:47.658+0000] {logging_mixin.py:190} INFO - [2025-01-20T08:13:47.657+0000] {dag.py:4180} INFO - Setting next_dagrun for etl_pipeline to 2025-01-20 00:00:00+00:00, run_after=2025-01-21 00:00:00+00:00
[2025-01-20T08:13:47.676+0000] {processor.py:208} INFO - Processing /opt/airflow/dags/etl_dag.py took 0.228 seconds
[2025-01-20T08:14:18.607+0000] {processor.py:186} INFO - Started process (PID=46083) to work on /opt/airflow/dags/etl_dag.py
[2025-01-20T08:14:18.608+0000] {processor.py:914} INFO - Processing file /opt/airflow/dags/etl_dag.py for tasks to queue
[2025-01-20T08:14:18.612+0000] {logging_mixin.py:190} INFO - [2025-01-20T08:14:18.612+0000] {dagbag.py:588} INFO - Filling up the DagBag from /opt/airflow/dags/etl_dag.py
[2025-01-20T08:14:18.780+0000] {processor.py:925} INFO - DAG(s) 'etl_pipeline' retrieved from /opt/airflow/dags/etl_dag.py
[2025-01-20T08:14:18.796+0000] {logging_mixin.py:190} INFO - [2025-01-20T08:14:18.796+0000] {dag.py:3239} INFO - Sync 1 DAGs
[2025-01-20T08:14:18.814+0000] {logging_mixin.py:190} INFO - [2025-01-20T08:14:18.814+0000] {dag.py:4180} INFO - Setting next_dagrun for etl_pipeline to 2025-01-20 00:00:00+00:00, run_after=2025-01-21 00:00:00+00:00
[2025-01-20T08:14:18.827+0000] {processor.py:208} INFO - Processing /opt/airflow/dags/etl_dag.py took 0.225 seconds
[2025-01-20T08:14:49.486+0000] {processor.py:186} INFO - Started process (PID=46384) to work on /opt/airflow/dags/etl_dag.py
[2025-01-20T08:14:49.488+0000] {processor.py:914} INFO - Processing file /opt/airflow/dags/etl_dag.py for tasks to queue
[2025-01-20T08:14:49.496+0000] {logging_mixin.py:190} INFO - [2025-01-20T08:14:49.495+0000] {dagbag.py:588} INFO - Filling up the DagBag from /opt/airflow/dags/etl_dag.py
[2025-01-20T08:14:49.664+0000] {processor.py:925} INFO - DAG(s) 'etl_pipeline' retrieved from /opt/airflow/dags/etl_dag.py
[2025-01-20T08:14:49.683+0000] {logging_mixin.py:190} INFO - [2025-01-20T08:14:49.683+0000] {dag.py:3239} INFO - Sync 1 DAGs
[2025-01-20T08:14:49.704+0000] {logging_mixin.py:190} INFO - [2025-01-20T08:14:49.704+0000] {dag.py:4180} INFO - Setting next_dagrun for etl_pipeline to 2025-01-20 00:00:00+00:00, run_after=2025-01-21 00:00:00+00:00
[2025-01-20T08:14:49.717+0000] {processor.py:208} INFO - Processing /opt/airflow/dags/etl_dag.py took 0.241 seconds
[2025-01-20T08:15:20.077+0000] {processor.py:186} INFO - Started process (PID=46690) to work on /opt/airflow/dags/etl_dag.py
[2025-01-20T08:15:20.078+0000] {processor.py:914} INFO - Processing file /opt/airflow/dags/etl_dag.py for tasks to queue
[2025-01-20T08:15:20.081+0000] {logging_mixin.py:190} INFO - [2025-01-20T08:15:20.080+0000] {dagbag.py:588} INFO - Filling up the DagBag from /opt/airflow/dags/etl_dag.py
[2025-01-20T08:15:20.234+0000] {processor.py:925} INFO - DAG(s) 'etl_pipeline' retrieved from /opt/airflow/dags/etl_dag.py
[2025-01-20T08:15:20.248+0000] {logging_mixin.py:190} INFO - [2025-01-20T08:15:20.247+0000] {dag.py:3239} INFO - Sync 1 DAGs
[2025-01-20T08:15:20.262+0000] {logging_mixin.py:190} INFO - [2025-01-20T08:15:20.262+0000] {dag.py:4180} INFO - Setting next_dagrun for etl_pipeline to 2025-01-20 00:00:00+00:00, run_after=2025-01-21 00:00:00+00:00
[2025-01-20T08:15:20.272+0000] {processor.py:208} INFO - Processing /opt/airflow/dags/etl_dag.py took 0.201 seconds
[2025-01-20T08:15:51.116+0000] {processor.py:186} INFO - Started process (PID=46991) to work on /opt/airflow/dags/etl_dag.py
[2025-01-20T08:15:51.116+0000] {processor.py:914} INFO - Processing file /opt/airflow/dags/etl_dag.py for tasks to queue
[2025-01-20T08:15:51.118+0000] {logging_mixin.py:190} INFO - [2025-01-20T08:15:51.118+0000] {dagbag.py:588} INFO - Filling up the DagBag from /opt/airflow/dags/etl_dag.py
[2025-01-20T08:15:51.156+0000] {processor.py:925} INFO - DAG(s) 'etl_pipeline' retrieved from /opt/airflow/dags/etl_dag.py
[2025-01-20T08:15:51.180+0000] {logging_mixin.py:190} INFO - [2025-01-20T08:15:51.180+0000] {dag.py:3239} INFO - Sync 1 DAGs
[2025-01-20T08:15:51.200+0000] {logging_mixin.py:190} INFO - [2025-01-20T08:15:51.200+0000] {dag.py:4180} INFO - Setting next_dagrun for etl_pipeline to 2025-01-20 00:00:00+00:00, run_after=2025-01-21 00:00:00+00:00
[2025-01-20T08:15:51.218+0000] {processor.py:208} INFO - Processing /opt/airflow/dags/etl_dag.py took 0.107 seconds
[2025-01-20T08:16:21.474+0000] {processor.py:186} INFO - Started process (PID=47297) to work on /opt/airflow/dags/etl_dag.py
[2025-01-20T08:16:21.475+0000] {processor.py:914} INFO - Processing file /opt/airflow/dags/etl_dag.py for tasks to queue
[2025-01-20T08:16:21.477+0000] {logging_mixin.py:190} INFO - [2025-01-20T08:16:21.477+0000] {dagbag.py:588} INFO - Filling up the DagBag from /opt/airflow/dags/etl_dag.py
[2025-01-20T08:16:21.512+0000] {processor.py:925} INFO - DAG(s) 'etl_pipeline' retrieved from /opt/airflow/dags/etl_dag.py
[2025-01-20T08:16:21.528+0000] {logging_mixin.py:190} INFO - [2025-01-20T08:16:21.528+0000] {dag.py:3239} INFO - Sync 1 DAGs
[2025-01-20T08:16:21.558+0000] {logging_mixin.py:190} INFO - [2025-01-20T08:16:21.558+0000] {dag.py:4180} INFO - Setting next_dagrun for etl_pipeline to 2025-01-20 00:00:00+00:00, run_after=2025-01-21 00:00:00+00:00
[2025-01-20T08:16:21.576+0000] {processor.py:208} INFO - Processing /opt/airflow/dags/etl_dag.py took 0.108 seconds
[2025-01-20T08:16:52.337+0000] {processor.py:186} INFO - Started process (PID=47598) to work on /opt/airflow/dags/etl_dag.py
[2025-01-20T08:16:52.338+0000] {processor.py:914} INFO - Processing file /opt/airflow/dags/etl_dag.py for tasks to queue
[2025-01-20T08:16:52.341+0000] {logging_mixin.py:190} INFO - [2025-01-20T08:16:52.340+0000] {dagbag.py:588} INFO - Filling up the DagBag from /opt/airflow/dags/etl_dag.py
[2025-01-20T08:16:52.388+0000] {processor.py:925} INFO - DAG(s) 'etl_pipeline' retrieved from /opt/airflow/dags/etl_dag.py
[2025-01-20T08:16:52.405+0000] {logging_mixin.py:190} INFO - [2025-01-20T08:16:52.405+0000] {dag.py:3239} INFO - Sync 1 DAGs
[2025-01-20T08:16:52.429+0000] {logging_mixin.py:190} INFO - [2025-01-20T08:16:52.429+0000] {dag.py:4180} INFO - Setting next_dagrun for etl_pipeline to 2025-01-20 00:00:00+00:00, run_after=2025-01-21 00:00:00+00:00
[2025-01-20T08:16:52.453+0000] {processor.py:208} INFO - Processing /opt/airflow/dags/etl_dag.py took 0.126 seconds
[2025-01-20T08:17:23.370+0000] {processor.py:186} INFO - Started process (PID=47904) to work on /opt/airflow/dags/etl_dag.py
[2025-01-20T08:17:23.370+0000] {processor.py:914} INFO - Processing file /opt/airflow/dags/etl_dag.py for tasks to queue
[2025-01-20T08:17:23.372+0000] {logging_mixin.py:190} INFO - [2025-01-20T08:17:23.372+0000] {dagbag.py:588} INFO - Filling up the DagBag from /opt/airflow/dags/etl_dag.py
[2025-01-20T08:17:23.413+0000] {processor.py:925} INFO - DAG(s) 'etl_pipeline' retrieved from /opt/airflow/dags/etl_dag.py
[2025-01-20T08:17:23.428+0000] {logging_mixin.py:190} INFO - [2025-01-20T08:17:23.428+0000] {dag.py:3239} INFO - Sync 1 DAGs
[2025-01-20T08:17:23.454+0000] {logging_mixin.py:190} INFO - [2025-01-20T08:17:23.454+0000] {dag.py:4180} INFO - Setting next_dagrun for etl_pipeline to 2025-01-20 00:00:00+00:00, run_after=2025-01-21 00:00:00+00:00
[2025-01-20T08:17:23.473+0000] {processor.py:208} INFO - Processing /opt/airflow/dags/etl_dag.py took 0.107 seconds
[2025-01-20T08:17:54.023+0000] {processor.py:186} INFO - Started process (PID=48205) to work on /opt/airflow/dags/etl_dag.py
[2025-01-20T08:17:54.024+0000] {processor.py:914} INFO - Processing file /opt/airflow/dags/etl_dag.py for tasks to queue
[2025-01-20T08:17:54.027+0000] {logging_mixin.py:190} INFO - [2025-01-20T08:17:54.026+0000] {dagbag.py:588} INFO - Filling up the DagBag from /opt/airflow/dags/etl_dag.py
[2025-01-20T08:17:54.082+0000] {processor.py:925} INFO - DAG(s) 'etl_pipeline' retrieved from /opt/airflow/dags/etl_dag.py
[2025-01-20T08:17:54.115+0000] {logging_mixin.py:190} INFO - [2025-01-20T08:17:54.115+0000] {dag.py:3239} INFO - Sync 1 DAGs
[2025-01-20T08:17:54.133+0000] {logging_mixin.py:190} INFO - [2025-01-20T08:17:54.133+0000] {dag.py:4180} INFO - Setting next_dagrun for etl_pipeline to 2025-01-20 00:00:00+00:00, run_after=2025-01-21 00:00:00+00:00
[2025-01-20T08:17:54.148+0000] {processor.py:208} INFO - Processing /opt/airflow/dags/etl_dag.py took 0.132 seconds
[2025-01-20T08:18:24.919+0000] {processor.py:186} INFO - Started process (PID=48511) to work on /opt/airflow/dags/etl_dag.py
[2025-01-20T08:18:24.921+0000] {processor.py:914} INFO - Processing file /opt/airflow/dags/etl_dag.py for tasks to queue
[2025-01-20T08:18:24.927+0000] {logging_mixin.py:190} INFO - [2025-01-20T08:18:24.926+0000] {dagbag.py:588} INFO - Filling up the DagBag from /opt/airflow/dags/etl_dag.py
[2025-01-20T08:18:24.982+0000] {processor.py:925} INFO - DAG(s) 'etl_pipeline' retrieved from /opt/airflow/dags/etl_dag.py
[2025-01-20T08:18:24.998+0000] {logging_mixin.py:190} INFO - [2025-01-20T08:18:24.998+0000] {dag.py:3239} INFO - Sync 1 DAGs
[2025-01-20T08:18:25.020+0000] {logging_mixin.py:190} INFO - [2025-01-20T08:18:25.020+0000] {dag.py:4180} INFO - Setting next_dagrun for etl_pipeline to 2025-01-20 00:00:00+00:00, run_after=2025-01-21 00:00:00+00:00
[2025-01-20T08:18:25.040+0000] {processor.py:208} INFO - Processing /opt/airflow/dags/etl_dag.py took 0.133 seconds
[2025-01-20T08:18:55.770+0000] {processor.py:186} INFO - Started process (PID=48813) to work on /opt/airflow/dags/etl_dag.py
[2025-01-20T08:18:55.771+0000] {processor.py:914} INFO - Processing file /opt/airflow/dags/etl_dag.py for tasks to queue
[2025-01-20T08:18:55.773+0000] {logging_mixin.py:190} INFO - [2025-01-20T08:18:55.773+0000] {dagbag.py:588} INFO - Filling up the DagBag from /opt/airflow/dags/etl_dag.py
[2025-01-20T08:18:55.816+0000] {processor.py:925} INFO - DAG(s) 'etl_pipeline' retrieved from /opt/airflow/dags/etl_dag.py
[2025-01-20T08:18:55.837+0000] {logging_mixin.py:190} INFO - [2025-01-20T08:18:55.837+0000] {dag.py:3239} INFO - Sync 1 DAGs
[2025-01-20T08:18:55.854+0000] {logging_mixin.py:190} INFO - [2025-01-20T08:18:55.854+0000] {dag.py:4180} INFO - Setting next_dagrun for etl_pipeline to 2025-01-20 00:00:00+00:00, run_after=2025-01-21 00:00:00+00:00
[2025-01-20T08:18:55.872+0000] {processor.py:208} INFO - Processing /opt/airflow/dags/etl_dag.py took 0.106 seconds
[2025-01-20T08:19:26.629+0000] {processor.py:186} INFO - Started process (PID=49119) to work on /opt/airflow/dags/etl_dag.py
[2025-01-20T08:19:26.630+0000] {processor.py:914} INFO - Processing file /opt/airflow/dags/etl_dag.py for tasks to queue
[2025-01-20T08:19:26.632+0000] {logging_mixin.py:190} INFO - [2025-01-20T08:19:26.631+0000] {dagbag.py:588} INFO - Filling up the DagBag from /opt/airflow/dags/etl_dag.py
[2025-01-20T08:19:26.671+0000] {processor.py:925} INFO - DAG(s) 'etl_pipeline' retrieved from /opt/airflow/dags/etl_dag.py
[2025-01-20T08:19:26.685+0000] {logging_mixin.py:190} INFO - [2025-01-20T08:19:26.684+0000] {dag.py:3239} INFO - Sync 1 DAGs
[2025-01-20T08:19:26.702+0000] {logging_mixin.py:190} INFO - [2025-01-20T08:19:26.702+0000] {dag.py:4180} INFO - Setting next_dagrun for etl_pipeline to 2025-01-20 00:00:00+00:00, run_after=2025-01-21 00:00:00+00:00
[2025-01-20T08:19:26.717+0000] {processor.py:208} INFO - Processing /opt/airflow/dags/etl_dag.py took 0.092 seconds
[2025-01-20T08:19:57.405+0000] {processor.py:186} INFO - Started process (PID=49420) to work on /opt/airflow/dags/etl_dag.py
[2025-01-20T08:19:57.406+0000] {processor.py:914} INFO - Processing file /opt/airflow/dags/etl_dag.py for tasks to queue
[2025-01-20T08:19:57.407+0000] {logging_mixin.py:190} INFO - [2025-01-20T08:19:57.407+0000] {dagbag.py:588} INFO - Filling up the DagBag from /opt/airflow/dags/etl_dag.py
[2025-01-20T08:19:57.453+0000] {processor.py:925} INFO - DAG(s) 'etl_pipeline' retrieved from /opt/airflow/dags/etl_dag.py
[2025-01-20T08:19:57.472+0000] {logging_mixin.py:190} INFO - [2025-01-20T08:19:57.472+0000] {dag.py:3239} INFO - Sync 1 DAGs
[2025-01-20T08:19:57.493+0000] {logging_mixin.py:190} INFO - [2025-01-20T08:19:57.493+0000] {dag.py:4180} INFO - Setting next_dagrun for etl_pipeline to 2025-01-20 00:00:00+00:00, run_after=2025-01-21 00:00:00+00:00
[2025-01-20T08:19:57.515+0000] {processor.py:208} INFO - Processing /opt/airflow/dags/etl_dag.py took 0.119 seconds
[2025-01-20T08:20:28.213+0000] {processor.py:186} INFO - Started process (PID=49726) to work on /opt/airflow/dags/etl_dag.py
[2025-01-20T08:20:28.216+0000] {processor.py:914} INFO - Processing file /opt/airflow/dags/etl_dag.py for tasks to queue
[2025-01-20T08:20:28.224+0000] {logging_mixin.py:190} INFO - [2025-01-20T08:20:28.223+0000] {dagbag.py:588} INFO - Filling up the DagBag from /opt/airflow/dags/etl_dag.py
[2025-01-20T08:20:28.281+0000] {processor.py:925} INFO - DAG(s) 'etl_pipeline' retrieved from /opt/airflow/dags/etl_dag.py
[2025-01-20T08:20:28.293+0000] {logging_mixin.py:190} INFO - [2025-01-20T08:20:28.293+0000] {dag.py:3239} INFO - Sync 1 DAGs
[2025-01-20T08:20:28.308+0000] {logging_mixin.py:190} INFO - [2025-01-20T08:20:28.307+0000] {dag.py:4180} INFO - Setting next_dagrun for etl_pipeline to 2025-01-20 00:00:00+00:00, run_after=2025-01-21 00:00:00+00:00
[2025-01-20T08:20:28.321+0000] {processor.py:208} INFO - Processing /opt/airflow/dags/etl_dag.py took 0.114 seconds
[2025-01-20T08:20:59.157+0000] {processor.py:186} INFO - Started process (PID=50027) to work on /opt/airflow/dags/etl_dag.py
[2025-01-20T08:20:59.158+0000] {processor.py:914} INFO - Processing file /opt/airflow/dags/etl_dag.py for tasks to queue
[2025-01-20T08:20:59.162+0000] {logging_mixin.py:190} INFO - [2025-01-20T08:20:59.161+0000] {dagbag.py:588} INFO - Filling up the DagBag from /opt/airflow/dags/etl_dag.py
[2025-01-20T08:20:59.202+0000] {processor.py:925} INFO - DAG(s) 'etl_pipeline' retrieved from /opt/airflow/dags/etl_dag.py
[2025-01-20T08:20:59.220+0000] {logging_mixin.py:190} INFO - [2025-01-20T08:20:59.219+0000] {dag.py:3239} INFO - Sync 1 DAGs
[2025-01-20T08:20:59.240+0000] {logging_mixin.py:190} INFO - [2025-01-20T08:20:59.240+0000] {dag.py:4180} INFO - Setting next_dagrun for etl_pipeline to 2025-01-20 00:00:00+00:00, run_after=2025-01-21 00:00:00+00:00
[2025-01-20T08:20:59.258+0000] {processor.py:208} INFO - Processing /opt/airflow/dags/etl_dag.py took 0.109 seconds
[2025-01-20T08:21:30.031+0000] {processor.py:186} INFO - Started process (PID=50333) to work on /opt/airflow/dags/etl_dag.py
[2025-01-20T08:21:30.031+0000] {processor.py:914} INFO - Processing file /opt/airflow/dags/etl_dag.py for tasks to queue
[2025-01-20T08:21:30.034+0000] {logging_mixin.py:190} INFO - [2025-01-20T08:21:30.034+0000] {dagbag.py:588} INFO - Filling up the DagBag from /opt/airflow/dags/etl_dag.py
[2025-01-20T08:21:30.082+0000] {processor.py:925} INFO - DAG(s) 'etl_pipeline' retrieved from /opt/airflow/dags/etl_dag.py
[2025-01-20T08:21:30.100+0000] {logging_mixin.py:190} INFO - [2025-01-20T08:21:30.100+0000] {dag.py:3239} INFO - Sync 1 DAGs
[2025-01-20T08:21:30.123+0000] {logging_mixin.py:190} INFO - [2025-01-20T08:21:30.123+0000] {dag.py:4180} INFO - Setting next_dagrun for etl_pipeline to 2025-01-20 00:00:00+00:00, run_after=2025-01-21 00:00:00+00:00
[2025-01-20T08:21:30.143+0000] {processor.py:208} INFO - Processing /opt/airflow/dags/etl_dag.py took 0.123 seconds
[2025-01-20T08:22:00.960+0000] {processor.py:186} INFO - Started process (PID=50634) to work on /opt/airflow/dags/etl_dag.py
[2025-01-20T08:22:00.961+0000] {processor.py:914} INFO - Processing file /opt/airflow/dags/etl_dag.py for tasks to queue
[2025-01-20T08:22:00.965+0000] {logging_mixin.py:190} INFO - [2025-01-20T08:22:00.965+0000] {dagbag.py:588} INFO - Filling up the DagBag from /opt/airflow/dags/etl_dag.py
[2025-01-20T08:22:01.029+0000] {processor.py:925} INFO - DAG(s) 'etl_pipeline' retrieved from /opt/airflow/dags/etl_dag.py
[2025-01-20T08:22:01.052+0000] {logging_mixin.py:190} INFO - [2025-01-20T08:22:01.051+0000] {dag.py:3239} INFO - Sync 1 DAGs
[2025-01-20T08:22:01.074+0000] {logging_mixin.py:190} INFO - [2025-01-20T08:22:01.073+0000] {dag.py:4180} INFO - Setting next_dagrun for etl_pipeline to 2025-01-20 00:00:00+00:00, run_after=2025-01-21 00:00:00+00:00
[2025-01-20T08:22:01.097+0000] {processor.py:208} INFO - Processing /opt/airflow/dags/etl_dag.py took 0.149 seconds
[2025-01-20T08:22:31.776+0000] {processor.py:186} INFO - Started process (PID=50940) to work on /opt/airflow/dags/etl_dag.py
[2025-01-20T08:22:31.778+0000] {processor.py:914} INFO - Processing file /opt/airflow/dags/etl_dag.py for tasks to queue
[2025-01-20T08:22:31.780+0000] {logging_mixin.py:190} INFO - [2025-01-20T08:22:31.779+0000] {dagbag.py:588} INFO - Filling up the DagBag from /opt/airflow/dags/etl_dag.py
[2025-01-20T08:22:31.817+0000] {processor.py:925} INFO - DAG(s) 'etl_pipeline' retrieved from /opt/airflow/dags/etl_dag.py
[2025-01-20T08:22:31.837+0000] {logging_mixin.py:190} INFO - [2025-01-20T08:22:31.836+0000] {dag.py:3239} INFO - Sync 1 DAGs
[2025-01-20T08:22:31.855+0000] {logging_mixin.py:190} INFO - [2025-01-20T08:22:31.855+0000] {dag.py:4180} INFO - Setting next_dagrun for etl_pipeline to 2025-01-20 00:00:00+00:00, run_after=2025-01-21 00:00:00+00:00
[2025-01-20T08:22:31.875+0000] {processor.py:208} INFO - Processing /opt/airflow/dags/etl_dag.py took 0.106 seconds
[2025-01-20T08:23:02.794+0000] {processor.py:186} INFO - Started process (PID=51246) to work on /opt/airflow/dags/etl_dag.py
[2025-01-20T08:23:02.795+0000] {processor.py:914} INFO - Processing file /opt/airflow/dags/etl_dag.py for tasks to queue
[2025-01-20T08:23:02.799+0000] {logging_mixin.py:190} INFO - [2025-01-20T08:23:02.799+0000] {dagbag.py:588} INFO - Filling up the DagBag from /opt/airflow/dags/etl_dag.py
[2025-01-20T08:23:02.845+0000] {processor.py:925} INFO - DAG(s) 'etl_pipeline' retrieved from /opt/airflow/dags/etl_dag.py
[2025-01-20T08:23:02.865+0000] {logging_mixin.py:190} INFO - [2025-01-20T08:23:02.865+0000] {dag.py:3239} INFO - Sync 1 DAGs
[2025-01-20T08:23:02.888+0000] {logging_mixin.py:190} INFO - [2025-01-20T08:23:02.888+0000] {dag.py:4180} INFO - Setting next_dagrun for etl_pipeline to 2025-01-20 00:00:00+00:00, run_after=2025-01-21 00:00:00+00:00
[2025-01-20T08:23:02.905+0000] {processor.py:208} INFO - Processing /opt/airflow/dags/etl_dag.py took 0.115 seconds
[2025-01-20T08:23:33.614+0000] {processor.py:186} INFO - Started process (PID=51547) to work on /opt/airflow/dags/etl_dag.py
[2025-01-20T08:23:33.616+0000] {processor.py:914} INFO - Processing file /opt/airflow/dags/etl_dag.py for tasks to queue
[2025-01-20T08:23:33.620+0000] {logging_mixin.py:190} INFO - [2025-01-20T08:23:33.619+0000] {dagbag.py:588} INFO - Filling up the DagBag from /opt/airflow/dags/etl_dag.py
[2025-01-20T08:23:33.666+0000] {processor.py:925} INFO - DAG(s) 'etl_pipeline' retrieved from /opt/airflow/dags/etl_dag.py
[2025-01-20T08:23:33.682+0000] {logging_mixin.py:190} INFO - [2025-01-20T08:23:33.681+0000] {dag.py:3239} INFO - Sync 1 DAGs
[2025-01-20T08:23:33.707+0000] {logging_mixin.py:190} INFO - [2025-01-20T08:23:33.706+0000] {dag.py:4180} INFO - Setting next_dagrun for etl_pipeline to 2025-01-20 00:00:00+00:00, run_after=2025-01-21 00:00:00+00:00
[2025-01-20T08:23:33.725+0000] {processor.py:208} INFO - Processing /opt/airflow/dags/etl_dag.py took 0.129 seconds
[2025-01-20T08:24:04.558+0000] {processor.py:186} INFO - Started process (PID=51853) to work on /opt/airflow/dags/etl_dag.py
[2025-01-20T08:24:04.559+0000] {processor.py:914} INFO - Processing file /opt/airflow/dags/etl_dag.py for tasks to queue
[2025-01-20T08:24:04.561+0000] {logging_mixin.py:190} INFO - [2025-01-20T08:24:04.561+0000] {dagbag.py:588} INFO - Filling up the DagBag from /opt/airflow/dags/etl_dag.py
[2025-01-20T08:24:04.600+0000] {processor.py:925} INFO - DAG(s) 'etl_pipeline' retrieved from /opt/airflow/dags/etl_dag.py
[2025-01-20T08:24:04.616+0000] {logging_mixin.py:190} INFO - [2025-01-20T08:24:04.615+0000] {dag.py:3239} INFO - Sync 1 DAGs
[2025-01-20T08:24:04.639+0000] {logging_mixin.py:190} INFO - [2025-01-20T08:24:04.638+0000] {dag.py:4180} INFO - Setting next_dagrun for etl_pipeline to 2025-01-20 00:00:00+00:00, run_after=2025-01-21 00:00:00+00:00
[2025-01-20T08:24:04.654+0000] {processor.py:208} INFO - Processing /opt/airflow/dags/etl_dag.py took 0.101 seconds
[2025-01-20T08:24:35.570+0000] {processor.py:186} INFO - Started process (PID=52154) to work on /opt/airflow/dags/etl_dag.py
[2025-01-20T08:24:35.571+0000] {processor.py:914} INFO - Processing file /opt/airflow/dags/etl_dag.py for tasks to queue
[2025-01-20T08:24:35.575+0000] {logging_mixin.py:190} INFO - [2025-01-20T08:24:35.574+0000] {dagbag.py:588} INFO - Filling up the DagBag from /opt/airflow/dags/etl_dag.py
[2025-01-20T08:24:35.632+0000] {processor.py:925} INFO - DAG(s) 'etl_pipeline' retrieved from /opt/airflow/dags/etl_dag.py
[2025-01-20T08:24:35.654+0000] {logging_mixin.py:190} INFO - [2025-01-20T08:24:35.654+0000] {dag.py:3239} INFO - Sync 1 DAGs
[2025-01-20T08:24:35.681+0000] {logging_mixin.py:190} INFO - [2025-01-20T08:24:35.681+0000] {dag.py:4180} INFO - Setting next_dagrun for etl_pipeline to 2025-01-20 00:00:00+00:00, run_after=2025-01-21 00:00:00+00:00
[2025-01-20T08:24:35.712+0000] {processor.py:208} INFO - Processing /opt/airflow/dags/etl_dag.py took 0.148 seconds
[2025-01-20T08:25:06.504+0000] {processor.py:186} INFO - Started process (PID=52460) to work on /opt/airflow/dags/etl_dag.py
[2025-01-20T08:25:06.506+0000] {processor.py:914} INFO - Processing file /opt/airflow/dags/etl_dag.py for tasks to queue
[2025-01-20T08:25:06.508+0000] {logging_mixin.py:190} INFO - [2025-01-20T08:25:06.508+0000] {dagbag.py:588} INFO - Filling up the DagBag from /opt/airflow/dags/etl_dag.py
[2025-01-20T08:25:06.553+0000] {processor.py:925} INFO - DAG(s) 'etl_pipeline' retrieved from /opt/airflow/dags/etl_dag.py
[2025-01-20T08:25:06.577+0000] {logging_mixin.py:190} INFO - [2025-01-20T08:25:06.577+0000] {dag.py:3239} INFO - Sync 1 DAGs
[2025-01-20T08:25:06.602+0000] {logging_mixin.py:190} INFO - [2025-01-20T08:25:06.602+0000] {dag.py:4180} INFO - Setting next_dagrun for etl_pipeline to 2025-01-20 00:00:00+00:00, run_after=2025-01-21 00:00:00+00:00
[2025-01-20T08:25:06.621+0000] {processor.py:208} INFO - Processing /opt/airflow/dags/etl_dag.py took 0.125 seconds
[2025-01-20T08:25:36.959+0000] {processor.py:186} INFO - Started process (PID=52761) to work on /opt/airflow/dags/etl_dag.py
[2025-01-20T08:25:36.960+0000] {processor.py:914} INFO - Processing file /opt/airflow/dags/etl_dag.py for tasks to queue
[2025-01-20T08:25:36.964+0000] {logging_mixin.py:190} INFO - [2025-01-20T08:25:36.963+0000] {dagbag.py:588} INFO - Filling up the DagBag from /opt/airflow/dags/etl_dag.py
[2025-01-20T08:25:37.006+0000] {processor.py:925} INFO - DAG(s) 'etl_pipeline' retrieved from /opt/airflow/dags/etl_dag.py
[2025-01-20T08:25:37.028+0000] {logging_mixin.py:190} INFO - [2025-01-20T08:25:37.028+0000] {dag.py:3239} INFO - Sync 1 DAGs
[2025-01-20T08:25:37.047+0000] {logging_mixin.py:190} INFO - [2025-01-20T08:25:37.047+0000] {dag.py:4180} INFO - Setting next_dagrun for etl_pipeline to 2025-01-20 00:00:00+00:00, run_after=2025-01-21 00:00:00+00:00
[2025-01-20T08:25:37.070+0000] {processor.py:208} INFO - Processing /opt/airflow/dags/etl_dag.py took 0.116 seconds
[2025-01-20T08:26:07.300+0000] {processor.py:186} INFO - Started process (PID=53067) to work on /opt/airflow/dags/etl_dag.py
[2025-01-20T08:26:07.301+0000] {processor.py:914} INFO - Processing file /opt/airflow/dags/etl_dag.py for tasks to queue
[2025-01-20T08:26:07.305+0000] {logging_mixin.py:190} INFO - [2025-01-20T08:26:07.304+0000] {dagbag.py:588} INFO - Filling up the DagBag from /opt/airflow/dags/etl_dag.py
[2025-01-20T08:26:07.347+0000] {processor.py:925} INFO - DAG(s) 'etl_pipeline' retrieved from /opt/airflow/dags/etl_dag.py
[2025-01-20T08:26:07.359+0000] {logging_mixin.py:190} INFO - [2025-01-20T08:26:07.359+0000] {dag.py:3239} INFO - Sync 1 DAGs
[2025-01-20T08:26:07.375+0000] {logging_mixin.py:190} INFO - [2025-01-20T08:26:07.375+0000] {dag.py:4180} INFO - Setting next_dagrun for etl_pipeline to 2025-01-20 00:00:00+00:00, run_after=2025-01-21 00:00:00+00:00
[2025-01-20T08:26:07.396+0000] {processor.py:208} INFO - Processing /opt/airflow/dags/etl_dag.py took 0.104 seconds
[2025-01-20T08:26:37.890+0000] {processor.py:186} INFO - Started process (PID=53368) to work on /opt/airflow/dags/etl_dag.py
[2025-01-20T08:26:37.891+0000] {processor.py:914} INFO - Processing file /opt/airflow/dags/etl_dag.py for tasks to queue
[2025-01-20T08:26:37.895+0000] {logging_mixin.py:190} INFO - [2025-01-20T08:26:37.894+0000] {dagbag.py:588} INFO - Filling up the DagBag from /opt/airflow/dags/etl_dag.py
[2025-01-20T08:26:37.939+0000] {processor.py:925} INFO - DAG(s) 'etl_pipeline' retrieved from /opt/airflow/dags/etl_dag.py
[2025-01-20T08:26:37.958+0000] {logging_mixin.py:190} INFO - [2025-01-20T08:26:37.958+0000] {dag.py:3239} INFO - Sync 1 DAGs
[2025-01-20T08:26:37.984+0000] {logging_mixin.py:190} INFO - [2025-01-20T08:26:37.984+0000] {dag.py:4180} INFO - Setting next_dagrun for etl_pipeline to 2025-01-20 00:00:00+00:00, run_after=2025-01-21 00:00:00+00:00
[2025-01-20T08:26:38.002+0000] {processor.py:208} INFO - Processing /opt/airflow/dags/etl_dag.py took 0.118 seconds
[2025-01-20T08:27:08.559+0000] {processor.py:186} INFO - Started process (PID=53674) to work on /opt/airflow/dags/etl_dag.py
[2025-01-20T08:27:08.560+0000] {processor.py:914} INFO - Processing file /opt/airflow/dags/etl_dag.py for tasks to queue
[2025-01-20T08:27:08.563+0000] {logging_mixin.py:190} INFO - [2025-01-20T08:27:08.563+0000] {dagbag.py:588} INFO - Filling up the DagBag from /opt/airflow/dags/etl_dag.py
[2025-01-20T08:27:08.614+0000] {processor.py:925} INFO - DAG(s) 'etl_pipeline' retrieved from /opt/airflow/dags/etl_dag.py
[2025-01-20T08:27:08.628+0000] {logging_mixin.py:190} INFO - [2025-01-20T08:27:08.628+0000] {dag.py:3239} INFO - Sync 1 DAGs
[2025-01-20T08:27:08.647+0000] {logging_mixin.py:190} INFO - [2025-01-20T08:27:08.647+0000] {dag.py:4180} INFO - Setting next_dagrun for etl_pipeline to 2025-01-20 00:00:00+00:00, run_after=2025-01-21 00:00:00+00:00
[2025-01-20T08:27:08.660+0000] {processor.py:208} INFO - Processing /opt/airflow/dags/etl_dag.py took 0.108 seconds
[2025-01-20T08:27:39.024+0000] {processor.py:186} INFO - Started process (PID=53975) to work on /opt/airflow/dags/etl_dag.py
[2025-01-20T08:27:39.025+0000] {processor.py:914} INFO - Processing file /opt/airflow/dags/etl_dag.py for tasks to queue
[2025-01-20T08:27:39.028+0000] {logging_mixin.py:190} INFO - [2025-01-20T08:27:39.028+0000] {dagbag.py:588} INFO - Filling up the DagBag from /opt/airflow/dags/etl_dag.py
[2025-01-20T08:27:39.072+0000] {processor.py:925} INFO - DAG(s) 'etl_pipeline' retrieved from /opt/airflow/dags/etl_dag.py
[2025-01-20T08:27:39.087+0000] {logging_mixin.py:190} INFO - [2025-01-20T08:27:39.087+0000] {dag.py:3239} INFO - Sync 1 DAGs
[2025-01-20T08:27:39.103+0000] {logging_mixin.py:190} INFO - [2025-01-20T08:27:39.102+0000] {dag.py:4180} INFO - Setting next_dagrun for etl_pipeline to 2025-01-20 00:00:00+00:00, run_after=2025-01-21 00:00:00+00:00
[2025-01-20T08:27:39.128+0000] {processor.py:208} INFO - Processing /opt/airflow/dags/etl_dag.py took 0.110 seconds
[2025-01-20T08:28:09.542+0000] {processor.py:186} INFO - Started process (PID=54281) to work on /opt/airflow/dags/etl_dag.py
[2025-01-20T08:28:09.543+0000] {processor.py:914} INFO - Processing file /opt/airflow/dags/etl_dag.py for tasks to queue
[2025-01-20T08:28:09.546+0000] {logging_mixin.py:190} INFO - [2025-01-20T08:28:09.545+0000] {dagbag.py:588} INFO - Filling up the DagBag from /opt/airflow/dags/etl_dag.py
[2025-01-20T08:28:09.581+0000] {processor.py:925} INFO - DAG(s) 'etl_pipeline' retrieved from /opt/airflow/dags/etl_dag.py
[2025-01-20T08:28:09.601+0000] {logging_mixin.py:190} INFO - [2025-01-20T08:28:09.600+0000] {dag.py:3239} INFO - Sync 1 DAGs
[2025-01-20T08:28:09.626+0000] {logging_mixin.py:190} INFO - [2025-01-20T08:28:09.626+0000] {dag.py:4180} INFO - Setting next_dagrun for etl_pipeline to 2025-01-20 00:00:00+00:00, run_after=2025-01-21 00:00:00+00:00
[2025-01-20T08:28:09.647+0000] {processor.py:208} INFO - Processing /opt/airflow/dags/etl_dag.py took 0.111 seconds
[2025-01-20T08:28:40.076+0000] {processor.py:186} INFO - Started process (PID=54582) to work on /opt/airflow/dags/etl_dag.py
[2025-01-20T08:28:40.077+0000] {processor.py:914} INFO - Processing file /opt/airflow/dags/etl_dag.py for tasks to queue
[2025-01-20T08:28:40.080+0000] {logging_mixin.py:190} INFO - [2025-01-20T08:28:40.079+0000] {dagbag.py:588} INFO - Filling up the DagBag from /opt/airflow/dags/etl_dag.py
[2025-01-20T08:28:40.126+0000] {processor.py:925} INFO - DAG(s) 'etl_pipeline' retrieved from /opt/airflow/dags/etl_dag.py
[2025-01-20T08:28:40.143+0000] {logging_mixin.py:190} INFO - [2025-01-20T08:28:40.143+0000] {dag.py:3239} INFO - Sync 1 DAGs
[2025-01-20T08:28:40.164+0000] {logging_mixin.py:190} INFO - [2025-01-20T08:28:40.164+0000] {dag.py:4180} INFO - Setting next_dagrun for etl_pipeline to 2025-01-20 00:00:00+00:00, run_after=2025-01-21 00:00:00+00:00
[2025-01-20T08:28:40.184+0000] {processor.py:208} INFO - Processing /opt/airflow/dags/etl_dag.py took 0.112 seconds
[2025-01-20T08:29:10.835+0000] {processor.py:186} INFO - Started process (PID=54888) to work on /opt/airflow/dags/etl_dag.py
[2025-01-20T08:29:10.835+0000] {processor.py:914} INFO - Processing file /opt/airflow/dags/etl_dag.py for tasks to queue
[2025-01-20T08:29:10.837+0000] {logging_mixin.py:190} INFO - [2025-01-20T08:29:10.837+0000] {dagbag.py:588} INFO - Filling up the DagBag from /opt/airflow/dags/etl_dag.py
[2025-01-20T08:29:10.872+0000] {processor.py:925} INFO - DAG(s) 'etl_pipeline' retrieved from /opt/airflow/dags/etl_dag.py
[2025-01-20T08:29:10.891+0000] {logging_mixin.py:190} INFO - [2025-01-20T08:29:10.891+0000] {dag.py:3239} INFO - Sync 1 DAGs
[2025-01-20T08:29:10.908+0000] {logging_mixin.py:190} INFO - [2025-01-20T08:29:10.908+0000] {dag.py:4180} INFO - Setting next_dagrun for etl_pipeline to 2025-01-20 00:00:00+00:00, run_after=2025-01-21 00:00:00+00:00
[2025-01-20T08:29:10.923+0000] {processor.py:208} INFO - Processing /opt/airflow/dags/etl_dag.py took 0.092 seconds
[2025-01-20T08:29:41.101+0000] {processor.py:186} INFO - Started process (PID=55189) to work on /opt/airflow/dags/etl_dag.py
[2025-01-20T08:29:41.102+0000] {processor.py:914} INFO - Processing file /opt/airflow/dags/etl_dag.py for tasks to queue
[2025-01-20T08:29:41.106+0000] {logging_mixin.py:190} INFO - [2025-01-20T08:29:41.106+0000] {dagbag.py:588} INFO - Filling up the DagBag from /opt/airflow/dags/etl_dag.py
[2025-01-20T08:29:41.148+0000] {processor.py:925} INFO - DAG(s) 'etl_pipeline' retrieved from /opt/airflow/dags/etl_dag.py
[2025-01-20T08:29:41.168+0000] {logging_mixin.py:190} INFO - [2025-01-20T08:29:41.168+0000] {dag.py:3239} INFO - Sync 1 DAGs
[2025-01-20T08:29:41.192+0000] {logging_mixin.py:190} INFO - [2025-01-20T08:29:41.191+0000] {dag.py:4180} INFO - Setting next_dagrun for etl_pipeline to 2025-01-20 00:00:00+00:00, run_after=2025-01-21 00:00:00+00:00
[2025-01-20T08:29:41.207+0000] {processor.py:208} INFO - Processing /opt/airflow/dags/etl_dag.py took 0.118 seconds
[2025-01-20T08:30:11.477+0000] {processor.py:186} INFO - Started process (PID=55495) to work on /opt/airflow/dags/etl_dag.py
[2025-01-20T08:30:11.478+0000] {processor.py:914} INFO - Processing file /opt/airflow/dags/etl_dag.py for tasks to queue
[2025-01-20T08:30:11.482+0000] {logging_mixin.py:190} INFO - [2025-01-20T08:30:11.481+0000] {dagbag.py:588} INFO - Filling up the DagBag from /opt/airflow/dags/etl_dag.py
[2025-01-20T08:30:11.532+0000] {processor.py:925} INFO - DAG(s) 'etl_pipeline' retrieved from /opt/airflow/dags/etl_dag.py
[2025-01-20T08:30:11.551+0000] {logging_mixin.py:190} INFO - [2025-01-20T08:30:11.551+0000] {dag.py:3239} INFO - Sync 1 DAGs
[2025-01-20T08:30:11.568+0000] {logging_mixin.py:190} INFO - [2025-01-20T08:30:11.568+0000] {dag.py:4180} INFO - Setting next_dagrun for etl_pipeline to 2025-01-20 00:00:00+00:00, run_after=2025-01-21 00:00:00+00:00
[2025-01-20T08:30:11.585+0000] {processor.py:208} INFO - Processing /opt/airflow/dags/etl_dag.py took 0.120 seconds
[2025-01-20T08:30:41.899+0000] {processor.py:186} INFO - Started process (PID=55796) to work on /opt/airflow/dags/etl_dag.py
[2025-01-20T08:30:41.901+0000] {processor.py:914} INFO - Processing file /opt/airflow/dags/etl_dag.py for tasks to queue
[2025-01-20T08:30:41.904+0000] {logging_mixin.py:190} INFO - [2025-01-20T08:30:41.904+0000] {dagbag.py:588} INFO - Filling up the DagBag from /opt/airflow/dags/etl_dag.py
[2025-01-20T08:30:41.952+0000] {processor.py:925} INFO - DAG(s) 'etl_pipeline' retrieved from /opt/airflow/dags/etl_dag.py
[2025-01-20T08:30:41.968+0000] {logging_mixin.py:190} INFO - [2025-01-20T08:30:41.968+0000] {dag.py:3239} INFO - Sync 1 DAGs
[2025-01-20T08:30:41.989+0000] {logging_mixin.py:190} INFO - [2025-01-20T08:30:41.989+0000] {dag.py:4180} INFO - Setting next_dagrun for etl_pipeline to 2025-01-20 00:00:00+00:00, run_after=2025-01-21 00:00:00+00:00
[2025-01-20T08:30:42.006+0000] {processor.py:208} INFO - Processing /opt/airflow/dags/etl_dag.py took 0.111 seconds
[2025-01-20T08:31:12.901+0000] {processor.py:186} INFO - Started process (PID=56102) to work on /opt/airflow/dags/etl_dag.py
[2025-01-20T08:31:12.902+0000] {processor.py:914} INFO - Processing file /opt/airflow/dags/etl_dag.py for tasks to queue
[2025-01-20T08:31:12.906+0000] {logging_mixin.py:190} INFO - [2025-01-20T08:31:12.906+0000] {dagbag.py:588} INFO - Filling up the DagBag from /opt/airflow/dags/etl_dag.py
[2025-01-20T08:31:12.947+0000] {processor.py:925} INFO - DAG(s) 'etl_pipeline' retrieved from /opt/airflow/dags/etl_dag.py
[2025-01-20T08:31:12.967+0000] {logging_mixin.py:190} INFO - [2025-01-20T08:31:12.967+0000] {dag.py:3239} INFO - Sync 1 DAGs
[2025-01-20T08:31:12.991+0000] {logging_mixin.py:190} INFO - [2025-01-20T08:31:12.991+0000] {dag.py:4180} INFO - Setting next_dagrun for etl_pipeline to 2025-01-20 00:00:00+00:00, run_after=2025-01-21 00:00:00+00:00
[2025-01-20T08:31:13.006+0000] {processor.py:208} INFO - Processing /opt/airflow/dags/etl_dag.py took 0.109 seconds
[2025-01-20T08:31:43.134+0000] {processor.py:186} INFO - Started process (PID=56403) to work on /opt/airflow/dags/etl_dag.py
[2025-01-20T08:31:43.135+0000] {processor.py:914} INFO - Processing file /opt/airflow/dags/etl_dag.py for tasks to queue
[2025-01-20T08:31:43.139+0000] {logging_mixin.py:190} INFO - [2025-01-20T08:31:43.138+0000] {dagbag.py:588} INFO - Filling up the DagBag from /opt/airflow/dags/etl_dag.py
[2025-01-20T08:31:43.192+0000] {processor.py:925} INFO - DAG(s) 'etl_pipeline' retrieved from /opt/airflow/dags/etl_dag.py
[2025-01-20T08:31:43.212+0000] {logging_mixin.py:190} INFO - [2025-01-20T08:31:43.212+0000] {dag.py:3239} INFO - Sync 1 DAGs
[2025-01-20T08:31:43.230+0000] {logging_mixin.py:190} INFO - [2025-01-20T08:31:43.229+0000] {dag.py:4180} INFO - Setting next_dagrun for etl_pipeline to 2025-01-20 00:00:00+00:00, run_after=2025-01-21 00:00:00+00:00
[2025-01-20T08:31:43.250+0000] {processor.py:208} INFO - Processing /opt/airflow/dags/etl_dag.py took 0.121 seconds
[2025-01-20T08:32:13.633+0000] {processor.py:186} INFO - Started process (PID=56715) to work on /opt/airflow/dags/etl_dag.py
[2025-01-20T08:32:13.634+0000] {processor.py:914} INFO - Processing file /opt/airflow/dags/etl_dag.py for tasks to queue
[2025-01-20T08:32:13.636+0000] {logging_mixin.py:190} INFO - [2025-01-20T08:32:13.636+0000] {dagbag.py:588} INFO - Filling up the DagBag from /opt/airflow/dags/etl_dag.py
[2025-01-20T08:32:13.680+0000] {processor.py:925} INFO - DAG(s) 'etl_pipeline' retrieved from /opt/airflow/dags/etl_dag.py
[2025-01-20T08:32:13.694+0000] {logging_mixin.py:190} INFO - [2025-01-20T08:32:13.693+0000] {dag.py:3239} INFO - Sync 1 DAGs
[2025-01-20T08:32:13.710+0000] {logging_mixin.py:190} INFO - [2025-01-20T08:32:13.710+0000] {dag.py:4180} INFO - Setting next_dagrun for etl_pipeline to 2025-01-20 00:00:00+00:00, run_after=2025-01-21 00:00:00+00:00
[2025-01-20T08:32:13.724+0000] {processor.py:208} INFO - Processing /opt/airflow/dags/etl_dag.py took 0.095 seconds
[2025-01-20T08:32:44.510+0000] {processor.py:186} INFO - Started process (PID=57016) to work on /opt/airflow/dags/etl_dag.py
[2025-01-20T08:32:44.511+0000] {processor.py:914} INFO - Processing file /opt/airflow/dags/etl_dag.py for tasks to queue
[2025-01-20T08:32:44.512+0000] {logging_mixin.py:190} INFO - [2025-01-20T08:32:44.512+0000] {dagbag.py:588} INFO - Filling up the DagBag from /opt/airflow/dags/etl_dag.py
[2025-01-20T08:32:44.561+0000] {processor.py:925} INFO - DAG(s) 'etl_pipeline' retrieved from /opt/airflow/dags/etl_dag.py
[2025-01-20T08:32:44.584+0000] {logging_mixin.py:190} INFO - [2025-01-20T08:32:44.584+0000] {dag.py:3239} INFO - Sync 1 DAGs
[2025-01-20T08:32:44.613+0000] {logging_mixin.py:190} INFO - [2025-01-20T08:32:44.613+0000] {dag.py:4180} INFO - Setting next_dagrun for etl_pipeline to 2025-01-20 00:00:00+00:00, run_after=2025-01-21 00:00:00+00:00
[2025-01-20T08:32:44.634+0000] {processor.py:208} INFO - Processing /opt/airflow/dags/etl_dag.py took 0.128 seconds
[2025-01-20T08:33:15.362+0000] {processor.py:186} INFO - Started process (PID=57322) to work on /opt/airflow/dags/etl_dag.py
[2025-01-20T08:33:15.363+0000] {processor.py:914} INFO - Processing file /opt/airflow/dags/etl_dag.py for tasks to queue
[2025-01-20T08:33:15.366+0000] {logging_mixin.py:190} INFO - [2025-01-20T08:33:15.365+0000] {dagbag.py:588} INFO - Filling up the DagBag from /opt/airflow/dags/etl_dag.py
[2025-01-20T08:33:15.404+0000] {processor.py:925} INFO - DAG(s) 'etl_pipeline' retrieved from /opt/airflow/dags/etl_dag.py
[2025-01-20T08:33:15.421+0000] {logging_mixin.py:190} INFO - [2025-01-20T08:33:15.421+0000] {dag.py:3239} INFO - Sync 1 DAGs
[2025-01-20T08:33:15.446+0000] {logging_mixin.py:190} INFO - [2025-01-20T08:33:15.446+0000] {dag.py:4180} INFO - Setting next_dagrun for etl_pipeline to 2025-01-20 00:00:00+00:00, run_after=2025-01-21 00:00:00+00:00
[2025-01-20T08:33:15.461+0000] {processor.py:208} INFO - Processing /opt/airflow/dags/etl_dag.py took 0.103 seconds
[2025-01-20T08:33:45.800+0000] {processor.py:186} INFO - Started process (PID=57623) to work on /opt/airflow/dags/etl_dag.py
[2025-01-20T08:33:45.802+0000] {processor.py:914} INFO - Processing file /opt/airflow/dags/etl_dag.py for tasks to queue
[2025-01-20T08:33:45.806+0000] {logging_mixin.py:190} INFO - [2025-01-20T08:33:45.805+0000] {dagbag.py:588} INFO - Filling up the DagBag from /opt/airflow/dags/etl_dag.py
[2025-01-20T08:33:45.867+0000] {processor.py:925} INFO - DAG(s) 'etl_pipeline' retrieved from /opt/airflow/dags/etl_dag.py
[2025-01-20T08:33:45.889+0000] {logging_mixin.py:190} INFO - [2025-01-20T08:33:45.888+0000] {dag.py:3239} INFO - Sync 1 DAGs
[2025-01-20T08:33:45.917+0000] {logging_mixin.py:190} INFO - [2025-01-20T08:33:45.916+0000] {dag.py:4180} INFO - Setting next_dagrun for etl_pipeline to 2025-01-20 00:00:00+00:00, run_after=2025-01-21 00:00:00+00:00
[2025-01-20T08:33:45.940+0000] {processor.py:208} INFO - Processing /opt/airflow/dags/etl_dag.py took 0.149 seconds
[2025-01-20T08:34:16.267+0000] {processor.py:186} INFO - Started process (PID=57929) to work on /opt/airflow/dags/etl_dag.py
[2025-01-20T08:34:16.268+0000] {processor.py:914} INFO - Processing file /opt/airflow/dags/etl_dag.py for tasks to queue
[2025-01-20T08:34:16.271+0000] {logging_mixin.py:190} INFO - [2025-01-20T08:34:16.270+0000] {dagbag.py:588} INFO - Filling up the DagBag from /opt/airflow/dags/etl_dag.py
[2025-01-20T08:34:16.335+0000] {processor.py:925} INFO - DAG(s) 'etl_pipeline' retrieved from /opt/airflow/dags/etl_dag.py
[2025-01-20T08:34:16.351+0000] {logging_mixin.py:190} INFO - [2025-01-20T08:34:16.351+0000] {dag.py:3239} INFO - Sync 1 DAGs
[2025-01-20T08:34:16.376+0000] {logging_mixin.py:190} INFO - [2025-01-20T08:34:16.375+0000] {dag.py:4180} INFO - Setting next_dagrun for etl_pipeline to 2025-01-20 00:00:00+00:00, run_after=2025-01-21 00:00:00+00:00
[2025-01-20T08:34:16.390+0000] {processor.py:208} INFO - Processing /opt/airflow/dags/etl_dag.py took 0.130 seconds
[2025-01-20T08:34:47.215+0000] {processor.py:186} INFO - Started process (PID=58230) to work on /opt/airflow/dags/etl_dag.py
[2025-01-20T08:34:47.217+0000] {processor.py:914} INFO - Processing file /opt/airflow/dags/etl_dag.py for tasks to queue
[2025-01-20T08:34:47.218+0000] {logging_mixin.py:190} INFO - [2025-01-20T08:34:47.218+0000] {dagbag.py:588} INFO - Filling up the DagBag from /opt/airflow/dags/etl_dag.py
[2025-01-20T08:34:47.281+0000] {processor.py:925} INFO - DAG(s) 'etl_pipeline' retrieved from /opt/airflow/dags/etl_dag.py
[2025-01-20T08:34:47.300+0000] {logging_mixin.py:190} INFO - [2025-01-20T08:34:47.299+0000] {dag.py:3239} INFO - Sync 1 DAGs
[2025-01-20T08:34:47.317+0000] {logging_mixin.py:190} INFO - [2025-01-20T08:34:47.316+0000] {dag.py:4180} INFO - Setting next_dagrun for etl_pipeline to 2025-01-20 00:00:00+00:00, run_after=2025-01-21 00:00:00+00:00
[2025-01-20T08:34:47.337+0000] {processor.py:208} INFO - Processing /opt/airflow/dags/etl_dag.py took 0.130 seconds
[2025-01-20T08:35:18.092+0000] {processor.py:186} INFO - Started process (PID=58536) to work on /opt/airflow/dags/etl_dag.py
[2025-01-20T08:35:18.093+0000] {processor.py:914} INFO - Processing file /opt/airflow/dags/etl_dag.py for tasks to queue
[2025-01-20T08:35:18.096+0000] {logging_mixin.py:190} INFO - [2025-01-20T08:35:18.096+0000] {dagbag.py:588} INFO - Filling up the DagBag from /opt/airflow/dags/etl_dag.py
[2025-01-20T08:35:18.169+0000] {processor.py:925} INFO - DAG(s) 'etl_pipeline' retrieved from /opt/airflow/dags/etl_dag.py
[2025-01-20T08:35:18.188+0000] {logging_mixin.py:190} INFO - [2025-01-20T08:35:18.188+0000] {dag.py:3239} INFO - Sync 1 DAGs
[2025-01-20T08:35:18.207+0000] {logging_mixin.py:190} INFO - [2025-01-20T08:35:18.207+0000] {dag.py:4180} INFO - Setting next_dagrun for etl_pipeline to 2025-01-20 00:00:00+00:00, run_after=2025-01-21 00:00:00+00:00
[2025-01-20T08:35:18.231+0000] {processor.py:208} INFO - Processing /opt/airflow/dags/etl_dag.py took 0.144 seconds
[2025-01-20T08:35:48.400+0000] {processor.py:186} INFO - Started process (PID=58837) to work on /opt/airflow/dags/etl_dag.py
[2025-01-20T08:35:48.401+0000] {processor.py:914} INFO - Processing file /opt/airflow/dags/etl_dag.py for tasks to queue
[2025-01-20T08:35:48.404+0000] {logging_mixin.py:190} INFO - [2025-01-20T08:35:48.404+0000] {dagbag.py:588} INFO - Filling up the DagBag from /opt/airflow/dags/etl_dag.py
[2025-01-20T08:35:48.470+0000] {processor.py:925} INFO - DAG(s) 'etl_pipeline' retrieved from /opt/airflow/dags/etl_dag.py
[2025-01-20T08:35:48.491+0000] {logging_mixin.py:190} INFO - [2025-01-20T08:35:48.491+0000] {dag.py:3239} INFO - Sync 1 DAGs
[2025-01-20T08:35:48.513+0000] {logging_mixin.py:190} INFO - [2025-01-20T08:35:48.513+0000] {dag.py:4180} INFO - Setting next_dagrun for etl_pipeline to 2025-01-20 00:00:00+00:00, run_after=2025-01-21 00:00:00+00:00
[2025-01-20T08:35:48.530+0000] {processor.py:208} INFO - Processing /opt/airflow/dags/etl_dag.py took 0.139 seconds
[2025-01-20T08:36:19.441+0000] {processor.py:186} INFO - Started process (PID=59143) to work on /opt/airflow/dags/etl_dag.py
[2025-01-20T08:36:19.442+0000] {processor.py:914} INFO - Processing file /opt/airflow/dags/etl_dag.py for tasks to queue
[2025-01-20T08:36:19.444+0000] {logging_mixin.py:190} INFO - [2025-01-20T08:36:19.443+0000] {dagbag.py:588} INFO - Filling up the DagBag from /opt/airflow/dags/etl_dag.py
[2025-01-20T08:36:19.481+0000] {processor.py:925} INFO - DAG(s) 'etl_pipeline' retrieved from /opt/airflow/dags/etl_dag.py
[2025-01-20T08:36:19.498+0000] {logging_mixin.py:190} INFO - [2025-01-20T08:36:19.498+0000] {dag.py:3239} INFO - Sync 1 DAGs
[2025-01-20T08:36:19.517+0000] {logging_mixin.py:190} INFO - [2025-01-20T08:36:19.517+0000] {dag.py:4180} INFO - Setting next_dagrun for etl_pipeline to 2025-01-20 00:00:00+00:00, run_after=2025-01-21 00:00:00+00:00
[2025-01-20T08:36:19.532+0000] {processor.py:208} INFO - Processing /opt/airflow/dags/etl_dag.py took 0.098 seconds
[2025-01-20T08:36:49.682+0000] {processor.py:186} INFO - Started process (PID=59444) to work on /opt/airflow/dags/etl_dag.py
[2025-01-20T08:36:49.683+0000] {processor.py:914} INFO - Processing file /opt/airflow/dags/etl_dag.py for tasks to queue
[2025-01-20T08:36:49.686+0000] {logging_mixin.py:190} INFO - [2025-01-20T08:36:49.685+0000] {dagbag.py:588} INFO - Filling up the DagBag from /opt/airflow/dags/etl_dag.py
[2025-01-20T08:36:49.749+0000] {processor.py:925} INFO - DAG(s) 'etl_pipeline' retrieved from /opt/airflow/dags/etl_dag.py
[2025-01-20T08:36:49.767+0000] {logging_mixin.py:190} INFO - [2025-01-20T08:36:49.767+0000] {dag.py:3239} INFO - Sync 1 DAGs
[2025-01-20T08:36:49.784+0000] {logging_mixin.py:190} INFO - [2025-01-20T08:36:49.784+0000] {dag.py:4180} INFO - Setting next_dagrun for etl_pipeline to 2025-01-20 00:00:00+00:00, run_after=2025-01-21 00:00:00+00:00
[2025-01-20T08:36:49.802+0000] {processor.py:208} INFO - Processing /opt/airflow/dags/etl_dag.py took 0.123 seconds
[2025-01-20T08:37:20.053+0000] {processor.py:186} INFO - Started process (PID=59750) to work on /opt/airflow/dags/etl_dag.py
[2025-01-20T08:37:20.058+0000] {processor.py:914} INFO - Processing file /opt/airflow/dags/etl_dag.py for tasks to queue
[2025-01-20T08:37:20.060+0000] {logging_mixin.py:190} INFO - [2025-01-20T08:37:20.060+0000] {dagbag.py:588} INFO - Filling up the DagBag from /opt/airflow/dags/etl_dag.py
[2025-01-20T08:37:20.107+0000] {processor.py:925} INFO - DAG(s) 'etl_pipeline' retrieved from /opt/airflow/dags/etl_dag.py
[2025-01-20T08:37:20.122+0000] {logging_mixin.py:190} INFO - [2025-01-20T08:37:20.122+0000] {dag.py:3239} INFO - Sync 1 DAGs
[2025-01-20T08:37:20.139+0000] {logging_mixin.py:190} INFO - [2025-01-20T08:37:20.139+0000] {dag.py:4180} INFO - Setting next_dagrun for etl_pipeline to 2025-01-20 00:00:00+00:00, run_after=2025-01-21 00:00:00+00:00
[2025-01-20T08:37:20.152+0000] {processor.py:208} INFO - Processing /opt/airflow/dags/etl_dag.py took 0.105 seconds
[2025-01-20T08:37:50.350+0000] {processor.py:186} INFO - Started process (PID=60051) to work on /opt/airflow/dags/etl_dag.py
[2025-01-20T08:37:50.351+0000] {processor.py:914} INFO - Processing file /opt/airflow/dags/etl_dag.py for tasks to queue
[2025-01-20T08:37:50.355+0000] {logging_mixin.py:190} INFO - [2025-01-20T08:37:50.354+0000] {dagbag.py:588} INFO - Filling up the DagBag from /opt/airflow/dags/etl_dag.py
[2025-01-20T08:37:50.401+0000] {processor.py:925} INFO - DAG(s) 'etl_pipeline' retrieved from /opt/airflow/dags/etl_dag.py
[2025-01-20T08:37:50.417+0000] {logging_mixin.py:190} INFO - [2025-01-20T08:37:50.417+0000] {dag.py:3239} INFO - Sync 1 DAGs
[2025-01-20T08:37:50.433+0000] {logging_mixin.py:190} INFO - [2025-01-20T08:37:50.433+0000] {dag.py:4180} INFO - Setting next_dagrun for etl_pipeline to 2025-01-20 00:00:00+00:00, run_after=2025-01-21 00:00:00+00:00
[2025-01-20T08:37:50.449+0000] {processor.py:208} INFO - Processing /opt/airflow/dags/etl_dag.py took 0.105 seconds
[2025-01-20T08:38:21.138+0000] {processor.py:186} INFO - Started process (PID=60357) to work on /opt/airflow/dags/etl_dag.py
[2025-01-20T08:38:21.138+0000] {processor.py:914} INFO - Processing file /opt/airflow/dags/etl_dag.py for tasks to queue
[2025-01-20T08:38:21.140+0000] {logging_mixin.py:190} INFO - [2025-01-20T08:38:21.140+0000] {dagbag.py:588} INFO - Filling up the DagBag from /opt/airflow/dags/etl_dag.py
[2025-01-20T08:38:21.183+0000] {processor.py:925} INFO - DAG(s) 'etl_pipeline' retrieved from /opt/airflow/dags/etl_dag.py
[2025-01-20T08:38:21.198+0000] {logging_mixin.py:190} INFO - [2025-01-20T08:38:21.198+0000] {dag.py:3239} INFO - Sync 1 DAGs
[2025-01-20T08:38:21.213+0000] {logging_mixin.py:190} INFO - [2025-01-20T08:38:21.212+0000] {dag.py:4180} INFO - Setting next_dagrun for etl_pipeline to 2025-01-20 00:00:00+00:00, run_after=2025-01-21 00:00:00+00:00
[2025-01-20T08:38:21.227+0000] {processor.py:208} INFO - Processing /opt/airflow/dags/etl_dag.py took 0.094 seconds
[2025-01-20T08:38:51.822+0000] {processor.py:186} INFO - Started process (PID=60658) to work on /opt/airflow/dags/etl_dag.py
[2025-01-20T08:38:51.824+0000] {processor.py:914} INFO - Processing file /opt/airflow/dags/etl_dag.py for tasks to queue
[2025-01-20T08:38:51.826+0000] {logging_mixin.py:190} INFO - [2025-01-20T08:38:51.826+0000] {dagbag.py:588} INFO - Filling up the DagBag from /opt/airflow/dags/etl_dag.py
[2025-01-20T08:38:51.873+0000] {processor.py:925} INFO - DAG(s) 'etl_pipeline' retrieved from /opt/airflow/dags/etl_dag.py
[2025-01-20T08:38:51.895+0000] {logging_mixin.py:190} INFO - [2025-01-20T08:38:51.895+0000] {dag.py:3239} INFO - Sync 1 DAGs
[2025-01-20T08:38:51.925+0000] {logging_mixin.py:190} INFO - [2025-01-20T08:38:51.924+0000] {dag.py:4180} INFO - Setting next_dagrun for etl_pipeline to 2025-01-20 00:00:00+00:00, run_after=2025-01-21 00:00:00+00:00
[2025-01-20T08:38:51.944+0000] {processor.py:208} INFO - Processing /opt/airflow/dags/etl_dag.py took 0.131 seconds
[2025-01-20T08:39:22.319+0000] {processor.py:186} INFO - Started process (PID=60964) to work on /opt/airflow/dags/etl_dag.py
[2025-01-20T08:39:22.320+0000] {processor.py:914} INFO - Processing file /opt/airflow/dags/etl_dag.py for tasks to queue
[2025-01-20T08:39:22.322+0000] {logging_mixin.py:190} INFO - [2025-01-20T08:39:22.321+0000] {dagbag.py:588} INFO - Filling up the DagBag from /opt/airflow/dags/etl_dag.py
[2025-01-20T08:39:22.359+0000] {processor.py:925} INFO - DAG(s) 'etl_pipeline' retrieved from /opt/airflow/dags/etl_dag.py
[2025-01-20T08:39:22.377+0000] {logging_mixin.py:190} INFO - [2025-01-20T08:39:22.376+0000] {dag.py:3239} INFO - Sync 1 DAGs
[2025-01-20T08:39:22.399+0000] {logging_mixin.py:190} INFO - [2025-01-20T08:39:22.399+0000] {dag.py:4180} INFO - Setting next_dagrun for etl_pipeline to 2025-01-20 00:00:00+00:00, run_after=2025-01-21 00:00:00+00:00
[2025-01-20T08:39:22.414+0000] {processor.py:208} INFO - Processing /opt/airflow/dags/etl_dag.py took 0.099 seconds
[2025-01-20T08:39:53.447+0000] {processor.py:186} INFO - Started process (PID=61265) to work on /opt/airflow/dags/etl_dag.py
[2025-01-20T08:39:53.448+0000] {processor.py:914} INFO - Processing file /opt/airflow/dags/etl_dag.py for tasks to queue
[2025-01-20T08:39:53.453+0000] {logging_mixin.py:190} INFO - [2025-01-20T08:39:53.452+0000] {dagbag.py:588} INFO - Filling up the DagBag from /opt/airflow/dags/etl_dag.py
[2025-01-20T08:39:53.516+0000] {processor.py:925} INFO - DAG(s) 'etl_pipeline' retrieved from /opt/airflow/dags/etl_dag.py
[2025-01-20T08:39:53.535+0000] {logging_mixin.py:190} INFO - [2025-01-20T08:39:53.534+0000] {dag.py:3239} INFO - Sync 1 DAGs
[2025-01-20T08:39:53.556+0000] {logging_mixin.py:190} INFO - [2025-01-20T08:39:53.556+0000] {dag.py:4180} INFO - Setting next_dagrun for etl_pipeline to 2025-01-20 00:00:00+00:00, run_after=2025-01-21 00:00:00+00:00
[2025-01-20T08:39:53.574+0000] {processor.py:208} INFO - Processing /opt/airflow/dags/etl_dag.py took 0.138 seconds
[2025-01-20T08:40:24.056+0000] {processor.py:186} INFO - Started process (PID=61571) to work on /opt/airflow/dags/etl_dag.py
[2025-01-20T08:40:24.057+0000] {processor.py:914} INFO - Processing file /opt/airflow/dags/etl_dag.py for tasks to queue
[2025-01-20T08:40:24.059+0000] {logging_mixin.py:190} INFO - [2025-01-20T08:40:24.058+0000] {dagbag.py:588} INFO - Filling up the DagBag from /opt/airflow/dags/etl_dag.py
[2025-01-20T08:40:24.095+0000] {processor.py:925} INFO - DAG(s) 'etl_pipeline' retrieved from /opt/airflow/dags/etl_dag.py
[2025-01-20T08:40:24.113+0000] {logging_mixin.py:190} INFO - [2025-01-20T08:40:24.113+0000] {dag.py:3239} INFO - Sync 1 DAGs
[2025-01-20T08:40:24.137+0000] {logging_mixin.py:190} INFO - [2025-01-20T08:40:24.136+0000] {dag.py:4180} INFO - Setting next_dagrun for etl_pipeline to 2025-01-20 00:00:00+00:00, run_after=2025-01-21 00:00:00+00:00
[2025-01-20T08:40:24.150+0000] {processor.py:208} INFO - Processing /opt/airflow/dags/etl_dag.py took 0.100 seconds
[2025-01-20T08:40:54.770+0000] {processor.py:186} INFO - Started process (PID=61872) to work on /opt/airflow/dags/etl_dag.py
[2025-01-20T08:40:54.771+0000] {processor.py:914} INFO - Processing file /opt/airflow/dags/etl_dag.py for tasks to queue
[2025-01-20T08:40:54.774+0000] {logging_mixin.py:190} INFO - [2025-01-20T08:40:54.773+0000] {dagbag.py:588} INFO - Filling up the DagBag from /opt/airflow/dags/etl_dag.py
[2025-01-20T08:40:54.813+0000] {processor.py:925} INFO - DAG(s) 'etl_pipeline' retrieved from /opt/airflow/dags/etl_dag.py
[2025-01-20T08:40:54.847+0000] {logging_mixin.py:190} INFO - [2025-01-20T08:40:54.846+0000] {dag.py:3239} INFO - Sync 1 DAGs
[2025-01-20T08:40:54.889+0000] {logging_mixin.py:190} INFO - [2025-01-20T08:40:54.889+0000] {dag.py:4180} INFO - Setting next_dagrun for etl_pipeline to 2025-01-20 00:00:00+00:00, run_after=2025-01-21 00:00:00+00:00
[2025-01-20T08:40:54.916+0000] {processor.py:208} INFO - Processing /opt/airflow/dags/etl_dag.py took 0.151 seconds
[2025-01-20T08:41:25.192+0000] {processor.py:186} INFO - Started process (PID=62178) to work on /opt/airflow/dags/etl_dag.py
[2025-01-20T08:41:25.193+0000] {processor.py:914} INFO - Processing file /opt/airflow/dags/etl_dag.py for tasks to queue
[2025-01-20T08:41:25.196+0000] {logging_mixin.py:190} INFO - [2025-01-20T08:41:25.196+0000] {dagbag.py:588} INFO - Filling up the DagBag from /opt/airflow/dags/etl_dag.py
[2025-01-20T08:41:25.241+0000] {processor.py:925} INFO - DAG(s) 'etl_pipeline' retrieved from /opt/airflow/dags/etl_dag.py
[2025-01-20T08:41:25.258+0000] {logging_mixin.py:190} INFO - [2025-01-20T08:41:25.258+0000] {dag.py:3239} INFO - Sync 1 DAGs
[2025-01-20T08:41:25.287+0000] {logging_mixin.py:190} INFO - [2025-01-20T08:41:25.287+0000] {dag.py:4180} INFO - Setting next_dagrun for etl_pipeline to 2025-01-20 00:00:00+00:00, run_after=2025-01-21 00:00:00+00:00
[2025-01-20T08:41:25.306+0000] {processor.py:208} INFO - Processing /opt/airflow/dags/etl_dag.py took 0.124 seconds
[2025-01-20T08:41:55.342+0000] {processor.py:186} INFO - Started process (PID=62479) to work on /opt/airflow/dags/etl_dag.py
[2025-01-20T08:41:55.343+0000] {processor.py:914} INFO - Processing file /opt/airflow/dags/etl_dag.py for tasks to queue
[2025-01-20T08:41:55.345+0000] {logging_mixin.py:190} INFO - [2025-01-20T08:41:55.344+0000] {dagbag.py:588} INFO - Filling up the DagBag from /opt/airflow/dags/etl_dag.py
[2025-01-20T08:41:55.396+0000] {processor.py:925} INFO - DAG(s) 'etl_pipeline' retrieved from /opt/airflow/dags/etl_dag.py
[2025-01-20T08:41:55.412+0000] {logging_mixin.py:190} INFO - [2025-01-20T08:41:55.412+0000] {dag.py:3239} INFO - Sync 1 DAGs
[2025-01-20T08:41:55.439+0000] {logging_mixin.py:190} INFO - [2025-01-20T08:41:55.439+0000] {dag.py:4180} INFO - Setting next_dagrun for etl_pipeline to 2025-01-20 00:00:00+00:00, run_after=2025-01-21 00:00:00+00:00
[2025-01-20T08:41:55.462+0000] {processor.py:208} INFO - Processing /opt/airflow/dags/etl_dag.py took 0.126 seconds
[2025-01-20T08:42:25.750+0000] {processor.py:186} INFO - Started process (PID=62785) to work on /opt/airflow/dags/etl_dag.py
[2025-01-20T08:42:25.751+0000] {processor.py:914} INFO - Processing file /opt/airflow/dags/etl_dag.py for tasks to queue
[2025-01-20T08:42:25.753+0000] {logging_mixin.py:190} INFO - [2025-01-20T08:42:25.753+0000] {dagbag.py:588} INFO - Filling up the DagBag from /opt/airflow/dags/etl_dag.py
[2025-01-20T08:42:25.791+0000] {processor.py:925} INFO - DAG(s) 'etl_pipeline' retrieved from /opt/airflow/dags/etl_dag.py
[2025-01-20T08:42:25.810+0000] {logging_mixin.py:190} INFO - [2025-01-20T08:42:25.810+0000] {dag.py:3239} INFO - Sync 1 DAGs
[2025-01-20T08:42:25.827+0000] {logging_mixin.py:190} INFO - [2025-01-20T08:42:25.827+0000] {dag.py:4180} INFO - Setting next_dagrun for etl_pipeline to 2025-01-20 00:00:00+00:00, run_after=2025-01-21 00:00:00+00:00
[2025-01-20T08:42:25.847+0000] {processor.py:208} INFO - Processing /opt/airflow/dags/etl_dag.py took 0.102 seconds
[2025-01-20T08:42:56.352+0000] {processor.py:186} INFO - Started process (PID=63086) to work on /opt/airflow/dags/etl_dag.py
[2025-01-20T08:42:56.353+0000] {processor.py:914} INFO - Processing file /opt/airflow/dags/etl_dag.py for tasks to queue
[2025-01-20T08:42:56.355+0000] {logging_mixin.py:190} INFO - [2025-01-20T08:42:56.355+0000] {dagbag.py:588} INFO - Filling up the DagBag from /opt/airflow/dags/etl_dag.py
[2025-01-20T08:42:56.400+0000] {processor.py:925} INFO - DAG(s) 'etl_pipeline' retrieved from /opt/airflow/dags/etl_dag.py
[2025-01-20T08:42:56.416+0000] {logging_mixin.py:190} INFO - [2025-01-20T08:42:56.416+0000] {dag.py:3239} INFO - Sync 1 DAGs
[2025-01-20T08:42:56.436+0000] {logging_mixin.py:190} INFO - [2025-01-20T08:42:56.436+0000] {dag.py:4180} INFO - Setting next_dagrun for etl_pipeline to 2025-01-20 00:00:00+00:00, run_after=2025-01-21 00:00:00+00:00
[2025-01-20T08:42:56.457+0000] {processor.py:208} INFO - Processing /opt/airflow/dags/etl_dag.py took 0.115 seconds
[2025-01-20T08:43:26.967+0000] {processor.py:186} INFO - Started process (PID=63392) to work on /opt/airflow/dags/etl_dag.py
[2025-01-20T08:43:26.968+0000] {processor.py:914} INFO - Processing file /opt/airflow/dags/etl_dag.py for tasks to queue
[2025-01-20T08:43:26.971+0000] {logging_mixin.py:190} INFO - [2025-01-20T08:43:26.971+0000] {dagbag.py:588} INFO - Filling up the DagBag from /opt/airflow/dags/etl_dag.py
[2025-01-20T08:43:27.019+0000] {processor.py:925} INFO - DAG(s) 'etl_pipeline' retrieved from /opt/airflow/dags/etl_dag.py
[2025-01-20T08:43:27.034+0000] {logging_mixin.py:190} INFO - [2025-01-20T08:43:27.034+0000] {dag.py:3239} INFO - Sync 1 DAGs
[2025-01-20T08:43:27.050+0000] {logging_mixin.py:190} INFO - [2025-01-20T08:43:27.050+0000] {dag.py:4180} INFO - Setting next_dagrun for etl_pipeline to 2025-01-20 00:00:00+00:00, run_after=2025-01-21 00:00:00+00:00
[2025-01-20T08:43:27.065+0000] {processor.py:208} INFO - Processing /opt/airflow/dags/etl_dag.py took 0.109 seconds
[2025-01-20T08:43:57.183+0000] {processor.py:186} INFO - Started process (PID=63693) to work on /opt/airflow/dags/etl_dag.py
[2025-01-20T08:43:57.185+0000] {processor.py:914} INFO - Processing file /opt/airflow/dags/etl_dag.py for tasks to queue
[2025-01-20T08:43:57.190+0000] {logging_mixin.py:190} INFO - [2025-01-20T08:43:57.189+0000] {dagbag.py:588} INFO - Filling up the DagBag from /opt/airflow/dags/etl_dag.py
[2025-01-20T08:43:57.237+0000] {processor.py:925} INFO - DAG(s) 'etl_pipeline' retrieved from /opt/airflow/dags/etl_dag.py
[2025-01-20T08:43:57.260+0000] {logging_mixin.py:190} INFO - [2025-01-20T08:43:57.259+0000] {dag.py:3239} INFO - Sync 1 DAGs
[2025-01-20T08:43:57.285+0000] {logging_mixin.py:190} INFO - [2025-01-20T08:43:57.285+0000] {dag.py:4180} INFO - Setting next_dagrun for etl_pipeline to 2025-01-20 00:00:00+00:00, run_after=2025-01-21 00:00:00+00:00
[2025-01-20T08:43:57.299+0000] {processor.py:208} INFO - Processing /opt/airflow/dags/etl_dag.py took 0.127 seconds
[2025-01-20T08:44:27.350+0000] {processor.py:186} INFO - Started process (PID=63999) to work on /opt/airflow/dags/etl_dag.py
[2025-01-20T08:44:27.351+0000] {processor.py:914} INFO - Processing file /opt/airflow/dags/etl_dag.py for tasks to queue
[2025-01-20T08:44:27.353+0000] {logging_mixin.py:190} INFO - [2025-01-20T08:44:27.353+0000] {dagbag.py:588} INFO - Filling up the DagBag from /opt/airflow/dags/etl_dag.py
[2025-01-20T08:44:27.390+0000] {processor.py:925} INFO - DAG(s) 'etl_pipeline' retrieved from /opt/airflow/dags/etl_dag.py
[2025-01-20T08:44:27.404+0000] {logging_mixin.py:190} INFO - [2025-01-20T08:44:27.404+0000] {dag.py:3239} INFO - Sync 1 DAGs
[2025-01-20T08:44:27.422+0000] {logging_mixin.py:190} INFO - [2025-01-20T08:44:27.421+0000] {dag.py:4180} INFO - Setting next_dagrun for etl_pipeline to 2025-01-20 00:00:00+00:00, run_after=2025-01-21 00:00:00+00:00
[2025-01-20T08:44:27.436+0000] {processor.py:208} INFO - Processing /opt/airflow/dags/etl_dag.py took 0.090 seconds
[2025-01-20T08:44:57.603+0000] {processor.py:186} INFO - Started process (PID=64300) to work on /opt/airflow/dags/etl_dag.py
[2025-01-20T08:44:57.604+0000] {processor.py:914} INFO - Processing file /opt/airflow/dags/etl_dag.py for tasks to queue
[2025-01-20T08:44:57.610+0000] {logging_mixin.py:190} INFO - [2025-01-20T08:44:57.609+0000] {dagbag.py:588} INFO - Filling up the DagBag from /opt/airflow/dags/etl_dag.py
[2025-01-20T08:44:57.651+0000] {processor.py:925} INFO - DAG(s) 'etl_pipeline' retrieved from /opt/airflow/dags/etl_dag.py
[2025-01-20T08:44:57.674+0000] {logging_mixin.py:190} INFO - [2025-01-20T08:44:57.673+0000] {dag.py:3239} INFO - Sync 1 DAGs
[2025-01-20T08:44:57.695+0000] {logging_mixin.py:190} INFO - [2025-01-20T08:44:57.695+0000] {dag.py:4180} INFO - Setting next_dagrun for etl_pipeline to 2025-01-20 00:00:00+00:00, run_after=2025-01-21 00:00:00+00:00
[2025-01-20T08:44:57.713+0000] {processor.py:208} INFO - Processing /opt/airflow/dags/etl_dag.py took 0.117 seconds
[2025-01-20T08:45:28.246+0000] {processor.py:186} INFO - Started process (PID=64606) to work on /opt/airflow/dags/etl_dag.py
[2025-01-20T08:45:28.246+0000] {processor.py:914} INFO - Processing file /opt/airflow/dags/etl_dag.py for tasks to queue
[2025-01-20T08:45:28.249+0000] {logging_mixin.py:190} INFO - [2025-01-20T08:45:28.248+0000] {dagbag.py:588} INFO - Filling up the DagBag from /opt/airflow/dags/etl_dag.py
[2025-01-20T08:45:28.286+0000] {processor.py:925} INFO - DAG(s) 'etl_pipeline' retrieved from /opt/airflow/dags/etl_dag.py
[2025-01-20T08:45:28.306+0000] {logging_mixin.py:190} INFO - [2025-01-20T08:45:28.306+0000] {dag.py:3239} INFO - Sync 1 DAGs
[2025-01-20T08:45:28.323+0000] {logging_mixin.py:190} INFO - [2025-01-20T08:45:28.323+0000] {dag.py:4180} INFO - Setting next_dagrun for etl_pipeline to 2025-01-20 00:00:00+00:00, run_after=2025-01-21 00:00:00+00:00
[2025-01-20T08:45:28.338+0000] {processor.py:208} INFO - Processing /opt/airflow/dags/etl_dag.py took 0.096 seconds
[2025-01-20T08:45:58.831+0000] {processor.py:186} INFO - Started process (PID=64907) to work on /opt/airflow/dags/etl_dag.py
[2025-01-20T08:45:58.832+0000] {processor.py:914} INFO - Processing file /opt/airflow/dags/etl_dag.py for tasks to queue
[2025-01-20T08:45:58.835+0000] {logging_mixin.py:190} INFO - [2025-01-20T08:45:58.834+0000] {dagbag.py:588} INFO - Filling up the DagBag from /opt/airflow/dags/etl_dag.py
[2025-01-20T08:45:58.876+0000] {processor.py:925} INFO - DAG(s) 'etl_pipeline' retrieved from /opt/airflow/dags/etl_dag.py
[2025-01-20T08:45:58.898+0000] {logging_mixin.py:190} INFO - [2025-01-20T08:45:58.898+0000] {dag.py:3239} INFO - Sync 1 DAGs
[2025-01-20T08:45:58.918+0000] {logging_mixin.py:190} INFO - [2025-01-20T08:45:58.918+0000] {dag.py:4180} INFO - Setting next_dagrun for etl_pipeline to 2025-01-20 00:00:00+00:00, run_after=2025-01-21 00:00:00+00:00
[2025-01-20T08:45:58.933+0000] {processor.py:208} INFO - Processing /opt/airflow/dags/etl_dag.py took 0.113 seconds
[2025-01-20T08:46:29.364+0000] {processor.py:186} INFO - Started process (PID=65213) to work on /opt/airflow/dags/etl_dag.py
[2025-01-20T08:46:29.367+0000] {processor.py:914} INFO - Processing file /opt/airflow/dags/etl_dag.py for tasks to queue
[2025-01-20T08:46:29.374+0000] {logging_mixin.py:190} INFO - [2025-01-20T08:46:29.373+0000] {dagbag.py:588} INFO - Filling up the DagBag from /opt/airflow/dags/etl_dag.py
[2025-01-20T08:46:29.414+0000] {processor.py:925} INFO - DAG(s) 'etl_pipeline' retrieved from /opt/airflow/dags/etl_dag.py
[2025-01-20T08:46:29.431+0000] {logging_mixin.py:190} INFO - [2025-01-20T08:46:29.430+0000] {dag.py:3239} INFO - Sync 1 DAGs
[2025-01-20T08:46:29.447+0000] {logging_mixin.py:190} INFO - [2025-01-20T08:46:29.447+0000] {dag.py:4180} INFO - Setting next_dagrun for etl_pipeline to 2025-01-20 00:00:00+00:00, run_after=2025-01-21 00:00:00+00:00
[2025-01-20T08:46:29.462+0000] {processor.py:208} INFO - Processing /opt/airflow/dags/etl_dag.py took 0.108 seconds
[2025-01-20T08:47:00.037+0000] {processor.py:186} INFO - Started process (PID=65514) to work on /opt/airflow/dags/etl_dag.py
[2025-01-20T08:47:00.038+0000] {processor.py:914} INFO - Processing file /opt/airflow/dags/etl_dag.py for tasks to queue
[2025-01-20T08:47:00.041+0000] {logging_mixin.py:190} INFO - [2025-01-20T08:47:00.041+0000] {dagbag.py:588} INFO - Filling up the DagBag from /opt/airflow/dags/etl_dag.py
[2025-01-20T08:47:00.084+0000] {processor.py:925} INFO - DAG(s) 'etl_pipeline' retrieved from /opt/airflow/dags/etl_dag.py
[2025-01-20T08:47:00.102+0000] {logging_mixin.py:190} INFO - [2025-01-20T08:47:00.102+0000] {dag.py:3239} INFO - Sync 1 DAGs
[2025-01-20T08:47:00.120+0000] {logging_mixin.py:190} INFO - [2025-01-20T08:47:00.120+0000] {dag.py:4180} INFO - Setting next_dagrun for etl_pipeline to 2025-01-20 00:00:00+00:00, run_after=2025-01-21 00:00:00+00:00
[2025-01-20T08:47:00.141+0000] {processor.py:208} INFO - Processing /opt/airflow/dags/etl_dag.py took 0.110 seconds
[2025-01-20T08:47:30.322+0000] {processor.py:186} INFO - Started process (PID=65820) to work on /opt/airflow/dags/etl_dag.py
[2025-01-20T08:47:30.323+0000] {processor.py:914} INFO - Processing file /opt/airflow/dags/etl_dag.py for tasks to queue
[2025-01-20T08:47:30.327+0000] {logging_mixin.py:190} INFO - [2025-01-20T08:47:30.326+0000] {dagbag.py:588} INFO - Filling up the DagBag from /opt/airflow/dags/etl_dag.py
[2025-01-20T08:47:30.378+0000] {processor.py:925} INFO - DAG(s) 'etl_pipeline' retrieved from /opt/airflow/dags/etl_dag.py
[2025-01-20T08:47:30.403+0000] {logging_mixin.py:190} INFO - [2025-01-20T08:47:30.403+0000] {dag.py:3239} INFO - Sync 1 DAGs
[2025-01-20T08:47:30.429+0000] {logging_mixin.py:190} INFO - [2025-01-20T08:47:30.429+0000] {dag.py:4180} INFO - Setting next_dagrun for etl_pipeline to 2025-01-20 00:00:00+00:00, run_after=2025-01-21 00:00:00+00:00
[2025-01-20T08:47:30.456+0000] {processor.py:208} INFO - Processing /opt/airflow/dags/etl_dag.py took 0.143 seconds
[2025-01-20T08:48:00.637+0000] {processor.py:186} INFO - Started process (PID=66121) to work on /opt/airflow/dags/etl_dag.py
[2025-01-20T08:48:00.639+0000] {processor.py:914} INFO - Processing file /opt/airflow/dags/etl_dag.py for tasks to queue
[2025-01-20T08:48:00.648+0000] {logging_mixin.py:190} INFO - [2025-01-20T08:48:00.647+0000] {dagbag.py:588} INFO - Filling up the DagBag from /opt/airflow/dags/etl_dag.py
[2025-01-20T08:48:00.689+0000] {processor.py:925} INFO - DAG(s) 'etl_pipeline' retrieved from /opt/airflow/dags/etl_dag.py
[2025-01-20T08:48:00.709+0000] {logging_mixin.py:190} INFO - [2025-01-20T08:48:00.709+0000] {dag.py:3239} INFO - Sync 1 DAGs
[2025-01-20T08:48:00.731+0000] {logging_mixin.py:190} INFO - [2025-01-20T08:48:00.731+0000] {dag.py:4180} INFO - Setting next_dagrun for etl_pipeline to 2025-01-20 00:00:00+00:00, run_after=2025-01-21 00:00:00+00:00
[2025-01-20T08:48:00.746+0000] {processor.py:208} INFO - Processing /opt/airflow/dags/etl_dag.py took 0.133 seconds
[2025-01-20T08:48:30.876+0000] {processor.py:186} INFO - Started process (PID=66427) to work on /opt/airflow/dags/etl_dag.py
[2025-01-20T08:48:30.877+0000] {processor.py:914} INFO - Processing file /opt/airflow/dags/etl_dag.py for tasks to queue
[2025-01-20T08:48:30.881+0000] {logging_mixin.py:190} INFO - [2025-01-20T08:48:30.881+0000] {dagbag.py:588} INFO - Filling up the DagBag from /opt/airflow/dags/etl_dag.py
[2025-01-20T08:48:30.929+0000] {processor.py:925} INFO - DAG(s) 'etl_pipeline' retrieved from /opt/airflow/dags/etl_dag.py
[2025-01-20T08:48:30.946+0000] {logging_mixin.py:190} INFO - [2025-01-20T08:48:30.946+0000] {dag.py:3239} INFO - Sync 1 DAGs
[2025-01-20T08:48:30.963+0000] {logging_mixin.py:190} INFO - [2025-01-20T08:48:30.963+0000] {dag.py:4180} INFO - Setting next_dagrun for etl_pipeline to 2025-01-20 00:00:00+00:00, run_after=2025-01-21 00:00:00+00:00
[2025-01-20T08:48:30.979+0000] {processor.py:208} INFO - Processing /opt/airflow/dags/etl_dag.py took 0.112 seconds
[2025-01-20T08:49:01.384+0000] {processor.py:186} INFO - Started process (PID=66731) to work on /opt/airflow/dags/etl_dag.py
[2025-01-20T08:49:01.386+0000] {processor.py:914} INFO - Processing file /opt/airflow/dags/etl_dag.py for tasks to queue
[2025-01-20T08:49:01.391+0000] {logging_mixin.py:190} INFO - [2025-01-20T08:49:01.390+0000] {dagbag.py:588} INFO - Filling up the DagBag from /opt/airflow/dags/etl_dag.py
[2025-01-20T08:49:01.464+0000] {processor.py:925} INFO - DAG(s) 'etl_pipeline' retrieved from /opt/airflow/dags/etl_dag.py
[2025-01-20T08:49:01.481+0000] {logging_mixin.py:190} INFO - [2025-01-20T08:49:01.481+0000] {dag.py:3239} INFO - Sync 1 DAGs
[2025-01-20T08:49:01.498+0000] {logging_mixin.py:190} INFO - [2025-01-20T08:49:01.498+0000] {dag.py:4180} INFO - Setting next_dagrun for etl_pipeline to 2025-01-20 00:00:00+00:00, run_after=2025-01-21 00:00:00+00:00
[2025-01-20T08:49:01.513+0000] {processor.py:208} INFO - Processing /opt/airflow/dags/etl_dag.py took 0.136 seconds
[2025-01-20T08:49:32.313+0000] {processor.py:186} INFO - Started process (PID=67034) to work on /opt/airflow/dags/etl_dag.py
[2025-01-20T08:49:32.315+0000] {processor.py:914} INFO - Processing file /opt/airflow/dags/etl_dag.py for tasks to queue
[2025-01-20T08:49:32.319+0000] {logging_mixin.py:190} INFO - [2025-01-20T08:49:32.319+0000] {dagbag.py:588} INFO - Filling up the DagBag from /opt/airflow/dags/etl_dag.py
[2025-01-20T08:49:32.446+0000] {processor.py:925} INFO - DAG(s) 'etl_pipeline' retrieved from /opt/airflow/dags/etl_dag.py
[2025-01-20T08:49:32.477+0000] {logging_mixin.py:190} INFO - [2025-01-20T08:49:32.477+0000] {dag.py:3239} INFO - Sync 1 DAGs
[2025-01-20T08:49:32.545+0000] {logging_mixin.py:190} INFO - [2025-01-20T08:49:32.544+0000] {dag.py:4180} INFO - Setting next_dagrun for etl_pipeline to 2025-01-20 00:00:00+00:00, run_after=2025-01-21 00:00:00+00:00
[2025-01-20T08:49:32.592+0000] {processor.py:208} INFO - Processing /opt/airflow/dags/etl_dag.py took 0.291 seconds
[2025-01-20T08:50:02.766+0000] {processor.py:186} INFO - Started process (PID=67340) to work on /opt/airflow/dags/etl_dag.py
[2025-01-20T08:50:02.767+0000] {processor.py:914} INFO - Processing file /opt/airflow/dags/etl_dag.py for tasks to queue
[2025-01-20T08:50:02.770+0000] {logging_mixin.py:190} INFO - [2025-01-20T08:50:02.770+0000] {dagbag.py:588} INFO - Filling up the DagBag from /opt/airflow/dags/etl_dag.py
[2025-01-20T08:50:02.814+0000] {processor.py:925} INFO - DAG(s) 'etl_pipeline' retrieved from /opt/airflow/dags/etl_dag.py
[2025-01-20T08:50:02.831+0000] {logging_mixin.py:190} INFO - [2025-01-20T08:50:02.831+0000] {dag.py:3239} INFO - Sync 1 DAGs
[2025-01-20T08:50:02.856+0000] {logging_mixin.py:190} INFO - [2025-01-20T08:50:02.856+0000] {dag.py:4180} INFO - Setting next_dagrun for etl_pipeline to 2025-01-20 00:00:00+00:00, run_after=2025-01-21 00:00:00+00:00
[2025-01-20T08:50:02.876+0000] {processor.py:208} INFO - Processing /opt/airflow/dags/etl_dag.py took 0.123 seconds
[2025-01-20T08:50:33.045+0000] {processor.py:186} INFO - Started process (PID=67641) to work on /opt/airflow/dags/etl_dag.py
[2025-01-20T08:50:33.047+0000] {processor.py:914} INFO - Processing file /opt/airflow/dags/etl_dag.py for tasks to queue
[2025-01-20T08:50:33.052+0000] {logging_mixin.py:190} INFO - [2025-01-20T08:50:33.051+0000] {dagbag.py:588} INFO - Filling up the DagBag from /opt/airflow/dags/etl_dag.py
[2025-01-20T08:50:33.098+0000] {processor.py:925} INFO - DAG(s) 'etl_pipeline' retrieved from /opt/airflow/dags/etl_dag.py
[2025-01-20T08:50:33.112+0000] {logging_mixin.py:190} INFO - [2025-01-20T08:50:33.112+0000] {dag.py:3239} INFO - Sync 1 DAGs
[2025-01-20T08:50:33.129+0000] {logging_mixin.py:190} INFO - [2025-01-20T08:50:33.129+0000] {dag.py:4180} INFO - Setting next_dagrun for etl_pipeline to 2025-01-20 00:00:00+00:00, run_after=2025-01-21 00:00:00+00:00
[2025-01-20T08:50:33.144+0000] {processor.py:208} INFO - Processing /opt/airflow/dags/etl_dag.py took 0.107 seconds
[2025-01-20T08:51:03.832+0000] {processor.py:186} INFO - Started process (PID=67947) to work on /opt/airflow/dags/etl_dag.py
[2025-01-20T08:51:03.833+0000] {processor.py:914} INFO - Processing file /opt/airflow/dags/etl_dag.py for tasks to queue
[2025-01-20T08:51:03.834+0000] {logging_mixin.py:190} INFO - [2025-01-20T08:51:03.834+0000] {dagbag.py:588} INFO - Filling up the DagBag from /opt/airflow/dags/etl_dag.py
[2025-01-20T08:51:03.874+0000] {processor.py:925} INFO - DAG(s) 'etl_pipeline' retrieved from /opt/airflow/dags/etl_dag.py
[2025-01-20T08:51:03.887+0000] {logging_mixin.py:190} INFO - [2025-01-20T08:51:03.887+0000] {dag.py:3239} INFO - Sync 1 DAGs
[2025-01-20T08:51:03.903+0000] {logging_mixin.py:190} INFO - [2025-01-20T08:51:03.903+0000] {dag.py:4180} INFO - Setting next_dagrun for etl_pipeline to 2025-01-20 00:00:00+00:00, run_after=2025-01-21 00:00:00+00:00
[2025-01-20T08:51:03.921+0000] {processor.py:208} INFO - Processing /opt/airflow/dags/etl_dag.py took 0.095 seconds
[2025-01-20T08:51:34.013+0000] {processor.py:186} INFO - Started process (PID=68248) to work on /opt/airflow/dags/etl_dag.py
[2025-01-20T08:51:34.014+0000] {processor.py:914} INFO - Processing file /opt/airflow/dags/etl_dag.py for tasks to queue
[2025-01-20T08:51:34.016+0000] {logging_mixin.py:190} INFO - [2025-01-20T08:51:34.016+0000] {dagbag.py:588} INFO - Filling up the DagBag from /opt/airflow/dags/etl_dag.py
[2025-01-20T08:51:34.070+0000] {processor.py:925} INFO - DAG(s) 'etl_pipeline' retrieved from /opt/airflow/dags/etl_dag.py
[2025-01-20T08:51:34.091+0000] {logging_mixin.py:190} INFO - [2025-01-20T08:51:34.091+0000] {dag.py:3239} INFO - Sync 1 DAGs
[2025-01-20T08:51:34.120+0000] {logging_mixin.py:190} INFO - [2025-01-20T08:51:34.119+0000] {dag.py:4180} INFO - Setting next_dagrun for etl_pipeline to 2025-01-20 00:00:00+00:00, run_after=2025-01-21 00:00:00+00:00
[2025-01-20T08:51:34.147+0000] {processor.py:208} INFO - Processing /opt/airflow/dags/etl_dag.py took 0.148 seconds
[2025-01-20T08:52:04.521+0000] {processor.py:186} INFO - Started process (PID=68554) to work on /opt/airflow/dags/etl_dag.py
[2025-01-20T08:52:04.521+0000] {processor.py:914} INFO - Processing file /opt/airflow/dags/etl_dag.py for tasks to queue
[2025-01-20T08:52:04.524+0000] {logging_mixin.py:190} INFO - [2025-01-20T08:52:04.524+0000] {dagbag.py:588} INFO - Filling up the DagBag from /opt/airflow/dags/etl_dag.py
[2025-01-20T08:52:04.569+0000] {processor.py:925} INFO - DAG(s) 'etl_pipeline' retrieved from /opt/airflow/dags/etl_dag.py
[2025-01-20T08:52:04.591+0000] {logging_mixin.py:190} INFO - [2025-01-20T08:52:04.591+0000] {dag.py:3239} INFO - Sync 1 DAGs
[2025-01-20T08:52:04.619+0000] {logging_mixin.py:190} INFO - [2025-01-20T08:52:04.619+0000] {dag.py:4180} INFO - Setting next_dagrun for etl_pipeline to 2025-01-20 00:00:00+00:00, run_after=2025-01-21 00:00:00+00:00
[2025-01-20T08:52:04.636+0000] {processor.py:208} INFO - Processing /opt/airflow/dags/etl_dag.py took 0.119 seconds
[2025-01-20T08:52:34.896+0000] {processor.py:186} INFO - Started process (PID=68855) to work on /opt/airflow/dags/etl_dag.py
[2025-01-20T08:52:34.897+0000] {processor.py:914} INFO - Processing file /opt/airflow/dags/etl_dag.py for tasks to queue
[2025-01-20T08:52:34.900+0000] {logging_mixin.py:190} INFO - [2025-01-20T08:52:34.900+0000] {dagbag.py:588} INFO - Filling up the DagBag from /opt/airflow/dags/etl_dag.py
[2025-01-20T08:52:34.952+0000] {processor.py:925} INFO - DAG(s) 'etl_pipeline' retrieved from /opt/airflow/dags/etl_dag.py
[2025-01-20T08:52:34.972+0000] {logging_mixin.py:190} INFO - [2025-01-20T08:52:34.972+0000] {dag.py:3239} INFO - Sync 1 DAGs
[2025-01-20T08:52:34.996+0000] {logging_mixin.py:190} INFO - [2025-01-20T08:52:34.996+0000] {dag.py:4180} INFO - Setting next_dagrun for etl_pipeline to 2025-01-20 00:00:00+00:00, run_after=2025-01-21 00:00:00+00:00
[2025-01-20T08:52:35.011+0000] {processor.py:208} INFO - Processing /opt/airflow/dags/etl_dag.py took 0.121 seconds
[2025-01-20T08:53:05.304+0000] {processor.py:186} INFO - Started process (PID=69141) to work on /opt/airflow/dags/etl_dag.py
[2025-01-20T08:53:05.305+0000] {processor.py:914} INFO - Processing file /opt/airflow/dags/etl_dag.py for tasks to queue
[2025-01-20T08:53:05.308+0000] {logging_mixin.py:190} INFO - [2025-01-20T08:53:05.308+0000] {dagbag.py:588} INFO - Filling up the DagBag from /opt/airflow/dags/etl_dag.py
[2025-01-20T08:53:05.360+0000] {processor.py:925} INFO - DAG(s) 'etl_pipeline' retrieved from /opt/airflow/dags/etl_dag.py
[2025-01-20T08:53:05.379+0000] {logging_mixin.py:190} INFO - [2025-01-20T08:53:05.379+0000] {dag.py:3239} INFO - Sync 1 DAGs
[2025-01-20T08:53:05.401+0000] {logging_mixin.py:190} INFO - [2025-01-20T08:53:05.401+0000] {dag.py:4180} INFO - Setting next_dagrun for etl_pipeline to 2025-01-20 00:00:00+00:00, run_after=2025-01-21 00:00:00+00:00
[2025-01-20T08:53:05.415+0000] {processor.py:208} INFO - Processing /opt/airflow/dags/etl_dag.py took 0.119 seconds
[2025-01-20T08:53:35.751+0000] {processor.py:186} INFO - Started process (PID=69427) to work on /opt/airflow/dags/etl_dag.py
[2025-01-20T08:53:35.752+0000] {processor.py:914} INFO - Processing file /opt/airflow/dags/etl_dag.py for tasks to queue
[2025-01-20T08:53:35.755+0000] {logging_mixin.py:190} INFO - [2025-01-20T08:53:35.754+0000] {dagbag.py:588} INFO - Filling up the DagBag from /opt/airflow/dags/etl_dag.py
[2025-01-20T08:53:35.820+0000] {processor.py:925} INFO - DAG(s) 'etl_pipeline' retrieved from /opt/airflow/dags/etl_dag.py
[2025-01-20T08:53:35.840+0000] {logging_mixin.py:190} INFO - [2025-01-20T08:53:35.840+0000] {dag.py:3239} INFO - Sync 1 DAGs
[2025-01-20T08:53:35.865+0000] {logging_mixin.py:190} INFO - [2025-01-20T08:53:35.864+0000] {dag.py:4180} INFO - Setting next_dagrun for etl_pipeline to 2025-01-20 00:00:00+00:00, run_after=2025-01-21 00:00:00+00:00
[2025-01-20T08:53:35.883+0000] {processor.py:208} INFO - Processing /opt/airflow/dags/etl_dag.py took 0.136 seconds
[2025-01-20T08:54:06.360+0000] {processor.py:186} INFO - Started process (PID=69723) to work on /opt/airflow/dags/etl_dag.py
[2025-01-20T08:54:06.361+0000] {processor.py:914} INFO - Processing file /opt/airflow/dags/etl_dag.py for tasks to queue
[2025-01-20T08:54:06.364+0000] {logging_mixin.py:190} INFO - [2025-01-20T08:54:06.364+0000] {dagbag.py:588} INFO - Filling up the DagBag from /opt/airflow/dags/etl_dag.py
[2025-01-20T08:54:06.426+0000] {processor.py:925} INFO - DAG(s) 'etl_pipeline' retrieved from /opt/airflow/dags/etl_dag.py
[2025-01-20T08:54:06.443+0000] {logging_mixin.py:190} INFO - [2025-01-20T08:54:06.443+0000] {dag.py:3239} INFO - Sync 1 DAGs
[2025-01-20T08:54:06.458+0000] {logging_mixin.py:190} INFO - [2025-01-20T08:54:06.457+0000] {dag.py:4180} INFO - Setting next_dagrun for etl_pipeline to 2025-01-20 00:00:00+00:00, run_after=2025-01-21 00:00:00+00:00
[2025-01-20T08:54:06.471+0000] {processor.py:208} INFO - Processing /opt/airflow/dags/etl_dag.py took 0.118 seconds
[2025-01-20T08:54:36.765+0000] {processor.py:186} INFO - Started process (PID=70023) to work on /opt/airflow/dags/etl_dag.py
[2025-01-20T08:54:36.766+0000] {processor.py:914} INFO - Processing file /opt/airflow/dags/etl_dag.py for tasks to queue
[2025-01-20T08:54:36.771+0000] {logging_mixin.py:190} INFO - [2025-01-20T08:54:36.770+0000] {dagbag.py:588} INFO - Filling up the DagBag from /opt/airflow/dags/etl_dag.py
[2025-01-20T08:54:36.831+0000] {processor.py:925} INFO - DAG(s) 'etl_pipeline' retrieved from /opt/airflow/dags/etl_dag.py
[2025-01-20T08:54:36.855+0000] {logging_mixin.py:190} INFO - [2025-01-20T08:54:36.855+0000] {dag.py:3239} INFO - Sync 1 DAGs
[2025-01-20T08:54:36.884+0000] {logging_mixin.py:190} INFO - [2025-01-20T08:54:36.884+0000] {dag.py:4180} INFO - Setting next_dagrun for etl_pipeline to 2025-01-20 00:00:00+00:00, run_after=2025-01-21 00:00:00+00:00
[2025-01-20T08:54:36.903+0000] {processor.py:208} INFO - Processing /opt/airflow/dags/etl_dag.py took 0.143 seconds
[2025-01-20T08:55:07.058+0000] {processor.py:186} INFO - Started process (PID=70329) to work on /opt/airflow/dags/etl_dag.py
[2025-01-20T08:55:07.059+0000] {processor.py:914} INFO - Processing file /opt/airflow/dags/etl_dag.py for tasks to queue
[2025-01-20T08:55:07.063+0000] {logging_mixin.py:190} INFO - [2025-01-20T08:55:07.063+0000] {dagbag.py:588} INFO - Filling up the DagBag from /opt/airflow/dags/etl_dag.py
[2025-01-20T08:55:07.115+0000] {processor.py:925} INFO - DAG(s) 'etl_pipeline' retrieved from /opt/airflow/dags/etl_dag.py
[2025-01-20T08:55:07.136+0000] {logging_mixin.py:190} INFO - [2025-01-20T08:55:07.135+0000] {dag.py:3239} INFO - Sync 1 DAGs
[2025-01-20T08:55:07.153+0000] {logging_mixin.py:190} INFO - [2025-01-20T08:55:07.153+0000] {dag.py:4180} INFO - Setting next_dagrun for etl_pipeline to 2025-01-20 00:00:00+00:00, run_after=2025-01-21 00:00:00+00:00
[2025-01-20T08:55:07.166+0000] {processor.py:208} INFO - Processing /opt/airflow/dags/etl_dag.py took 0.116 seconds
[2025-01-20T08:55:37.541+0000] {processor.py:186} INFO - Started process (PID=70630) to work on /opt/airflow/dags/etl_dag.py
[2025-01-20T08:55:37.542+0000] {processor.py:914} INFO - Processing file /opt/airflow/dags/etl_dag.py for tasks to queue
[2025-01-20T08:55:37.544+0000] {logging_mixin.py:190} INFO - [2025-01-20T08:55:37.544+0000] {dagbag.py:588} INFO - Filling up the DagBag from /opt/airflow/dags/etl_dag.py
[2025-01-20T08:55:37.589+0000] {processor.py:925} INFO - DAG(s) 'etl_pipeline' retrieved from /opt/airflow/dags/etl_dag.py
[2025-01-20T08:55:37.607+0000] {logging_mixin.py:190} INFO - [2025-01-20T08:55:37.607+0000] {dag.py:3239} INFO - Sync 1 DAGs
[2025-01-20T08:55:37.625+0000] {logging_mixin.py:190} INFO - [2025-01-20T08:55:37.625+0000] {dag.py:4180} INFO - Setting next_dagrun for etl_pipeline to 2025-01-20 00:00:00+00:00, run_after=2025-01-21 00:00:00+00:00
[2025-01-20T08:55:37.642+0000] {processor.py:208} INFO - Processing /opt/airflow/dags/etl_dag.py took 0.107 seconds
[2025-01-20T08:56:08.115+0000] {processor.py:186} INFO - Started process (PID=70938) to work on /opt/airflow/dags/etl_dag.py
[2025-01-20T08:56:08.116+0000] {processor.py:914} INFO - Processing file /opt/airflow/dags/etl_dag.py for tasks to queue
[2025-01-20T08:56:08.119+0000] {logging_mixin.py:190} INFO - [2025-01-20T08:56:08.119+0000] {dagbag.py:588} INFO - Filling up the DagBag from /opt/airflow/dags/etl_dag.py
[2025-01-20T08:56:08.171+0000] {processor.py:925} INFO - DAG(s) 'etl_pipeline' retrieved from /opt/airflow/dags/etl_dag.py
[2025-01-20T08:56:08.186+0000] {logging_mixin.py:190} INFO - [2025-01-20T08:56:08.186+0000] {dag.py:3239} INFO - Sync 1 DAGs
[2025-01-20T08:56:08.215+0000] {logging_mixin.py:190} INFO - [2025-01-20T08:56:08.215+0000] {dag.py:4180} INFO - Setting next_dagrun for etl_pipeline to 2025-01-20 00:00:00+00:00, run_after=2025-01-21 00:00:00+00:00
[2025-01-20T08:56:08.234+0000] {processor.py:208} INFO - Processing /opt/airflow/dags/etl_dag.py took 0.124 seconds
[2025-01-20T08:56:38.398+0000] {processor.py:186} INFO - Started process (PID=71231) to work on /opt/airflow/dags/etl_dag.py
[2025-01-20T08:56:38.400+0000] {processor.py:914} INFO - Processing file /opt/airflow/dags/etl_dag.py for tasks to queue
[2025-01-20T08:56:38.408+0000] {logging_mixin.py:190} INFO - [2025-01-20T08:56:38.407+0000] {dagbag.py:588} INFO - Filling up the DagBag from /opt/airflow/dags/etl_dag.py
[2025-01-20T08:56:38.466+0000] {processor.py:925} INFO - DAG(s) 'etl_pipeline' retrieved from /opt/airflow/dags/etl_dag.py
[2025-01-20T08:56:38.484+0000] {logging_mixin.py:190} INFO - [2025-01-20T08:56:38.484+0000] {dag.py:3239} INFO - Sync 1 DAGs
[2025-01-20T08:56:38.509+0000] {logging_mixin.py:190} INFO - [2025-01-20T08:56:38.508+0000] {dag.py:4180} INFO - Setting next_dagrun for etl_pipeline to 2025-01-20 00:00:00+00:00, run_after=2025-01-21 00:00:00+00:00
[2025-01-20T08:56:38.526+0000] {processor.py:208} INFO - Processing /opt/airflow/dags/etl_dag.py took 0.138 seconds
[2025-01-20T08:57:08.815+0000] {processor.py:186} INFO - Started process (PID=71537) to work on /opt/airflow/dags/etl_dag.py
[2025-01-20T08:57:08.816+0000] {processor.py:914} INFO - Processing file /opt/airflow/dags/etl_dag.py for tasks to queue
[2025-01-20T08:57:08.818+0000] {logging_mixin.py:190} INFO - [2025-01-20T08:57:08.818+0000] {dagbag.py:588} INFO - Filling up the DagBag from /opt/airflow/dags/etl_dag.py
[2025-01-20T08:57:08.855+0000] {processor.py:925} INFO - DAG(s) 'etl_pipeline' retrieved from /opt/airflow/dags/etl_dag.py
[2025-01-20T08:57:08.875+0000] {logging_mixin.py:190} INFO - [2025-01-20T08:57:08.874+0000] {dag.py:3239} INFO - Sync 1 DAGs
[2025-01-20T08:57:08.894+0000] {logging_mixin.py:190} INFO - [2025-01-20T08:57:08.894+0000] {dag.py:4180} INFO - Setting next_dagrun for etl_pipeline to 2025-01-20 00:00:00+00:00, run_after=2025-01-21 00:00:00+00:00
[2025-01-20T08:57:08.906+0000] {processor.py:208} INFO - Processing /opt/airflow/dags/etl_dag.py took 0.097 seconds
[2025-01-20T08:57:39.537+0000] {processor.py:186} INFO - Started process (PID=71838) to work on /opt/airflow/dags/etl_dag.py
[2025-01-20T08:57:39.538+0000] {processor.py:914} INFO - Processing file /opt/airflow/dags/etl_dag.py for tasks to queue
[2025-01-20T08:57:39.547+0000] {logging_mixin.py:190} INFO - [2025-01-20T08:57:39.546+0000] {dagbag.py:588} INFO - Filling up the DagBag from /opt/airflow/dags/etl_dag.py
[2025-01-20T08:57:39.615+0000] {processor.py:925} INFO - DAG(s) 'etl_pipeline' retrieved from /opt/airflow/dags/etl_dag.py
[2025-01-20T08:57:39.635+0000] {logging_mixin.py:190} INFO - [2025-01-20T08:57:39.635+0000] {dag.py:3239} INFO - Sync 1 DAGs
[2025-01-20T08:57:39.657+0000] {logging_mixin.py:190} INFO - [2025-01-20T08:57:39.657+0000] {dag.py:4180} INFO - Setting next_dagrun for etl_pipeline to 2025-01-20 00:00:00+00:00, run_after=2025-01-21 00:00:00+00:00
[2025-01-20T08:57:39.679+0000] {processor.py:208} INFO - Processing /opt/airflow/dags/etl_dag.py took 0.149 seconds
[2025-01-20T08:58:09.922+0000] {processor.py:186} INFO - Started process (PID=72144) to work on /opt/airflow/dags/etl_dag.py
[2025-01-20T08:58:09.923+0000] {processor.py:914} INFO - Processing file /opt/airflow/dags/etl_dag.py for tasks to queue
[2025-01-20T08:58:09.927+0000] {logging_mixin.py:190} INFO - [2025-01-20T08:58:09.926+0000] {dagbag.py:588} INFO - Filling up the DagBag from /opt/airflow/dags/etl_dag.py
[2025-01-20T08:58:09.964+0000] {processor.py:925} INFO - DAG(s) 'etl_pipeline' retrieved from /opt/airflow/dags/etl_dag.py
[2025-01-20T08:58:09.981+0000] {logging_mixin.py:190} INFO - [2025-01-20T08:58:09.981+0000] {dag.py:3239} INFO - Sync 1 DAGs
[2025-01-20T08:58:10.002+0000] {logging_mixin.py:190} INFO - [2025-01-20T08:58:10.002+0000] {dag.py:4180} INFO - Setting next_dagrun for etl_pipeline to 2025-01-20 00:00:00+00:00, run_after=2025-01-21 00:00:00+00:00
[2025-01-20T08:58:10.019+0000] {processor.py:208} INFO - Processing /opt/airflow/dags/etl_dag.py took 0.106 seconds
[2025-01-20T08:58:40.154+0000] {processor.py:186} INFO - Started process (PID=72445) to work on /opt/airflow/dags/etl_dag.py
[2025-01-20T08:58:40.156+0000] {processor.py:914} INFO - Processing file /opt/airflow/dags/etl_dag.py for tasks to queue
[2025-01-20T08:58:40.163+0000] {logging_mixin.py:190} INFO - [2025-01-20T08:58:40.162+0000] {dagbag.py:588} INFO - Filling up the DagBag from /opt/airflow/dags/etl_dag.py
[2025-01-20T08:58:40.206+0000] {processor.py:925} INFO - DAG(s) 'etl_pipeline' retrieved from /opt/airflow/dags/etl_dag.py
[2025-01-20T08:58:40.222+0000] {logging_mixin.py:190} INFO - [2025-01-20T08:58:40.222+0000] {dag.py:3239} INFO - Sync 1 DAGs
[2025-01-20T08:58:40.358+0000] {logging_mixin.py:190} INFO - [2025-01-20T08:58:40.358+0000] {dag.py:4180} INFO - Setting next_dagrun for etl_pipeline to 2025-01-20 00:00:00+00:00, run_after=2025-01-21 00:00:00+00:00
[2025-01-20T08:58:40.376+0000] {processor.py:208} INFO - Processing /opt/airflow/dags/etl_dag.py took 0.228 seconds
[2025-01-20T08:59:10.693+0000] {processor.py:186} INFO - Started process (PID=72751) to work on /opt/airflow/dags/etl_dag.py
[2025-01-20T08:59:10.694+0000] {processor.py:914} INFO - Processing file /opt/airflow/dags/etl_dag.py for tasks to queue
[2025-01-20T08:59:10.697+0000] {logging_mixin.py:190} INFO - [2025-01-20T08:59:10.697+0000] {dagbag.py:588} INFO - Filling up the DagBag from /opt/airflow/dags/etl_dag.py
[2025-01-20T08:59:10.754+0000] {processor.py:925} INFO - DAG(s) 'etl_pipeline' retrieved from /opt/airflow/dags/etl_dag.py
[2025-01-20T08:59:10.775+0000] {logging_mixin.py:190} INFO - [2025-01-20T08:59:10.775+0000] {dag.py:3239} INFO - Sync 1 DAGs
[2025-01-20T08:59:10.801+0000] {logging_mixin.py:190} INFO - [2025-01-20T08:59:10.801+0000] {dag.py:4180} INFO - Setting next_dagrun for etl_pipeline to 2025-01-20 00:00:00+00:00, run_after=2025-01-21 00:00:00+00:00
[2025-01-20T08:59:10.950+0000] {processor.py:208} INFO - Processing /opt/airflow/dags/etl_dag.py took 0.266 seconds
[2025-01-20T08:59:41.264+0000] {processor.py:186} INFO - Started process (PID=73052) to work on /opt/airflow/dags/etl_dag.py
[2025-01-20T08:59:41.265+0000] {processor.py:914} INFO - Processing file /opt/airflow/dags/etl_dag.py for tasks to queue
[2025-01-20T08:59:41.267+0000] {logging_mixin.py:190} INFO - [2025-01-20T08:59:41.267+0000] {dagbag.py:588} INFO - Filling up the DagBag from /opt/airflow/dags/etl_dag.py
[2025-01-20T08:59:41.322+0000] {processor.py:925} INFO - DAG(s) 'etl_pipeline' retrieved from /opt/airflow/dags/etl_dag.py
[2025-01-20T08:59:41.344+0000] {logging_mixin.py:190} INFO - [2025-01-20T08:59:41.344+0000] {dag.py:3239} INFO - Sync 1 DAGs
[2025-01-20T08:59:41.381+0000] {logging_mixin.py:190} INFO - [2025-01-20T08:59:41.381+0000] {dag.py:4180} INFO - Setting next_dagrun for etl_pipeline to 2025-01-20 00:00:00+00:00, run_after=2025-01-21 00:00:00+00:00
[2025-01-20T08:59:41.411+0000] {processor.py:208} INFO - Processing /opt/airflow/dags/etl_dag.py took 0.151 seconds
[2025-01-20T09:00:11.745+0000] {processor.py:186} INFO - Started process (PID=73358) to work on /opt/airflow/dags/etl_dag.py
[2025-01-20T09:00:11.748+0000] {processor.py:914} INFO - Processing file /opt/airflow/dags/etl_dag.py for tasks to queue
[2025-01-20T09:00:11.755+0000] {logging_mixin.py:190} INFO - [2025-01-20T09:00:11.754+0000] {dagbag.py:588} INFO - Filling up the DagBag from /opt/airflow/dags/etl_dag.py
[2025-01-20T09:00:11.809+0000] {processor.py:925} INFO - DAG(s) 'etl_pipeline' retrieved from /opt/airflow/dags/etl_dag.py
[2025-01-20T09:00:11.824+0000] {logging_mixin.py:190} INFO - [2025-01-20T09:00:11.824+0000] {dag.py:3239} INFO - Sync 1 DAGs
[2025-01-20T09:00:11.841+0000] {logging_mixin.py:190} INFO - [2025-01-20T09:00:11.841+0000] {dag.py:4180} INFO - Setting next_dagrun for etl_pipeline to 2025-01-20 00:00:00+00:00, run_after=2025-01-21 00:00:00+00:00
[2025-01-20T09:00:11.854+0000] {processor.py:208} INFO - Processing /opt/airflow/dags/etl_dag.py took 0.115 seconds
[2025-01-20T09:00:42.112+0000] {processor.py:186} INFO - Started process (PID=73661) to work on /opt/airflow/dags/etl_dag.py
[2025-01-20T09:00:42.113+0000] {processor.py:914} INFO - Processing file /opt/airflow/dags/etl_dag.py for tasks to queue
[2025-01-20T09:00:42.116+0000] {logging_mixin.py:190} INFO - [2025-01-20T09:00:42.115+0000] {dagbag.py:588} INFO - Filling up the DagBag from /opt/airflow/dags/etl_dag.py
[2025-01-20T09:00:42.159+0000] {processor.py:925} INFO - DAG(s) 'etl_pipeline' retrieved from /opt/airflow/dags/etl_dag.py
[2025-01-20T09:00:42.305+0000] {logging_mixin.py:190} INFO - [2025-01-20T09:00:42.305+0000] {dag.py:3239} INFO - Sync 1 DAGs
[2025-01-20T09:00:42.323+0000] {logging_mixin.py:190} INFO - [2025-01-20T09:00:42.323+0000] {dag.py:4180} INFO - Setting next_dagrun for etl_pipeline to 2025-01-20 00:00:00+00:00, run_after=2025-01-21 00:00:00+00:00
[2025-01-20T09:00:42.337+0000] {processor.py:208} INFO - Processing /opt/airflow/dags/etl_dag.py took 0.230 seconds
[2025-01-20T09:01:12.453+0000] {processor.py:186} INFO - Started process (PID=73965) to work on /opt/airflow/dags/etl_dag.py
[2025-01-20T09:01:12.455+0000] {processor.py:914} INFO - Processing file /opt/airflow/dags/etl_dag.py for tasks to queue
[2025-01-20T09:01:12.461+0000] {logging_mixin.py:190} INFO - [2025-01-20T09:01:12.460+0000] {dagbag.py:588} INFO - Filling up the DagBag from /opt/airflow/dags/etl_dag.py
[2025-01-20T09:01:12.536+0000] {processor.py:925} INFO - DAG(s) 'etl_pipeline' retrieved from /opt/airflow/dags/etl_dag.py
[2025-01-20T09:01:12.558+0000] {logging_mixin.py:190} INFO - [2025-01-20T09:01:12.558+0000] {dag.py:3239} INFO - Sync 1 DAGs
[2025-01-20T09:01:12.701+0000] {logging_mixin.py:190} INFO - [2025-01-20T09:01:12.701+0000] {dag.py:4180} INFO - Setting next_dagrun for etl_pipeline to 2025-01-20 00:00:00+00:00, run_after=2025-01-21 00:00:00+00:00
[2025-01-20T09:01:12.716+0000] {processor.py:208} INFO - Processing /opt/airflow/dags/etl_dag.py took 0.281 seconds
[2025-01-20T09:01:42.926+0000] {processor.py:186} INFO - Started process (PID=74266) to work on /opt/airflow/dags/etl_dag.py
[2025-01-20T09:01:42.926+0000] {processor.py:914} INFO - Processing file /opt/airflow/dags/etl_dag.py for tasks to queue
[2025-01-20T09:01:42.929+0000] {logging_mixin.py:190} INFO - [2025-01-20T09:01:42.929+0000] {dagbag.py:588} INFO - Filling up the DagBag from /opt/airflow/dags/etl_dag.py
[2025-01-20T09:01:42.969+0000] {processor.py:925} INFO - DAG(s) 'etl_pipeline' retrieved from /opt/airflow/dags/etl_dag.py
[2025-01-20T09:01:42.984+0000] {logging_mixin.py:190} INFO - [2025-01-20T09:01:42.984+0000] {dag.py:3239} INFO - Sync 1 DAGs
[2025-01-20T09:01:43.126+0000] {logging_mixin.py:190} INFO - [2025-01-20T09:01:43.125+0000] {dag.py:4180} INFO - Setting next_dagrun for etl_pipeline to 2025-01-20 00:00:00+00:00, run_after=2025-01-21 00:00:00+00:00
[2025-01-20T09:01:43.139+0000] {processor.py:208} INFO - Processing /opt/airflow/dags/etl_dag.py took 0.220 seconds
[2025-01-20T09:02:13.304+0000] {processor.py:186} INFO - Started process (PID=74572) to work on /opt/airflow/dags/etl_dag.py
[2025-01-20T09:02:13.305+0000] {processor.py:914} INFO - Processing file /opt/airflow/dags/etl_dag.py for tasks to queue
[2025-01-20T09:02:13.313+0000] {logging_mixin.py:190} INFO - [2025-01-20T09:02:13.312+0000] {dagbag.py:588} INFO - Filling up the DagBag from /opt/airflow/dags/etl_dag.py
[2025-01-20T09:02:13.491+0000] {processor.py:925} INFO - DAG(s) 'etl_pipeline' retrieved from /opt/airflow/dags/etl_dag.py
[2025-01-20T09:02:13.513+0000] {logging_mixin.py:190} INFO - [2025-01-20T09:02:13.512+0000] {dag.py:3239} INFO - Sync 1 DAGs
[2025-01-20T09:02:13.533+0000] {logging_mixin.py:190} INFO - [2025-01-20T09:02:13.533+0000] {dag.py:4180} INFO - Setting next_dagrun for etl_pipeline to 2025-01-20 00:00:00+00:00, run_after=2025-01-21 00:00:00+00:00
[2025-01-20T09:02:13.548+0000] {processor.py:208} INFO - Processing /opt/airflow/dags/etl_dag.py took 0.249 seconds
[2025-01-20T09:02:43.829+0000] {processor.py:186} INFO - Started process (PID=74875) to work on /opt/airflow/dags/etl_dag.py
[2025-01-20T09:02:43.830+0000] {processor.py:914} INFO - Processing file /opt/airflow/dags/etl_dag.py for tasks to queue
[2025-01-20T09:02:43.834+0000] {logging_mixin.py:190} INFO - [2025-01-20T09:02:43.834+0000] {dagbag.py:588} INFO - Filling up the DagBag from /opt/airflow/dags/etl_dag.py
[2025-01-20T09:02:44.004+0000] {processor.py:925} INFO - DAG(s) 'etl_pipeline' retrieved from /opt/airflow/dags/etl_dag.py
[2025-01-20T09:02:44.021+0000] {logging_mixin.py:190} INFO - [2025-01-20T09:02:44.021+0000] {dag.py:3239} INFO - Sync 1 DAGs
[2025-01-20T09:02:44.038+0000] {logging_mixin.py:190} INFO - [2025-01-20T09:02:44.038+0000] {dag.py:4180} INFO - Setting next_dagrun for etl_pipeline to 2025-01-20 00:00:00+00:00, run_after=2025-01-21 00:00:00+00:00
[2025-01-20T09:02:44.050+0000] {processor.py:208} INFO - Processing /opt/airflow/dags/etl_dag.py took 0.228 seconds
[2025-01-20T09:03:14.105+0000] {processor.py:186} INFO - Started process (PID=75184) to work on /opt/airflow/dags/etl_dag.py
[2025-01-20T09:03:14.106+0000] {processor.py:914} INFO - Processing file /opt/airflow/dags/etl_dag.py for tasks to queue
[2025-01-20T09:03:14.109+0000] {logging_mixin.py:190} INFO - [2025-01-20T09:03:14.108+0000] {dagbag.py:588} INFO - Filling up the DagBag from /opt/airflow/dags/etl_dag.py
[2025-01-20T09:03:14.257+0000] {processor.py:925} INFO - DAG(s) 'etl_pipeline' retrieved from /opt/airflow/dags/etl_dag.py
[2025-01-20T09:03:14.267+0000] {logging_mixin.py:190} INFO - [2025-01-20T09:03:14.267+0000] {dag.py:3239} INFO - Sync 1 DAGs
[2025-01-20T09:03:14.282+0000] {logging_mixin.py:190} INFO - [2025-01-20T09:03:14.281+0000] {dag.py:4180} INFO - Setting next_dagrun for etl_pipeline to 2025-01-20 00:00:00+00:00, run_after=2025-01-21 00:00:00+00:00
[2025-01-20T09:03:14.296+0000] {processor.py:208} INFO - Processing /opt/airflow/dags/etl_dag.py took 0.196 seconds
[2025-01-20T09:03:44.762+0000] {processor.py:186} INFO - Started process (PID=75492) to work on /opt/airflow/dags/etl_dag.py
[2025-01-20T09:03:44.763+0000] {processor.py:914} INFO - Processing file /opt/airflow/dags/etl_dag.py for tasks to queue
[2025-01-20T09:03:44.767+0000] {logging_mixin.py:190} INFO - [2025-01-20T09:03:44.766+0000] {dagbag.py:588} INFO - Filling up the DagBag from /opt/airflow/dags/etl_dag.py
[2025-01-20T09:03:44.930+0000] {processor.py:925} INFO - DAG(s) 'etl_pipeline' retrieved from /opt/airflow/dags/etl_dag.py
[2025-01-20T09:03:44.948+0000] {logging_mixin.py:190} INFO - [2025-01-20T09:03:44.948+0000] {dag.py:3239} INFO - Sync 1 DAGs
[2025-01-20T09:03:44.965+0000] {logging_mixin.py:190} INFO - [2025-01-20T09:03:44.965+0000] {dag.py:4180} INFO - Setting next_dagrun for etl_pipeline to 2025-01-20 00:00:00+00:00, run_after=2025-01-21 00:00:00+00:00
[2025-01-20T09:03:44.977+0000] {processor.py:208} INFO - Processing /opt/airflow/dags/etl_dag.py took 0.222 seconds
[2025-01-20T09:04:15.038+0000] {processor.py:186} INFO - Started process (PID=75796) to work on /opt/airflow/dags/etl_dag.py
[2025-01-20T09:04:15.042+0000] {processor.py:914} INFO - Processing file /opt/airflow/dags/etl_dag.py for tasks to queue
[2025-01-20T09:04:15.047+0000] {logging_mixin.py:190} INFO - [2025-01-20T09:04:15.046+0000] {dagbag.py:588} INFO - Filling up the DagBag from /opt/airflow/dags/etl_dag.py
[2025-01-20T09:04:15.220+0000] {processor.py:925} INFO - DAG(s) 'etl_pipeline' retrieved from /opt/airflow/dags/etl_dag.py
[2025-01-20T09:04:15.241+0000] {logging_mixin.py:190} INFO - [2025-01-20T09:04:15.241+0000] {dag.py:3239} INFO - Sync 1 DAGs
[2025-01-20T09:04:15.271+0000] {logging_mixin.py:190} INFO - [2025-01-20T09:04:15.270+0000] {dag.py:4180} INFO - Setting next_dagrun for etl_pipeline to 2025-01-20 00:00:00+00:00, run_after=2025-01-21 00:00:00+00:00
[2025-01-20T09:04:15.290+0000] {processor.py:208} INFO - Processing /opt/airflow/dags/etl_dag.py took 0.256 seconds
[2025-01-20T09:04:45.547+0000] {processor.py:186} INFO - Started process (PID=76088) to work on /opt/airflow/dags/etl_dag.py
[2025-01-20T09:04:45.549+0000] {processor.py:914} INFO - Processing file /opt/airflow/dags/etl_dag.py for tasks to queue
[2025-01-20T09:04:45.554+0000] {logging_mixin.py:190} INFO - [2025-01-20T09:04:45.553+0000] {dagbag.py:588} INFO - Filling up the DagBag from /opt/airflow/dags/etl_dag.py
[2025-01-20T09:04:45.725+0000] {processor.py:925} INFO - DAG(s) 'etl_pipeline' retrieved from /opt/airflow/dags/etl_dag.py
[2025-01-20T09:04:45.745+0000] {logging_mixin.py:190} INFO - [2025-01-20T09:04:45.745+0000] {dag.py:3239} INFO - Sync 1 DAGs
[2025-01-20T09:04:45.770+0000] {logging_mixin.py:190} INFO - [2025-01-20T09:04:45.770+0000] {dag.py:4180} INFO - Setting next_dagrun for etl_pipeline to 2025-01-20 00:00:00+00:00, run_after=2025-01-21 00:00:00+00:00
[2025-01-20T09:04:45.794+0000] {processor.py:208} INFO - Processing /opt/airflow/dags/etl_dag.py took 0.252 seconds
[2025-01-20T09:05:16.388+0000] {processor.py:186} INFO - Started process (PID=76394) to work on /opt/airflow/dags/etl_dag.py
[2025-01-20T09:05:16.389+0000] {processor.py:914} INFO - Processing file /opt/airflow/dags/etl_dag.py for tasks to queue
[2025-01-20T09:05:16.394+0000] {logging_mixin.py:190} INFO - [2025-01-20T09:05:16.393+0000] {dagbag.py:588} INFO - Filling up the DagBag from /opt/airflow/dags/etl_dag.py
[2025-01-20T09:05:16.444+0000] {processor.py:925} INFO - DAG(s) 'etl_pipeline' retrieved from /opt/airflow/dags/etl_dag.py
[2025-01-20T09:05:16.460+0000] {logging_mixin.py:190} INFO - [2025-01-20T09:05:16.460+0000] {dag.py:3239} INFO - Sync 1 DAGs
[2025-01-20T09:05:16.476+0000] {logging_mixin.py:190} INFO - [2025-01-20T09:05:16.475+0000] {dag.py:4180} INFO - Setting next_dagrun for etl_pipeline to 2025-01-20 00:00:00+00:00, run_after=2025-01-21 00:00:00+00:00
[2025-01-20T09:05:16.489+0000] {processor.py:208} INFO - Processing /opt/airflow/dags/etl_dag.py took 0.106 seconds
[2025-01-20T09:05:46.561+0000] {processor.py:186} INFO - Started process (PID=76692) to work on /opt/airflow/dags/etl_dag.py
[2025-01-20T09:05:46.562+0000] {processor.py:914} INFO - Processing file /opt/airflow/dags/etl_dag.py for tasks to queue
[2025-01-20T09:05:46.566+0000] {logging_mixin.py:190} INFO - [2025-01-20T09:05:46.566+0000] {dagbag.py:588} INFO - Filling up the DagBag from /opt/airflow/dags/etl_dag.py
[2025-01-20T09:05:46.623+0000] {processor.py:925} INFO - DAG(s) 'etl_pipeline' retrieved from /opt/airflow/dags/etl_dag.py
[2025-01-20T09:05:46.637+0000] {logging_mixin.py:190} INFO - [2025-01-20T09:05:46.637+0000] {dag.py:3239} INFO - Sync 1 DAGs
[2025-01-20T09:05:46.670+0000] {logging_mixin.py:190} INFO - [2025-01-20T09:05:46.669+0000] {dag.py:4180} INFO - Setting next_dagrun for etl_pipeline to 2025-01-20 00:00:00+00:00, run_after=2025-01-21 00:00:00+00:00
[2025-01-20T09:05:46.691+0000] {processor.py:208} INFO - Processing /opt/airflow/dags/etl_dag.py took 0.140 seconds
[2025-01-20T09:06:17.642+0000] {processor.py:186} INFO - Started process (PID=77001) to work on /opt/airflow/dags/etl_dag.py
[2025-01-20T09:06:17.643+0000] {processor.py:914} INFO - Processing file /opt/airflow/dags/etl_dag.py for tasks to queue
[2025-01-20T09:06:17.645+0000] {logging_mixin.py:190} INFO - [2025-01-20T09:06:17.645+0000] {dagbag.py:588} INFO - Filling up the DagBag from /opt/airflow/dags/etl_dag.py
[2025-01-20T09:06:17.684+0000] {processor.py:925} INFO - DAG(s) 'etl_pipeline' retrieved from /opt/airflow/dags/etl_dag.py
[2025-01-20T09:06:17.699+0000] {logging_mixin.py:190} INFO - [2025-01-20T09:06:17.699+0000] {dag.py:3239} INFO - Sync 1 DAGs
[2025-01-20T09:06:17.721+0000] {logging_mixin.py:190} INFO - [2025-01-20T09:06:17.720+0000] {dag.py:4180} INFO - Setting next_dagrun for etl_pipeline to 2025-01-20 00:00:00+00:00, run_after=2025-01-21 00:00:00+00:00
[2025-01-20T09:06:17.738+0000] {processor.py:208} INFO - Processing /opt/airflow/dags/etl_dag.py took 0.102 seconds
[2025-01-20T09:06:48.602+0000] {processor.py:186} INFO - Started process (PID=77302) to work on /opt/airflow/dags/etl_dag.py
[2025-01-20T09:06:48.603+0000] {processor.py:914} INFO - Processing file /opt/airflow/dags/etl_dag.py for tasks to queue
[2025-01-20T09:06:48.605+0000] {logging_mixin.py:190} INFO - [2025-01-20T09:06:48.605+0000] {dagbag.py:588} INFO - Filling up the DagBag from /opt/airflow/dags/etl_dag.py
[2025-01-20T09:06:48.645+0000] {processor.py:925} INFO - DAG(s) 'etl_pipeline' retrieved from /opt/airflow/dags/etl_dag.py
[2025-01-20T09:06:48.663+0000] {logging_mixin.py:190} INFO - [2025-01-20T09:06:48.663+0000] {dag.py:3239} INFO - Sync 1 DAGs
[2025-01-20T09:06:48.682+0000] {logging_mixin.py:190} INFO - [2025-01-20T09:06:48.681+0000] {dag.py:4180} INFO - Setting next_dagrun for etl_pipeline to 2025-01-20 00:00:00+00:00, run_after=2025-01-21 00:00:00+00:00
[2025-01-20T09:06:48.698+0000] {processor.py:208} INFO - Processing /opt/airflow/dags/etl_dag.py took 0.102 seconds
[2025-01-20T09:07:19.540+0000] {processor.py:186} INFO - Started process (PID=77608) to work on /opt/airflow/dags/etl_dag.py
[2025-01-20T09:07:19.541+0000] {processor.py:914} INFO - Processing file /opt/airflow/dags/etl_dag.py for tasks to queue
[2025-01-20T09:07:19.544+0000] {logging_mixin.py:190} INFO - [2025-01-20T09:07:19.543+0000] {dagbag.py:588} INFO - Filling up the DagBag from /opt/airflow/dags/etl_dag.py
[2025-01-20T09:07:19.585+0000] {processor.py:925} INFO - DAG(s) 'etl_pipeline' retrieved from /opt/airflow/dags/etl_dag.py
[2025-01-20T09:07:19.598+0000] {logging_mixin.py:190} INFO - [2025-01-20T09:07:19.598+0000] {dag.py:3239} INFO - Sync 1 DAGs
[2025-01-20T09:07:19.616+0000] {logging_mixin.py:190} INFO - [2025-01-20T09:07:19.616+0000] {dag.py:4180} INFO - Setting next_dagrun for etl_pipeline to 2025-01-20 00:00:00+00:00, run_after=2025-01-21 00:00:00+00:00
[2025-01-20T09:07:19.630+0000] {processor.py:208} INFO - Processing /opt/airflow/dags/etl_dag.py took 0.102 seconds
[2025-01-20T09:07:50.314+0000] {processor.py:186} INFO - Started process (PID=77909) to work on /opt/airflow/dags/etl_dag.py
[2025-01-20T09:07:50.314+0000] {processor.py:914} INFO - Processing file /opt/airflow/dags/etl_dag.py for tasks to queue
[2025-01-20T09:07:50.318+0000] {logging_mixin.py:190} INFO - [2025-01-20T09:07:50.317+0000] {dagbag.py:588} INFO - Filling up the DagBag from /opt/airflow/dags/etl_dag.py
[2025-01-20T09:07:50.366+0000] {processor.py:925} INFO - DAG(s) 'etl_pipeline' retrieved from /opt/airflow/dags/etl_dag.py
[2025-01-20T09:07:50.387+0000] {logging_mixin.py:190} INFO - [2025-01-20T09:07:50.387+0000] {dag.py:3239} INFO - Sync 1 DAGs
[2025-01-20T09:07:50.407+0000] {logging_mixin.py:190} INFO - [2025-01-20T09:07:50.407+0000] {dag.py:4180} INFO - Setting next_dagrun for etl_pipeline to 2025-01-20 00:00:00+00:00, run_after=2025-01-21 00:00:00+00:00
[2025-01-20T09:07:50.425+0000] {processor.py:208} INFO - Processing /opt/airflow/dags/etl_dag.py took 0.118 seconds
[2025-01-20T09:08:20.510+0000] {processor.py:186} INFO - Started process (PID=78215) to work on /opt/airflow/dags/etl_dag.py
[2025-01-20T09:08:20.512+0000] {processor.py:914} INFO - Processing file /opt/airflow/dags/etl_dag.py for tasks to queue
[2025-01-20T09:08:20.514+0000] {logging_mixin.py:190} INFO - [2025-01-20T09:08:20.514+0000] {dagbag.py:588} INFO - Filling up the DagBag from /opt/airflow/dags/etl_dag.py
[2025-01-20T09:08:20.557+0000] {processor.py:925} INFO - DAG(s) 'etl_pipeline' retrieved from /opt/airflow/dags/etl_dag.py
[2025-01-20T09:08:20.570+0000] {logging_mixin.py:190} INFO - [2025-01-20T09:08:20.570+0000] {dag.py:3239} INFO - Sync 1 DAGs
[2025-01-20T09:08:20.592+0000] {logging_mixin.py:190} INFO - [2025-01-20T09:08:20.592+0000] {dag.py:4180} INFO - Setting next_dagrun for etl_pipeline to 2025-01-20 00:00:00+00:00, run_after=2025-01-21 00:00:00+00:00
[2025-01-20T09:08:20.618+0000] {processor.py:208} INFO - Processing /opt/airflow/dags/etl_dag.py took 0.122 seconds
[2025-01-20T09:08:50.681+0000] {processor.py:186} INFO - Started process (PID=78516) to work on /opt/airflow/dags/etl_dag.py
[2025-01-20T09:08:50.683+0000] {processor.py:914} INFO - Processing file /opt/airflow/dags/etl_dag.py for tasks to queue
[2025-01-20T09:08:50.685+0000] {logging_mixin.py:190} INFO - [2025-01-20T09:08:50.685+0000] {dagbag.py:588} INFO - Filling up the DagBag from /opt/airflow/dags/etl_dag.py
[2025-01-20T09:08:50.739+0000] {processor.py:925} INFO - DAG(s) 'etl_pipeline' retrieved from /opt/airflow/dags/etl_dag.py
[2025-01-20T09:08:50.753+0000] {logging_mixin.py:190} INFO - [2025-01-20T09:08:50.753+0000] {dag.py:3239} INFO - Sync 1 DAGs
[2025-01-20T09:08:50.772+0000] {logging_mixin.py:190} INFO - [2025-01-20T09:08:50.772+0000] {dag.py:4180} INFO - Setting next_dagrun for etl_pipeline to 2025-01-20 00:00:00+00:00, run_after=2025-01-21 00:00:00+00:00
[2025-01-20T09:08:50.791+0000] {processor.py:208} INFO - Processing /opt/airflow/dags/etl_dag.py took 0.115 seconds
[2025-01-20T09:09:21.089+0000] {processor.py:186} INFO - Started process (PID=78822) to work on /opt/airflow/dags/etl_dag.py
[2025-01-20T09:09:21.090+0000] {processor.py:914} INFO - Processing file /opt/airflow/dags/etl_dag.py for tasks to queue
[2025-01-20T09:09:21.091+0000] {logging_mixin.py:190} INFO - [2025-01-20T09:09:21.091+0000] {dagbag.py:588} INFO - Filling up the DagBag from /opt/airflow/dags/etl_dag.py
[2025-01-20T09:09:21.136+0000] {processor.py:925} INFO - DAG(s) 'etl_pipeline' retrieved from /opt/airflow/dags/etl_dag.py
[2025-01-20T09:09:21.152+0000] {logging_mixin.py:190} INFO - [2025-01-20T09:09:21.152+0000] {dag.py:3239} INFO - Sync 1 DAGs
[2025-01-20T09:09:21.169+0000] {logging_mixin.py:190} INFO - [2025-01-20T09:09:21.169+0000] {dag.py:4180} INFO - Setting next_dagrun for etl_pipeline to 2025-01-20 00:00:00+00:00, run_after=2025-01-21 00:00:00+00:00
[2025-01-20T09:09:21.183+0000] {processor.py:208} INFO - Processing /opt/airflow/dags/etl_dag.py took 0.098 seconds
